FactorsRange	Day_x	Day_y	window	midXY	R	A	B	C	D	PreEnv	Traits
DL_1_30	1	30	29	15.5	0.9963	15.1531666666667	14.8537666666667	14.7199333333333	14.4966333333333	14.8375333333333	CW
GDD_52_64	52	64	12	58	-0.9999	23.8742307692308	27.7476923076923	30.6564615384615	33.7749230769231	30.42	CW
dGDD_16_32	16	32	16	24	0.9999	3.74135294117647	3.37023529411765	3.08911764705882	2.81847058823529	2.65711764705882	CW
DTR_28_44	28	44	16	36	0.9997	24.1475294117647	22.6588235294118	21.5904705882353	20.5972941176471	20.7603529411765	CW
PTT_49_67	49	67	18	58	-1	339.1773	394.947010526316	434.682557894737	476.832868421053	446.009505263158	CW
PTR_57_63	57	63	6	60	-0.9999	1.8209	2.07502857142857	2.2742	2.47267142857143	2.31971428571429	CW
PTD1_55_87	55	87	32	71	0.9998	343.531403030303	310.777172727273	288.757951515151	263.095327272727	279.517039393939	CW
PTD2_36_84	36	84	48	60	0.9972	1.4724306122449	1.46012857142857	1.44735918367347	1.43559591836735	1.36711632653061	CW
TSR_26_47	26	47	21	36.5	-0.9993	3250.08000909091	3331.77862272727	3403.44120454545	3471.035	3590.03074090909	CW
MMR_52_84	52	84	32	68	-1	0.741645454545455	0.759860606060606	0.773372727272727	0.787309090909091	0.781809090909091	CW
PR_16_68	16	68	52	42	0.9978	2.62056603773585	2.51283018867925	2.42754716981132	2.36660377358491	4.08716981132075	CW
RH_51_82	51	82	31	66.5	-0.993	61.751875	63.5625	64.21	65.508125	66.38375	CW
PRDTR_29_66	29	66	37	47.5	-0.9929	0.110181578947368	0.128910526315789	0.152097368421053	0.164165789473684	0.362068421052632	CW
dPTT_16_32	16	32	16	24	0.9998	57.6031117647059	50.6332647058824	46.0231529411765	40.7157058823529	39.2945823529412	CW
PS_1_7	1	7	6	4	-0.5403	97.7385714285714	99.5657142857143	98.1314285714286	99.3871428571428	100.014285714286	CW
WS_31_42	31	42	11	36.5	0.9983	2.24083333333333	2.03083333333333	1.85166666666667	1.65166666666667	1.6125	CW
WD_43_50	43	50	7	46.5	0.9995	214.3275	201.2575	190.97625	182.2675	141.14125	CW
APAR_45_75	45	75	30	60	1	109.388709677419	101.027741935484	94.9567741935484	88.56	90.3429032258065	CW
CPAR_52_76	52	76	24	64	0.9997	136.9212	126.5376	119.9296	112.2968	113.2072	CW
UVA_45_62	45	62	17	53.5	1	14.9294444444444	13.8211111111111	13.0055555555556	12.1733333333333	10.1305555555556	CW
UVB_51_76	51	76	25	63.5	0.9999	0.323076923076923	0.292692307692308	0.271923076923077	0.25	0.243076923076923	CW
SW_57_81	57	81	24	69	0.9992	0.5048	0.492	0.484	0.4736	0.49	CW
SM_67_76	67	76	9	71.5	0.9286	0.521	0.52	0.489	0.469	0.5	CW
TMAX_1_8	1	8	7	4.5	-1	63.104	75.57575	84.4565	93.461	93.2135	CW
TMIN_56_67	56	67	11	61.5	-0.9998	63.281	67.6205	70.6445	74.1365	71.09	CW
DL_3_10	3	10	7	6.5	0.924	14.886625	14.625125	14.512	14.517375	14.852875	CW
GDD_13_20	13	20	7	16.5	-1	17.251875	20.601	27.993375	26.049375	32.04	CW
dGDD_70_140	70	140	70	105	-1	2.03108450704225	2.23466197183099	2.66957746478873	2.5522676056338	2.77085915492958	CW
DTR_80_113	80	113	33	96.5	-1	18.0878823529412	18.9619411764706	20.9043529411765	20.3770588235294	20.2531764705882	CW
PTT_12_19	12	19	7	15.5	-1	264.996375	312.215475	414.5572625	387.6468875	486.45095	CW
PTR_13_19	13	19	6	16	-0.9991	1.1363	1.41034285714286	1.90788571428571	1.786	2.1937	CW
PTD1_124_130	124	130	6	127	0.9994	372.633771428571	346.820828571429	288.595457142857	307.156057142857	328.809257142857	CW
PTD2_32_101	32	101	69	66.5	-1	1.42477571428571	1.45455857142857	1.51821714285714	1.50027285714286	1.46031142857143	CW
TSR_68_113	68	113	45	90.5	-0.9995	2783.17911086957	2924.5387673913	3194.06301521739	3113.2582673913	3034.57988695652	CW
MMR_33_129	33	129	96	81	-1	0.739870103092784	0.746513402061856	0.760980412371134	0.75710206185567	0.750571134020619	CW
PR_16_27	16	27	11	21.5	0.9996	5.12583333333333	4.06916666666667	1.46666666666667	2.155	1.2075	CW
RH_84_107	84	107	23	95.5	1	75.20375	70.4933333333333	60.4579166666667	63.1554166666667	67.3575	CW
PRDTR_85_100	85	100	15	92.5	0.9998	0.3023875	0.22925	0.0837125	0.12061875	0.12965	CW
dPTT_70_118	70	118	48	94	-1	22.4991183673469	25.8607551020408	32.9907428571429	31.0184469387755	30.7254102040816	CW
PS_54_60	54	60	6	57	0.3902	99.0071428571429	100.43	98.2828571428571	99.5728571428571	100.305714285714	CW
WS_134_152	134	152	18	143	0.9993	2.93526315789474	2.78421052631579	2.48842105263158	2.58315789473684	2.32105263157895	CW
WD_42_66	42	66	24	54	1	188.4764	177.7168	155.262	161.1616	141.2468	CW
APAR_42_67	42	67	25	54.5	0.9995	116.758461538462	107.178846153846	89.0288461538462	93.5303846153846	88.5330769230769	CW
CPAR_54_67	54	67	13	60.5	0.9976	146.672142857143	134.533571428571	112.232857142857	116.197857142857	114.01	CW
UVA_41_53	41	53	12	47	0.9993	13.8876923076923	13.0207692307692	11.4084615384615	11.8953846153846	9.73384615384615	CW
UVB_53_68	53	68	15	60.5	1	0.3675	0.32875	0.246875	0.26875	0.2525	CW
SW_14_125	14	125	111	69.5	1	0.522767857142857	0.507857142857143	0.475714285714286	0.484196428571429	0.49125	CW
SM_103_109	103	109	6	106	0.9948	0.541428571428571	0.521428571428571	0.474285714285714	0.48	0.51	CW
TMAX_51_61	51	61	10	56	-0.9999	84.6090909090909	87.6216363636364	94.5418181818182	92.7221818181818	88.5216363636364	CW
TMIN_101_110	101	110	9	105.5	-0.9948	59.9522	62.5712	66.2738	65.1272	60.062	CW
DL_1_8	1	8	7	4.5	0.9482	14.812125	14.56025	14.452375	14.506875	14.838875	CW
GDD_107_132	107	132	25	119.5	-0.9999	15.1148076923077	19.3808076923077	19.1835	19.1544230769231	15.2885769230769	CW
dGDD_85_149	85	149	64	117	-0.9999	2.22092307692308	2.66843076923077	2.63963076923077	2.63270769230769	2.74029230769231	CW
DTR_62_95	62	95	33	78.5	0.9964	21.0144705882353	19.9207058823529	19.9678235294118	20.0869411764706	20.1711176470588	CW
PTT_58_65	58	65	7	61.5	-0.9995	417.783725	472.5197375	470.73545	470.7339	464.315675	CW
PTR_114_142	114	142	28	128	-1	0.985313793103448	1.32269310344828	1.30904137931034	1.29908620689655	1.00351724137931	CW
PTD1_96_106	96	106	10	101	-1	213.085272727273	269.105872727273	266.472318181818	265.009990909091	299.216745454545	CW
PTD2_5_148	5	148	143	76.5	-0.9999	1.56728472222222	1.65297152777778	1.6488875	1.64600763888889	1.68815555555556	CW
TSR_48_127	48	127	79	87.5	-1	2992.80991375	3247.97919	3236.30673625	3230.135285	3195.68329875	CW
MMR_58_96	58	96	38	77	-0.9998	0.756389743589744	0.774779487179487	0.774315384615385	0.773879487179487	0.768671794871795	CW
PR_89_98	89	98	9	93.5	0.9984	5.489	0.999	0.915	1.211	1.669	CW
RH_138_150	138	150	12	144	0.9994	65.7030769230769	58.3369230769231	58.4753846153846	58.9376923076923	59.5384615384615	CW
PRDTR_89_98	89	98	9	93.5	0.9999	0.36953	0.04579	0.05577	0.06883	0.1077	CW
dPTT_6_101	6	101	95	53.5	1	38.535875	34.3934677083333	34.580259375	34.6581041666667	34.9288322916667	CW
PS_1_8	1	8	7	4.5	-0.7288	97.76	99.6625	98.18	99.3925	100.01125	CW
WS_51_59	51	59	8	55	-0.985	1.54777777777778	1.81666666666667	1.77	1.75111111111111	2.09555555555556	CW
WD_101_109	101	109	8	105	-0.9967	95.5755555555556	137.027777777778	131.715555555556	131.215555555556	157.158888888889	CW
APAR_65_80	65	80	15	72.5	0.999	105.34625	79.77375	81.57	80.81125	98.5275	CW
CPAR_64_72	64	72	8	68	0.9166	136.107777777778	117.905555555556	112.586666666667	107.351111111111	110.551111111111	CW
UVA_64_80	64	80	16	72	0.9994	13.3311764705882	9.89294117647059	9.95470588235294	10.0011764705882	12.0270588235294	CW
UVB_28_49	28	49	21	38.5	0.9962	0.294545454545455	0.262727272727273	0.267272727272727	0.266363636363636	0.223636363636364	CW
SW_93_99	93	99	6	96	0.9475	0.527142857142857	0.498571428571429	0.491428571428571	0.487142857142857	0.507142857142857	CW
SM_107_113	107	113	6	110	0.772	0.547142857142857	0.52	0.491428571428571	0.474285714285714	0.511428571428571	CW
TMAX_56_92	56	92	36	74	-1	87.4205405405405	90.1993513513514	90.0650810810811	89.9882162162162	88.8308648648649	CW
TMIN_58_94	58	94	36	76	-0.9999	65.8317297297297	69.9002162162162	69.6705945945946	69.5533513513514	67.7732972972973	CW
DL_1_30	1	30	29	15.5	0.9963	15.1531666666667	14.8537666666667	14.7199333333333	14.4966333333333	14.8375333333333	DTA
GDD_52_64	52	64	12	58	-0.9999	23.8742307692308	27.7476923076923	30.6564615384615	33.7749230769231	30.42	DTA
dGDD_16_32	16	32	16	24	0.9999	3.74135294117647	3.37023529411765	3.08911764705882	2.81847058823529	2.65711764705882	DTA
DTR_28_44	28	44	16	36	0.9997	24.1475294117647	22.6588235294118	21.5904705882353	20.5972941176471	20.7603529411765	DTA
PTT_49_67	49	67	18	58	-1	339.1773	394.947010526316	434.682557894737	476.832868421053	446.009505263158	DTA
PTR_57_63	57	63	6	60	-0.9999	1.8209	2.07502857142857	2.2742	2.47267142857143	2.31971428571429	DTA
PTD1_55_87	55	87	32	71	0.9998	343.531403030303	310.777172727273	288.757951515151	263.095327272727	279.517039393939	DTA
PTD2_36_84	36	84	48	60	0.9972	1.4724306122449	1.46012857142857	1.44735918367347	1.43559591836735	1.36711632653061	DTA
TSR_26_47	26	47	21	36.5	-0.9993	3250.08000909091	3331.77862272727	3403.44120454545	3471.035	3590.03074090909	DTA
MMR_52_84	52	84	32	68	-1	0.741645454545455	0.759860606060606	0.773372727272727	0.787309090909091	0.781809090909091	DTA
PR_16_68	16	68	52	42	0.9978	2.62056603773585	2.51283018867925	2.42754716981132	2.36660377358491	4.08716981132075	DTA
RH_51_82	51	82	31	66.5	-0.993	61.751875	63.5625	64.21	65.508125	66.38375	DTA
PRDTR_29_66	29	66	37	47.5	-0.9929	0.110181578947368	0.128910526315789	0.152097368421053	0.164165789473684	0.362068421052632	DTA
dPTT_16_32	16	32	16	24	0.9998	57.6031117647059	50.6332647058824	46.0231529411765	40.7157058823529	39.2945823529412	DTA
PS_1_7	1	7	6	4	-0.5403	97.7385714285714	99.5657142857143	98.1314285714286	99.3871428571428	100.014285714286	DTA
WS_31_42	31	42	11	36.5	0.9983	2.24083333333333	2.03083333333333	1.85166666666667	1.65166666666667	1.6125	DTA
WD_43_50	43	50	7	46.5	0.9995	214.3275	201.2575	190.97625	182.2675	141.14125	DTA
APAR_45_75	45	75	30	60	1	109.388709677419	101.027741935484	94.9567741935484	88.56	90.3429032258065	DTA
CPAR_52_76	52	76	24	64	0.9997	136.9212	126.5376	119.9296	112.2968	113.2072	DTA
UVA_45_62	45	62	17	53.5	1	14.9294444444444	13.8211111111111	13.0055555555556	12.1733333333333	10.1305555555556	DTA
UVB_51_76	51	76	25	63.5	0.9999	0.323076923076923	0.292692307692308	0.271923076923077	0.25	0.243076923076923	DTA
SW_57_81	57	81	24	69	0.9992	0.5048	0.492	0.484	0.4736	0.49	DTA
SM_67_76	67	76	9	71.5	0.9286	0.521	0.52	0.489	0.469	0.5	DTA
TMAX_1_8	1	8	7	4.5	-1	63.104	75.57575	84.4565	93.461	93.2135	DTA
TMIN_56_67	56	67	11	61.5	-0.9998	63.281	67.6205	70.6445	74.1365	71.09	DTA
DL_2_31	2	31	29	16.5	0.9921	15.1813666666667	14.8779	14.7418	14.4934333333333	14.8348	DTS
GDD_51_64	51	64	13	57.5	-0.9996	23.0997857142857	26.8945714285714	30.4113571428571	34.0392857142857	30.6777857142857	DTS
dGDD_17_33	17	33	16	25	0.9991	3.92135294117647	3.46552941176471	3.09282352941176	2.657	2.61623529411765	DTS
DTR_31_44	31	44	13	37.5	0.9999	24.5558571428571	22.9692857142857	21.3762857142857	19.9838571428571	18.9205714285714	DTS
PTT_18_91	18	91	73	54.5	-0.9998	344.54862027027	376.747047297297	406.49682972973	436.526935135135	429.187578378378	DTS
PTR_56_63	56	63	7	59.5	-0.9999	1.78575	2.0210375	2.256275	2.4591375	2.271025	DTS
PTD1_55_86	55	86	31	70.5	0.9998	345.55900625	316.542246875	288.7547625	261.818559375	283.757140625	DTS
PTD2_36_84	36	84	48	60	0.9996	1.4724306122449	1.46012857142857	1.44735918367347	1.43559591836735	1.36711632653061	DTS
TSR_26_47	26	47	21	36.5	-1	3250.08000909091	3331.77862272727	3403.44120454545	3471.035	3590.03074090909	DTS
MMR_52_83	52	83	31	67.5	-0.9994	0.74064375	0.759434375	0.773821875	0.78881875	0.777246875	DTS
PR_17_68	17	68	51	42.5	0.9997	2.66230769230769	2.56096153846154	2.45730769230769	2.36192307692308	4.15692307692308	DTS
RH_51_81	51	81	30	66	-0.9964	61.9896774193548	62.8548387096774	63.8922580645161	64.968064516129	66.138064516129	DTS
PRDTR_29_66	29	66	37	47.5	-0.9954	0.110181578947368	0.128910526315789	0.152097368421053	0.164165789473684	0.362068421052632	DTS
dPTT_23_33	23	33	10	28	0.9997	60.9514818181818	51.9796181818182	42.7308454545455	34.4226181818182	19.1990272727273	DTS
PS_1_7	1	7	6	4	-0.5073	97.7385714285714	99.5657142857143	98.1314285714286	99.3871428571428	100.014285714286	DTS
WS_31_42	31	42	11	36.5	0.9994	2.24083333333333	2.03083333333333	1.85166666666667	1.65166666666667	1.6125	DTS
WD_56_64	56	64	8	60	0.9994	189.455555555556	169.303333333333	147.325555555556	129.943333333333	161.178888888889	DTS
APAR_52_74	52	74	22	63	1	115.570434782609	104.397391304348	93.7191304347826	83.9926086956522	88.9169565217391	DTS
CPAR_51_74	51	74	23	62.5	1	138.790416666667	129.71875	121.457083333333	113.456666666667	113.165833333333	DTS
UVA_37_55	37	55	18	46	1	15.0247368421053	13.4884210526316	12.0852631578947	10.8331578947368	8.52789473684211	DTS
UVB_50_63	50	63	13	56.5	1	0.352857142857143	0.325	0.298571428571429	0.275	0.219285714285714	DTS
SW_56_83	56	83	27	69.5	1	0.505	0.495357142857143	0.486785714285714	0.478571428571429	0.493571428571429	DTS
SM_67_76	67	76	9	71.5	0.9447	0.521	0.52	0.489	0.469	0.5	DTS
TMAX_8_85	8	85	77	46.5	-1	83.0396923076923	86.1742307692308	89.0703846153846	91.7987692307692	91.6346923076923	DTS
TMIN_58_64	58	64	6	61	-1	66.1717142857143	69.2085714285714	72.0602857142857	74.7011428571429	72.2891428571429	DTS
DL_1_33	1	33	32	17	0.9964	15.1878787878788	14.8830303030303	14.7461212121212	14.4852727272727	14.8258484848485	DTT
GDD_52_64	52	64	12	58	-0.9997	23.8742307692308	27.7476923076923	30.6564615384615	33.7749230769231	30.42	DTT
dGDD_17_33	17	33	16	25	0.9997	3.92135294117647	3.46552941176471	3.09282352941176	2.657	2.61623529411765	DTT
DTR_30_46	30	46	16	38	0.9992	23.3544705882353	22.4269411764706	21.5703529411765	20.6629411764706	19.9196470588235	DTT
PTT_48_74	48	74	26	61	-0.9998	363.702255555556	404.620844444444	431.734474074074	467.844877777778	450.194092592593	DTT
PTR_57_63	57	63	6	60	-0.9995	1.8209	2.07502857142857	2.2742	2.47267142857143	2.31971428571429	DTT
PTD1_55_87	55	87	32	71	0.9995	343.531403030303	310.777172727273	288.757951515151	263.095327272727	279.517039393939	DTT
PTD2_31_84	31	84	53	57.5	0.9983	1.47307037037037	1.46325740740741	1.4578	1.44862037037037	1.411	DTT
TSR_26_47	26	47	21	36.5	-0.9993	3250.08000909091	3331.77862272727	3403.44120454545	3471.035	3590.03074090909	DTT
MMR_52_83	52	83	31	67.5	-0.9997	0.74064375	0.759434375	0.773821875	0.78881875	0.777246875	DTT
PR_17_68	17	68	51	42.5	0.9983	2.66230769230769	2.56096153846154	2.45730769230769	2.36192307692308	4.15692307692308	DTT
RH_51_81	51	81	30	66	-0.9953	61.9896774193548	62.8548387096774	63.8922580645161	64.968064516129	66.138064516129	DTT
PRDTR_29_66	29	66	37	47.5	-0.9906	0.110181578947368	0.128910526315789	0.152097368421053	0.164165789473684	0.362068421052632	DTT
dPTT_17_33	17	33	16	25	0.9999	60.4223705882353	52.1722823529412	46.1048588235294	38.4062117647059	38.6256588235294	DTT
PS_1_7	1	7	6	4	-0.5424	97.7385714285714	99.5657142857143	98.1314285714286	99.3871428571428	100.014285714286	DTT
WS_31_42	31	42	11	36.5	0.9996	2.24083333333333	2.03083333333333	1.85166666666667	1.65166666666667	1.6125	DTT
WD_73_79	73	79	6	76	1	200.927142857143	171.928571428571	149.937142857143	124.367142857143	104.152857142857	DTT
APAR_53_74	53	74	21	63.5	1	116.018636363636	104.028181818182	95.1404545454545	84.6877272727273	91.3731818181818	DTT
CPAR_47_73	47	73	26	60	1	139.825925925926	130.709259259259	124.122222222222	116.165185185185	112.373703703704	DTT
UVA_31_64	31	64	33	47.5	1	15.3797058823529	13.6635294117647	12.3976470588235	10.8370588235294	9.39941176470588	DTT
UVB_49_61	49	61	12	55	0.9997	0.351538461538462	0.326923076923077	0.310769230769231	0.29	0.212307692307692	DTT
SW_57_81	57	81	24	69	0.9994	0.5048	0.492	0.484	0.4736	0.49	DTT
SM_69_76	69	76	7	72.5	0.9372	0.52125	0.52	0.49125	0.4675	0.5	DTT
TMAX_48_88	48	88	40	68	-0.9998	86.0302926829268	88.0612195121951	89.7189756097561	91.4566341463415	89.6649756097561	DTT
TMIN_55_67	55	67	12	61	-0.9999	62.9115384615385	66.9407692307692	70.0755384615385	73.7835384615385	70.8204615384615	DTT
DL_1_30	1	30	29	15.5	0.9963	15.1531666666667	14.8537666666667	14.7199333333333	14.4966333333333	14.8375333333333	ED
GDD_52_64	52	64	12	58	-0.9999	23.8742307692308	27.7476923076923	30.6564615384615	33.7749230769231	30.42	ED
dGDD_16_32	16	32	16	24	0.9999	3.74135294117647	3.37023529411765	3.08911764705882	2.81847058823529	2.65711764705882	ED
DTR_28_44	28	44	16	36	0.9997	24.1475294117647	22.6588235294118	21.5904705882353	20.5972941176471	20.7603529411765	ED
PTT_49_67	49	67	18	58	-1	339.1773	394.947010526316	434.682557894737	476.832868421053	446.009505263158	ED
PTR_57_63	57	63	6	60	-0.9999	1.8209	2.07502857142857	2.2742	2.47267142857143	2.31971428571429	ED
PTD1_55_87	55	87	32	71	0.9998	343.531403030303	310.777172727273	288.757951515151	263.095327272727	279.517039393939	ED
PTD2_36_84	36	84	48	60	0.9972	1.4724306122449	1.46012857142857	1.44735918367347	1.43559591836735	1.36711632653061	ED
TSR_26_47	26	47	21	36.5	-0.9993	3250.08000909091	3331.77862272727	3403.44120454545	3471.035	3590.03074090909	ED
MMR_52_84	52	84	32	68	-1	0.741645454545455	0.759860606060606	0.773372727272727	0.787309090909091	0.781809090909091	ED
PR_16_68	16	68	52	42	0.9978	2.62056603773585	2.51283018867925	2.42754716981132	2.36660377358491	4.08716981132075	ED
RH_51_82	51	82	31	66.5	-0.993	61.751875	63.5625	64.21	65.508125	66.38375	ED
PRDTR_29_66	29	66	37	47.5	-0.9929	0.110181578947368	0.128910526315789	0.152097368421053	0.164165789473684	0.362068421052632	ED
dPTT_16_32	16	32	16	24	0.9998	57.6031117647059	50.6332647058824	46.0231529411765	40.7157058823529	39.2945823529412	ED
PS_1_7	1	7	6	4	-0.5403	97.7385714285714	99.5657142857143	98.1314285714286	99.3871428571428	100.014285714286	ED
WS_31_42	31	42	11	36.5	0.9983	2.24083333333333	2.03083333333333	1.85166666666667	1.65166666666667	1.6125	ED
WD_43_50	43	50	7	46.5	0.9995	214.3275	201.2575	190.97625	182.2675	141.14125	ED
APAR_45_75	45	75	30	60	1	109.388709677419	101.027741935484	94.9567741935484	88.56	90.3429032258065	ED
CPAR_52_76	52	76	24	64	0.9997	136.9212	126.5376	119.9296	112.2968	113.2072	ED
UVA_45_62	45	62	17	53.5	1	14.9294444444444	13.8211111111111	13.0055555555556	12.1733333333333	10.1305555555556	ED
UVB_51_76	51	76	25	63.5	0.9999	0.323076923076923	0.292692307692308	0.271923076923077	0.25	0.243076923076923	ED
SW_57_81	57	81	24	69	0.9992	0.5048	0.492	0.484	0.4736	0.49	ED
SM_67_76	67	76	9	71.5	0.9286	0.521	0.52	0.489	0.469	0.5	ED
TMAX_1_8	1	8	7	4.5	-1	63.104	75.57575	84.4565	93.461	93.2135	ED
TMIN_56_67	56	67	11	61.5	-0.9998	63.281	67.6205	70.6445	74.1365	71.09	ED
DL_3_10	3	10	7	6.5	0.924	14.886625	14.625125	14.512	14.517375	14.852875	ED
GDD_13_20	13	20	7	16.5	-1	17.251875	20.601	27.993375	26.049375	32.04	ED
dGDD_70_140	70	140	70	105	-1	2.03108450704225	2.23466197183099	2.66957746478873	2.5522676056338	2.77085915492958	ED
DTR_80_113	80	113	33	96.5	-1	18.0878823529412	18.9619411764706	20.9043529411765	20.3770588235294	20.2531764705882	ED
PTT_12_19	12	19	7	15.5	-1	264.996375	312.215475	414.5572625	387.6468875	486.45095	ED
PTR_13_19	13	19	6	16	-0.9991	1.1363	1.41034285714286	1.90788571428571	1.786	2.1937	ED
PTD1_124_130	124	130	6	127	0.9994	372.633771428571	346.820828571429	288.595457142857	307.156057142857	328.809257142857	ED
PTD2_32_101	32	101	69	66.5	-1	1.42477571428571	1.45455857142857	1.51821714285714	1.50027285714286	1.46031142857143	ED
TSR_68_113	68	113	45	90.5	-0.9995	2783.17911086957	2924.5387673913	3194.06301521739	3113.2582673913	3034.57988695652	ED
MMR_33_129	33	129	96	81	-1	0.739870103092784	0.746513402061856	0.760980412371134	0.75710206185567	0.750571134020619	ED
PR_16_27	16	27	11	21.5	0.9996	5.12583333333333	4.06916666666667	1.46666666666667	2.155	1.2075	ED
RH_84_107	84	107	23	95.5	1	75.20375	70.4933333333333	60.4579166666667	63.1554166666667	67.3575	ED
PRDTR_85_100	85	100	15	92.5	0.9998	0.3023875	0.22925	0.0837125	0.12061875	0.12965	ED
dPTT_70_118	70	118	48	94	-1	22.4991183673469	25.8607551020408	32.9907428571429	31.0184469387755	30.7254102040816	ED
PS_54_60	54	60	6	57	0.3902	99.0071428571429	100.43	98.2828571428571	99.5728571428571	100.305714285714	ED
WS_134_152	134	152	18	143	0.9993	2.93526315789474	2.78421052631579	2.48842105263158	2.58315789473684	2.32105263157895	ED
WD_42_66	42	66	24	54	1	188.4764	177.7168	155.262	161.1616	141.2468	ED
APAR_42_67	42	67	25	54.5	0.9995	116.758461538462	107.178846153846	89.0288461538462	93.5303846153846	88.5330769230769	ED
CPAR_54_67	54	67	13	60.5	0.9976	146.672142857143	134.533571428571	112.232857142857	116.197857142857	114.01	ED
UVA_41_53	41	53	12	47	0.9993	13.8876923076923	13.0207692307692	11.4084615384615	11.8953846153846	9.73384615384615	ED
UVB_53_68	53	68	15	60.5	1	0.3675	0.32875	0.246875	0.26875	0.2525	ED
SW_14_125	14	125	111	69.5	1	0.522767857142857	0.507857142857143	0.475714285714286	0.484196428571429	0.49125	ED
SM_103_109	103	109	6	106	0.9948	0.541428571428571	0.521428571428571	0.474285714285714	0.48	0.51	ED
TMAX_51_61	51	61	10	56	-0.9999	84.6090909090909	87.6216363636364	94.5418181818182	92.7221818181818	88.5216363636364	ED
TMIN_101_110	101	110	9	105.5	-0.9948	59.9522	62.5712	66.2738	65.1272	60.062	ED
DL_1_7	1	7	6	4	0.6915	14.7935714285714	14.544	14.4374285714286	14.5042857142857	14.8352857142857	ED
GDD_120_127	120	127	7	123.5	-0.9996	13.41675	17.76375	15.90075	15.61275	13.588875	ED
dGDD_30_74	30	74	44	52	1	2.6886	1.9838	2.29271111111111	2.35473333333333	1.81182222222222	ED
DTR_66_92	66	92	26	79	0.9996	20.7993333333333	18.8806666666667	19.7473333333333	19.856	19.4873333333333	ED
PTT_59_82	59	82	23	70.5	-0.9997	401.1145625	451.0385375	428.745633333333	425.735508333333	427.945008333333	ED
PTR_132_141	132	141	9	136.5	-0.9269	0.71927	1.16104	1.13013	0.97953	0.58996	ED
PTD1_86_122	86	122	36	104	-0.9987	253.273897297297	279.205437837838	267.815394594595	264.6104	278.813408108108	ED
PTD2_79_86	79	86	7	82.5	0.9991	1.600225	1.1945875	1.3601125	1.4121	1.2726625	ED
TSR_69_86	69	86	17	77.5	0.9994	3312.92070555556	2845.53775555556	3035.20781111111	3079.49303333333	2989.46882777778	ED
MMR_73_87	73	87	14	80	-0.9999	0.7574	0.807026666666667	0.785073333333333	0.78062	0.7962	ED
PR_72_95	72	95	23	83.5	-0.9989	3.10375	4.27375	3.8125	3.67791666666667	4.11166666666667	ED
RH_79_88	79	88	9	83.5	-0.9994	63.808	79.339	72.406	71.614	76.087	ED
PRDTR_71_95	71	95	24	83	-0.9962	0.188816	0.267864	0.23958	0.22818	0.480296	ED
dPTT_32_39	32	39	7	35.5	0.9998	64.2564375	33.09175	46.0514125	49.2444375	34.7248625	ED
PS_1_8	1	8	7	4.5	-0.7953	97.76	99.6625	98.18	99.3925	100.01125	ED
WS_49_60	49	60	11	54.5	-0.9961	1.6825	2.09	1.93416666666667	1.9075	1.81	ED
WD_101_110	101	110	9	105.5	-0.9968	92.399	153.119	126.394	125.438	149.812	ED
APAR_74_81	74	81	7	77.5	0.9946	102.635	68.6275	81.83125	83.24625	103.60625	ED
CPAR_74_80	74	80	6	77	0.773	126.047142857143	101.798571428571	122.63	106.001428571429	116.635714285714	ED
UVA_74_80	74	80	6	77	0.9992	12.8214285714286	7.90571428571429	9.88571428571429	10.4771428571429	12.9085714285714	ED
UVB_74_80	74	80	6	77	0.9871	0.29	0.185714285714286	0.244285714285714	0.238571428571429	0.281428571428571	ED
SW_83_89	83	89	6	86	-0.7275	0.504285714285714	0.541428571428571	0.547142857142857	0.505714285714286	0.524285714285714	ED
SM_84_90	84	90	6	87	-0.4376	0.52	0.535714285714286	0.531428571428571	0.498571428571429	0.52	ED
TMAX_114_138	114	138	24	126	-0.9989	74.1812	80.53664	77.81072	77.49824	73.24016	ED
TMIN_71_83	71	83	12	77	-0.9999	66.7953846153846	71.5196923076923	69.5244615384615	69.0744615384615	68.4195384615385	ED
DL_1_30	1	30	29	15.5	0.9963	15.1531666666667	14.8537666666667	14.7199333333333	14.4966333333333	14.8375333333333	EH
GDD_52_64	52	64	12	58	-0.9999	23.8742307692308	27.7476923076923	30.6564615384615	33.7749230769231	30.42	EH
dGDD_16_32	16	32	16	24	0.9999	3.74135294117647	3.37023529411765	3.08911764705882	2.81847058823529	2.65711764705882	EH
DTR_28_44	28	44	16	36	0.9997	24.1475294117647	22.6588235294118	21.5904705882353	20.5972941176471	20.7603529411765	EH
PTT_49_67	49	67	18	58	-1	339.1773	394.947010526316	434.682557894737	476.832868421053	446.009505263158	EH
PTR_57_63	57	63	6	60	-0.9999	1.8209	2.07502857142857	2.2742	2.47267142857143	2.31971428571429	EH
PTD1_55_87	55	87	32	71	0.9998	343.531403030303	310.777172727273	288.757951515151	263.095327272727	279.517039393939	EH
PTD2_36_84	36	84	48	60	0.9972	1.4724306122449	1.46012857142857	1.44735918367347	1.43559591836735	1.36711632653061	EH
TSR_26_47	26	47	21	36.5	-0.9993	3250.08000909091	3331.77862272727	3403.44120454545	3471.035	3590.03074090909	EH
MMR_52_84	52	84	32	68	-1	0.741645454545455	0.759860606060606	0.773372727272727	0.787309090909091	0.781809090909091	EH
PR_16_68	16	68	52	42	0.9978	2.62056603773585	2.51283018867925	2.42754716981132	2.36660377358491	4.08716981132075	EH
RH_51_82	51	82	31	66.5	-0.993	61.751875	63.5625	64.21	65.508125	66.38375	EH
PRDTR_29_66	29	66	37	47.5	-0.9929	0.110181578947368	0.128910526315789	0.152097368421053	0.164165789473684	0.362068421052632	EH
dPTT_16_32	16	32	16	24	0.9998	57.6031117647059	50.6332647058824	46.0231529411765	40.7157058823529	39.2945823529412	EH
PS_1_7	1	7	6	4	-0.5403	97.7385714285714	99.5657142857143	98.1314285714286	99.3871428571428	100.014285714286	EH
WS_31_42	31	42	11	36.5	0.9983	2.24083333333333	2.03083333333333	1.85166666666667	1.65166666666667	1.6125	EH
WD_43_50	43	50	7	46.5	0.9995	214.3275	201.2575	190.97625	182.2675	141.14125	EH
APAR_45_75	45	75	30	60	1	109.388709677419	101.027741935484	94.9567741935484	88.56	90.3429032258065	EH
CPAR_52_76	52	76	24	64	0.9997	136.9212	126.5376	119.9296	112.2968	113.2072	EH
UVA_45_62	45	62	17	53.5	1	14.9294444444444	13.8211111111111	13.0055555555556	12.1733333333333	10.1305555555556	EH
UVB_51_76	51	76	25	63.5	0.9999	0.323076923076923	0.292692307692308	0.271923076923077	0.25	0.243076923076923	EH
SW_57_81	57	81	24	69	0.9992	0.5048	0.492	0.484	0.4736	0.49	EH
SM_67_76	67	76	9	71.5	0.9286	0.521	0.52	0.489	0.469	0.5	EH
TMAX_1_8	1	8	7	4.5	-1	63.104	75.57575	84.4565	93.461	93.2135	EH
TMIN_56_67	56	67	11	61.5	-0.9998	63.281	67.6205	70.6445	74.1365	71.09	EH
DL_3_10	3	10	7	6.5	0.924	14.886625	14.625125	14.512	14.517375	14.852875	EH
GDD_13_20	13	20	7	16.5	-1	17.251875	20.601	27.993375	26.049375	32.04	EH
dGDD_70_140	70	140	70	105	-1	2.03108450704225	2.23466197183099	2.66957746478873	2.5522676056338	2.77085915492958	EH
DTR_80_113	80	113	33	96.5	-1	18.0878823529412	18.9619411764706	20.9043529411765	20.3770588235294	20.2531764705882	EH
PTT_12_19	12	19	7	15.5	-1	264.996375	312.215475	414.5572625	387.6468875	486.45095	EH
PTR_13_19	13	19	6	16	-0.9991	1.1363	1.41034285714286	1.90788571428571	1.786	2.1937	EH
PTD1_124_130	124	130	6	127	0.9994	372.633771428571	346.820828571429	288.595457142857	307.156057142857	328.809257142857	EH
PTD2_32_101	32	101	69	66.5	-1	1.42477571428571	1.45455857142857	1.51821714285714	1.50027285714286	1.46031142857143	EH
TSR_68_113	68	113	45	90.5	-0.9995	2783.17911086957	2924.5387673913	3194.06301521739	3113.2582673913	3034.57988695652	EH
MMR_33_129	33	129	96	81	-1	0.739870103092784	0.746513402061856	0.760980412371134	0.75710206185567	0.750571134020619	EH
PR_16_27	16	27	11	21.5	0.9996	5.12583333333333	4.06916666666667	1.46666666666667	2.155	1.2075	EH
RH_84_107	84	107	23	95.5	1	75.20375	70.4933333333333	60.4579166666667	63.1554166666667	67.3575	EH
PRDTR_85_100	85	100	15	92.5	0.9998	0.3023875	0.22925	0.0837125	0.12061875	0.12965	EH
dPTT_70_118	70	118	48	94	-1	22.4991183673469	25.8607551020408	32.9907428571429	31.0184469387755	30.7254102040816	EH
PS_54_60	54	60	6	57	0.3902	99.0071428571429	100.43	98.2828571428571	99.5728571428571	100.305714285714	EH
WS_134_152	134	152	18	143	0.9993	2.93526315789474	2.78421052631579	2.48842105263158	2.58315789473684	2.32105263157895	EH
WD_42_66	42	66	24	54	1	188.4764	177.7168	155.262	161.1616	141.2468	EH
APAR_42_67	42	67	25	54.5	0.9995	116.758461538462	107.178846153846	89.0288461538462	93.5303846153846	88.5330769230769	EH
CPAR_54_67	54	67	13	60.5	0.9976	146.672142857143	134.533571428571	112.232857142857	116.197857142857	114.01	EH
UVA_41_53	41	53	12	47	0.9993	13.8876923076923	13.0207692307692	11.4084615384615	11.8953846153846	9.73384615384615	EH
UVB_53_68	53	68	15	60.5	1	0.3675	0.32875	0.246875	0.26875	0.2525	EH
SW_14_125	14	125	111	69.5	1	0.522767857142857	0.507857142857143	0.475714285714286	0.484196428571429	0.49125	EH
SM_103_109	103	109	6	106	0.9948	0.541428571428571	0.521428571428571	0.474285714285714	0.48	0.51	EH
TMAX_51_61	51	61	10	56	-0.9999	84.6090909090909	87.6216363636364	94.5418181818182	92.7221818181818	88.5216363636364	EH
TMIN_101_110	101	110	9	105.5	-0.9948	59.9522	62.5712	66.2738	65.1272	60.062	EH
DL_6_14	6	14	8	10	0.6418	15.0093333333333	14.7316666666667	14.6098888888889	14.5275555555556	14.8681111111111	EH
GDD_55_61	55	61	6	58	-0.9097	27.0462857142857	28.503	33.1438571428571	32.2251428571429	29.8568571428571	EH
dGDD_51_98	51	98	47	74.5	-1	1.8530625	1.783875	2.06841666666667	2.00016666666667	2.5051875	EH
DTR_68_102	68	102	34	85	-0.9998	19.4909142857143	19.0388571428571	21.0348	20.5282285714286	20.1152571428571	EH
PTT_12_18	12	18	6	15	-0.9121	279.036157142857	309.286771428571	410.578657142857	393.6925	476.679671428571	EH
PTR_12_18	12	18	6	15	-0.8881	1.2135	1.39991428571429	1.89101428571429	1.86567142857143	2.15528571428571	EH
PTD1_62_127	62	127	65	94.5	0.9999	286.395418181818	292.712993939394	267.108218181818	272.756972727273	281.101607575758	EH
PTD2_84_91	84	91	7	87.5	-1	1.3504125	1.27785	1.5685875	1.50185	1.359	EH
TSR_30_52	30	52	22	41	-0.9999	3284.71823913043	3185.83996521739	3569.15440434783	3479.0568826087	3325.33873913043	EH
MMR_82_99	82	99	17	90.5	0.9995	0.774138888888889	0.782188888888889	0.744827777777778	0.7531	0.769983333333333	EH
PR_132_140	132	140	8	136	-0.9999	1.95555555555556	1.15444444444444	4.61666666666667	3.82666666666667	2.18888888888889	EH
RH_55_101	55	101	46	78	0.9999	65.8197872340426	66.4821276595745	63.8593617021277	64.4544680851064	66.2623404255319	EH
PRDTR_14_149	14	149	135	81.5	-1	0.168671323529412	0.1485625	0.231438235294118	0.212272794117647	0.240613235294118	EH
dPTT_64_105	64	105	41	84.5	-1	24.7639142857143	23.5165666666667	28.8957880952381	27.5994619047619	30.7358142857143	EH
PS_54_60	54	60	6	57	0.7377	99.0071428571429	100.43	98.2828571428571	99.5728571428571	100.305714285714	EH
WS_72_112	72	112	40	92	1	2.08170731707317	2.28121951219512	1.45585365853659	1.65731707317073	1.79878048780488	EH
WD_57_70	57	70	13	63.5	0.9998	156.105714285714	159.195	146.235714285714	149.520714285714	164.628571428571	EH
APAR_109_115	109	115	6	112	0.9798	84.3371428571429	89.5957142857143	59.0157142857143	60.0671428571429	63.7614285714286	EH
CPAR_41_47	41	47	6	44	0.9948	123.705714285714	126.385714285714	115.235714285714	116.671428571429	113.748571428571	EH
UVA_39_46	39	46	7	42.5	0.9396	14.6925	13.9275	9.655	11.085	9.94875	EH
UVB_20_29	20	29	9	24.5	-0.9962	0.224	0.204	0.267	0.256	0.293	EH
SW_37_91	37	91	54	64	0.9734	0.510181818181818	0.509454545454545	0.474	0.483454545454545	0.505272727272727	EH
SM_43_92	43	92	49	67.5	0.9803	0.5254	0.527	0.4742	0.4848	0.5064	EH
TMAX_76_85	76	85	9	80.5	0.9926	88.124	88.4516	87.4922	87.7532	82.9004	EH
TMIN_101_110	101	110	9	105.5	-0.8223	59.9522	62.5712	66.2738	65.1272	60.062	EH
DL_1_30	1	30	29	15.5	0.9963	15.1531666666667	14.8537666666667	14.7199333333333	14.4966333333333	14.8375333333333	EL
GDD_52_64	52	64	12	58	-0.9999	23.8742307692308	27.7476923076923	30.6564615384615	33.7749230769231	30.42	EL
dGDD_16_32	16	32	16	24	0.9999	3.74135294117647	3.37023529411765	3.08911764705882	2.81847058823529	2.65711764705882	EL
DTR_28_44	28	44	16	36	0.9997	24.1475294117647	22.6588235294118	21.5904705882353	20.5972941176471	20.7603529411765	EL
PTT_49_67	49	67	18	58	-1	339.1773	394.947010526316	434.682557894737	476.832868421053	446.009505263158	EL
PTR_57_63	57	63	6	60	-0.9999	1.8209	2.07502857142857	2.2742	2.47267142857143	2.31971428571429	EL
PTD1_55_87	55	87	32	71	0.9998	343.531403030303	310.777172727273	288.757951515151	263.095327272727	279.517039393939	EL
PTD2_36_84	36	84	48	60	0.9972	1.4724306122449	1.46012857142857	1.44735918367347	1.43559591836735	1.36711632653061	EL
TSR_26_47	26	47	21	36.5	-0.9993	3250.08000909091	3331.77862272727	3403.44120454545	3471.035	3590.03074090909	EL
MMR_52_84	52	84	32	68	-1	0.741645454545455	0.759860606060606	0.773372727272727	0.787309090909091	0.781809090909091	EL
PR_16_68	16	68	52	42	0.9978	2.62056603773585	2.51283018867925	2.42754716981132	2.36660377358491	4.08716981132075	EL
RH_51_82	51	82	31	66.5	-0.993	61.751875	63.5625	64.21	65.508125	66.38375	EL
PRDTR_29_66	29	66	37	47.5	-0.9929	0.110181578947368	0.128910526315789	0.152097368421053	0.164165789473684	0.362068421052632	EL
dPTT_16_32	16	32	16	24	0.9998	57.6031117647059	50.6332647058824	46.0231529411765	40.7157058823529	39.2945823529412	EL
PS_1_7	1	7	6	4	-0.5403	97.7385714285714	99.5657142857143	98.1314285714286	99.3871428571428	100.014285714286	EL
WS_31_42	31	42	11	36.5	0.9983	2.24083333333333	2.03083333333333	1.85166666666667	1.65166666666667	1.6125	EL
WD_43_50	43	50	7	46.5	0.9995	214.3275	201.2575	190.97625	182.2675	141.14125	EL
APAR_45_75	45	75	30	60	1	109.388709677419	101.027741935484	94.9567741935484	88.56	90.3429032258065	EL
CPAR_52_76	52	76	24	64	0.9997	136.9212	126.5376	119.9296	112.2968	113.2072	EL
UVA_45_62	45	62	17	53.5	1	14.9294444444444	13.8211111111111	13.0055555555556	12.1733333333333	10.1305555555556	EL
UVB_51_76	51	76	25	63.5	0.9999	0.323076923076923	0.292692307692308	0.271923076923077	0.25	0.243076923076923	EL
SW_57_81	57	81	24	69	0.9992	0.5048	0.492	0.484	0.4736	0.49	EL
SM_67_76	67	76	9	71.5	0.9286	0.521	0.52	0.489	0.469	0.5	EL
TMAX_1_8	1	8	7	4.5	-1	63.104	75.57575	84.4565	93.461	93.2135	EL
TMIN_56_67	56	67	11	61.5	-0.9998	63.281	67.6205	70.6445	74.1365	71.09	EL
DL_3_10	3	10	7	6.5	0.924	14.886625	14.625125	14.512	14.517375	14.852875	EL
GDD_13_20	13	20	7	16.5	-1	17.251875	20.601	27.993375	26.049375	32.04	EL
dGDD_70_140	70	140	70	105	-1	2.03108450704225	2.23466197183099	2.66957746478873	2.5522676056338	2.77085915492958	EL
DTR_80_113	80	113	33	96.5	-1	18.0878823529412	18.9619411764706	20.9043529411765	20.3770588235294	20.2531764705882	EL
PTT_12_19	12	19	7	15.5	-1	264.996375	312.215475	414.5572625	387.6468875	486.45095	EL
PTR_13_19	13	19	6	16	-0.9991	1.1363	1.41034285714286	1.90788571428571	1.786	2.1937	EL
PTD1_124_130	124	130	6	127	0.9994	372.633771428571	346.820828571429	288.595457142857	307.156057142857	328.809257142857	EL
PTD2_32_101	32	101	69	66.5	-1	1.42477571428571	1.45455857142857	1.51821714285714	1.50027285714286	1.46031142857143	EL
TSR_68_113	68	113	45	90.5	-0.9995	2783.17911086957	2924.5387673913	3194.06301521739	3113.2582673913	3034.57988695652	EL
MMR_33_129	33	129	96	81	-1	0.739870103092784	0.746513402061856	0.760980412371134	0.75710206185567	0.750571134020619	EL
PR_16_27	16	27	11	21.5	0.9996	5.12583333333333	4.06916666666667	1.46666666666667	2.155	1.2075	EL
RH_84_107	84	107	23	95.5	1	75.20375	70.4933333333333	60.4579166666667	63.1554166666667	67.3575	EL
PRDTR_85_100	85	100	15	92.5	0.9998	0.3023875	0.22925	0.0837125	0.12061875	0.12965	EL
dPTT_70_118	70	118	48	94	-1	22.4991183673469	25.8607551020408	32.9907428571429	31.0184469387755	30.7254102040816	EL
PS_54_60	54	60	6	57	0.3902	99.0071428571429	100.43	98.2828571428571	99.5728571428571	100.305714285714	EL
WS_134_152	134	152	18	143	0.9993	2.93526315789474	2.78421052631579	2.48842105263158	2.58315789473684	2.32105263157895	EL
WD_42_66	42	66	24	54	1	188.4764	177.7168	155.262	161.1616	141.2468	EL
APAR_42_67	42	67	25	54.5	0.9995	116.758461538462	107.178846153846	89.0288461538462	93.5303846153846	88.5330769230769	EL
CPAR_54_67	54	67	13	60.5	0.9976	146.672142857143	134.533571428571	112.232857142857	116.197857142857	114.01	EL
UVA_41_53	41	53	12	47	0.9993	13.8876923076923	13.0207692307692	11.4084615384615	11.8953846153846	9.73384615384615	EL
UVB_53_68	53	68	15	60.5	1	0.3675	0.32875	0.246875	0.26875	0.2525	EL
SW_14_125	14	125	111	69.5	1	0.522767857142857	0.507857142857143	0.475714285714286	0.484196428571429	0.49125	EL
SM_103_109	103	109	6	106	0.9948	0.541428571428571	0.521428571428571	0.474285714285714	0.48	0.51	EL
TMAX_51_61	51	61	10	56	-0.9999	84.6090909090909	87.6216363636364	94.5418181818182	92.7221818181818	88.5216363636364	EL
TMIN_101_110	101	110	9	105.5	-0.9948	59.9522	62.5712	66.2738	65.1272	60.062	EL
DL_1_7	1	7	6	4	0.4927	14.7935714285714	14.544	14.4374285714286	14.5042857142857	14.8352857142857	EL
GDD_77_84	77	84	7	80.5	-0.9975	26.494875	29.298375	27.565875	27.673875	25.3935	EL
dGDD_32_75	32	75	43	53.5	1	2.56356818181818	1.92027272727273	2.35279545454545	2.29145454545455	1.96120454545455	EL
DTR_76_90	76	90	14	83	1	21.0816	17.1084	19.8096	19.4508	16.7052	EL
PTT_63_83	63	83	20	73	-0.9992	389.874142857143	449.8025	407.102680952381	413.543538095238	413.57489047619	EL
PTR_120_127	120	127	7	123.5	-0.8652	1.050875	1.404575	1.264825	1.360875	1.1873625	EL
PTD1_87_130	87	130	43	108.5	-0.9995	268.622240909091	291.695640909091	275.374536363636	277.990904545455	284.731990909091	EL
PTD2_47_87	47	87	40	67	0.9987	1.47758048780488	1.41548536585366	1.4547512195122	1.45065609756098	1.44630487804878	EL
TSR_115_147	115	147	32	131	-0.9999	2828.22282424242	3393.99079090909	3014.92918181818	3068.53302727273	2854.25602727273	EL
MMR_76_91	76	91	15	83.5	-0.9999	0.7599875	0.801925	0.7733375	0.77788125	0.79916875	EL
PR_1_119	1	119	118	60	0.9989	2.97495798319328	2.48966386554622	2.79890756302521	2.76890756302521	3.04613445378151	EL
RH_77_93	77	93	16	85	-0.9997	65.8976470588235	74.9135294117647	68.6064705882353	69.6811764705882	73.2947058823529	EL
PRDTR_78_89	78	89	11	83.5	-0.99	0.147366666666667	0.417983333333333	0.205475	0.269983333333333	0.766966666666667	EL
dPTT_82_103	82	103	21	92.5	-0.9993	25.8508909090909	30.0569136363636	27.3369636363636	27.7071681818182	39.4631318181818	EL
PS_51_57	51	57	6	54	-0.9201	98.4714285714286	100.22	98.3828571428571	99.2785714285714	100.097142857143	EL
WS_46_62	46	62	16	54	-0.9989	1.69294117647059	2.30176470588235	1.86941176470588	1.92529411764706	1.67294117647059	EL
WD_118_128	118	128	10	123	0.9996	210.522727272727	185.375454545455	202.635454545455	200.659090909091	207.482727272727	EL
APAR_72_81	72	81	9	76.5	0.9977	100.833	68.098	89.045	85.281	106.549	EL
CPAR_74_80	74	80	6	77	0.8644	126.047142857143	101.798571428571	122.63	106.001428571429	116.635714285714	EL
UVA_72_80	72	80	8	76	0.9997	12.4655555555556	7.88333333333333	11.0422222222222	10.6422222222222	13.2944444444444	EL
UVB_21_49	21	49	28	35	0.9994	0.276896551724138	0.247241379310345	0.268275862068966	0.264827586206897	0.247241379310345	EL
SW_135_141	135	141	6	138	0.6592	0.521428571428571	0.488571428571429	0.535714285714286	0.488571428571429	0.498571428571429	EL
SM_87_93	87	93	6	90	-0.423	0.52	0.534285714285714	0.52	0.495714285714286	0.52	EL
TMAX_124_133	124	133	9	128.5	-0.9985	78.1988	84.2756	80.2472	81.0356	75.8894	EL
TMIN_78_85	78	85	7	81.5	-0.9988	65.606	70.39625	67.34975	67.7435	67.091	EL
DL_1_30	1	30	29	15.5	0.9963	15.1531666666667	14.8537666666667	14.7199333333333	14.4966333333333	14.8375333333333	ELL
GDD_52_64	52	64	12	58	-0.9999	23.8742307692308	27.7476923076923	30.6564615384615	33.7749230769231	30.42	ELL
dGDD_16_32	16	32	16	24	0.9999	3.74135294117647	3.37023529411765	3.08911764705882	2.81847058823529	2.65711764705882	ELL
DTR_28_44	28	44	16	36	0.9997	24.1475294117647	22.6588235294118	21.5904705882353	20.5972941176471	20.7603529411765	ELL
PTT_49_67	49	67	18	58	-1	339.1773	394.947010526316	434.682557894737	476.832868421053	446.009505263158	ELL
PTR_57_63	57	63	6	60	-0.9999	1.8209	2.07502857142857	2.2742	2.47267142857143	2.31971428571429	ELL
PTD1_55_87	55	87	32	71	0.9998	343.531403030303	310.777172727273	288.757951515151	263.095327272727	279.517039393939	ELL
PTD2_36_84	36	84	48	60	0.9972	1.4724306122449	1.46012857142857	1.44735918367347	1.43559591836735	1.36711632653061	ELL
TSR_26_47	26	47	21	36.5	-0.9993	3250.08000909091	3331.77862272727	3403.44120454545	3471.035	3590.03074090909	ELL
MMR_52_84	52	84	32	68	-1	0.741645454545455	0.759860606060606	0.773372727272727	0.787309090909091	0.781809090909091	ELL
PR_16_68	16	68	52	42	0.9978	2.62056603773585	2.51283018867925	2.42754716981132	2.36660377358491	4.08716981132075	ELL
RH_51_82	51	82	31	66.5	-0.993	61.751875	63.5625	64.21	65.508125	66.38375	ELL
PRDTR_29_66	29	66	37	47.5	-0.9929	0.110181578947368	0.128910526315789	0.152097368421053	0.164165789473684	0.362068421052632	ELL
dPTT_16_32	16	32	16	24	0.9998	57.6031117647059	50.6332647058824	46.0231529411765	40.7157058823529	39.2945823529412	ELL
PS_1_7	1	7	6	4	-0.5403	97.7385714285714	99.5657142857143	98.1314285714286	99.3871428571428	100.014285714286	ELL
WS_31_42	31	42	11	36.5	0.9983	2.24083333333333	2.03083333333333	1.85166666666667	1.65166666666667	1.6125	ELL
WD_43_50	43	50	7	46.5	0.9995	214.3275	201.2575	190.97625	182.2675	141.14125	ELL
APAR_45_75	45	75	30	60	1	109.388709677419	101.027741935484	94.9567741935484	88.56	90.3429032258065	ELL
CPAR_52_76	52	76	24	64	0.9997	136.9212	126.5376	119.9296	112.2968	113.2072	ELL
UVA_45_62	45	62	17	53.5	1	14.9294444444444	13.8211111111111	13.0055555555556	12.1733333333333	10.1305555555556	ELL
UVB_51_76	51	76	25	63.5	0.9999	0.323076923076923	0.292692307692308	0.271923076923077	0.25	0.243076923076923	ELL
SW_57_81	57	81	24	69	0.9992	0.5048	0.492	0.484	0.4736	0.49	ELL
SM_67_76	67	76	9	71.5	0.9286	0.521	0.52	0.489	0.469	0.5	ELL
TMAX_1_8	1	8	7	4.5	-1	63.104	75.57575	84.4565	93.461	93.2135	ELL
TMIN_56_67	56	67	11	61.5	-0.9998	63.281	67.6205	70.6445	74.1365	71.09	ELL
DL_3_10	3	10	7	6.5	0.924	14.886625	14.625125	14.512	14.517375	14.852875	ELL
GDD_13_20	13	20	7	16.5	-1	17.251875	20.601	27.993375	26.049375	32.04	ELL
dGDD_70_140	70	140	70	105	-1	2.03108450704225	2.23466197183099	2.66957746478873	2.5522676056338	2.77085915492958	ELL
DTR_80_113	80	113	33	96.5	-1	18.0878823529412	18.9619411764706	20.9043529411765	20.3770588235294	20.2531764705882	ELL
PTT_12_19	12	19	7	15.5	-1	264.996375	312.215475	414.5572625	387.6468875	486.45095	ELL
PTR_13_19	13	19	6	16	-0.9991	1.1363	1.41034285714286	1.90788571428571	1.786	2.1937	ELL
PTD1_124_130	124	130	6	127	0.9994	372.633771428571	346.820828571429	288.595457142857	307.156057142857	328.809257142857	ELL
PTD2_32_101	32	101	69	66.5	-1	1.42477571428571	1.45455857142857	1.51821714285714	1.50027285714286	1.46031142857143	ELL
TSR_68_113	68	113	45	90.5	-0.9995	2783.17911086957	2924.5387673913	3194.06301521739	3113.2582673913	3034.57988695652	ELL
MMR_33_129	33	129	96	81	-1	0.739870103092784	0.746513402061856	0.760980412371134	0.75710206185567	0.750571134020619	ELL
PR_16_27	16	27	11	21.5	0.9996	5.12583333333333	4.06916666666667	1.46666666666667	2.155	1.2075	ELL
RH_84_107	84	107	23	95.5	1	75.20375	70.4933333333333	60.4579166666667	63.1554166666667	67.3575	ELL
PRDTR_85_100	85	100	15	92.5	0.9998	0.3023875	0.22925	0.0837125	0.12061875	0.12965	ELL
dPTT_70_118	70	118	48	94	-1	22.4991183673469	25.8607551020408	32.9907428571429	31.0184469387755	30.7254102040816	ELL
PS_54_60	54	60	6	57	0.3902	99.0071428571429	100.43	98.2828571428571	99.5728571428571	100.305714285714	ELL
WS_134_152	134	152	18	143	0.9993	2.93526315789474	2.78421052631579	2.48842105263158	2.58315789473684	2.32105263157895	ELL
WD_42_66	42	66	24	54	1	188.4764	177.7168	155.262	161.1616	141.2468	ELL
APAR_42_67	42	67	25	54.5	0.9995	116.758461538462	107.178846153846	89.0288461538462	93.5303846153846	88.5330769230769	ELL
CPAR_54_67	54	67	13	60.5	0.9976	146.672142857143	134.533571428571	112.232857142857	116.197857142857	114.01	ELL
UVA_41_53	41	53	12	47	0.9993	13.8876923076923	13.0207692307692	11.4084615384615	11.8953846153846	9.73384615384615	ELL
UVB_53_68	53	68	15	60.5	1	0.3675	0.32875	0.246875	0.26875	0.2525	ELL
SW_14_125	14	125	111	69.5	1	0.522767857142857	0.507857142857143	0.475714285714286	0.484196428571429	0.49125	ELL
SM_103_109	103	109	6	106	0.9948	0.541428571428571	0.521428571428571	0.474285714285714	0.48	0.51	ELL
TMAX_51_61	51	61	10	56	-0.9999	84.6090909090909	87.6216363636364	94.5418181818182	92.7221818181818	88.5216363636364	ELL
TMIN_101_110	101	110	9	105.5	-0.9948	59.9522	62.5712	66.2738	65.1272	60.062	ELL
DL_1_7	1	7	6	4	0.5779	14.7935714285714	14.544	14.4374285714286	14.5042857142857	14.8352857142857	ELL
GDD_85_91	85	91	6	88	-0.7743	26.8495714285714	27.4667142857143	30.2104285714286	25.4185714285714	22.5771428571429	ELL
dGDD_25_152	25	152	127	88.5	-0.9999	2.378953125	2.3435859375	2.6063125	2.417671875	2.3208828125	ELL
DTR_80_99	80	99	19	89.5	-0.9995	19.8711	19.4823	22.9986	20.4786	18.7677	ELL
PTT_55_61	55	61	6	58	-0.9616	417.471971428571	429.345128571429	493.057471428571	443.637942857143	418.855	ELL
PTR_84_90	84	90	6	87	-0.9861	1.93724285714286	1.94415714285714	2.07827142857143	1.96634285714286	1.68008571428571	ELL
PTD1_113_127	113	127	14	120	0.9995	323.652653333333	338.48044	248.279133333333	313.249333333333	306.207306666667	ELL
PTD2_40_47	40	47	7	43.5	0.9998	1.502475	1.5477375	1.2482625	1.4661	1.1892875	ELL
TSR_69_98	69	98	29	83.5	-0.9999	3091.21462666667	3037.22601666667	3404.47440333333	3137.66423333333	2900.16416333333	ELL
MMR_117_145	117	145	28	131	-0.9999	0.666710344827586	0.66011724137931	0.706568965517241	0.673006896551724	0.667806896551724	ELL
PR_104_148	104	148	44	126	-1	1.66466666666667	1.43066666666667	3.11488888888889	1.89244444444444	1.19533333333333	ELL
RH_47_100	47	100	53	73.5	0.9999	65.6855555555556	66.392962962963	61.6196296296296	65.1016666666667	67.6788888888889	ELL
PRDTR_50_70	50	70	20	60	-1	0.0840952380952381	0.0526285714285714	0.292761904761905	0.11862380952381	0.300833333333333	ELL
dPTT_39_115	39	115	76	77	-0.9999	28.3654311688312	27.7283779220779	32.7940233766234	29.1239155844156	29.0208571428571	ELL
PS_55_61	55	61	6	58	0.8563	98.9714285714286	100.288571428571	98.12	99.6785714285714	100.415714285714	ELL
WS_101_145	101	145	44	123	0.9998	2.18933333333333	2.26177777777778	1.74155555555556	2.12911111111111	2.08333333333333	ELL
WD_24_34	24	34	10	29	-0.9988	173.805454545455	170.478181818182	207.59	180.824545454545	107.613636363636	ELL
APAR_20_26	20	26	6	23	-0.9939	88.1442857142857	86.9	114.492857142857	91.4	109.29	ELL
CPAR_43_50	43	50	7	46.5	-0.9474	125.78875	122.77125	130.22	124.52125	115.23875	ELL
UVA_70_76	70	76	6	73	-0.9829	9.86285714285714	8.57857142857143	13.5728571428571	9.55428571428572	11.4314285714286	ELL
UVB_16_30	16	30	14	23	-0.9995	0.236666666666667	0.226666666666667	0.298	0.244	0.263333333333333	ELL
SW_38_45	38	45	7	41.5	0.9931	0.5125	0.515	0.425	0.48875	0.515	ELL
SM_56_62	56	62	6	59	0.9816	0.527142857142857	0.522857142857143	0.417142857142857	0.49	0.517142857142857	ELL
TMAX_72_87	72	87	15	79.5	-0.9883	88.11725	87.9305	88.730375	88.253375	85.87625	ELL
TMIN_137_144	137	144	7	140.5	-0.8963	40.6265	43.8305	50.21375	43.1195	37.90175	ELL
DL_1_30	1	30	29	15.5	0.9963	15.1531666666667	14.8537666666667	14.7199333333333	14.4966333333333	14.8375333333333	ELW
GDD_52_64	52	64	12	58	-0.9999	23.8742307692308	27.7476923076923	30.6564615384615	33.7749230769231	30.42	ELW
dGDD_16_32	16	32	16	24	0.9999	3.74135294117647	3.37023529411765	3.08911764705882	2.81847058823529	2.65711764705882	ELW
DTR_28_44	28	44	16	36	0.9997	24.1475294117647	22.6588235294118	21.5904705882353	20.5972941176471	20.7603529411765	ELW
PTT_49_67	49	67	18	58	-1	339.1773	394.947010526316	434.682557894737	476.832868421053	446.009505263158	ELW
PTR_57_63	57	63	6	60	-0.9999	1.8209	2.07502857142857	2.2742	2.47267142857143	2.31971428571429	ELW
PTD1_55_87	55	87	32	71	0.9998	343.531403030303	310.777172727273	288.757951515151	263.095327272727	279.517039393939	ELW
PTD2_36_84	36	84	48	60	0.9972	1.4724306122449	1.46012857142857	1.44735918367347	1.43559591836735	1.36711632653061	ELW
TSR_26_47	26	47	21	36.5	-0.9993	3250.08000909091	3331.77862272727	3403.44120454545	3471.035	3590.03074090909	ELW
MMR_52_84	52	84	32	68	-1	0.741645454545455	0.759860606060606	0.773372727272727	0.787309090909091	0.781809090909091	ELW
PR_16_68	16	68	52	42	0.9978	2.62056603773585	2.51283018867925	2.42754716981132	2.36660377358491	4.08716981132075	ELW
RH_51_82	51	82	31	66.5	-0.993	61.751875	63.5625	64.21	65.508125	66.38375	ELW
PRDTR_29_66	29	66	37	47.5	-0.9929	0.110181578947368	0.128910526315789	0.152097368421053	0.164165789473684	0.362068421052632	ELW
dPTT_16_32	16	32	16	24	0.9998	57.6031117647059	50.6332647058824	46.0231529411765	40.7157058823529	39.2945823529412	ELW
PS_1_7	1	7	6	4	-0.5403	97.7385714285714	99.5657142857143	98.1314285714286	99.3871428571428	100.014285714286	ELW
WS_31_42	31	42	11	36.5	0.9983	2.24083333333333	2.03083333333333	1.85166666666667	1.65166666666667	1.6125	ELW
WD_43_50	43	50	7	46.5	0.9995	214.3275	201.2575	190.97625	182.2675	141.14125	ELW
APAR_45_75	45	75	30	60	1	109.388709677419	101.027741935484	94.9567741935484	88.56	90.3429032258065	ELW
CPAR_52_76	52	76	24	64	0.9997	136.9212	126.5376	119.9296	112.2968	113.2072	ELW
UVA_45_62	45	62	17	53.5	1	14.9294444444444	13.8211111111111	13.0055555555556	12.1733333333333	10.1305555555556	ELW
UVB_51_76	51	76	25	63.5	0.9999	0.323076923076923	0.292692307692308	0.271923076923077	0.25	0.243076923076923	ELW
SW_57_81	57	81	24	69	0.9992	0.5048	0.492	0.484	0.4736	0.49	ELW
SM_67_76	67	76	9	71.5	0.9286	0.521	0.52	0.489	0.469	0.5	ELW
TMAX_1_8	1	8	7	4.5	-1	63.104	75.57575	84.4565	93.461	93.2135	ELW
TMIN_56_67	56	67	11	61.5	-0.9998	63.281	67.6205	70.6445	74.1365	71.09	ELW
DL_3_10	3	10	7	6.5	0.924	14.886625	14.625125	14.512	14.517375	14.852875	ELW
GDD_13_20	13	20	7	16.5	-1	17.251875	20.601	27.993375	26.049375	32.04	ELW
dGDD_70_140	70	140	70	105	-1	2.03108450704225	2.23466197183099	2.66957746478873	2.5522676056338	2.77085915492958	ELW
DTR_80_113	80	113	33	96.5	-1	18.0878823529412	18.9619411764706	20.9043529411765	20.3770588235294	20.2531764705882	ELW
PTT_12_19	12	19	7	15.5	-1	264.996375	312.215475	414.5572625	387.6468875	486.45095	ELW
PTR_13_19	13	19	6	16	-0.9991	1.1363	1.41034285714286	1.90788571428571	1.786	2.1937	ELW
PTD1_124_130	124	130	6	127	0.9994	372.633771428571	346.820828571429	288.595457142857	307.156057142857	328.809257142857	ELW
PTD2_32_101	32	101	69	66.5	-1	1.42477571428571	1.45455857142857	1.51821714285714	1.50027285714286	1.46031142857143	ELW
TSR_68_113	68	113	45	90.5	-0.9995	2783.17911086957	2924.5387673913	3194.06301521739	3113.2582673913	3034.57988695652	ELW
MMR_33_129	33	129	96	81	-1	0.739870103092784	0.746513402061856	0.760980412371134	0.75710206185567	0.750571134020619	ELW
PR_16_27	16	27	11	21.5	0.9996	5.12583333333333	4.06916666666667	1.46666666666667	2.155	1.2075	ELW
RH_84_107	84	107	23	95.5	1	75.20375	70.4933333333333	60.4579166666667	63.1554166666667	67.3575	ELW
PRDTR_85_100	85	100	15	92.5	0.9998	0.3023875	0.22925	0.0837125	0.12061875	0.12965	ELW
dPTT_70_118	70	118	48	94	-1	22.4991183673469	25.8607551020408	32.9907428571429	31.0184469387755	30.7254102040816	ELW
PS_54_60	54	60	6	57	0.3902	99.0071428571429	100.43	98.2828571428571	99.5728571428571	100.305714285714	ELW
WS_134_152	134	152	18	143	0.9993	2.93526315789474	2.78421052631579	2.48842105263158	2.58315789473684	2.32105263157895	ELW
WD_42_66	42	66	24	54	1	188.4764	177.7168	155.262	161.1616	141.2468	ELW
APAR_42_67	42	67	25	54.5	0.9995	116.758461538462	107.178846153846	89.0288461538462	93.5303846153846	88.5330769230769	ELW
CPAR_54_67	54	67	13	60.5	0.9976	146.672142857143	134.533571428571	112.232857142857	116.197857142857	114.01	ELW
UVA_41_53	41	53	12	47	0.9993	13.8876923076923	13.0207692307692	11.4084615384615	11.8953846153846	9.73384615384615	ELW
UVB_53_68	53	68	15	60.5	1	0.3675	0.32875	0.246875	0.26875	0.2525	ELW
SW_14_125	14	125	111	69.5	1	0.522767857142857	0.507857142857143	0.475714285714286	0.484196428571429	0.49125	ELW
SM_103_109	103	109	6	106	0.9948	0.541428571428571	0.521428571428571	0.474285714285714	0.48	0.51	ELW
TMAX_51_61	51	61	10	56	-0.9999	84.6090909090909	87.6216363636364	94.5418181818182	92.7221818181818	88.5216363636364	ELW
TMIN_101_110	101	110	9	105.5	-0.9948	59.9522	62.5712	66.2738	65.1272	60.062	ELW
DL_1_117	1	117	116	59	0.7218	14.873	14.5664786324786	14.4142478632479	13.5292051282051	13.7561025641026	ELW
GDD_79_86	79	86	7	82.5	0.9809	27.730125	28.524375	27.34425	26.805375	25.16625	ELW
dGDD_34_111	34	111	77	72.5	-1	2.03457692307692	1.87984615384615	2.21487179487179	2.28817948717949	2.27565384615385	ELW
DTR_125_138	125	138	13	131.5	0.9949	24.4542857142857	25.6024285714286	23.6147142857143	23.0708571428571	21.0034285714286	ELW
PTT_78_84	78	84	6	81	0.9569	394.758671428571	420.431728571429	386.092528571429	361.156357142857	335.6649	ELW
PTR_48_61	48	61	13	54.5	-0.8726	1.41278571428571	1.53126428571429	2.00095	2.50549285714286	2.18443571428571	ELW
PTD1_113_151	113	151	38	132	0.9999	292.479269230769	309.424535897436	272.038602564103	264.599079487179	253.815792307692	ELW
PTD2_70_93	70	93	23	81.5	-0.9996	1.3474	1.24061666666667	1.47165833333333	1.51415416666667	1.39114166666667	ELW
TSR_53_70	53	70	17	61.5	0.999	3662.61026666667	3993.612	3333.9686	3203.8702	3545.63663333333	ELW
MMR_69_108	69	108	39	88.5	0.9999	0.7792	0.788815	0.767925	0.76368	0.7601825	ELW
PR_22_39	22	39	17	30.5	0.9998	3.44333333333333	4.65388888888889	2.15722222222222	1.59444444444444	3.33055555555556	ELW
RH_69_100	69	100	31	84.5	1	69.420625	72.2415625	66.0915625	64.708125	67.205	ELW
PRDTR_20_36	20	36	16	28	0.9995	0.203164705882353	0.260723529411765	0.124435294117647	0.0950823529411765	0.0830882352941176	ELW
dPTT_130_141	130	141	11	135.5	0.999	39.104875	43.7158083333333	34.69795	32.5630083333333	40.6812333333333	ELW
PS_53_59	53	59	6	56	0.6245	98.94	100.458571428571	98.4128571428571	99.4714285714286	100.218571428571	ELW
WS_28_72	28	72	44	50	1	2.11088888888889	2.34577777777778	1.83244444444444	1.72511111111111	1.63288888888889	ELW
WD_110_119	110	119	9	114.5	-1	133.312	113.887	156.574	166.093	164.026	ELW
APAR_108_115	108	115	7	111.5	0.9921	77.8425	84.24	63.77	60.41625	68.87625	ELW
CPAR_40_46	40	46	6	43	0.9824	125.872857142857	128.675714285714	116.59	114.052857142857	109.705714285714	ELW
UVA_44_51	44	51	7	47.5	-0.9565	12.13125	11.50875	12.7375	13.78375	11.16125	ELW
UVB_21_29	21	29	8	25	-0.9994	0.227777777777778	0.204444444444444	0.251111111111111	0.262222222222222	0.312222222222222	ELW
SW_1_7	1	7	6	4	0.9614	0.541428571428571	0.555714285714286	0.444285714285714	0.434285714285714	0.451428571428571	ELW
SM_89_96	89	96	7	92.5	0.9806	0.52	0.5275	0.505	0.49375	0.52	ELW
TMAX_69_87	69	87	18	78	-0.988	88.3703157894737	88.2926315789474	88.5398947368421	88.556	86.8725263157895	ELW
TMIN_82_89	82	89	7	85.5	0.958	68.09225	70.15775	67.4735	65.669	64.87475	ELW
DL_1_30	1	30	29	15.5	0.9963	15.1531666666667	14.8537666666667	14.7199333333333	14.4966333333333	14.8375333333333	ERN
GDD_52_64	52	64	12	58	-0.9999	23.8742307692308	27.7476923076923	30.6564615384615	33.7749230769231	30.42	ERN
dGDD_16_32	16	32	16	24	0.9999	3.74135294117647	3.37023529411765	3.08911764705882	2.81847058823529	2.65711764705882	ERN
DTR_28_44	28	44	16	36	0.9997	24.1475294117647	22.6588235294118	21.5904705882353	20.5972941176471	20.7603529411765	ERN
PTT_49_67	49	67	18	58	-1	339.1773	394.947010526316	434.682557894737	476.832868421053	446.009505263158	ERN
PTR_57_63	57	63	6	60	-0.9999	1.8209	2.07502857142857	2.2742	2.47267142857143	2.31971428571429	ERN
PTD1_55_87	55	87	32	71	0.9998	343.531403030303	310.777172727273	288.757951515151	263.095327272727	279.517039393939	ERN
PTD2_36_84	36	84	48	60	0.9972	1.4724306122449	1.46012857142857	1.44735918367347	1.43559591836735	1.36711632653061	ERN
TSR_26_47	26	47	21	36.5	-0.9993	3250.08000909091	3331.77862272727	3403.44120454545	3471.035	3590.03074090909	ERN
MMR_52_84	52	84	32	68	-1	0.741645454545455	0.759860606060606	0.773372727272727	0.787309090909091	0.781809090909091	ERN
PR_16_68	16	68	52	42	0.9978	2.62056603773585	2.51283018867925	2.42754716981132	2.36660377358491	4.08716981132075	ERN
RH_51_82	51	82	31	66.5	-0.993	61.751875	63.5625	64.21	65.508125	66.38375	ERN
PRDTR_29_66	29	66	37	47.5	-0.9929	0.110181578947368	0.128910526315789	0.152097368421053	0.164165789473684	0.362068421052632	ERN
dPTT_16_32	16	32	16	24	0.9998	57.6031117647059	50.6332647058824	46.0231529411765	40.7157058823529	39.2945823529412	ERN
PS_1_7	1	7	6	4	-0.5403	97.7385714285714	99.5657142857143	98.1314285714286	99.3871428571428	100.014285714286	ERN
WS_31_42	31	42	11	36.5	0.9983	2.24083333333333	2.03083333333333	1.85166666666667	1.65166666666667	1.6125	ERN
WD_43_50	43	50	7	46.5	0.9995	214.3275	201.2575	190.97625	182.2675	141.14125	ERN
APAR_45_75	45	75	30	60	1	109.388709677419	101.027741935484	94.9567741935484	88.56	90.3429032258065	ERN
CPAR_52_76	52	76	24	64	0.9997	136.9212	126.5376	119.9296	112.2968	113.2072	ERN
UVA_45_62	45	62	17	53.5	1	14.9294444444444	13.8211111111111	13.0055555555556	12.1733333333333	10.1305555555556	ERN
UVB_51_76	51	76	25	63.5	0.9999	0.323076923076923	0.292692307692308	0.271923076923077	0.25	0.243076923076923	ERN
SW_57_81	57	81	24	69	0.9992	0.5048	0.492	0.484	0.4736	0.49	ERN
SM_67_76	67	76	9	71.5	0.9286	0.521	0.52	0.489	0.469	0.5	ERN
TMAX_1_8	1	8	7	4.5	-1	63.104	75.57575	84.4565	93.461	93.2135	ERN
TMIN_56_67	56	67	11	61.5	-0.9998	63.281	67.6205	70.6445	74.1365	71.09	ERN
DL_3_10	3	10	7	6.5	0.924	14.886625	14.625125	14.512	14.517375	14.852875	ERN
GDD_13_20	13	20	7	16.5	-1	17.251875	20.601	27.993375	26.049375	32.04	ERN
dGDD_70_140	70	140	70	105	-1	2.03108450704225	2.23466197183099	2.66957746478873	2.5522676056338	2.77085915492958	ERN
DTR_80_113	80	113	33	96.5	-1	18.0878823529412	18.9619411764706	20.9043529411765	20.3770588235294	20.2531764705882	ERN
PTT_12_19	12	19	7	15.5	-1	264.996375	312.215475	414.5572625	387.6468875	486.45095	ERN
PTR_13_19	13	19	6	16	-0.9991	1.1363	1.41034285714286	1.90788571428571	1.786	2.1937	ERN
PTD1_124_130	124	130	6	127	0.9994	372.633771428571	346.820828571429	288.595457142857	307.156057142857	328.809257142857	ERN
PTD2_32_101	32	101	69	66.5	-1	1.42477571428571	1.45455857142857	1.51821714285714	1.50027285714286	1.46031142857143	ERN
TSR_68_113	68	113	45	90.5	-0.9995	2783.17911086957	2924.5387673913	3194.06301521739	3113.2582673913	3034.57988695652	ERN
MMR_33_129	33	129	96	81	-1	0.739870103092784	0.746513402061856	0.760980412371134	0.75710206185567	0.750571134020619	ERN
PR_16_27	16	27	11	21.5	0.9996	5.12583333333333	4.06916666666667	1.46666666666667	2.155	1.2075	ERN
RH_84_107	84	107	23	95.5	1	75.20375	70.4933333333333	60.4579166666667	63.1554166666667	67.3575	ERN
PRDTR_85_100	85	100	15	92.5	0.9998	0.3023875	0.22925	0.0837125	0.12061875	0.12965	ERN
dPTT_70_118	70	118	48	94	-1	22.4991183673469	25.8607551020408	32.9907428571429	31.0184469387755	30.7254102040816	ERN
PS_54_60	54	60	6	57	0.3902	99.0071428571429	100.43	98.2828571428571	99.5728571428571	100.305714285714	ERN
WS_134_152	134	152	18	143	0.9993	2.93526315789474	2.78421052631579	2.48842105263158	2.58315789473684	2.32105263157895	ERN
WD_42_66	42	66	24	54	1	188.4764	177.7168	155.262	161.1616	141.2468	ERN
APAR_42_67	42	67	25	54.5	0.9995	116.758461538462	107.178846153846	89.0288461538462	93.5303846153846	88.5330769230769	ERN
CPAR_54_67	54	67	13	60.5	0.9976	146.672142857143	134.533571428571	112.232857142857	116.197857142857	114.01	ERN
UVA_41_53	41	53	12	47	0.9993	13.8876923076923	13.0207692307692	11.4084615384615	11.8953846153846	9.73384615384615	ERN
UVB_53_68	53	68	15	60.5	1	0.3675	0.32875	0.246875	0.26875	0.2525	ERN
SW_14_125	14	125	111	69.5	1	0.522767857142857	0.507857142857143	0.475714285714286	0.484196428571429	0.49125	ERN
SM_103_109	103	109	6	106	0.9948	0.541428571428571	0.521428571428571	0.474285714285714	0.48	0.51	ERN
TMAX_51_61	51	61	10	56	-0.9999	84.6090909090909	87.6216363636364	94.5418181818182	92.7221818181818	88.5216363636364	ERN
TMIN_101_110	101	110	9	105.5	-0.9948	59.9522	62.5712	66.2738	65.1272	60.062	ERN
DL_98_128	98	128	30	113	0.9143	13.3053548387097	13.1365161290323	13.0368387096774	11.8678064516129	11.8791935483871	ERN
GDD_79_87	79	87	8	83	0.9899	27.945	28.242	27.446	26.919	24.911	ERN
dGDD_52_66	52	66	14	59	0.9992	2.2386	2.3286	2.07873333333333	1.8	2.2998	ERN
DTR_56_64	56	64	8	60	0.9999	24.722	26.022	23.124	19.692	22.188	ERN
PTT_79_85	79	85	6	82	0.9968	403.414057142857	422.056385714286	390.190528571429	355.721328571429	325.820928571429	ERN
PTR_47_53	47	53	6	50	-0.9713	1.15097142857143	1.21478571428571	1.73094285714286	2.72832857142857	2.31445714285714	ERN
PTD1_59_152	59	152	93	105.5	1	286.001026595745	292.279972340426	277.761787234043	261.52759893617	264.799623404255	ERN
PTD2_30_70	30	70	40	50	0.9997	1.51496829268293	1.54356585365854	1.48413902439024	1.41974146341463	1.43770487804878	ERN
TSR_35_81	35	81	46	58	0.9993	3398.89969574468	3443.05506595745	3356.46388723404	3255.98902765957	3265.13019574468	ERN
MMR_75_113	75	113	38	94	0.9999	0.778820512820513	0.783633333333333	0.773215384615385	0.761348717948718	0.758197435897436	ERN
PR_70_101	70	101	31	85.5	1	3.88125	4.165	3.500625	2.7665625	3.2959375	ERN
RH_67_102	67	102	35	84.5	0.9995	69.5041666666667	70.9575	67.4633333333333	63.9694444444444	65.5658333333333	ERN
PRDTR_70_100	70	100	30	85	0.9999	0.251261290322581	0.26731935483871	0.228164516129032	0.184535483870968	0.394516129032258	ERN
dPTT_126_150	126	150	24	138	0.9999	37.050888	38.969876	34.28306	29.127116	28.048612	ERN
PS_142_152	142	152	10	147	-0.4583	98.96	100.675454545455	99.0427272727273	101.460909090909	102.471818181818	ERN
WS_29_57	29	57	28	43	0.9999	2.15137931034483	2.27793103448276	2.00551724137931	1.69965517241379	1.67413793103448	ERN
WD_39_50	39	50	11	44.5	0.9999	194.9425	199.1975	188.879166666667	176.9275	146.609166666667	ERN
APAR_101_120	101	120	19	110.5	0.9993	85.3705	92.3985	77.6515	59.0705	72.5575	ERN
CPAR_45_56	45	56	11	50.5	0.9996	135.399166666667	137.8725	131.583333333333	124.098333333333	114.0075	ERN
UVA_44_51	44	51	7	47.5	-0.996	12.13125	11.50875	12.7375	13.78375	11.16125	ERN
UVB_43_51	43	51	8	47	-0.9973	0.265555555555556	0.25	0.283333333333333	0.332222222222222	0.261111111111111	ERN
SW_55_92	55	92	37	73.5	0.9717	0.506842105263158	0.505789473684211	0.497105263157895	0.484473684210526	0.502105263157895	ERN
SM_83_99	83	99	16	91	0.9998	0.521764705882353	0.528235294117647	0.512352941176471	0.494117647058824	0.519411764705882	ERN
TMAX_35_51	35	51	16	43	-0.9916	85.3498823529412	84.4350588235294	87.9376470588235	93.7675294117647	91.1575294117647	ERN
TMIN_83_89	83	89	6	86	0.9977	68.7431428571429	69.9568571428571	67.6297142857143	65.4208571428571	64.5851428571429	ERN
DL_1_30	1	30	29	15.5	0.9963	15.1531666666667	14.8537666666667	14.7199333333333	14.4966333333333	14.8375333333333	EW
GDD_52_64	52	64	12	58	-0.9999	23.8742307692308	27.7476923076923	30.6564615384615	33.7749230769231	30.42	EW
dGDD_16_32	16	32	16	24	0.9999	3.74135294117647	3.37023529411765	3.08911764705882	2.81847058823529	2.65711764705882	EW
DTR_28_44	28	44	16	36	0.9997	24.1475294117647	22.6588235294118	21.5904705882353	20.5972941176471	20.7603529411765	EW
PTT_49_67	49	67	18	58	-1	339.1773	394.947010526316	434.682557894737	476.832868421053	446.009505263158	EW
PTR_57_63	57	63	6	60	-0.9999	1.8209	2.07502857142857	2.2742	2.47267142857143	2.31971428571429	EW
PTD1_55_87	55	87	32	71	0.9998	343.531403030303	310.777172727273	288.757951515151	263.095327272727	279.517039393939	EW
PTD2_36_84	36	84	48	60	0.9972	1.4724306122449	1.46012857142857	1.44735918367347	1.43559591836735	1.36711632653061	EW
TSR_26_47	26	47	21	36.5	-0.9993	3250.08000909091	3331.77862272727	3403.44120454545	3471.035	3590.03074090909	EW
MMR_52_84	52	84	32	68	-1	0.741645454545455	0.759860606060606	0.773372727272727	0.787309090909091	0.781809090909091	EW
PR_16_68	16	68	52	42	0.9978	2.62056603773585	2.51283018867925	2.42754716981132	2.36660377358491	4.08716981132075	EW
RH_51_82	51	82	31	66.5	-0.993	61.751875	63.5625	64.21	65.508125	66.38375	EW
PRDTR_29_66	29	66	37	47.5	-0.9929	0.110181578947368	0.128910526315789	0.152097368421053	0.164165789473684	0.362068421052632	EW
dPTT_16_32	16	32	16	24	0.9998	57.6031117647059	50.6332647058824	46.0231529411765	40.7157058823529	39.2945823529412	EW
PS_1_7	1	7	6	4	-0.5403	97.7385714285714	99.5657142857143	98.1314285714286	99.3871428571428	100.014285714286	EW
WS_31_42	31	42	11	36.5	0.9983	2.24083333333333	2.03083333333333	1.85166666666667	1.65166666666667	1.6125	EW
WD_43_50	43	50	7	46.5	0.9995	214.3275	201.2575	190.97625	182.2675	141.14125	EW
APAR_45_75	45	75	30	60	1	109.388709677419	101.027741935484	94.9567741935484	88.56	90.3429032258065	EW
CPAR_52_76	52	76	24	64	0.9997	136.9212	126.5376	119.9296	112.2968	113.2072	EW
UVA_45_62	45	62	17	53.5	1	14.9294444444444	13.8211111111111	13.0055555555556	12.1733333333333	10.1305555555556	EW
UVB_51_76	51	76	25	63.5	0.9999	0.323076923076923	0.292692307692308	0.271923076923077	0.25	0.243076923076923	EW
SW_57_81	57	81	24	69	0.9992	0.5048	0.492	0.484	0.4736	0.49	EW
SM_67_76	67	76	9	71.5	0.9286	0.521	0.52	0.489	0.469	0.5	EW
TMAX_1_8	1	8	7	4.5	-1	63.104	75.57575	84.4565	93.461	93.2135	EW
TMIN_56_67	56	67	11	61.5	-0.9998	63.281	67.6205	70.6445	74.1365	71.09	EW
DL_3_10	3	10	7	6.5	0.924	14.886625	14.625125	14.512	14.517375	14.852875	EW
GDD_13_20	13	20	7	16.5	-1	17.251875	20.601	27.993375	26.049375	32.04	EW
dGDD_70_140	70	140	70	105	-1	2.03108450704225	2.23466197183099	2.66957746478873	2.5522676056338	2.77085915492958	EW
DTR_80_113	80	113	33	96.5	-1	18.0878823529412	18.9619411764706	20.9043529411765	20.3770588235294	20.2531764705882	EW
PTT_12_19	12	19	7	15.5	-1	264.996375	312.215475	414.5572625	387.6468875	486.45095	EW
PTR_13_19	13	19	6	16	-0.9991	1.1363	1.41034285714286	1.90788571428571	1.786	2.1937	EW
PTD1_124_130	124	130	6	127	0.9994	372.633771428571	346.820828571429	288.595457142857	307.156057142857	328.809257142857	EW
PTD2_32_101	32	101	69	66.5	-1	1.42477571428571	1.45455857142857	1.51821714285714	1.50027285714286	1.46031142857143	EW
TSR_68_113	68	113	45	90.5	-0.9995	2783.17911086957	2924.5387673913	3194.06301521739	3113.2582673913	3034.57988695652	EW
MMR_33_129	33	129	96	81	-1	0.739870103092784	0.746513402061856	0.760980412371134	0.75710206185567	0.750571134020619	EW
PR_16_27	16	27	11	21.5	0.9996	5.12583333333333	4.06916666666667	1.46666666666667	2.155	1.2075	EW
RH_84_107	84	107	23	95.5	1	75.20375	70.4933333333333	60.4579166666667	63.1554166666667	67.3575	EW
PRDTR_85_100	85	100	15	92.5	0.9998	0.3023875	0.22925	0.0837125	0.12061875	0.12965	EW
dPTT_70_118	70	118	48	94	-1	22.4991183673469	25.8607551020408	32.9907428571429	31.0184469387755	30.7254102040816	EW
PS_54_60	54	60	6	57	0.3902	99.0071428571429	100.43	98.2828571428571	99.5728571428571	100.305714285714	EW
WS_134_152	134	152	18	143	0.9993	2.93526315789474	2.78421052631579	2.48842105263158	2.58315789473684	2.32105263157895	EW
WD_42_66	42	66	24	54	1	188.4764	177.7168	155.262	161.1616	141.2468	EW
APAR_42_67	42	67	25	54.5	0.9995	116.758461538462	107.178846153846	89.0288461538462	93.5303846153846	88.5330769230769	EW
CPAR_54_67	54	67	13	60.5	0.9976	146.672142857143	134.533571428571	112.232857142857	116.197857142857	114.01	EW
UVA_41_53	41	53	12	47	0.9993	13.8876923076923	13.0207692307692	11.4084615384615	11.8953846153846	9.73384615384615	EW
UVB_53_68	53	68	15	60.5	1	0.3675	0.32875	0.246875	0.26875	0.2525	EW
SW_14_125	14	125	111	69.5	1	0.522767857142857	0.507857142857143	0.475714285714286	0.484196428571429	0.49125	EW
SM_103_109	103	109	6	106	0.9948	0.541428571428571	0.521428571428571	0.474285714285714	0.48	0.51	EW
TMAX_51_61	51	61	10	56	-0.9999	84.6090909090909	87.6216363636364	94.5418181818182	92.7221818181818	88.5216363636364	EW
TMIN_101_110	101	110	9	105.5	-0.9948	59.9522	62.5712	66.2738	65.1272	60.062	EW
DL_1_7	1	7	6	4	0.7191	14.7935714285714	14.544	14.4374285714286	14.5042857142857	14.8352857142857	EW
GDD_69_85	69	85	16	77	-0.9992	27.5198823529412	30.2384117647059	29.0795294117647	29.1275882352941	27.8925882352941	EW
dGDD_13_80	13	80	67	46.5	1	2.74195588235294	2.27051470588235	2.48420588235294	2.45973529411765	2.16226470588235	EW
DTR_74_84	74	84	10	79	1	21.0289090909091	17.5238181818182	19.0914545454545	18.8967272727273	16.6549090909091	EW
PTT_59_80	59	80	21	69.5	-0.9999	401.917063636364	454.651963636364	431.383790909091	433.788645454545	434.917968181818	EW
PTR_120_127	120	127	7	123.5	-0.9577	1.050875	1.404575	1.264825	1.360875	1.1873625	EW
PTD1_88_124	88	124	36	106	-0.9996	250.250159459459	290.288805405405	271.785718918919	273.474005405405	281.575686486486	EW
PTD2_126_150	126	150	24	138	-0.9997	1.967544	2.065396	2.01912	2.027032	1.979032	EW
TSR_52_140	52	140	88	96	-1	2959.64768764045	3276.46453146067	3134.17379101124	3153.39019550562	3074.47640561798	EW
MMR_77_83	77	83	6	80	-0.9998	0.737828571428571	0.8148	0.780785714285714	0.783542857142857	0.803342857142857	EW
PR_78_86	78	86	8	82	-0.9985	1.83444444444444	6.52888888888889	4.62666666666667	4.77666666666667	5.41888888888889	EW
RH_80_88	80	88	8	84	-0.9996	63.6133333333333	78.7033333333333	71.7155555555556	73.0155555555556	78.1455555555556	EW
PRDTR_76_89	76	89	13	82.5	-0.9966	0.131214285714286	0.411	0.281	0.3185	0.749035714285714	EW
dPTT_19_47	19	47	28	33	0.9999	51.4275896551724	38.1579965517241	44.2831034482759	43.5059344827586	32.4831586206897	EW
PS_1_8	1	8	7	4.5	-0.8718	97.76	99.6625	98.18	99.3925	100.01125	EW
WS_46_60	46	60	14	53	-0.9955	1.63333333333333	2.18666666666667	1.91266666666667	1.92333333333333	1.762	EW
WD_103_110	103	110	7	106.5	-0.9995	88.29625	160.165	126.11	132.47625	153.9525	EW
APAR_27_34	27	34	7	30.5	0.9999	104.30375	88.84875	95.8125	94.77125	97.30875	EW
CPAR_64_79	64	79	15	71.5	0.8623	129.89375	109.685625	118.7725	107.15375	114.278125	EW
UVA_74_81	74	81	7	77.5	0.9999	13.33625	8.325	10.59	10.245	12.80375	EW
UVB_29_50	29	50	21	39.5	0.9882	0.304090909090909	0.260454545454545	0.280909090909091	0.272272727272727	0.217272727272727	EW
SW_93_99	93	99	6	96	0.7295	0.527142857142857	0.498571428571429	0.491428571428571	0.487142857142857	0.507142857142857	EW
SM_146_152	146	152	6	149	0.5142	0.532857142857143	0.52	0.517142857142857	0.501428571428571	0.502857142857143	EW
TMAX_110_139	110	139	29	124.5	-0.9999	74.036	80.3954	77.4932	77.8154	73.0184	EW
TMIN_69_83	69	83	14	76	-0.9998	66.8288	71.4512	69.4448	69.6416	69.182	EW
DL_1_30	1	30	29	15.5	0.9963	15.1531666666667	14.8537666666667	14.7199333333333	14.4966333333333	14.8375333333333	KNPE
GDD_52_64	52	64	12	58	-0.9999	23.8742307692308	27.7476923076923	30.6564615384615	33.7749230769231	30.42	KNPE
dGDD_16_32	16	32	16	24	0.9999	3.74135294117647	3.37023529411765	3.08911764705882	2.81847058823529	2.65711764705882	KNPE
DTR_28_44	28	44	16	36	0.9997	24.1475294117647	22.6588235294118	21.5904705882353	20.5972941176471	20.7603529411765	KNPE
PTT_49_67	49	67	18	58	-1	339.1773	394.947010526316	434.682557894737	476.832868421053	446.009505263158	KNPE
PTR_57_63	57	63	6	60	-0.9999	1.8209	2.07502857142857	2.2742	2.47267142857143	2.31971428571429	KNPE
PTD1_55_87	55	87	32	71	0.9998	343.531403030303	310.777172727273	288.757951515151	263.095327272727	279.517039393939	KNPE
PTD2_36_84	36	84	48	60	0.9972	1.4724306122449	1.46012857142857	1.44735918367347	1.43559591836735	1.36711632653061	KNPE
TSR_26_47	26	47	21	36.5	-0.9993	3250.08000909091	3331.77862272727	3403.44120454545	3471.035	3590.03074090909	KNPE
MMR_52_84	52	84	32	68	-1	0.741645454545455	0.759860606060606	0.773372727272727	0.787309090909091	0.781809090909091	KNPE
PR_16_68	16	68	52	42	0.9978	2.62056603773585	2.51283018867925	2.42754716981132	2.36660377358491	4.08716981132075	KNPE
RH_51_82	51	82	31	66.5	-0.993	61.751875	63.5625	64.21	65.508125	66.38375	KNPE
PRDTR_29_66	29	66	37	47.5	-0.9929	0.110181578947368	0.128910526315789	0.152097368421053	0.164165789473684	0.362068421052632	KNPE
dPTT_16_32	16	32	16	24	0.9998	57.6031117647059	50.6332647058824	46.0231529411765	40.7157058823529	39.2945823529412	KNPE
PS_1_7	1	7	6	4	-0.5403	97.7385714285714	99.5657142857143	98.1314285714286	99.3871428571428	100.014285714286	KNPE
WS_31_42	31	42	11	36.5	0.9983	2.24083333333333	2.03083333333333	1.85166666666667	1.65166666666667	1.6125	KNPE
WD_43_50	43	50	7	46.5	0.9995	214.3275	201.2575	190.97625	182.2675	141.14125	KNPE
APAR_45_75	45	75	30	60	1	109.388709677419	101.027741935484	94.9567741935484	88.56	90.3429032258065	KNPE
CPAR_52_76	52	76	24	64	0.9997	136.9212	126.5376	119.9296	112.2968	113.2072	KNPE
UVA_45_62	45	62	17	53.5	1	14.9294444444444	13.8211111111111	13.0055555555556	12.1733333333333	10.1305555555556	KNPE
UVB_51_76	51	76	25	63.5	0.9999	0.323076923076923	0.292692307692308	0.271923076923077	0.25	0.243076923076923	KNPE
SW_57_81	57	81	24	69	0.9992	0.5048	0.492	0.484	0.4736	0.49	KNPE
SM_67_76	67	76	9	71.5	0.9286	0.521	0.52	0.489	0.469	0.5	KNPE
TMAX_1_8	1	8	7	4.5	-1	63.104	75.57575	84.4565	93.461	93.2135	KNPE
TMIN_56_67	56	67	11	61.5	-0.9998	63.281	67.6205	70.6445	74.1365	71.09	KNPE
DL_3_10	3	10	7	6.5	0.924	14.886625	14.625125	14.512	14.517375	14.852875	KNPE
GDD_13_20	13	20	7	16.5	-1	17.251875	20.601	27.993375	26.049375	32.04	KNPE
dGDD_70_140	70	140	70	105	-1	2.03108450704225	2.23466197183099	2.66957746478873	2.5522676056338	2.77085915492958	KNPE
DTR_80_113	80	113	33	96.5	-1	18.0878823529412	18.9619411764706	20.9043529411765	20.3770588235294	20.2531764705882	KNPE
PTT_12_19	12	19	7	15.5	-1	264.996375	312.215475	414.5572625	387.6468875	486.45095	KNPE
PTR_13_19	13	19	6	16	-0.9991	1.1363	1.41034285714286	1.90788571428571	1.786	2.1937	KNPE
PTD1_124_130	124	130	6	127	0.9994	372.633771428571	346.820828571429	288.595457142857	307.156057142857	328.809257142857	KNPE
PTD2_32_101	32	101	69	66.5	-1	1.42477571428571	1.45455857142857	1.51821714285714	1.50027285714286	1.46031142857143	KNPE
TSR_68_113	68	113	45	90.5	-0.9995	2783.17911086957	2924.5387673913	3194.06301521739	3113.2582673913	3034.57988695652	KNPE
MMR_33_129	33	129	96	81	-1	0.739870103092784	0.746513402061856	0.760980412371134	0.75710206185567	0.750571134020619	KNPE
PR_16_27	16	27	11	21.5	0.9996	5.12583333333333	4.06916666666667	1.46666666666667	2.155	1.2075	KNPE
RH_84_107	84	107	23	95.5	1	75.20375	70.4933333333333	60.4579166666667	63.1554166666667	67.3575	KNPE
PRDTR_85_100	85	100	15	92.5	0.9998	0.3023875	0.22925	0.0837125	0.12061875	0.12965	KNPE
dPTT_70_118	70	118	48	94	-1	22.4991183673469	25.8607551020408	32.9907428571429	31.0184469387755	30.7254102040816	KNPE
PS_54_60	54	60	6	57	0.3902	99.0071428571429	100.43	98.2828571428571	99.5728571428571	100.305714285714	KNPE
WS_134_152	134	152	18	143	0.9993	2.93526315789474	2.78421052631579	2.48842105263158	2.58315789473684	2.32105263157895	KNPE
WD_42_66	42	66	24	54	1	188.4764	177.7168	155.262	161.1616	141.2468	KNPE
APAR_42_67	42	67	25	54.5	0.9995	116.758461538462	107.178846153846	89.0288461538462	93.5303846153846	88.5330769230769	KNPE
CPAR_54_67	54	67	13	60.5	0.9976	146.672142857143	134.533571428571	112.232857142857	116.197857142857	114.01	KNPE
UVA_41_53	41	53	12	47	0.9993	13.8876923076923	13.0207692307692	11.4084615384615	11.8953846153846	9.73384615384615	KNPE
UVB_53_68	53	68	15	60.5	1	0.3675	0.32875	0.246875	0.26875	0.2525	KNPE
SW_14_125	14	125	111	69.5	1	0.522767857142857	0.507857142857143	0.475714285714286	0.484196428571429	0.49125	KNPE
SM_103_109	103	109	6	106	0.9948	0.541428571428571	0.521428571428571	0.474285714285714	0.48	0.51	KNPE
TMAX_51_61	51	61	10	56	-0.9999	84.6090909090909	87.6216363636364	94.5418181818182	92.7221818181818	88.5216363636364	KNPE
TMIN_101_110	101	110	9	105.5	-0.9948	59.9522	62.5712	66.2738	65.1272	60.062	KNPE
DL_8_28	8	28	20	18	0.3962	15.2398571428571	14.9289047619048	14.7888571428571	14.5024285714286	14.8466666666667	KNPE
GDD_78_84	78	84	6	81	-0.9566	26.7492857142857	29.106	27.0347142857143	27.7174285714286	25.4237142857143	KNPE
dGDD_17_88	17	88	71	52.5	0.9999	2.58475	2.3005	2.57056944444444	2.39558333333333	2.31588888888889	KNPE
DTR_120_146	120	146	26	133	-1	23.5726666666667	25.7093333333333	23.632	24.9886666666667	23.0986666666667	KNPE
PTT_67_73	67	73	6	70	-0.9952	408.7459	456.066442857143	410.339557142857	444.898042857143	449.005085714286	KNPE
PTR_120_127	120	127	7	123.5	-0.8392	1.050875	1.404575	1.264825	1.360875	1.1873625	KNPE
PTD1_95_121	95	121	26	108	-0.9997	239.812955555556	283.154314814815	240.085351851852	268.171766666667	291.196125925926	KNPE
PTD2_124_150	124	150	26	137	-0.9981	1.98469259259259	2.11641851851852	1.99577037037037	2.06670740740741	2.02881851851852	KNPE
TSR_108_143	108	143	35	125.5	-0.9995	2724.52755	3258.84950833333	2763.34681666667	3074.93459444444	2859.83403888889	KNPE
MMR_80_91	80	91	11	85.5	-0.996	0.763016666666667	0.797191666666667	0.760716666666667	0.783933333333333	0.79745	KNPE
PR_90_137	90	137	47	113.5	0.997	2.62854166666667	1.28708333333333	2.65020833333333	1.6625	1.34645833333333	KNPE
RH_54_97	54	97	43	75.5	-0.999	63.9836363636364	65.6654545454546	63.9961363636364	65.1529545454545	67.31	KNPE
PRDTR_81_89	81	89	8	85	-0.9963	0.183633333333333	0.368977777777778	0.173722222222222	0.3122	0.982811111111111	KNPE
dPTT_33_98	33	98	65	65.5	1	32.7691984848485	28.0470060606061	32.5693318181818	29.625953030303	31.5126424242424	KNPE
PS_7_21	7	21	14	14	-0.9972	98.1333333333333	99.912	98.096	99.3993333333333	100.268666666667	KNPE
WS_54_60	54	60	6	57	-0.9994	1.60428571428571	1.96142857142857	1.61	1.85	1.62571428571429	KNPE
WD_114_140	114	140	26	127	0.9901	197.862592592593	165.088148148148	201.666296296296	174.21	182.353703703704	KNPE
APAR_69_79	69	79	10	74	0.9978	97.2390909090909	72.1018181818182	94.5063636363636	79.8227272727273	94.3481818181818	KNPE
CPAR_73_80	73	80	7	76.5	0.9865	123.25375	102.22375	124.3175	106.1	118.45875	KNPE
UVA_69_79	69	79	10	74	0.9998	12.2354545454545	8.59272727272727	12.1718181818182	9.78727272727273	11.5936363636364	KNPE
UVB_20_54	20	54	34	37	0.9998	0.281142857142857	0.253714285714286	0.279714285714286	0.262571428571429	0.23	KNPE
SW_135_141	135	141	6	138	0.9215	0.521428571428571	0.488571428571429	0.535714285714286	0.488571428571429	0.498571428571429	KNPE
SM_138_144	138	144	6	141	0.7144	0.532857142857143	0.514285714285714	0.534285714285714	0.491428571428571	0.502857142857143	KNPE
TMAX_110_120	110	120	10	115	-0.9992	76.0738181818182	82.2150909090909	76.3323636363636	79.8816363636364	78.6281818181818	KNPE
TMIN_78_84	78	84	6	81	-0.9336	65.2537142857143	70.6665714285714	66.8685714285714	67.892	67.5371428571429	KNPE
DL_1_30	1	30	29	15.5	0.9963	15.1531666666667	14.8537666666667	14.7199333333333	14.4966333333333	14.8375333333333	KNPR
GDD_52_64	52	64	12	58	-0.9999	23.8742307692308	27.7476923076923	30.6564615384615	33.7749230769231	30.42	KNPR
dGDD_16_32	16	32	16	24	0.9999	3.74135294117647	3.37023529411765	3.08911764705882	2.81847058823529	2.65711764705882	KNPR
DTR_28_44	28	44	16	36	0.9997	24.1475294117647	22.6588235294118	21.5904705882353	20.5972941176471	20.7603529411765	KNPR
PTT_49_67	49	67	18	58	-1	339.1773	394.947010526316	434.682557894737	476.832868421053	446.009505263158	KNPR
PTR_57_63	57	63	6	60	-0.9999	1.8209	2.07502857142857	2.2742	2.47267142857143	2.31971428571429	KNPR
PTD1_55_87	55	87	32	71	0.9998	343.531403030303	310.777172727273	288.757951515151	263.095327272727	279.517039393939	KNPR
PTD2_36_84	36	84	48	60	0.9972	1.4724306122449	1.46012857142857	1.44735918367347	1.43559591836735	1.36711632653061	KNPR
TSR_26_47	26	47	21	36.5	-0.9993	3250.08000909091	3331.77862272727	3403.44120454545	3471.035	3590.03074090909	KNPR
MMR_52_84	52	84	32	68	-1	0.741645454545455	0.759860606060606	0.773372727272727	0.787309090909091	0.781809090909091	KNPR
PR_16_68	16	68	52	42	0.9978	2.62056603773585	2.51283018867925	2.42754716981132	2.36660377358491	4.08716981132075	KNPR
RH_51_82	51	82	31	66.5	-0.993	61.751875	63.5625	64.21	65.508125	66.38375	KNPR
PRDTR_29_66	29	66	37	47.5	-0.9929	0.110181578947368	0.128910526315789	0.152097368421053	0.164165789473684	0.362068421052632	KNPR
dPTT_16_32	16	32	16	24	0.9998	57.6031117647059	50.6332647058824	46.0231529411765	40.7157058823529	39.2945823529412	KNPR
PS_1_7	1	7	6	4	-0.5403	97.7385714285714	99.5657142857143	98.1314285714286	99.3871428571428	100.014285714286	KNPR
WS_31_42	31	42	11	36.5	0.9983	2.24083333333333	2.03083333333333	1.85166666666667	1.65166666666667	1.6125	KNPR
WD_43_50	43	50	7	46.5	0.9995	214.3275	201.2575	190.97625	182.2675	141.14125	KNPR
APAR_45_75	45	75	30	60	1	109.388709677419	101.027741935484	94.9567741935484	88.56	90.3429032258065	KNPR
CPAR_52_76	52	76	24	64	0.9997	136.9212	126.5376	119.9296	112.2968	113.2072	KNPR
UVA_45_62	45	62	17	53.5	1	14.9294444444444	13.8211111111111	13.0055555555556	12.1733333333333	10.1305555555556	KNPR
UVB_51_76	51	76	25	63.5	0.9999	0.323076923076923	0.292692307692308	0.271923076923077	0.25	0.243076923076923	KNPR
SW_57_81	57	81	24	69	0.9992	0.5048	0.492	0.484	0.4736	0.49	KNPR
SM_67_76	67	76	9	71.5	0.9286	0.521	0.52	0.489	0.469	0.5	KNPR
TMAX_1_8	1	8	7	4.5	-1	63.104	75.57575	84.4565	93.461	93.2135	KNPR
TMIN_56_67	56	67	11	61.5	-0.9998	63.281	67.6205	70.6445	74.1365	71.09	KNPR
DL_3_10	3	10	7	6.5	0.924	14.886625	14.625125	14.512	14.517375	14.852875	KNPR
GDD_13_20	13	20	7	16.5	-1	17.251875	20.601	27.993375	26.049375	32.04	KNPR
dGDD_70_140	70	140	70	105	-1	2.03108450704225	2.23466197183099	2.66957746478873	2.5522676056338	2.77085915492958	KNPR
DTR_80_113	80	113	33	96.5	-1	18.0878823529412	18.9619411764706	20.9043529411765	20.3770588235294	20.2531764705882	KNPR
PTT_12_19	12	19	7	15.5	-1	264.996375	312.215475	414.5572625	387.6468875	486.45095	KNPR
PTR_13_19	13	19	6	16	-0.9991	1.1363	1.41034285714286	1.90788571428571	1.786	2.1937	KNPR
PTD1_124_130	124	130	6	127	0.9994	372.633771428571	346.820828571429	288.595457142857	307.156057142857	328.809257142857	KNPR
PTD2_32_101	32	101	69	66.5	-1	1.42477571428571	1.45455857142857	1.51821714285714	1.50027285714286	1.46031142857143	KNPR
TSR_68_113	68	113	45	90.5	-0.9995	2783.17911086957	2924.5387673913	3194.06301521739	3113.2582673913	3034.57988695652	KNPR
MMR_33_129	33	129	96	81	-1	0.739870103092784	0.746513402061856	0.760980412371134	0.75710206185567	0.750571134020619	KNPR
PR_16_27	16	27	11	21.5	0.9996	5.12583333333333	4.06916666666667	1.46666666666667	2.155	1.2075	KNPR
RH_84_107	84	107	23	95.5	1	75.20375	70.4933333333333	60.4579166666667	63.1554166666667	67.3575	KNPR
PRDTR_85_100	85	100	15	92.5	0.9998	0.3023875	0.22925	0.0837125	0.12061875	0.12965	KNPR
dPTT_70_118	70	118	48	94	-1	22.4991183673469	25.8607551020408	32.9907428571429	31.0184469387755	30.7254102040816	KNPR
PS_54_60	54	60	6	57	0.3902	99.0071428571429	100.43	98.2828571428571	99.5728571428571	100.305714285714	KNPR
WS_134_152	134	152	18	143	0.9993	2.93526315789474	2.78421052631579	2.48842105263158	2.58315789473684	2.32105263157895	KNPR
WD_42_66	42	66	24	54	1	188.4764	177.7168	155.262	161.1616	141.2468	KNPR
APAR_42_67	42	67	25	54.5	0.9995	116.758461538462	107.178846153846	89.0288461538462	93.5303846153846	88.5330769230769	KNPR
CPAR_54_67	54	67	13	60.5	0.9976	146.672142857143	134.533571428571	112.232857142857	116.197857142857	114.01	KNPR
UVA_41_53	41	53	12	47	0.9993	13.8876923076923	13.0207692307692	11.4084615384615	11.8953846153846	9.73384615384615	KNPR
UVB_53_68	53	68	15	60.5	1	0.3675	0.32875	0.246875	0.26875	0.2525	KNPR
SW_14_125	14	125	111	69.5	1	0.522767857142857	0.507857142857143	0.475714285714286	0.484196428571429	0.49125	KNPR
SM_103_109	103	109	6	106	0.9948	0.541428571428571	0.521428571428571	0.474285714285714	0.48	0.51	KNPR
TMAX_51_61	51	61	10	56	-0.9999	84.6090909090909	87.6216363636364	94.5418181818182	92.7221818181818	88.5216363636364	KNPR
TMIN_101_110	101	110	9	105.5	-0.9948	59.9522	62.5712	66.2738	65.1272	60.062	KNPR
DL_1_7	1	7	6	4	0.1808	14.7935714285714	14.544	14.4374285714286	14.5042857142857	14.8352857142857	KNPR
GDD_78_84	78	84	6	81	-0.9869	26.7492857142857	29.106	27.0347142857143	27.7174285714286	25.4237142857143	KNPR
dGDD_21_97	21	97	76	59	0.9999	2.4188961038961	2.11698701298701	2.43193506493507	2.3084025974026	2.29127272727273	KNPR
DTR_48_141	48	141	93	94.5	-1	21.1714468085106	21.9956170212766	21.1195531914894	21.4646170212766	21.4035319148936	KNPR
PTT_67_74	67	74	7	70.5	-0.9527	409.2945625	456.1427125	420.6069125	435.45445	449.12705	KNPR
PTR_120_127	120	127	7	123.5	-0.7254	1.050875	1.404575	1.264825	1.360875	1.1873625	KNPR
PTD1_91_128	91	128	37	109.5	-0.9997	269.9888	300.002315789474	268.051526315789	281.369665789474	288.637707894737	KNPR
PTD2_48_88	48	88	40	68	0.9999	1.46088780487805	1.39635609756098	1.46435853658537	1.43701707317073	1.43054634146341	KNPR
TSR_115_137	115	137	22	126	-0.9995	3049.8578826087	3547.48163478261	3022.70636521739	3213.62432608696	3010.51955217391	KNPR
MMR_78_95	78	95	17	86.5	-0.9999	0.754266666666667	0.792355555555556	0.752588888888889	0.767861111111111	0.783072222222222	KNPR
PR_78_92	78	92	14	85	-0.9997	2.99733333333333	4.90266666666667	2.83466666666667	3.686	4.182	KNPR
RH_78_94	78	94	16	86	-0.9968	66.2694117647059	73.9429411764706	66.3305882352941	68.7658823529412	73.6876470588235	KNPR
PRDTR_78_91	78	91	13	84.5	-0.9984	0.175285714285714	0.358364285714286	0.17625	0.243985714285714	0.6574	KNPR
dPTT_26_112	26	112	86	69	1	32.643532183908	28.6533	32.8945356321839	31.2092448275862	29.7197103448276	KNPR
PS_51_57	51	57	6	54	-0.9945	98.4714285714286	100.22	98.3828571428571	99.2785714285714	100.097142857143	KNPR
WS_52_62	52	62	10	57	-0.9995	1.68363636363636	2.14272727272727	1.64090909090909	1.85181818181818	1.8	KNPR
WD_117_124	117	124	7	120.5	0.9952	198.44625	153.555	206.89	184.96875	220.7575	KNPR
APAR_70_79	70	79	9	74.5	0.9978	93.208	68.765	95.462	83.231	96.496	KNPR
CPAR_72_78	72	78	6	75	0.9452	119.302857142857	98.6214285714286	127.944285714286	108.248571428571	118.25	KNPR
UVA_72_78	72	78	6	75	0.9978	11.91	7.94571428571429	12.1228571428571	10.7414285714286	13.1842857142857	KNPR
UVB_72_79	72	79	7	75.5	0.9999	0.28	0.18125	0.2875	0.24625	0.295	KNPR
SW_135_141	135	141	6	138	0.8271	0.521428571428571	0.488571428571429	0.535714285714286	0.488571428571429	0.498571428571429	KNPR
SM_60_66	60	66	6	63	-0.5352	0.52	0.52	0.431428571428571	0.481428571428571	0.51	KNPR
TMAX_125_131	125	131	6	128	-0.997	81.0962857142857	83.8477142857143	81.1554285714286	82.058	77.1902857142857	KNPR
TMIN_78_84	78	84	6	81	-0.9407	65.2537142857143	70.6665714285714	66.8685714285714	67.892	67.5371428571429	KNPR
DL_1_30	1	30	29	15.5	0.9963	15.1531666666667	14.8537666666667	14.7199333333333	14.4966333333333	14.8375333333333	KWPE
GDD_52_64	52	64	12	58	-0.9999	23.8742307692308	27.7476923076923	30.6564615384615	33.7749230769231	30.42	KWPE
dGDD_16_32	16	32	16	24	0.9999	3.74135294117647	3.37023529411765	3.08911764705882	2.81847058823529	2.65711764705882	KWPE
DTR_28_44	28	44	16	36	0.9997	24.1475294117647	22.6588235294118	21.5904705882353	20.5972941176471	20.7603529411765	KWPE
PTT_49_67	49	67	18	58	-1	339.1773	394.947010526316	434.682557894737	476.832868421053	446.009505263158	KWPE
PTR_57_63	57	63	6	60	-0.9999	1.8209	2.07502857142857	2.2742	2.47267142857143	2.31971428571429	KWPE
PTD1_55_87	55	87	32	71	0.9998	343.531403030303	310.777172727273	288.757951515151	263.095327272727	279.517039393939	KWPE
PTD2_36_84	36	84	48	60	0.9972	1.4724306122449	1.46012857142857	1.44735918367347	1.43559591836735	1.36711632653061	KWPE
TSR_26_47	26	47	21	36.5	-0.9993	3250.08000909091	3331.77862272727	3403.44120454545	3471.035	3590.03074090909	KWPE
MMR_52_84	52	84	32	68	-1	0.741645454545455	0.759860606060606	0.773372727272727	0.787309090909091	0.781809090909091	KWPE
PR_16_68	16	68	52	42	0.9978	2.62056603773585	2.51283018867925	2.42754716981132	2.36660377358491	4.08716981132075	KWPE
RH_51_82	51	82	31	66.5	-0.993	61.751875	63.5625	64.21	65.508125	66.38375	KWPE
PRDTR_29_66	29	66	37	47.5	-0.9929	0.110181578947368	0.128910526315789	0.152097368421053	0.164165789473684	0.362068421052632	KWPE
dPTT_16_32	16	32	16	24	0.9998	57.6031117647059	50.6332647058824	46.0231529411765	40.7157058823529	39.2945823529412	KWPE
PS_1_7	1	7	6	4	-0.5403	97.7385714285714	99.5657142857143	98.1314285714286	99.3871428571428	100.014285714286	KWPE
WS_31_42	31	42	11	36.5	0.9983	2.24083333333333	2.03083333333333	1.85166666666667	1.65166666666667	1.6125	KWPE
WD_43_50	43	50	7	46.5	0.9995	214.3275	201.2575	190.97625	182.2675	141.14125	KWPE
APAR_45_75	45	75	30	60	1	109.388709677419	101.027741935484	94.9567741935484	88.56	90.3429032258065	KWPE
CPAR_52_76	52	76	24	64	0.9997	136.9212	126.5376	119.9296	112.2968	113.2072	KWPE
UVA_45_62	45	62	17	53.5	1	14.9294444444444	13.8211111111111	13.0055555555556	12.1733333333333	10.1305555555556	KWPE
UVB_51_76	51	76	25	63.5	0.9999	0.323076923076923	0.292692307692308	0.271923076923077	0.25	0.243076923076923	KWPE
SW_57_81	57	81	24	69	0.9992	0.5048	0.492	0.484	0.4736	0.49	KWPE
SM_67_76	67	76	9	71.5	0.9286	0.521	0.52	0.489	0.469	0.5	KWPE
TMAX_1_8	1	8	7	4.5	-1	63.104	75.57575	84.4565	93.461	93.2135	KWPE
TMIN_56_67	56	67	11	61.5	-0.9998	63.281	67.6205	70.6445	74.1365	71.09	KWPE
DL_3_10	3	10	7	6.5	0.924	14.886625	14.625125	14.512	14.517375	14.852875	KWPE
GDD_13_20	13	20	7	16.5	-1	17.251875	20.601	27.993375	26.049375	32.04	KWPE
dGDD_70_140	70	140	70	105	-1	2.03108450704225	2.23466197183099	2.66957746478873	2.5522676056338	2.77085915492958	KWPE
DTR_80_113	80	113	33	96.5	-1	18.0878823529412	18.9619411764706	20.9043529411765	20.3770588235294	20.2531764705882	KWPE
PTT_12_19	12	19	7	15.5	-1	264.996375	312.215475	414.5572625	387.6468875	486.45095	KWPE
PTR_13_19	13	19	6	16	-0.9991	1.1363	1.41034285714286	1.90788571428571	1.786	2.1937	KWPE
PTD1_124_130	124	130	6	127	0.9994	372.633771428571	346.820828571429	288.595457142857	307.156057142857	328.809257142857	KWPE
PTD2_32_101	32	101	69	66.5	-1	1.42477571428571	1.45455857142857	1.51821714285714	1.50027285714286	1.46031142857143	KWPE
TSR_68_113	68	113	45	90.5	-0.9995	2783.17911086957	2924.5387673913	3194.06301521739	3113.2582673913	3034.57988695652	KWPE
MMR_33_129	33	129	96	81	-1	0.739870103092784	0.746513402061856	0.760980412371134	0.75710206185567	0.750571134020619	KWPE
PR_16_27	16	27	11	21.5	0.9996	5.12583333333333	4.06916666666667	1.46666666666667	2.155	1.2075	KWPE
RH_84_107	84	107	23	95.5	1	75.20375	70.4933333333333	60.4579166666667	63.1554166666667	67.3575	KWPE
PRDTR_85_100	85	100	15	92.5	0.9998	0.3023875	0.22925	0.0837125	0.12061875	0.12965	KWPE
dPTT_70_118	70	118	48	94	-1	22.4991183673469	25.8607551020408	32.9907428571429	31.0184469387755	30.7254102040816	KWPE
PS_54_60	54	60	6	57	0.3902	99.0071428571429	100.43	98.2828571428571	99.5728571428571	100.305714285714	KWPE
WS_134_152	134	152	18	143	0.9993	2.93526315789474	2.78421052631579	2.48842105263158	2.58315789473684	2.32105263157895	KWPE
WD_42_66	42	66	24	54	1	188.4764	177.7168	155.262	161.1616	141.2468	KWPE
APAR_42_67	42	67	25	54.5	0.9995	116.758461538462	107.178846153846	89.0288461538462	93.5303846153846	88.5330769230769	KWPE
CPAR_54_67	54	67	13	60.5	0.9976	146.672142857143	134.533571428571	112.232857142857	116.197857142857	114.01	KWPE
UVA_41_53	41	53	12	47	0.9993	13.8876923076923	13.0207692307692	11.4084615384615	11.8953846153846	9.73384615384615	KWPE
UVB_53_68	53	68	15	60.5	1	0.3675	0.32875	0.246875	0.26875	0.2525	KWPE
SW_14_125	14	125	111	69.5	1	0.522767857142857	0.507857142857143	0.475714285714286	0.484196428571429	0.49125	KWPE
SM_103_109	103	109	6	106	0.9948	0.541428571428571	0.521428571428571	0.474285714285714	0.48	0.51	KWPE
TMAX_51_61	51	61	10	56	-0.9999	84.6090909090909	87.6216363636364	94.5418181818182	92.7221818181818	88.5216363636364	KWPE
TMIN_101_110	101	110	9	105.5	-0.9948	59.9522	62.5712	66.2738	65.1272	60.062	KWPE
DL_146_152	146	152	6	149	-0.2423	11.4685714285714	11.484	11.4731428571429	10.616	10.4495714285714	KWPE
GDD_79_85	79	85	6	82	-0.9812	27.4075714285714	29.2885714285714	27.387	27.378	24.7551428571429	KWPE
dGDD_35_53	35	53	18	44	0.9999	2.493	1.99847368421053	2.60573684210526	2.48463157894737	2.09526315789474	KWPE
DTR_40_122	40	122	82	81	-1	20.6668192771084	21.2786024096386	20.5386506024096	20.678313253012	20.8773975903614	KWPE
PTT_63_87	63	87	24	75	-0.9398	397.428672	440.420236	405.290888	400.790584	395.444168	KWPE
PTR_82_88	82	88	6	85	-0.562	1.95755714285714	1.97507142857143	1.97107142857143	1.9571	1.73354285714286	KWPE
PTD1_99_143	99	143	44	121	-0.9999	265.335362222222	293.407642222222	259.465728888889	265.476051111111	269.210282222222	KWPE
PTD2_51_78	51	78	27	64.5	-0.9992	1.4452	1.51836071428571	1.42464642857143	1.44474285714286	1.52226071428571	KWPE
TSR_71_89	71	89	18	80	0.9993	3115.56168947368	2719.04034210526	3214.17000526316	3103.06472631579	2820.70308421053	KWPE
MMR_135_143	135	143	8	139	0.9996	0.6814	0.650111111111111	0.688233333333333	0.680133333333333	0.673455555555556	KWPE
PR_140_148	140	148	8	144	-0.9996	1.72777777777778	3.52555555555556	1.29222222222222	1.78	0	KWPE
RH_77_96	77	96	19	86.5	-0.9997	66.635	73.7765	65.1305	66.9385	71.0655	KWPE
PRDTR_20_48	20	48	28	34	-0.9983	0.138727586206897	0.23518275862069	0.115306896551724	0.132327586206897	0.24988275862069	KWPE
dPTT_35_50	35	50	15	42.5	0.9999	41.45798125	31.24213125	43.71710625	41.228975	26.49021875	KWPE
PS_52_58	52	58	6	55	-0.9427	98.7471428571429	100.39	98.4285714285714	99.3757142857143	100.145714285714	KWPE
WS_88_102	88	102	14	95	-0.9999	1.59266666666667	2.07333333333333	1.486	1.60266666666667	1.738	KWPE
WD_117_126	117	126	9	121.5	0.9984	199.413	163.176	205.093	199.375	222.219	KWPE
APAR_21_30	21	30	9	25.5	0.9993	94.571	81.811	97.405	93.926	114.044	KWPE
CPAR_43_49	43	49	6	46	0.8965	121.321428571429	118.277142857143	125.907142857143	123.864285714286	117.478571428571	KWPE
UVA_72_78	72	78	6	75	0.9704	11.91	7.94571428571429	12.1228571428571	10.7414285714286	13.1842857142857	KWPE
UVB_24_30	24	30	6	27	0.9959	0.227142857142857	0.167142857142857	0.245714285714286	0.234285714285714	0.278571428571429	KWPE
SW_1_7	1	7	6	4	-0.6943	0.541428571428571	0.555714285714286	0.444285714285714	0.434285714285714	0.451428571428571	KWPE
SM_89_96	89	96	7	92.5	-0.6956	0.52	0.5275	0.505	0.49375	0.52	KWPE
TMAX_126_133	126	133	7	129.5	-0.966	80.47625	83.273	80.7665	81.0095	75.7985	KWPE
TMIN_81_88	81	88	7	84.5	-0.917	67.07525	70.448	67.56125	66.614	65.98625	KWPE
DL_1_30	1	30	29	15.5	0.9963	15.1531666666667	14.8537666666667	14.7199333333333	14.4966333333333	14.8375333333333	PH
GDD_52_64	52	64	12	58	-0.9999	23.8742307692308	27.7476923076923	30.6564615384615	33.7749230769231	30.42	PH
dGDD_16_32	16	32	16	24	0.9999	3.74135294117647	3.37023529411765	3.08911764705882	2.81847058823529	2.65711764705882	PH
DTR_28_44	28	44	16	36	0.9997	24.1475294117647	22.6588235294118	21.5904705882353	20.5972941176471	20.7603529411765	PH
PTT_49_67	49	67	18	58	-1	339.1773	394.947010526316	434.682557894737	476.832868421053	446.009505263158	PH
PTR_57_63	57	63	6	60	-0.9999	1.8209	2.07502857142857	2.2742	2.47267142857143	2.31971428571429	PH
PTD1_55_87	55	87	32	71	0.9998	343.531403030303	310.777172727273	288.757951515151	263.095327272727	279.517039393939	PH
PTD2_36_84	36	84	48	60	0.9972	1.4724306122449	1.46012857142857	1.44735918367347	1.43559591836735	1.36711632653061	PH
TSR_26_47	26	47	21	36.5	-0.9993	3250.08000909091	3331.77862272727	3403.44120454545	3471.035	3590.03074090909	PH
MMR_52_84	52	84	32	68	-1	0.741645454545455	0.759860606060606	0.773372727272727	0.787309090909091	0.781809090909091	PH
PR_16_68	16	68	52	42	0.9978	2.62056603773585	2.51283018867925	2.42754716981132	2.36660377358491	4.08716981132075	PH
RH_51_82	51	82	31	66.5	-0.993	61.751875	63.5625	64.21	65.508125	66.38375	PH
PRDTR_29_66	29	66	37	47.5	-0.9929	0.110181578947368	0.128910526315789	0.152097368421053	0.164165789473684	0.362068421052632	PH
dPTT_16_32	16	32	16	24	0.9998	57.6031117647059	50.6332647058824	46.0231529411765	40.7157058823529	39.2945823529412	PH
PS_1_7	1	7	6	4	-0.5403	97.7385714285714	99.5657142857143	98.1314285714286	99.3871428571428	100.014285714286	PH
WS_31_42	31	42	11	36.5	0.9983	2.24083333333333	2.03083333333333	1.85166666666667	1.65166666666667	1.6125	PH
WD_43_50	43	50	7	46.5	0.9995	214.3275	201.2575	190.97625	182.2675	141.14125	PH
APAR_45_75	45	75	30	60	1	109.388709677419	101.027741935484	94.9567741935484	88.56	90.3429032258065	PH
CPAR_52_76	52	76	24	64	0.9997	136.9212	126.5376	119.9296	112.2968	113.2072	PH
UVA_45_62	45	62	17	53.5	1	14.9294444444444	13.8211111111111	13.0055555555556	12.1733333333333	10.1305555555556	PH
UVB_51_76	51	76	25	63.5	0.9999	0.323076923076923	0.292692307692308	0.271923076923077	0.25	0.243076923076923	PH
SW_57_81	57	81	24	69	0.9992	0.5048	0.492	0.484	0.4736	0.49	PH
SM_67_76	67	76	9	71.5	0.9286	0.521	0.52	0.489	0.469	0.5	PH
TMAX_1_8	1	8	7	4.5	-1	63.104	75.57575	84.4565	93.461	93.2135	PH
TMIN_56_67	56	67	11	61.5	-0.9998	63.281	67.6205	70.6445	74.1365	71.09	PH
DL_3_10	3	10	7	6.5	0.924	14.886625	14.625125	14.512	14.517375	14.852875	PH
GDD_13_20	13	20	7	16.5	-1	17.251875	20.601	27.993375	26.049375	32.04	PH
dGDD_70_140	70	140	70	105	-1	2.03108450704225	2.23466197183099	2.66957746478873	2.5522676056338	2.77085915492958	PH
DTR_80_113	80	113	33	96.5	-1	18.0878823529412	18.9619411764706	20.9043529411765	20.3770588235294	20.2531764705882	PH
PTT_12_19	12	19	7	15.5	-1	264.996375	312.215475	414.5572625	387.6468875	486.45095	PH
PTR_13_19	13	19	6	16	-0.9991	1.1363	1.41034285714286	1.90788571428571	1.786	2.1937	PH
PTD1_124_130	124	130	6	127	0.9994	372.633771428571	346.820828571429	288.595457142857	307.156057142857	328.809257142857	PH
PTD2_32_101	32	101	69	66.5	-1	1.42477571428571	1.45455857142857	1.51821714285714	1.50027285714286	1.46031142857143	PH
TSR_68_113	68	113	45	90.5	-0.9995	2783.17911086957	2924.5387673913	3194.06301521739	3113.2582673913	3034.57988695652	PH
MMR_33_129	33	129	96	81	-1	0.739870103092784	0.746513402061856	0.760980412371134	0.75710206185567	0.750571134020619	PH
PR_16_27	16	27	11	21.5	0.9996	5.12583333333333	4.06916666666667	1.46666666666667	2.155	1.2075	PH
RH_84_107	84	107	23	95.5	1	75.20375	70.4933333333333	60.4579166666667	63.1554166666667	67.3575	PH
PRDTR_85_100	85	100	15	92.5	0.9998	0.3023875	0.22925	0.0837125	0.12061875	0.12965	PH
dPTT_70_118	70	118	48	94	-1	22.4991183673469	25.8607551020408	32.9907428571429	31.0184469387755	30.7254102040816	PH
PS_54_60	54	60	6	57	0.3902	99.0071428571429	100.43	98.2828571428571	99.5728571428571	100.305714285714	PH
WS_134_152	134	152	18	143	0.9993	2.93526315789474	2.78421052631579	2.48842105263158	2.58315789473684	2.32105263157895	PH
WD_42_66	42	66	24	54	1	188.4764	177.7168	155.262	161.1616	141.2468	PH
APAR_42_67	42	67	25	54.5	0.9995	116.758461538462	107.178846153846	89.0288461538462	93.5303846153846	88.5330769230769	PH
CPAR_54_67	54	67	13	60.5	0.9976	146.672142857143	134.533571428571	112.232857142857	116.197857142857	114.01	PH
UVA_41_53	41	53	12	47	0.9993	13.8876923076923	13.0207692307692	11.4084615384615	11.8953846153846	9.73384615384615	PH
UVB_53_68	53	68	15	60.5	1	0.3675	0.32875	0.246875	0.26875	0.2525	PH
SW_14_125	14	125	111	69.5	1	0.522767857142857	0.507857142857143	0.475714285714286	0.484196428571429	0.49125	PH
SM_103_109	103	109	6	106	0.9948	0.541428571428571	0.521428571428571	0.474285714285714	0.48	0.51	PH
TMAX_51_61	51	61	10	56	-0.9999	84.6090909090909	87.6216363636364	94.5418181818182	92.7221818181818	88.5216363636364	PH
TMIN_101_110	101	110	9	105.5	-0.9948	59.9522	62.5712	66.2738	65.1272	60.062	PH
DL_1_30	1	30	29	15.5	0.9963	15.1531666666667	14.8537666666667	14.7199333333333	14.4966333333333	14.8375333333333	TBN
GDD_52_64	52	64	12	58	-0.9999	23.8742307692308	27.7476923076923	30.6564615384615	33.7749230769231	30.42	TBN
dGDD_16_32	16	32	16	24	0.9999	3.74135294117647	3.37023529411765	3.08911764705882	2.81847058823529	2.65711764705882	TBN
DTR_28_44	28	44	16	36	0.9997	24.1475294117647	22.6588235294118	21.5904705882353	20.5972941176471	20.7603529411765	TBN
PTT_49_67	49	67	18	58	-1	339.1773	394.947010526316	434.682557894737	476.832868421053	446.009505263158	TBN
PTR_57_63	57	63	6	60	-0.9999	1.8209	2.07502857142857	2.2742	2.47267142857143	2.31971428571429	TBN
PTD1_55_87	55	87	32	71	0.9998	343.531403030303	310.777172727273	288.757951515151	263.095327272727	279.517039393939	TBN
PTD2_36_84	36	84	48	60	0.9972	1.4724306122449	1.46012857142857	1.44735918367347	1.43559591836735	1.36711632653061	TBN
TSR_26_47	26	47	21	36.5	-0.9993	3250.08000909091	3331.77862272727	3403.44120454545	3471.035	3590.03074090909	TBN
MMR_52_84	52	84	32	68	-1	0.741645454545455	0.759860606060606	0.773372727272727	0.787309090909091	0.781809090909091	TBN
PR_16_68	16	68	52	42	0.9978	2.62056603773585	2.51283018867925	2.42754716981132	2.36660377358491	4.08716981132075	TBN
RH_51_82	51	82	31	66.5	-0.993	61.751875	63.5625	64.21	65.508125	66.38375	TBN
PRDTR_29_66	29	66	37	47.5	-0.9929	0.110181578947368	0.128910526315789	0.152097368421053	0.164165789473684	0.362068421052632	TBN
dPTT_16_32	16	32	16	24	0.9998	57.6031117647059	50.6332647058824	46.0231529411765	40.7157058823529	39.2945823529412	TBN
PS_1_7	1	7	6	4	-0.5403	97.7385714285714	99.5657142857143	98.1314285714286	99.3871428571428	100.014285714286	TBN
WS_31_42	31	42	11	36.5	0.9983	2.24083333333333	2.03083333333333	1.85166666666667	1.65166666666667	1.6125	TBN
WD_43_50	43	50	7	46.5	0.9995	214.3275	201.2575	190.97625	182.2675	141.14125	TBN
APAR_45_75	45	75	30	60	1	109.388709677419	101.027741935484	94.9567741935484	88.56	90.3429032258065	TBN
CPAR_52_76	52	76	24	64	0.9997	136.9212	126.5376	119.9296	112.2968	113.2072	TBN
UVA_45_62	45	62	17	53.5	1	14.9294444444444	13.8211111111111	13.0055555555556	12.1733333333333	10.1305555555556	TBN
UVB_51_76	51	76	25	63.5	0.9999	0.323076923076923	0.292692307692308	0.271923076923077	0.25	0.243076923076923	TBN
SW_57_81	57	81	24	69	0.9992	0.5048	0.492	0.484	0.4736	0.49	TBN
SM_67_76	67	76	9	71.5	0.9286	0.521	0.52	0.489	0.469	0.5	TBN
TMAX_1_8	1	8	7	4.5	-1	63.104	75.57575	84.4565	93.461	93.2135	TBN
TMIN_56_67	56	67	11	61.5	-0.9998	63.281	67.6205	70.6445	74.1365	71.09	TBN
DL_3_10	3	10	7	6.5	0.924	14.886625	14.625125	14.512	14.517375	14.852875	TBN
GDD_13_20	13	20	7	16.5	-1	17.251875	20.601	27.993375	26.049375	32.04	TBN
dGDD_70_140	70	140	70	105	-1	2.03108450704225	2.23466197183099	2.66957746478873	2.5522676056338	2.77085915492958	TBN
DTR_80_113	80	113	33	96.5	-1	18.0878823529412	18.9619411764706	20.9043529411765	20.3770588235294	20.2531764705882	TBN
PTT_12_19	12	19	7	15.5	-1	264.996375	312.215475	414.5572625	387.6468875	486.45095	TBN
PTR_13_19	13	19	6	16	-0.9991	1.1363	1.41034285714286	1.90788571428571	1.786	2.1937	TBN
PTD1_124_130	124	130	6	127	0.9994	372.633771428571	346.820828571429	288.595457142857	307.156057142857	328.809257142857	TBN
PTD2_32_101	32	101	69	66.5	-1	1.42477571428571	1.45455857142857	1.51821714285714	1.50027285714286	1.46031142857143	TBN
TSR_68_113	68	113	45	90.5	-0.9995	2783.17911086957	2924.5387673913	3194.06301521739	3113.2582673913	3034.57988695652	TBN
MMR_33_129	33	129	96	81	-1	0.739870103092784	0.746513402061856	0.760980412371134	0.75710206185567	0.750571134020619	TBN
PR_16_27	16	27	11	21.5	0.9996	5.12583333333333	4.06916666666667	1.46666666666667	2.155	1.2075	TBN
RH_84_107	84	107	23	95.5	1	75.20375	70.4933333333333	60.4579166666667	63.1554166666667	67.3575	TBN
PRDTR_85_100	85	100	15	92.5	0.9998	0.3023875	0.22925	0.0837125	0.12061875	0.12965	TBN
dPTT_70_118	70	118	48	94	-1	22.4991183673469	25.8607551020408	32.9907428571429	31.0184469387755	30.7254102040816	TBN
PS_54_60	54	60	6	57	0.3902	99.0071428571429	100.43	98.2828571428571	99.5728571428571	100.305714285714	TBN
WS_134_152	134	152	18	143	0.9993	2.93526315789474	2.78421052631579	2.48842105263158	2.58315789473684	2.32105263157895	TBN
WD_42_66	42	66	24	54	1	188.4764	177.7168	155.262	161.1616	141.2468	TBN
APAR_42_67	42	67	25	54.5	0.9995	116.758461538462	107.178846153846	89.0288461538462	93.5303846153846	88.5330769230769	TBN
CPAR_54_67	54	67	13	60.5	0.9976	146.672142857143	134.533571428571	112.232857142857	116.197857142857	114.01	TBN
UVA_41_53	41	53	12	47	0.9993	13.8876923076923	13.0207692307692	11.4084615384615	11.8953846153846	9.73384615384615	TBN
UVB_53_68	53	68	15	60.5	1	0.3675	0.32875	0.246875	0.26875	0.2525	TBN
SW_14_125	14	125	111	69.5	1	0.522767857142857	0.507857142857143	0.475714285714286	0.484196428571429	0.49125	TBN
SM_103_109	103	109	6	106	0.9948	0.541428571428571	0.521428571428571	0.474285714285714	0.48	0.51	TBN
TMAX_51_61	51	61	10	56	-0.9999	84.6090909090909	87.6216363636364	94.5418181818182	92.7221818181818	88.5216363636364	TBN
TMIN_101_110	101	110	9	105.5	-0.9948	59.9522	62.5712	66.2738	65.1272	60.062	TBN
DL_1_93	1	93	92	47	0.7658	15.1822258064516	14.8497204301075	14.6883655913978	13.8873548387097	14.1603010752688	TBN
GDD_79_87	79	87	8	83	0.9809	27.945	28.242	27.446	26.919	24.911	TBN
dGDD_35_41	35	41	6	38	-0.9995	2.47371428571429	1.60714285714286	3.66042857142857	4.168	2.24842857142857	TBN
DTR_65_102	65	102	37	83.5	-0.9977	19.8213157894737	19.5304736842105	20.3049473684211	20.6005263157895	20.6938421052632	TBN
PTT_78_84	78	84	6	81	0.953	394.758671428571	420.431728571429	386.092528571429	361.156357142857	335.6649	TBN
PTR_48_61	48	61	13	54.5	-0.9049	1.41278571428571	1.53126428571429	2.00095	2.50549285714286	2.18443571428571	TBN
PTD1_124_142	124	142	18	133	1	300.043831578947	314.741263157895	277.221942105263	267.042515789474	245.642052631579	TBN
PTD2_77_98	77	98	21	87.5	-1	1.42759090909091	1.34714545454545	1.55813636363636	1.61465909090909	1.44716818181818	TBN
TSR_39_82	39	82	43	60.5	0.9987	3371.87480454545	3405.43630681818	3302.82926363636	3274.28080681818	3233.45051363636	TBN
MMR_71_105	71	105	34	88	0.9998	0.779091428571429	0.787294285714286	0.766371428571429	0.761448571428571	0.761065714285714	TBN
PR_22_36	22	36	14	29	0.9996	3.76666666666667	4.686	2.358	1.62133333333333	1.442	TBN
RH_68_101	68	101	33	84.5	0.9991	69.3997058823529	71.6408823529412	66.2864705882353	64.5008823529412	66.4961764705882	TBN
PRDTR_54_64	54	64	10	59	-1	0.0612727272727273	0.00347272727272727	0.1488	0.186818181818182	0.288336363636364	TBN
dPTT_69_76	69	76	7	72.5	-0.9991	17.9555	10.941225	31.877825	37.3346125	30.2455875	TBN
PS_53_59	53	59	6	56	0.5734	98.94	100.458571428571	98.4128571428571	99.4714285714286	100.218571428571	TBN
WS_28_70	28	70	42	49	1	2.14348837209302	2.32627906976744	1.86116279069767	1.74162790697674	1.64395348837209	TBN
WD_110_120	110	120	10	115	-0.9999	134.925454545455	121.528181818182	154.794545454545	164.073636363636	168.250909090909	TBN
APAR_108_115	108	115	7	111.5	0.9963	77.8425	84.24	63.77	60.41625	68.87625	TBN
CPAR_40_46	40	46	6	43	0.992	125.872857142857	128.675714285714	116.59	114.052857142857	109.705714285714	TBN
UVA_44_51	44	51	7	47.5	-0.965	12.13125	11.50875	12.7375	13.78375	11.16125	TBN
UVB_51_58	51	58	7	54.5	0.996	0.33875	0.35875	0.29375	0.27	0.2	TBN
SW_1_7	1	7	6	4	0.9738	0.541428571428571	0.555714285714286	0.444285714285714	0.434285714285714	0.451428571428571	TBN
SM_88_97	88	97	9	92.5	0.9908	0.521	0.528	0.505	0.494	0.52	TBN
TMAX_69_87	69	87	18	78	-0.9895	88.3703157894737	88.2926315789474	88.5398947368421	88.556	86.8725263157895	TBN
TMIN_83_89	83	89	6	86	0.9567	68.7431428571429	69.9568571428571	67.6297142857143	65.4208571428571	64.5851428571429	TBN
DL_1_30	1	30	29	15.5	0.9963	15.1531666666667	14.8537666666667	14.7199333333333	14.4966333333333	14.8375333333333	TL
GDD_52_64	52	64	12	58	-0.9999	23.8742307692308	27.7476923076923	30.6564615384615	33.7749230769231	30.42	TL
dGDD_16_32	16	32	16	24	0.9999	3.74135294117647	3.37023529411765	3.08911764705882	2.81847058823529	2.65711764705882	TL
DTR_28_44	28	44	16	36	0.9997	24.1475294117647	22.6588235294118	21.5904705882353	20.5972941176471	20.7603529411765	TL
PTT_49_67	49	67	18	58	-1	339.1773	394.947010526316	434.682557894737	476.832868421053	446.009505263158	TL
PTR_57_63	57	63	6	60	-0.9999	1.8209	2.07502857142857	2.2742	2.47267142857143	2.31971428571429	TL
PTD1_55_87	55	87	32	71	0.9998	343.531403030303	310.777172727273	288.757951515151	263.095327272727	279.517039393939	TL
PTD2_36_84	36	84	48	60	0.9972	1.4724306122449	1.46012857142857	1.44735918367347	1.43559591836735	1.36711632653061	TL
TSR_26_47	26	47	21	36.5	-0.9993	3250.08000909091	3331.77862272727	3403.44120454545	3471.035	3590.03074090909	TL
MMR_52_84	52	84	32	68	-1	0.741645454545455	0.759860606060606	0.773372727272727	0.787309090909091	0.781809090909091	TL
PR_16_68	16	68	52	42	0.9978	2.62056603773585	2.51283018867925	2.42754716981132	2.36660377358491	4.08716981132075	TL
RH_51_82	51	82	31	66.5	-0.993	61.751875	63.5625	64.21	65.508125	66.38375	TL
PRDTR_29_66	29	66	37	47.5	-0.9929	0.110181578947368	0.128910526315789	0.152097368421053	0.164165789473684	0.362068421052632	TL
dPTT_16_32	16	32	16	24	0.9998	57.6031117647059	50.6332647058824	46.0231529411765	40.7157058823529	39.2945823529412	TL
PS_1_7	1	7	6	4	-0.5403	97.7385714285714	99.5657142857143	98.1314285714286	99.3871428571428	100.014285714286	TL
WS_31_42	31	42	11	36.5	0.9983	2.24083333333333	2.03083333333333	1.85166666666667	1.65166666666667	1.6125	TL
WD_43_50	43	50	7	46.5	0.9995	214.3275	201.2575	190.97625	182.2675	141.14125	TL
APAR_45_75	45	75	30	60	1	109.388709677419	101.027741935484	94.9567741935484	88.56	90.3429032258065	TL
CPAR_52_76	52	76	24	64	0.9997	136.9212	126.5376	119.9296	112.2968	113.2072	TL
UVA_45_62	45	62	17	53.5	1	14.9294444444444	13.8211111111111	13.0055555555556	12.1733333333333	10.1305555555556	TL
UVB_51_76	51	76	25	63.5	0.9999	0.323076923076923	0.292692307692308	0.271923076923077	0.25	0.243076923076923	TL
SW_57_81	57	81	24	69	0.9992	0.5048	0.492	0.484	0.4736	0.49	TL
SM_67_76	67	76	9	71.5	0.9286	0.521	0.52	0.489	0.469	0.5	TL
TMAX_1_8	1	8	7	4.5	-1	63.104	75.57575	84.4565	93.461	93.2135	TL
TMIN_56_67	56	67	11	61.5	-0.9998	63.281	67.6205	70.6445	74.1365	71.09	TL
DL_3_10	3	10	7	6.5	0.924	14.886625	14.625125	14.512	14.517375	14.852875	TL
GDD_13_20	13	20	7	16.5	-1	17.251875	20.601	27.993375	26.049375	32.04	TL
dGDD_70_140	70	140	70	105	-1	2.03108450704225	2.23466197183099	2.66957746478873	2.5522676056338	2.77085915492958	TL
DTR_80_113	80	113	33	96.5	-1	18.0878823529412	18.9619411764706	20.9043529411765	20.3770588235294	20.2531764705882	TL
PTT_12_19	12	19	7	15.5	-1	264.996375	312.215475	414.5572625	387.6468875	486.45095	TL
PTR_13_19	13	19	6	16	-0.9991	1.1363	1.41034285714286	1.90788571428571	1.786	2.1937	TL
PTD1_124_130	124	130	6	127	0.9994	372.633771428571	346.820828571429	288.595457142857	307.156057142857	328.809257142857	TL
PTD2_32_101	32	101	69	66.5	-1	1.42477571428571	1.45455857142857	1.51821714285714	1.50027285714286	1.46031142857143	TL
TSR_68_113	68	113	45	90.5	-0.9995	2783.17911086957	2924.5387673913	3194.06301521739	3113.2582673913	3034.57988695652	TL
MMR_33_129	33	129	96	81	-1	0.739870103092784	0.746513402061856	0.760980412371134	0.75710206185567	0.750571134020619	TL
PR_16_27	16	27	11	21.5	0.9996	5.12583333333333	4.06916666666667	1.46666666666667	2.155	1.2075	TL
RH_84_107	84	107	23	95.5	1	75.20375	70.4933333333333	60.4579166666667	63.1554166666667	67.3575	TL
PRDTR_85_100	85	100	15	92.5	0.9998	0.3023875	0.22925	0.0837125	0.12061875	0.12965	TL
dPTT_70_118	70	118	48	94	-1	22.4991183673469	25.8607551020408	32.9907428571429	31.0184469387755	30.7254102040816	TL
PS_54_60	54	60	6	57	0.3902	99.0071428571429	100.43	98.2828571428571	99.5728571428571	100.305714285714	TL
WS_134_152	134	152	18	143	0.9993	2.93526315789474	2.78421052631579	2.48842105263158	2.58315789473684	2.32105263157895	TL
WD_42_66	42	66	24	54	1	188.4764	177.7168	155.262	161.1616	141.2468	TL
APAR_42_67	42	67	25	54.5	0.9995	116.758461538462	107.178846153846	89.0288461538462	93.5303846153846	88.5330769230769	TL
CPAR_54_67	54	67	13	60.5	0.9976	146.672142857143	134.533571428571	112.232857142857	116.197857142857	114.01	TL
UVA_41_53	41	53	12	47	0.9993	13.8876923076923	13.0207692307692	11.4084615384615	11.8953846153846	9.73384615384615	TL
UVB_53_68	53	68	15	60.5	1	0.3675	0.32875	0.246875	0.26875	0.2525	TL
SW_14_125	14	125	111	69.5	1	0.522767857142857	0.507857142857143	0.475714285714286	0.484196428571429	0.49125	TL
SM_103_109	103	109	6	106	0.9948	0.541428571428571	0.521428571428571	0.474285714285714	0.48	0.51	TL
TMAX_51_61	51	61	10	56	-0.9999	84.6090909090909	87.6216363636364	94.5418181818182	92.7221818181818	88.5216363636364	TL
TMIN_101_110	101	110	9	105.5	-0.9948	59.9522	62.5712	66.2738	65.1272	60.062	TL
DL_145_152	145	152	7	148.5	-0.8359	11.49425	11.507125	11.494875	10.63175	10.46775	TL
GDD_79_86	79	86	7	82.5	-0.9859	27.730125	28.524375	27.34425	26.805375	25.16625	TL
dGDD_121_150	121	150	29	135.5	-0.9996	3.0084	3.3609	2.8794	2.4909	3.0813	TL
DTR_24_133	24	133	109	78.5	-0.9999	21.5998363636364	21.8380909090909	21.5424	21.2787818181818	21.8827636363636	TL
PTT_78_84	78	84	6	81	-0.9988	394.758671428571	420.431728571429	386.092528571429	361.156357142857	335.6649	TL
PTR_42_50	42	50	8	46	0.9027	1.54844444444444	1.51611111111111	1.78136666666667	2.62121111111111	2.32292222222222	TL
PTD1_81_134	81	134	53	107.5	-1	279.394135185185	286.741583333333	277.429703703704	269.196916666667	266.801372222222	TL
PTD2_34_73	34	73	39	53.5	-1	1.4999175	1.5455275	1.4858875	1.4351625	1.430295	TL
TSR_42_82	42	82	40	62	-0.9999	3333.4485902439	3363.78459268293	3325.99046341463	3292.85915609756	3324.89282439024	TL
MMR_67_103	67	103	36	85	-1	0.774648648648649	0.78262972972973	0.772208108108108	0.763124324324324	0.761443243243243	TL
PR_51_64	51	64	13	57.5	0.9996	1.71642857142857	1.09428571428571	1.94642857142857	2.64571428571429	5.14857142857143	TL
RH_53_74	53	74	21	63.5	0.9998	60.1822727272727	57.5054545454545	60.8936363636364	64.0463636363636	64.3395454545455	TL
PRDTR_75_100	75	100	25	87.5	-0.9991	0.252469230769231	0.286519230769231	0.242592307692308	0.199492307692308	0.456126923076923	TL
dPTT_122_147	122	147	25	134.5	-0.9999	33.6809230769231	38.9784769230769	32.0072153846154	25.9014230769231	31.23155	TL
PS_52_58	52	58	6	55	-0.4659	98.7471428571429	100.39	98.4285714285714	99.3757142857143	100.145714285714	TL
WS_2_8	2	8	6	5	-0.9984	3.28285714285714	3.96857142857143	2.98	2.10714285714286	2.43857142857143	TL
WD_32_54	32	54	22	43	-1	180.798695652174	192.509130434783	177.594782608696	164.932173913043	128.421304347826	TL
APAR_108_114	108	114	6	111	-0.9986	72.7971428571429	80.4414285714286	69.5342857142857	59.8214285714286	64.6042857142857	TL
CPAR_45_56	45	56	11	50.5	-0.9667	135.399166666667	137.8725	131.583333333333	124.098333333333	114.0075	TL
UVA_44_51	44	51	7	47.5	0.9856	12.13125	11.50875	12.7375	13.78375	11.16125	TL
UVB_46_55	46	55	9	50.5	0.9843	0.296	0.293	0.297	0.303	0.201	TL
SW_88_96	88	96	8	92	-0.9359	0.515555555555556	0.52	0.513333333333333	0.493333333333333	0.515555555555556	TL
SM_88_94	88	94	6	91	-0.9935	0.52	0.531428571428571	0.514285714285714	0.495714285714286	0.52	TL
TMAX_126_134	126	134	8	130	-0.9683	80.46	81.412	80.668	79.778	73.63	TL
TMIN_82_89	82	89	7	85.5	-0.9972	68.09225	70.15775	67.4735	65.669	64.87475	TL
