SNPID	Line4	Line18	Line19	Line25	Line28	Line33	Line34	Line38	Line42	Line43	Line45	Line53	Line54	Line56	Line57	Line60	Line61	Line63	Line67	Line68	Line76	Line77	Line79	Line80	Line81	Line82	Line83	Line84	Line85	Line88	Line89	Line102	Line103	Line106	Line108	Line109	Line110	Line111	Line112	Line113	Line114	Line118	Line122	Line123	Line124	Line129	Line131	Line134	Line135	Line137	Line138	Line142	Line144	Line147	Line151	Line152	Line156	Line166	Line167	Line170	Line171	Line176	Line179	Line186	Line191	Line194	Line195	Line203	Line204	Line205	Line206	Line208	Line209	Line211	Line212	Line222	Line223	Line231	Line232	Line233	Line238	Line241	Line245	Line250	Line254	Line256	Line257	Line259	Line265	Line267	Line268	Line271	Line272	Line273	Line275	Line277	Line278	Line280	Line281	Line284	Line287	Line291	Line294	Line298	Line300	Line302	Line303	Line304	Line306	Line312	Line314	Line316	Line317	Line321	Line324	Line325	Line327	Line330	Line337	Line338	Line339	Line341	Line342	Line343	Line348	Line349	Line350	Line352	Line358	Line361	Line366	Line368	Line369	Line380	Line382	Line384	Line385	Line386	Line389	Line393	Line408	Line414	Line416	Line417	Line425	Line426	Line429	Line431	Line436	Line441	Line444	Line446	Line447	Line453	Line461	Line463	Line464	Line466	Line467	Line468	Line472	Line473	Line475	Line477	Line478	Line479	Line480	Line482	Line483	Line484	Line487	Line492	Line497	Line505	Line509	Line514	Line515	Line517	Line521	Line522	Line526	Line529	Line530	Line537	Line538	Line539	Line540	Line544	Line545	Line546	Line550	Line554	Line555	Line556	Line558	Line559	Line563	Line565	Line566	Line569	Test1708	Test3091	Test1178	Test3038	Test3134	Test4579	Test2935	Test3787	Test5142	Test4011	Test3140	Test566	Test348	Test4583	Test5212	Test375	Test1699	Test4154	Test1266	Test4678	Test3217	Test2458	Test312	Test1758	Test2401	Test1330	Test3528	Test1441	Test404	Test1437	Test2441	Test4550	Test1651	Test2770	Test3657	Test722	Test1674	Test4019	Test3332	Test2772	Test1631	Test4076	Test415	Test3721	Test4453	Test4768	Test1073	Test1152	Test526	Test1963	Test2966	Test4223	Test3688	Test705	Test3897	Test4904	Test4669	Test2643	Test3513	Test5061	Test2282	Test3517	Test2363	Test3623	Test2475	Test4908	Test657	Test1920	Test3453	Test409	Test796	Test3653	Test1023	Test163	Test1155	Test3434	Test651	Test2198	Test4288	Test4428	Test1700	Test4184	Test2167	Test1477	Test4208	Test4743	Test886	Test5149	Test2752	Test5177	Test4869	Test4239	Test4660	Test3183	Test1752	Test451	Test1004	Test1924	Test4676	Test77
chr1.s_208671368	0	0	0	1	1	1	1	1	1	2	2	1	2	1	0	1	2	2	1	0	0	0	1	1	0	0	0	1	1	1	2	1	1	1	1	0	0	0	0	0	1	2	0	0	1	1	1	1	1	2	2	2	1	2	2	1	0	1	1	1	1	1	1	0	1	1	1	0	1	0	1	0	0	0	0	1	1	1	1	1	1	2	1	0	1	1	0	0	2	1	0	1	1	0	1	2	1	1	1	1	1	1	2	1	1	1	0	0	1	2	2	2	1	1	0	1	2	0	0	0	0	0	0	0	0	0	0	1	1	0	0	1	1	2	2	1	0	0	0	1	1	1	1	2	1	1	0	1	1	1	0	1	1	2	1	1	1	2	1	2	0	0	0	1	1	1	1	1	2	2	2	2	1	1	2	0	0	0	1	1	1	2	1	0	0	1	0	0	0	1	0	2	0	1	2	1	0	0	0	2	0	0	1	0	0	2	1	1	0	1	1	1	1	1	1	1	1	2	1	0	0	1	2	1	1	1	1	1	1	1	1	1	0	1	0	1	0	1	0	1	0	1	1	0	2	2	1	2	0	1	2	0	0	1	0	0	0	1	1	1	0	1	0	0	0	0	0	0	2	1	1	1	0	1	2	0	0	1	1	1	0	2	1	2	1	0	1	1	2	0	1	1	1	1	1	2	0	0	1	1
chr3.s_164253351	0	0	0	0	0	0	0	1	1	0	1	1	0	0	0	1	1	0	0	0	0	0	0	0	0	0	0	0	0	1	0	0	1	0	0	0	0	0	0	0	0	1	0	0	0	0	0	1	2	1	0	0	0	1	0	0	0	0	0	0	0	0	0	0	1	0	0	0	0	0	1	1	0	0	0	1	2	0	0	0	0	0	1	0	1	1	0	0	0	0	0	0	0	0	0	0	0	0	0	0	0	0	0	0	0	1	0	1	1	0	0	0	0	0	0	0	1	0	0	0	1	1	0	0	0	0	0	1	1	0	0	0	0	0	0	0	0	0	0	1	0	0	1	1	0	0	0	0	0	1	0	0	0	0	1	1	0	0	1	1	0	0	0	0	1	0	1	1	0	0	1	0	1	0	1	0	0	0	0	0	0	0	0	0	0	0	1	0	0	0	0	1	0	0	0	0	0	1	2	1	0	0	1	0	1	1	0	0	0	0	0	1	0	1	1	0	1	1	0	0	0	0	1	1	0	1	0	0	0	0	0	1	1	0	0	0	0	1	0	0	1	1	1	0	1	0	1	0	0	1	0	0	0	0	0	1	1	0	0	0	0	0	0	1	1	1	0	1	1	1	1	0	0	0	0	1	0	0	1	0	1	0	0	0	0	0	0	0	0	0	1	0	0	2	1	0	0	0	0	1
chr4.s_200554998	0	0	1	1	0	0	0	2	1	1	1	2	1	1	2	1	2	2	2	2	1	0	0	1	1	2	1	2	1	1	0	0	0	0	1	1	1	1	1	1	0	1	1	1	0	2	2	2	2	1	0	1	1	2	1	1	2	1	0	2	1	1	0	1	0	0	1	1	0	0	0	0	1	1	0	1	1	2	1	1	2	1	1	1	1	1	1	1	0	1	1	1	1	1	1	0	0	0	1	1	2	2	0	0	0	1	1	2	2	2	1	0	1	1	0	1	2	1	1	1	2	1	1	0	2	1	2	1	0	0	1	1	2	1	0	0	1	1	0	2	0	1	1	1	2	2	1	0	1	0	1	1	1	0	1	1	2	1	1	0	0	0	0	1	2	1	2	2	2	2	2	1	2	1	2	1	1	0	0	1	1	1	1	1	1	1	1	1	2	0	1	1	2	1	0	0	0	0	1	2	1	0	2	1	2	1	0	2	1	0	0	2	2	2	0	1	2	1	1	2	2	1	1	2	1	1	1	1	1	0	1	0	0	1	1	1	1	1	0	0	1	0	1	0	2	1	0	0	1	1	1	1	2	0	1	2	2	1	2	0	1	2	2	2	2	1	1	1	1	0	0	0	1	1	1	2	0	0	2	2	2	0	1	1	1	1	2	0	1	1	1	2	1	1	2	1	0	1	2	1
chr10.s_110106013	0	0	1	0	1	0	0	1	1	0	0	0	0	1	0	1	0	0	0	1	0	0	0	0	0	0	0	0	0	0	1	0	0	0	1	1	1	0	1	0	0	0	0	0	0	0	0	0	0	0	0	1	2	0	0	0	1	1	1	0	0	0	1	0	0	1	2	0	0	0	0	0	0	0	0	0	0	1	2	0	0	0	0	0	0	0	0	0	1	1	0	0	0	0	0	0	0	0	1	1	0	0	0	0	1	2	0	1	1	0	0	0	0	0	1	0	1	0	0	0	0	0	0	0	1	1	1	0	0	0	0	0	1	1	0	0	0	0	0	0	1	0	0	0	0	0	0	0	0	2	0	1	1	0	1	0	2	1	0	0	1	0	0	1	2	0	1	1	0	0	0	0	0	0	0	0	0	0	0	0	1	1	0	0	0	0	0	0	1	1	1	0	0	0	0	0	0	0	1	0	0	0	0	1	0	0	0	0	0	0	1	0	0	0	0	0	0	0	1	1	2	1	0	0	1	0	0	1	0	0	1	1	0	1	1	0	0	1	0	1	0	1	0	0	0	0	1	0	0	0	0	0	1	0	0	1	2	1	2	1	0	1	0	0	1	0	1	0	0	0	0	0	1	0	0	0	0	0	2	0	1	0	0	0	0	1	0	0	0	1	0	0	1	0	0	0	0	0	1	0
chr4.s_161757304	0	0	0	0	0	0	0	0	0	1	1	1	0	0	0	0	0	0	1	0	0	0	0	0	0	0	0	0	0	1	0	0	1	0	0	0	0	0	0	0	0	0	0	0	0	1	1	0	0	0	0	1	1	0	1	1	0	0	0	0	0	0	1	0	0	0	0	0	0	0	1	1	0	0	0	0	0	0	0	0	0	2	1	0	0	0	0	0	0	0	0	0	0	0	0	0	0	0	0	0	1	0	0	0	1	1	0	0	0	1	1	0	0	0	0	0	0	0	0	0	1	1	0	0	0	0	0	1	1	0	0	1	1	0	0	0	0	0	0	2	0	0	0	1	0	0	0	0	1	0	0	0	0	1	0	0	0	0	0	0	0	1	1	0	0	0	0	1	2	1	1	0	0	1	1	0	0	0	0	0	0	0	0	0	0	0	0	0	0	0	0	0	0	0	0	0	0	0	0	1	0	0	0	0	1	0	1	0	0	1	0	0	0	0	0	0	1	1	0	1	0	0	0	0	0	0	0	0	0	0	0	0	0	1	1	0	1	1	0	1	0	0	0	0	1	1	0	0	0	0	0	0	0	0	0	0	1	1	0	0	0	0	0	1	0	0	0	1	1	0	1	1	0	0	0	0	0	1	0	0	0	1	0	0	1	0	0	0	0	0	1	1	1	0	0	0	0	0	1	0
chr3.s_183117105	0	0	0	0	0	1	1	0	0	0	0	1	0	0	0	0	0	0	0	0	0	0	0	0	0	0	0	0	0	1	0	0	0	0	0	1	1	1	0	0	0	1	0	0	0	0	0	0	1	1	0	0	0	0	0	0	0	0	0	0	0	1	0	0	0	0	0	0	0	0	0	0	0	0	0	0	1	1	1	0	0	0	0	0	0	0	0	0	0	0	0	0	0	0	0	0	0	0	0	0	0	0	0	0	0	0	0	0	0	0	0	0	0	0	0	0	0	0	0	0	0	0	0	0	0	0	1	1	0	0	0	0	0	0	0	0	1	1	0	0	0	0	0	0	0	0	1	0	0	0	0	1	1	0	0	0	0	0	1	1	0	0	0	0	0	0	0	0	0	0	1	0	0	0	0	0	0	0	0	0	1	0	0	0	0	0	0	0	0	0	0	0	0	0	0	0	0	0	0	0	0	0	1	0	0	0	0	0	0	0	0	0	0	0	0	0	0	0	0	0	0	0	2	0	0	0	0	0	0	0	0	0	0	0	0	0	0	0	0	0	0	0	0	0	1	0	0	0	0	1	0	1	0	0	1	0	0	0	0	0	0	0	0	0	0	0	0	0	0	0	0	1	1	1	0	0	0	0	0	0	0	0	0	0	0	0	0	0	0	0	0	0	0	1	0	0	1	0	0	0
chr1.s_62425507	0	0	0	0	0	1	0	0	0	0	0	0	1	0	0	0	0	1	0	0	0	0	1	1	0	0	0	1	1	0	0	0	0	1	1	0	0	0	0	0	0	0	1	1	1	0	0	0	0	0	1	1	0	0	1	1	0	0	0	0	0	0	0	0	0	0	0	0	0	1	0	0	1	0	0	0	0	1	1	0	0	1	0	0	0	0	0	0	0	0	0	1	1	0	0	0	0	0	0	0	0	0	0	0	0	0	1	1	0	0	1	1	0	0	0	0	0	1	0	0	0	0	0	0	1	1	1	1	1	0	0	0	0	1	1	1	1	0	1	1	0	0	1	1	1	1	0	0	0	1	0	1	1	1	0	0	1	1	0	0	0	1	0	1	1	0	0	0	0	0	0	1	0	0	0	0	0	0	0	0	0	0	0	0	0	0	0	0	0	0	0	0	0	0	0	1	0	0	0	0	0	0	0	1	0	0	1	0	0	0	0	0	0	0	1	0	0	0	0	0	1	0	0	0	0	0	1	1	0	1	0	1	0	0	0	1	0	0	0	1	0	2	0	0	0	1	1	2	0	0	0	0	0	1	0	0	0	0	1	0	0	1	0	1	0	1	0	0	1	0	0	1	0	0	1	0	0	1	1	0	0	2	0	1	0	0	0	0	0	0	0	0	0	0	0	0	0	0	0	0
chr6.s_93424530	0	0	1	1	1	2	1	0	0	0	0	2	2	1	1	0	0	1	1	0	1	1	0	0	1	1	1	1	1	1	2	1	0	1	1	1	0	1	0	1	1	2	1	2	0	0	1	0	1	2	2	1	0	0	0	1	0	1	1	0	0	1	2	1	1	0	1	1	1	1	2	1	1	1	0	1	2	2	1	1	2	1	1	1	1	1	0	0	2	1	0	2	2	1	0	0	0	1	2	0	1	1	1	1	0	0	2	1	1	1	2	1	1	1	0	0	1	1	0	0	0	0	0	0	0	0	1	1	0	1	0	1	2	2	1	0	1	0	2	0	0	1	1	1	1	1	0	1	1	1	1	1	2	0	2	2	1	2	2	2	1	1	1	2	1	2	1	1	1	1	2	1	2	2	2	1	1	1	1	1	2	2	1	2	2	1	2	1	2	1	0	2	2	2	2	2	2	1	0	1	0	0	1	1	1	1	0	0	1	1	1	0	0	2	1	0	2	1	1	1	0	1	2	0	1	1	1	1	0	1	2	1	0	1	2	1	1	1	0	1	1	1	1	2	2	1	1	1	0	1	0	1	1	0	1	2	1	0	1	1	2	1	1	0	0	2	0	1	2	1	0	0	0	2	0	1	0	0	1	2	1	1	1	1	0	2	1	1	1	2	0	2	1	2	1	1	0	0	1	0
chr3.s_229714051	0	1	1	0	1	0	0	0	0	0	0	1	0	0	0	0	1	1	0	0	0	0	0	0	0	0	0	0	0	0	0	0	0	0	0	0	0	0	0	0	0	0	1	1	0	0	0	0	0	0	0	0	0	1	1	0	0	0	0	0	0	1	0	0	0	0	0	0	0	0	0	0	0	0	0	0	0	0	0	0	0	0	0	0	0	0	0	0	0	0	0	0	0	0	0	0	0	0	0	0	0	0	0	0	0	0	0	0	0	0	0	0	0	1	0	1	1	0	0	0	0	0	1	1	0	0	0	0	0	1	0	0	0	0	0	0	0	0	0	0	0	0	0	0	0	0	0	0	0	0	0	0	0	0	0	0	0	0	1	1	0	0	0	0	0	0	0	0	0	0	0	0	0	0	1	0	0	0	0	0	0	0	0	0	0	0	0	0	0	0	0	0	1	1	0	0	0	0	0	0	0	0	0	0	0	0	0	0	1	0	1	0	0	0	0	0	1	0	0	0	0	0	0	0	0	0	0	0	0	0	0	0	0	0	0	0	0	0	1	0	0	0	0	0	0	0	0	0	0	0	1	0	0	0	0	0	0	0	0	0	0	0	0	0	0	0	0	0	0	0	0	0	0	0	1	0	0	0	0	0	1	0	0	0	0	0	0	0	1	0	0	0	0	0	0	1	0	0	1	0
chr10.s_6427986	0	0	0	1	0	2	2	0	0	0	0	1	1	1	1	0	0	1	2	1	0	0	1	1	0	0	0	1	1	1	0	0	1	1	1	0	0	0	1	1	1	1	1	1	1	0	0	0	0	0	0	0	0	0	0	1	0	0	0	1	1	1	0	0	0	1	1	0	0	1	0	1	1	1	2	0	0	1	0	1	2	1	1	0	0	0	0	0	0	0	0	1	1	0	0	1	1	0	0	1	0	0	1	2	1	0	1	0	0	1	1	0	1	2	0	0	0	2	0	0	0	0	0	0	0	0	1	1	0	0	0	0	0	0	1	2	1	1	2	1	0	2	2	2	1	1	0	0	0	1	1	0	0	0	0	0	0	0	1	1	1	2	2	1	0	1	0	0	0	0	0	0	2	1	2	0	0	0	0	0	1	0	0	0	0	0	0	0	0	0	0	1	0	0	0	1	1	2	1	0	0	0	0	1	1	1	1	1	0	0	0	0	0	1	1	0	1	0	0	0	0	0	1	1	1	0	1	1	0	1	0	1	0	0	0	2	0	0	0	1	0	1	0	1	0	0	0	0	1	1	1	1	0	1	1	0	0	0	0	0	0	0	0	1	0	1	0	0	0	0	1	0	0	1	0	0	0	0	0	1	0	0	1	0	0	0	1	0	1	0	1	2	0	0	2	0	0	0	0	1
chr2.s_10509220	0	0	1	0	1	1	1	1	1	0	0	1	1	0	2	0	0	0	0	0	0	0	0	0	0	0	0	0	0	1	1	0	0	0	0	1	0	0	0	0	1	1	1	2	0	0	0	0	1	1	1	1	0	0	1	1	0	0	0	0	0	1	2	0	1	0	1	0	1	0	1	0	1	2	0	1	2	1	0	2	0	0	0	0	0	0	0	0	1	1	0	1	0	1	0	0	0	0	1	0	0	0	1	0	1	2	1	1	1	0	1	1	1	1	0	0	0	0	1	1	0	0	0	0	0	0	1	1	1	1	0	0	1	1	1	0	1	1	1	0	0	0	0	0	0	0	0	0	0	1	0	0	1	0	2	1	0	1	0	1	0	0	1	1	1	1	1	1	0	0	1	2	1	0	0	0	1	1	0	0	1	1	0	1	0	0	1	0	1	0	0	1	1	2	1	0	1	1	1	0	0	1	1	1	0	0	1	0	1	0	1	0	0	0	1	1	0	0	0	0	0	0	2	0	0	0	0	1	0	1	1	1	1	1	1	1	1	1	0	1	1	1	0	1	1	0	0	1	1	1	0	1	1	0	2	1	1	0	0	0	0	0	0	0	1	0	0	0	1	1	0	0	0	1	0	0	0	0	1	1	0	1	0	0	0	2	0	0	0	1	0	1	0	1	0	1	0	1	0	0
chr1.s_14332359	0	0	1	1	2	1	1	1	1	1	1	1	0	0	1	1	1	0	1	1	0	0	0	1	0	1	1	1	1	1	0	1	0	0	1	1	1	1	2	2	2	1	1	1	2	1	2	0	0	1	1	1	1	1	0	1	1	1	1	1	1	1	0	0	0	0	1	2	2	2	1	1	2	2	1	0	0	1	0	2	2	2	1	0	0	1	0	1	0	1	1	0	0	0	0	0	0	0	1	2	2	1	1	1	1	1	1	1	2	0	0	0	1	1	0	0	1	1	0	0	0	0	1	1	1	1	1	1	0	1	0	1	2	2	1	1	1	1	1	1	0	1	1	1	0	0	0	1	1	0	0	0	0	1	1	1	1	1	1	1	2	2	2	2	2	1	1	1	1	0	0	0	1	2	1	0	1	1	0	1	1	1	1	1	1	1	0	1	2	0	1	1	1	1	2	2	1	1	1	2	0	0	0	1	1	0	1	1	1	0	1	2	0	1	0	1	1	2	2	0	1	1	0	1	0	1	1	1	1	0	1	0	1	1	0	1	0	1	1	1	1	0	1	2	0	0	1	1	1	0	0	1	1	0	1	2	1	1	2	1	1	2	1	0	2	2	1	1	0	0	1	2	1	1	1	1	0	1	1	1	1	1	1	1	1	2	2	1	0	1	0	2	0	1	1	0	0	1	0	1
chr9.s_4989414	1	0	0	0	1	0	0	0	0	0	0	1	0	0	1	0	0	0	1	0	0	0	1	1	0	0	0	0	0	0	0	1	0	1	1	0	0	0	0	0	1	1	0	1	1	1	1	0	0	0	0	1	1	1	1	2	0	0	0	1	1	0	0	0	0	0	0	0	1	0	2	1	0	1	1	0	0	1	0	1	1	1	1	0	0	0	0	0	0	1	1	0	0	0	0	0	0	0	0	0	0	1	1	1	0	0	1	0	0	0	0	0	1	1	1	1	1	2	0	0	1	1	1	1	0	0	0	0	0	0	0	0	0	1	1	0	1	1	2	0	0	1	1	1	1	1	1	0	1	1	0	0	0	0	0	0	0	1	0	1	1	0	1	1	0	1	0	0	0	0	1	0	1	1	2	0	1	1	0	0	0	1	1	0	0	0	0	1	1	1	1	2	0	1	1	0	1	1	0	0	0	0	1	1	2	0	1	0	0	1	1	0	0	0	0	1	1	0	0	0	0	0	0	1	1	1	0	1	0	1	0	1	0	0	0	2	0	1	0	0	0	1	0	1	0	1	1	1	0	1	0	1	0	1	0	1	0	0	0	1	0	0	0	0	1	1	1	1	0	0	0	0	0	0	1	1	1	0	0	1	0	0	0	1	1	1	1	0	1	0	1	1	0	1	2	0	0	0	0	0
chr2.s_240579504	1	1	0	1	1	0	0	1	0	0	0	1	0	0	1	1	2	1	1	0	0	0	0	0	1	1	1	0	0	1	1	2	1	1	0	1	1	2	0	1	1	1	1	2	0	1	1	0	0	0	0	0	0	1	1	0	1	0	0	0	0	1	0	0	1	1	0	1	1	0	1	0	1	2	1	0	0	1	0	1	1	1	1	1	0	0	0	0	0	1	1	1	1	0	1	1	1	1	0	0	1	1	1	0	0	0	1	0	1	0	0	0	1	1	0	1	1	0	0	0	0	0	0	0	0	0	1	1	0	0	1	2	1	1	1	0	0	0	1	0	0	0	0	1	0	0	1	0	0	0	0	0	0	1	0	1	0	1	1	1	0	0	1	1	0	1	0	0	0	0	1	0	1	1	1	0	0	0	0	0	1	1	1	0	0	1	0	1	0	1	0	1	1	1	1	0	1	1	0	1	0	1	1	0	0	1	0	0	0	1	0	1	1	1	0	0	2	0	0	0	0	0	0	0	0	0	1	0	0	0	0	0	1	1	1	1	0	0	0	0	2	0	1	2	0	1	0	0	0	1	0	2	1	0	1	0	0	0	0	0	2	0	1	0	1	0	1	0	0	0	0	0	1	2	1	0	1	1	0	1	1	0	1	0	1	0	1	1	1	0	0	1	1	0	0	2	1	1	1	0
chr3.s_59072031	1	1	0	0	0	1	1	0	0	0	0	1	0	0	1	0	0	0	0	1	0	0	0	0	0	0	0	0	0	0	0	1	0	1	0	0	0	0	0	0	0	1	2	1	1	0	0	0	0	0	0	0	0	0	0	1	1	0	0	0	0	0	0	0	0	1	0	0	0	1	0	1	1	0	1	0	0	1	0	1	1	0	0	0	0	0	0	0	0	0	1	1	0	1	0	0	1	1	0	0	0	0	0	1	1	0	0	0	0	0	0	0	1	1	0	0	0	1	1	0	1	0	0	0	0	0	0	0	1	1	1	1	0	0	0	1	1	1	0	0	0	1	1	0	1	0	0	0	0	0	1	1	1	0	0	0	0	0	0	0	1	2	1	0	0	0	0	0	0	0	0	0	1	0	0	0	1	0	0	0	0	0	1	1	0	0	0	1	0	1	0	0	0	0	0	1	0	0	0	0	1	1	0	0	1	0	1	0	0	1	0	0	0	0	0	0	0	1	1	0	1	1	0	0	0	0	0	0	0	1	0	1	0	0	1	1	1	0	1	1	0	0	0	0	0	0	0	0	1	0	0	0	0	1	0	0	0	0	1	0	0	0	0	0	0	1	0	0	0	1	1	1	1	0	0	1	1	1	0	1	1	0	1	0	0	0	1	1	0	0	2	1	0	1	1	0	1	1	0	1
chr9.s_23406050	2	1	1	1	0	0	0	1	1	1	1	1	1	1	1	0	0	0	0	0	1	1	1	0	2	1	2	0	1	0	1	0	1	0	0	0	0	0	0	0	0	0	1	1	1	0	0	0	0	0	0	0	0	0	0	1	0	1	1	0	1	1	0	2	1	1	1	0	0	0	1	1	0	0	0	0	0	0	0	0	2	1	1	2	1	0	2	2	1	1	2	1	2	1	1	1	1	0	0	1	0	0	1	0	1	1	0	0	1	0	0	1	1	0	0	0	0	1	2	2	1	1	1	1	0	1	0	0	1	0	1	0	0	0	0	0	1	1	0	1	1	2	2	1	1	1	1	1	0	1	2	1	0	0	1	1	0	0	1	1	0	0	0	0	0	1	1	0	0	0	1	1	0	0	0	2	1	1	2	1	1	0	1	0	1	0	1	0	0	1	1	0	1	1	1	1	0	1	1	0	2	1	0	0	1	0	0	0	2	0	0	0	2	0	1	1	0	0	0	1	0	1	0	0	1	1	0	0	1	0	1	0	1	1	0	0	1	0	1	1	0	1	1	0	0	0	1	1	1	0	0	1	1	1	1	0	0	0	0	2	1	0	1	2	1	0	1	1	1	1	0	1	0	0	1	2	2	1	0	1	0	0	2	0	1	0	1	1	0	0	2	0	0	0	1	0	1	1	0	1
chr5.s_66772937	0	1	0	1	1	1	0	0	0	1	1	0	1	1	0	0	1	1	0	1	1	1	1	0	1	0	1	0	1	1	0	1	1	1	0	0	0	1	0	1	1	1	0	1	0	1	1	0	1	1	0	0	0	2	1	1	1	1	1	0	1	0	0	0	1	1	0	1	1	1	1	0	1	1	0	0	1	1	1	0	1	0	0	1	1	0	1	1	0	0	0	0	0	0	1	1	1	1	0	0	1	2	1	0	1	1	1	0	0	1	1	0	0	0	0	1	1	1	1	1	2	2	1	1	1	2	1	0	0	0	1	1	0	2	1	0	1	0	1	1	0	1	1	0	1	1	1	2	0	0	1	1	1	1	0	1	1	2	2	2	0	2	2	2	1	1	0	0	1	0	2	0	1	0	0	1	1	1	1	0	0	0	0	0	0	1	0	1	0	1	0	1	1	1	1	1	2	1	0	1	0	1	1	0	2	2	0	0	1	1	0	0	1	2	0	1	0	1	1	1	2	1	1	1	1	1	1	0	0	0	0	0	2	2	0	0	1	0	0	2	2	0	1	1	1	2	0	0	0	1	0	0	0	0	0	0	0	0	2	1	1	1	1	1	0	1	0	0	1	0	1	1	1	0	1	1	0	1	1	0	1	0	0	0	1	0	2	1	1	1	1	0	1	1	2	1	0	0	1	1
chr1.s_5104598	0	0	0	0	0	0	0	0	0	0	1	0	0	0	0	0	0	1	0	0	0	0	0	0	0	0	0	1	1	0	0	0	0	0	0	0	0	0	0	0	0	0	0	0	0	0	0	0	0	0	0	0	0	0	0	0	0	0	0	0	0	0	0	0	0	0	0	0	0	0	0	0	0	0	0	0	0	0	0	0	0	0	0	0	0	0	0	0	0	0	0	1	1	1	1	0	0	0	0	0	0	0	0	0	0	0	0	0	0	0	0	0	0	0	0	0	0	0	0	0	0	0	0	0	0	0	0	0	1	0	0	0	0	0	0	0	0	0	0	0	0	0	0	0	0	0	0	0	0	0	0	0	0	0	0	0	0	0	0	0	0	0	0	0	0	0	0	0	0	0	0	0	0	0	0	0	0	0	0	0	0	0	0	0	0	0	0	0	0	0	0	0	0	0	0	0	1	0	0	0	0	0	0	0	0	0	0	0	0	0	0	0	0	0	0	0	0	0	0	0	0	0	0	0	0	0	0	0	0	0	0	0	0	0	0	0	0	0	0	0	0	0	1	0	0	0	0	0	0	0	0	0	0	0	0	0	0	0	0	0	0	0	0	0	0	0	0	0	0	1	0	0	0	0	0	0	0	0	0	0	0	0	0	1	0	0	0	0	0	1	0	0	0	0	0	0	0	0	0	0
chr5.s_18923495	0	2	1	0	0	1	1	1	0	1	1	0	0	0	0	0	0	0	1	1	1	1	2	1	1	0	1	0	1	0	1	1	0	2	1	0	0	0	0	0	0	0	1	0	1	1	1	0	0	0	0	0	0	1	0	1	1	1	1	1	2	0	0	1	0	1	0	0	0	1	0	1	1	0	1	0	0	0	0	0	1	1	1	1	1	0	1	1	0	0	0	1	1	1	0	0	1	1	0	0	0	0	0	2	1	0	0	0	0	0	0	0	0	0	0	0	0	2	2	2	1	1	1	1	0	1	0	0	0	1	1	1	0	0	1	2	1	1	0	1	0	1	1	1	2	2	1	1	1	0	0	0	1	0	0	0	0	0	0	0	2	1	0	0	0	0	0	0	1	0	0	0	0	1	1	1	1	1	1	0	0	0	0	1	1	0	1	1	0	2	0	1	1	1	0	1	0	0	0	1	0	2	0	1	1	0	1	0	2	2	0	0	2	0	0	1	1	1	1	2	1	1	0	0	0	2	1	1	0	2	0	1	1	0	1	1	1	1	0	1	0	0	0	0	0	0	0	0	1	0	0	1	0	1	1	0	1	0	1	2	0	0	0	1	0	1	0	0	0	1	1	1	1	0	0	1	0	1	0	0	1	0	0	0	2	0	1	1	1	0	2	0	1	0	1	0	0	0	1	1
chr4.s_179687033	0	0	0	0	1	1	1	1	1	0	0	1	1	0	1	0	0	0	1	0	0	1	1	1	1	1	1	1	1	0	0	0	1	0	1	0	1	0	1	0	1	1	1	1	1	0	0	0	1	1	1	1	0	0	0	1	0	0	1	1	1	0	0	0	1	0	0	0	1	1	1	1	2	2	1	0	1	2	1	1	1	1	1	0	0	1	1	1	0	0	0	0	0	0	1	1	0	0	0	1	0	0	1	1	1	1	1	1	1	0	1	1	1	1	0	0	0	1	0	0	0	1	0	1	1	1	0	0	0	0	0	0	0	1	1	1	1	1	1	0	0	1	2	2	0	0	1	1	1	0	0	0	0	1	0	0	1	1	0	1	1	1	1	1	1	1	1	1	0	0	1	1	1	1	2	0	0	1	1	1	0	0	0	0	0	1	0	0	0	1	1	1	0	1	1	1	1	1	1	0	0	0	1	0	1	1	1	1	1	0	0	1	0	0	1	0	1	0	0	0	0	0	1	1	0	0	0	0	1	0	0	0	1	0	0	1	0	1	0	1	0	1	0	1	1	1	0	1	1	1	0	0	0	0	0	0	1	0	0	2	0	1	0	0	1	1	1	1	1	0	1	1	0	0	0	0	0	0	1	1	0	1	0	0	0	0	1	0	0	0	0	1	1	1	1	0	0	1	0	0
chr1.s_107189448	0	0	0	2	0	0	0	0	0	1	1	1	0	0	0	0	1	1	1	0	1	1	0	0	1	1	1	0	0	0	1	0	1	0	0	1	1	2	0	1	0	0	0	0	0	2	1	0	0	1	1	0	0	1	1	0	0	1	1	0	0	0	1	0	1	1	1	1	0	0	0	0	0	0	0	0	0	0	0	0	1	1	1	1	1	1	1	1	1	1	0	0	0	1	2	2	1	0	0	0	1	1	0	0	0	0	0	0	1	0	0	0	0	1	0	1	2	0	0	0	0	0	0	0	0	0	0	0	0	0	0	0	0	0	0	0	1	1	0	1	0	0	0	1	0	0	1	1	0	1	0	0	0	1	0	1	0	0	1	0	0	0	0	0	0	0	0	0	1	0	1	0	0	1	1	0	0	0	1	1	1	1	0	1	1	2	0	1	1	0	1	0	1	0	1	1	0	0	0	1	0	0	1	0	0	1	0	0	0	0	1	0	0	1	0	0	1	2	1	0	0	0	0	0	0	0	1	0	0	0	0	0	0	1	0	0	0	0	0	0	1	0	1	1	0	1	0	0	0	0	1	0	1	0	0	1	0	0	0	0	2	0	2	0	0	1	0	0	0	0	0	0	1	0	1	0	0	0	0	0	0	0	1	0	1	0	0	1	1	0	0	0	1	0	0	1	1	0	1	0
chr4.s_236812407	0	0	0	2	0	0	0	1	1	1	0	0	0	0	0	0	0	0	1	1	0	0	0	0	0	0	0	0	0	1	2	1	1	0	0	0	0	1	0	1	0	0	0	0	0	0	1	0	0	0	0	1	1	0	0	0	0	0	0	0	0	1	1	0	1	0	0	1	0	0	0	0	0	0	0	0	0	0	0	0	0	1	0	0	1	1	0	0	2	1	0	1	0	1	1	1	0	0	0	0	2	1	0	0	0	0	1	1	0	0	0	0	0	0	0	0	0	0	0	0	0	0	0	0	0	0	1	1	0	1	0	0	0	0	0	0	0	0	0	0	0	0	0	0	0	0	0	0	0	1	0	0	1	1	0	1	0	0	1	0	0	0	0	0	0	0	0	0	0	0	0	0	0	0	1	0	0	0	0	0	1	1	0	1	0	1	0	0	0	0	0	0	1	0	0	0	1	0	0	0	0	0	0	0	0	1	0	0	0	0	1	0	1	1	0	0	0	0	0	0	0	1	0	0	0	0	1	0	1	1	1	1	0	1	1	0	0	0	0	0	1	0	1	0	0	1	0	0	0	0	0	1	1	0	1	0	0	1	0	0	1	0	1	0	0	0	0	0	0	1	0	0	0	1	0	0	0	1	0	0	0	0	0	0	0	0	0	0	0	1	1	0	1	0	0	1	0	0	0	0
chr9.s_153247841	0	0	1	1	1	1	1	1	0	1	1	2	0	0	1	0	1	1	0	0	0	0	1	1	0	0	0	0	0	1	0	0	0	1	1	1	0	1	0	1	1	1	1	1	1	1	1	2	1	1	1	0	0	1	1	0	0	1	1	0	0	1	0	0	0	0	1	1	1	1	1	1	1	1	1	1	0	1	0	1	0	0	0	0	0	0	0	0	0	0	0	0	0	0	0	0	0	0	1	0	1	1	1	1	1	0	1	0	0	1	0	0	1	1	0	1	2	1	0	0	0	0	0	0	0	0	1	1	0	0	0	0	1	1	2	2	1	1	2	1	0	0	0	0	1	1	0	0	0	0	0	0	0	0	1	1	0	1	1	1	2	1	1	1	0	1	0	0	1	1	0	0	1	0	1	0	1	1	0	0	1	0	0	0	0	0	1	0	1	0	0	1	1	1	1	1	1	1	0	1	0	0	0	2	0	0	1	0	0	0	0	0	1	1	0	0	0	1	1	0	0	0	0	0	0	0	2	2	0	1	1	0	0	1	0	2	0	0	0	1	1	0	1	2	0	0	0	0	1	0	1	1	1	1	1	1	0	0	0	0	1	0	1	0	0	1	0	0	0	0	1	0	0	1	1	0	0	0	0	1	0	0	0	1	1	2	0	0	1	1	0	2	0	0	0	1	0	0	1	0
chr8.s_173748275	0	0	0	0	0	0	0	0	0	1	2	0	0	0	1	1	1	1	0	0	0	0	0	0	1	1	1	1	1	1	0	0	0	0	0	1	1	1	1	1	1	0	1	2	0	1	1	0	1	1	0	0	0	0	0	0	0	0	0	0	0	0	0	1	0	0	0	0	0	0	1	1	1	2	0	0	1	0	0	0	0	0	0	1	1	1	0	0	0	0	0	0	1	0	0	0	0	0	0	0	0	0	0	0	0	0	1	0	0	0	0	0	0	0	1	1	0	0	1	1	0	0	0	0	1	1	1	0	0	0	0	1	1	1	0	0	0	0	1	2	0	0	1	1	0	0	0	0	0	1	0	0	0	0	0	0	0	0	0	0	0	0	1	1	0	1	0	0	1	0	1	0	1	0	0	0	0	0	0	0	0	0	0	0	1	0	1	0	0	0	0	0	0	0	0	0	1	1	0	1	0	1	1	0	0	1	0	0	0	0	0	1	0	1	0	0	0	1	0	1	1	0	1	1	1	1	0	0	0	0	0	0	0	0	0	0	0	0	0	0	0	1	1	1	1	0	0	0	1	1	0	0	0	0	0	0	1	0	1	0	1	1	0	1	0	0	1	1	0	1	1	1	1	1	0	1	1	0	0	0	0	0	0	0	1	0	0	0	0	0	0	0	1	1	1	0	1	1	1	0
chr10.s_83284992	0	0	0	1	0	1	0	0	0	1	2	2	1	1	1	0	0	0	0	0	0	0	0	0	0	0	0	0	0	1	0	0	1	0	0	0	0	1	0	1	0	0	0	1	0	1	1	0	0	0	0	1	1	0	1	1	0	0	0	0	0	1	0	0	2	0	0	1	0	1	0	0	1	1	0	1	1	1	0	1	0	0	0	0	0	0	0	0	0	0	0	0	0	0	1	1	0	0	0	0	1	1	0	0	0	0	1	0	0	1	1	0	1	1	0	0	0	0	0	0	0	0	0	0	0	0	1	1	0	0	0	0	0	0	0	0	1	0	1	1	0	0	0	0	0	0	0	0	0	0	0	0	0	2	1	2	0	0	1	0	0	1	1	1	0	1	0	0	1	0	0	0	2	0	0	0	0	0	0	0	1	0	0	0	0	1	0	0	0	0	0	1	1	0	0	1	1	1	0	1	0	0	0	0	0	2	1	0	0	0	0	0	0	2	0	0	0	1	0	0	0	0	0	0	1	0	1	0	0	0	0	0	0	1	0	1	0	0	0	1	1	0	2	2	0	1	0	0	0	0	0	1	0	0	1	0	0	0	0	0	1	0	1	0	0	1	0	0	0	1	0	0	0	1	0	0	0	0	0	1	0	1	0	0	1	0	0	0	0	0	0	1	1	0	0	0	0	0	0	0
chr10.s_129682479	2	1	0	1	0	1	1	0	0	0	0	1	0	0	0	1	1	0	0	1	1	1	1	1	2	2	2	1	1	1	0	1	1	1	0	1	1	2	1	2	1	1	0	0	1	0	0	0	0	1	1	1	1	0	1	1	2	2	2	1	1	0	0	0	1	2	1	1	0	0	1	1	0	0	0	0	0	0	0	1	0	0	1	1	2	2	1	1	0	0	1	0	0	0	1	1	1	1	0	0	1	1	1	1	0	0	0	0	0	0	0	0	0	1	0	0	0	0	2	2	1	1	1	1	1	1	0	0	2	0	1	2	1	0	0	0	0	0	0	0	0	1	0	0	1	1	1	1	1	0	1	1	0	2	0	1	0	0	2	1	0	0	0	0	0	0	0	0	0	0	0	0	1	0	1	1	2	2	1	1	0	0	1	0	0	1	1	1	0	1	1	0	2	1	0	0	0	0	0	1	1	2	0	0	0	2	1	1	2	1	0	2	1	2	0	2	0	0	2	1	1	1	1	1	0	0	1	0	1	0	0	0	2	1	0	0	1	0	1	0	2	0	1	1	0	1	1	1	0	0	1	0	0	1	1	0	0	0	1	1	1	1	1	1	0	0	1	2	0	0	1	1	2	1	1	1	2	1	0	0	1	1	1	0	0	1	1	1	1	0	1	0	1	1	0	0	2	1	0	2
chr4.s_5768596	1	0	1	0	2	2	2	2	1	0	0	1	1	1	1	1	0	0	0	1	1	1	1	2	0	1	0	1	0	1	1	0	1	1	2	1	1	0	1	0	1	1	2	2	1	0	0	0	0	0	1	1	1	0	1	2	1	0	0	1	0	1	2	2	1	0	1	1	2	2	2	2	1	1	1	0	0	1	1	1	1	1	0	0	1	2	1	1	1	1	1	1	2	0	1	1	0	0	1	1	1	1	2	1	1	1	2	2	2	0	1	1	1	2	1	0	1	1	2	1	2	1	1	1	1	0	1	2	1	1	0	0	1	1	1	1	1	1	2	0	1	1	1	0	2	1	0	1	1	1	1	2	1	1	2	1	1	1	1	2	1	1	1	1	1	1	1	2	1	1	0	2	2	0	1	1	2	1	0	1	2	1	1	0	1	1	2	0	1	0	1	2	1	2	2	2	2	2	2	0	2	1	0	1	2	2	1	1	1	0	2	1	1	1	2	0	0	0	1	1	1	1	1	2	1	1	0	1	1	0	1	1	0	0	0	2	2	1	2	1	0	1	0	2	1	2	1	1	1	0	1	2	1	2	1	1	2	2	1	0	0	1	1	0	1	1	1	2	1	0	1	1	1	1	0	0	1	1	1	1	1	1	1	0	1	2	2	1	0	2	2	1	2	1	2	0	1	1	1	1
chr5.s_111603380	0	1	1	0	1	0	0	0	0	0	0	0	0	0	0	0	0	0	0	0	0	0	1	1	0	0	0	0	0	0	0	0	0	1	1	0	0	0	0	0	0	0	0	0	0	0	0	0	0	0	0	0	0	0	0	0	0	0	0	0	0	0	0	0	0	0	0	1	1	1	0	0	0	0	0	0	0	0	0	0	0	0	0	0	0	0	0	0	0	0	0	0	0	0	0	0	0	0	0	0	0	0	0	0	0	0	0	0	0	0	0	0	0	0	0	0	0	1	0	0	0	0	1	1	0	0	0	0	0	0	0	0	0	0	1	1	0	0	1	0	0	0	0	0	1	1	0	0	1	0	0	0	0	0	0	0	0	0	1	1	1	0	0	0	0	0	0	0	0	0	0	0	0	0	1	0	0	0	0	0	0	0	0	0	0	0	0	0	0	0	1	1	0	0	0	0	0	0	0	0	0	0	0	1	0	0	0	0	0	1	1	0	0	0	0	0	0	0	0	0	0	0	0	0	0	0	1	1	0	1	0	0	0	0	0	1	0	1	0	0	0	0	0	0	0	0	0	0	0	0	0	1	0	1	0	0	0	0	0	0	0	0	0	0	0	0	0	0	0	0	0	0	0	0	0	0	0	0	0	0	0	0	0	1	1	0	0	0	0	0	0	0	0	0	0	0	0	0	0	0
chr3.s_228868326	0	1	2	0	2	0	0	1	1	0	0	2	1	0	1	1	2	1	1	1	0	0	0	0	0	0	1	0	1	1	0	0	2	0	1	1	1	0	1	0	1	2	0	1	1	0	0	0	0	0	1	1	0	1	1	0	0	0	0	0	1	1	0	1	1	0	1	1	2	1	1	0	0	1	0	0	0	2	1	1	0	0	0	0	0	0	0	1	0	0	0	2	2	1	1	1	0	0	1	1	0	0	1	0	1	2	1	1	1	0	1	1	1	1	0	1	1	0	0	0	0	0	1	1	1	2	2	1	0	2	0	1	2	1	1	0	0	0	1	1	0	0	0	0	0	0	0	0	0	1	1	1	2	1	1	0	2	2	1	2	0	1	2	2	2	1	1	1	0	0	0	1	1	0	1	0	1	1	0	0	1	0	0	1	1	1	2	0	1	1	1	1	0	1	1	0	2	1	1	0	0	0	0	1	0	1	0	0	1	0	1	1	0	0	1	0	0	0	0	1	1	0	0	1	0	1	0	1	0	1	1	1	1	1	1	1	0	1	1	1	0	2	0	1	0	1	1	2	0	0	0	1	1	0	1	1	2	0	0	2	0	0	0	1	1	0	1	0	1	1	0	1	0	1	2	0	0	0	2	1	0	1	0	0	0	2	1	0	1	2	0	2	2	0	1	1	0	0	2	1
chr9.s_110365440	0	0	0	0	0	0	1	0	0	0	0	0	0	0	0	0	0	0	0	0	0	0	0	0	0	0	0	0	0	1	0	0	1	0	0	0	0	0	0	0	0	1	1	0	1	0	0	0	1	1	0	1	1	0	1	2	0	0	0	0	0	0	1	0	2	0	0	0	0	0	0	1	0	0	1	1	2	0	0	1	2	0	0	0	0	0	0	0	0	0	0	0	0	0	1	1	0	0	0	0	1	1	0	1	1	0	0	0	1	0	0	0	0	0	0	0	0	1	0	0	1	1	0	0	0	0	0	0	1	0	0	0	0	0	0	1	1	2	0	0	0	1	1	0	0	0	0	0	0	0	0	0	0	2	0	0	0	0	0	0	1	0	0	0	0	0	0	0	0	0	2	0	0	0	0	0	0	0	1	1	0	0	0	0	0	1	0	0	0	0	0	0	0	0	0	0	1	0	0	0	0	0	1	0	2	1	2	0	0	0	0	0	0	0	0	1	0	0	0	0	0	0	1	0	0	0	0	0	0	0	0	0	0	0	1	0	1	0	0	0	0	0	0	0	1	1	0	0	1	1	0	0	0	0	1	0	0	1	0	0	0	0	0	0	0	0	0	0	0	0	2	1	0	0	0	0	0	0	0	0	0	1	1	0	0	0	1	0	0	1	0	0	1	1	1	0	0	0	0	1
chr2.s_200893969	0	0	0	0	0	0	1	0	0	0	0	0	0	0	0	0	0	0	0	0	0	0	0	0	0	0	0	0	0	0	0	0	0	0	0	0	0	0	0	0	0	0	1	0	1	0	0	0	0	1	1	0	0	0	0	1	0	0	0	0	0	0	0	0	0	0	0	0	0	0	0	1	0	0	1	0	0	0	0	0	1	0	0	0	0	0	0	0	0	0	0	1	0	1	0	0	0	0	0	0	0	0	0	1	1	0	0	0	0	0	0	0	0	0	0	0	0	1	0	0	0	0	0	0	0	0	0	0	0	1	0	0	0	0	0	1	0	1	0	0	0	1	1	0	0	0	0	0	0	0	0	0	1	0	0	0	0	0	0	0	1	0	0	0	0	0	0	0	0	0	0	0	0	0	0	0	1	1	0	0	0	0	0	1	0	0	0	1	1	0	0	1	0	0	0	0	0	0	0	0	0	0	0	0	1	0	1	0	0	0	0	0	0	0	0	0	0	0	1	0	0	0	0	0	0	0	0	0	0	1	0	1	0	0	1	0	0	0	0	0	0	0	0	0	0	0	0	0	1	0	0	0	0	0	0	0	0	0	0	0	0	0	0	0	0	0	0	0	0	1	1	0	0	0	0	0	0	0	0	0	0	0	0	0	0	1	1	0	0	0	0	0	0	0	1	0	0	0	0	0
chr4.s_242642863	1	0	0	0	1	1	0	0	0	0	0	0	1	2	0	2	1	0	0	0	1	2	1	0	2	1	1	0	0	0	0	1	0	0	0	0	0	0	0	0	1	1	0	1	0	0	0	0	0	0	0	0	1	0	0	0	1	0	1	0	0	0	0	0	0	0	0	0	1	1	1	0	1	1	0	0	0	0	1	0	1	1	0	0	0	0	1	0	0	1	2	0	0	0	0	0	0	0	0	0	0	0	1	0	0	0	1	0	0	1	1	0	0	0	1	0	0	0	0	0	0	1	0	1	0	0	0	0	1	0	0	0	0	1	1	0	1	0	1	0	1	0	0	0	0	0	2	1	0	0	1	1	0	0	0	0	0	1	0	1	0	1	1	1	0	1	0	0	0	0	0	0	1	0	1	0	0	1	1	0	0	0	1	0	0	0	0	0	0	0	0	1	0	1	1	1	1	1	0	0	1	0	0	0	0	1	0	0	0	0	0	1	0	1	0	0	0	1	0	0	0	0	0	1	2	0	0	0	0	0	0	0	1	0	1	0	0	0	1	1	1	0	0	1	0	1	1	0	0	0	0	0	1	1	0	0	0	1	0	0	0	0	0	0	1	1	0	0	1	0	0	0	0	1	0	0	1	1	0	0	0	0	2	0	0	0	0	0	0	0	0	0	0	0	1	1	1	1	0	0
chr4.s_12738250	1	0	1	0	0	0	0	1	1	1	1	0	0	1	0	1	1	1	0	1	1	0	0	1	0	1	0	1	0	0	1	0	1	0	1	1	1	0	2	1	1	0	0	0	0	1	1	1	0	0	0	0	1	1	1	0	1	1	0	1	0	0	1	0	1	0	1	0	0	0	1	1	0	0	0	1	0	0	1	0	0	0	0	1	1	1	0	0	1	1	1	0	0	0	1	1	0	0	1	1	0	0	0	0	0	1	0	1	1	1	0	0	0	0	1	1	1	0	1	1	1	0	1	0	1	0	0	0	1	0	0	0	1	0	0	0	0	0	0	1	1	0	0	0	1	1	0	0	1	1	2	1	0	1	1	0	1	0	0	0	0	1	1	0	1	0	1	2	2	2	0	0	0	0	1	1	1	0	0	1	0	1	1	0	0	1	0	0	1	0	1	0	0	0	0	0	0	0	1	1	1	0	0	1	0	1	0	2	0	0	1	1	1	0	0	1	1	2	1	2	1	1	0	1	1	0	0	1	1	0	1	0	0	0	0	0	1	1	1	0	0	0	0	0	1	1	1	0	0	0	1	0	1	1	0	1	2	1	1	0	0	1	0	1	1	0	1	2	0	0	0	0	1	0	1	1	1	0	1	0	2	0	1	1	1	1	0	0	1	1	1	0	2	1	0	1	1	1	2	2
chr1.s_211750008	0	0	0	1	0	0	0	0	0	0	0	0	1	1	0	1	1	0	0	0	0	0	1	1	0	0	0	0	0	0	1	0	0	1	1	0	0	0	0	0	0	0	0	0	0	0	0	0	0	1	1	1	1	1	1	1	0	1	1	0	0	0	1	0	0	0	0	0	0	0	0	0	0	0	0	0	0	0	0	0	1	1	0	0	0	0	0	0	1	1	0	0	0	0	0	0	0	1	1	0	1	0	0	0	0	0	0	0	1	1	1	0	0	0	0	0	0	0	0	0	0	0	0	0	0	0	0	0	1	0	0	1	1	0	1	1	0	0	0	0	0	0	0	0	1	1	0	0	1	1	0	0	0	1	0	0	0	0	0	0	0	0	0	0	0	0	0	0	0	0	1	0	1	0	0	0	0	0	0	0	0	1	0	0	0	0	0	0	0	1	0	0	0	0	0	0	0	0	0	0	0	0	0	0	0	1	1	0	0	1	1	1	0	1	0	0	0	0	1	1	0	0	0	0	1	1	1	1	0	1	0	1	0	0	0	1	0	1	0	0	0	0	0	0	0	1	0	0	0	0	0	0	0	1	0	0	1	1	0	1	0	0	0	0	0	0	0	0	1	0	0	0	0	0	0	0	0	1	0	0	0	1	1	0	0	0	1	0	0	0	0	0	1	0	0	0	0	0	1	0
chr9.s_12505454	0	0	0	0	0	0	0	0	0	0	0	1	1	0	0	0	0	1	0	0	0	0	1	1	0	0	0	1	1	1	0	0	0	1	1	0	0	0	0	0	0	0	1	1	0	0	0	0	0	0	1	1	0	1	0	0	0	0	0	0	0	0	0	1	0	0	0	0	0	0	0	0	0	0	0	1	1	0	0	0	0	0	0	0	0	0	0	0	0	0	0	1	2	0	0	0	0	0	0	0	0	1	0	1	0	0	0	0	0	0	1	1	0	0	0	0	1	1	0	0	1	1	0	0	0	0	0	0	0	0	0	0	0	0	1	1	1	1	1	0	0	0	0	0	1	1	0	0	0	0	0	0	0	0	0	0	0	0	0	0	1	1	1	0	0	0	0	0	0	0	0	1	0	0	0	0	0	0	0	0	0	0	0	0	1	0	1	0	0	0	0	0	0	0	0	0	0	0	0	0	0	0	0	1	1	0	0	1	0	0	0	0	0	0	1	0	0	1	0	0	0	0	0	0	0	2	1	1	0	1	0	0	0	0	1	1	0	0	0	0	0	1	0	0	0	1	0	1	0	0	0	0	0	1	0	0	0	0	0	0	0	0	0	0	0	0	0	0	1	0	1	1	0	0	0	0	0	0	0	0	0	1	0	1	0	0	0	0	1	0	1	1	0	0	0	0	0	0	0	0
chr6.s_76082655	0	0	0	1	0	0	0	0	0	0	0	0	0	0	0	1	2	2	0	0	0	0	1	1	0	0	0	1	1	0	1	0	1	1	1	0	0	0	0	0	0	0	0	0	1	0	0	0	0	0	0	1	1	1	2	1	0	0	0	1	1	1	1	0	1	0	0	0	0	0	0	0	1	1	0	0	0	1	1	0	0	1	0	1	1	1	0	0	0	1	1	1	1	0	1	2	1	1	1	1	1	0	0	0	0	0	1	1	0	1	1	0	0	1	0	1	1	1	1	1	0	0	0	0	0	0	0	0	1	0	0	1	1	1	1	1	0	0	0	0	0	0	0	0	1	1	0	0	1	0	1	1	1	2	1	1	1	1	0	0	0	0	0	1	1	1	1	1	1	1	0	0	1	0	0	1	0	0	0	0	0	0	0	0	0	1	0	0	0	0	0	0	0	0	0	0	0	1	1	0	0	1	0	1	0	2	1	0	0	1	0	1	0	1	1	0	0	1	0	1	0	0	0	1	0	0	1	1	0	1	0	0	1	0	0	1	1	1	0	0	1	0	0	1	1	2	1	1	0	0	1	0	0	1	1	0	1	1	1	0	1	1	0	0	1	0	0	0	1	0	0	0	0	0	2	0	0	1	1	1	0	1	0	1	0	0	1	0	1	0	0	0	2	0	1	2	0	1	2	1
chr2.s_200419220	0	0	0	0	0	0	0	0	0	0	0	0	0	0	0	0	0	0	0	1	1	1	1	0	1	0	0	0	0	0	0	0	0	0	0	0	0	0	0	0	0	0	0	0	0	0	0	0	0	0	0	0	0	0	0	0	1	1	1	0	0	0	0	0	0	0	0	0	0	0	0	0	0	0	0	0	0	1	1	0	0	0	0	1	1	0	1	0	0	0	0	0	0	0	0	0	0	0	0	0	0	0	0	0	0	0	0	0	0	0	0	0	0	0	0	0	0	0	1	1	1	1	1	1	1	1	1	0	0	0	0	0	0	1	0	0	0	0	0	1	0	0	1	1	1	1	1	1	1	0	0	1	1	0	0	0	1	1	0	0	0	0	0	1	1	0	0	0	0	0	0	0	0	0	1	1	1	1	1	0	0	0	0	0	0	0	0	0	0	0	0	0	0	0	0	0	0	0	0	0	0	0	0	0	0	0	0	0	0	1	0	0	1	0	0	1	0	0	1	1	2	1	0	0	0	0	0	0	0	0	0	0	0	0	0	0	1	1	0	0	0	0	0	0	0	1	0	0	0	0	0	0	0	0	0	0	0	0	2	0	0	1	0	2	0	0	0	0	0	0	0	0	1	0	0	1	0	0	1	0	1	0	0	0	0	0	0	0	0	0	1	0	0	0	0	0	0	0	0	1
chr2.s_48068646	1	1	2	0	1	1	1	1	1	0	1	1	1	2	1	1	1	2	1	0	1	1	0	0	1	1	1	1	1	1	1	0	0	0	1	1	1	0	1	0	0	0	1	1	0	1	1	0	0	0	0	1	2	2	1	0	1	0	0	1	1	0	1	1	1	1	2	1	1	1	1	1	1	1	0	1	1	1	2	1	0	1	2	1	1	1	0	0	2	2	1	1	1	0	0	1	1	0	1	1	1	1	1	1	1	2	0	1	1	1	1	1	1	1	2	2	1	0	1	1	1	1	1	1	1	1	1	1	0	0	0	0	1	1	0	0	1	1	0	0	1	1	1	2	0	0	1	1	1	2	1	1	1	1	1	0	2	1	1	1	0	1	1	1	2	1	2	1	0	0	1	1	1	1	2	1	0	0	0	0	0	1	0	0	0	0	0	1	2	0	1	0	0	0	0	0	0	0	1	1	1	1	1	1	1	1	0	0	0	1	2	0	0	1	0	1	2	0	0	1	1	1	1	0	2	1	0	2	0	1	2	0	1	1	0	0	0	2	0	1	1	1	1	1	0	1	1	0	1	0	1	1	2	0	1	2	2	2	1	0	1	1	0	0	2	1	2	1	1	1	1	0	0	0	1	1	1	0	2	1	1	1	0	1	1	1	0	0	2	1	0	1	1	0	0	1	0	1	2	0
chr4.s_242557661	2	1	0	1	1	2	2	1	1	1	0	0	1	1	1	0	0	1	1	0	0	1	1	1	1	1	1	2	2	1	1	1	0	1	0	0	0	0	1	1	2	1	2	2	1	0	0	0	1	1	0	0	0	0	0	1	0	0	1	2	2	2	1	0	0	2	1	0	1	1	1	1	1	1	1	1	2	0	0	1	1	2	1	0	0	1	1	1	1	0	1	2	1	1	0	1	2	2	1	1	0	0	2	1	1	0	1	0	1	1	1	1	1	1	1	1	0	1	0	0	0	1	0	1	1	1	1	2	1	1	1	1	0	1	1	1	1	1	1	0	0	2	1	1	0	0	1	1	2	0	1	1	1	0	0	0	0	1	0	1	1	2	2	1	0	1	0	0	0	0	1	1	1	1	2	0	0	1	2	2	2	0	1	1	0	0	0	1	0	2	1	2	0	1	2	2	1	1	0	0	1	1	1	0	1	1	1	1	1	2	0	1	1	1	0	0	1	0	0	0	0	1	2	1	1	0	0	0	2	1	1	2	1	0	1	0	1	1	1	1	0	0	0	1	1	0	0	0	2	1	1	1	0	1	1	0	0	0	0	2	0	1	0	0	0	1	0	1	1	1	1	1	0	1	0	0	1	2	0	0	0	0	1	1	0	0	1	2	0	0	0	0	0	1	1	1	1	1	0	0
chr1.s_264082918	1	1	0	1	1	1	1	0	0	0	1	1	2	1	1	1	1	0	1	1	0	1	1	1	1	1	0	1	0	0	1	2	0	1	0	1	1	2	0	1	1	1	1	1	0	0	0	1	1	0	1	1	0	1	0	1	0	0	1	1	0	0	2	1	0	1	0	1	1	0	1	0	1	1	0	1	1	0	0	0	1	0	1	0	1	2	2	1	1	1	0	1	0	2	1	0	1	2	1	0	1	2	1	1	0	0	1	1	0	0	1	1	0	0	0	0	1	1	0	0	1	2	0	1	1	0	0	0	0	1	2	2	1	1	2	1	0	0	0	0	1	1	1	0	0	0	1	2	2	1	1	0	1	0	1	2	0	1	1	1	0	0	0	0	0	1	1	0	0	0	0	2	1	0	0	0	1	2	2	2	0	2	1	1	0	0	0	1	0	1	0	1	2	2	1	0	0	0	0	1	1	1	0	0	2	1	0	1	1	2	1	2	0	2	1	0	1	1	0	1	0	0	1	1	1	1	2	0	1	1	0	1	0	1	2	0	1	1	0	0	1	1	2	1	0	1	0	1	1	0	0	0	1	0	1	1	1	0	0	0	1	1	2	0	0	1	0	1	1	2	0	0	1	0	0	0	0	1	0	1	1	1	0	1	0	1	2	1	1	0	1	0	1	0	1	0	1	1	1	1
chr1.s_47758875	1	1	1	1	0	0	0	1	0	0	0	1	1	1	1	0	1	1	1	0	0	1	1	1	1	1	1	1	1	0	1	1	1	1	0	1	0	0	1	1	1	0	0	0	0	0	1	0	0	0	0	0	0	1	1	0	0	0	1	1	1	0	1	0	1	1	1	0	0	0	0	0	1	1	0	1	1	1	0	1	1	1	1	0	0	1	1	1	1	1	1	1	0	1	1	1	1	1	1	1	0	0	0	0	0	0	0	0	0	0	0	0	1	1	0	1	1	0	1	0	1	1	0	1	1	1	0	1	1	1	1	1	1	0	1	1	0	0	0	0	0	0	0	1	1	0	1	2	1	1	1	1	1	1	1	0	0	0	0	0	0	0	0	0	0	1	1	1	1	1	0	0	2	1	1	0	1	1	1	1	0	1	1	1	0	1	0	2	2	1	0	0	0	0	0	0	0	0	0	1	1	1	0	1	0	2	0	1	1	1	1	1	1	1	0	0	1	1	0	1	0	0	0	1	1	0	1	1	1	1	1	1	2	0	1	1	1	0	1	0	1	0	0	0	1	2	0	0	0	0	0	0	1	1	0	2	1	0	0	1	0	1	0	0	0	1	0	1	0	1	0	2	0	0	1	0	1	1	0	2	0	0	2	0	0	1	0	1	1	1	1	1	2	0	0	1	1	2	2	1
chr2.s_224247987	1	0	1	0	0	0	0	0	1	1	0	2	1	1	2	0	0	0	0	0	1	1	0	0	1	1	1	0	0	0	0	1	0	0	0	1	0	0	0	0	0	1	0	0	0	0	0	1	0	0	0	0	0	0	1	1	0	1	1	0	0	1	1	0	0	1	2	0	0	0	0	0	0	0	1	1	0	1	0	2	0	0	1	0	0	0	0	0	1	0	0	0	0	1	1	0	0	0	1	0	1	0	1	1	0	0	0	0	1	2	1	0	1	2	0	0	1	0	0	0	1	1	0	0	1	1	1	0	0	0	0	0	1	0	0	0	1	1	0	0	1	1	0	0	0	0	0	0	0	0	0	0	0	0	1	0	0	0	0	0	0	0	0	0	0	0	0	0	0	1	0	0	2	1	0	1	0	0	1	1	0	0	0	1	1	1	0	0	1	0	0	0	0	0	0	0	0	1	1	0	0	0	0	1	1	1	1	1	0	0	0	0	0	1	1	1	0	0	0	0	1	1	0	0	1	0	0	1	1	0	2	0	0	0	0	1	1	0	0	0	0	0	0	1	0	0	0	0	1	1	2	0	1	0	1	1	0	1	0	0	0	0	0	0	0	0	0	0	1	0	0	0	0	0	0	1	0	0	0	1	0	0	0	1	0	1	0	0	1	1	0	1	0	0	0	1	0	0	0	0
chr2.s_832632	0	0	0	0	1	2	2	0	0	1	1	0	2	1	1	1	1	1	1	1	1	1	0	0	1	1	1	1	1	0	0	1	1	1	1	0	0	0	0	0	1	1	2	2	1	1	1	1	1	0	1	1	0	1	0	1	1	1	1	0	0	0	0	1	1	0	0	0	1	1	2	2	1	1	2	1	1	0	0	0	1	0	0	1	0	0	1	1	0	1	1	1	1	1	1	0	0	1	1	0	0	1	1	2	1	0	2	1	1	1	2	1	0	0	1	1	1	2	1	1	1	1	0	0	0	0	0	1	0	0	1	1	1	1	2	2	1	1	1	2	0	1	1	0	1	1	0	0	1	1	1	0	0	0	0	0	0	1	0	1	2	1	1	1	0	1	0	1	2	1	1	1	1	1	1	1	0	0	1	1	1	0	0	1	1	1	1	0	0	1	1	2	0	1	2	2	2	2	1	1	1	1	0	1	2	1	1	1	0	1	0	1	0	1	2	0	1	1	0	0	0	0	1	1	1	1	1	0	0	0	0	1	1	0	1	0	0	1	0	1	1	2	0	2	1	0	0	1	2	1	0	0	0	0	1	0	0	0	0	1	1	0	1	1	1	1	1	1	2	0	1	0	0	1	0	1	1	0	0	0	1	1	0	1	1	0	2	1	1	1	1	0	0	0	2	0	0	0	0	0
chr7.s_33002509	1	0	0	1	0	1	1	1	1	1	0	2	0	0	2	0	0	0	2	1	1	1	0	0	0	0	0	0	0	0	1	1	0	0	0	0	0	0	1	1	1	0	2	1	2	0	0	0	1	2	1	1	1	1	0	1	0	1	1	0	0	1	0	1	0	1	1	0	0	1	0	1	2	1	2	0	1	2	1	1	2	2	1	1	1	1	0	0	1	1	1	1	1	1	0	1	1	0	0	1	0	1	1	2	2	1	0	0	1	1	1	1	2	2	1	1	1	2	1	1	1	1	0	0	0	0	0	0	0	1	0	0	0	1	1	2	2	2	1	0	1	2	1	1	0	0	0	1	1	0	1	1	2	1	0	0	1	1	0	0	2	1	0	1	1	1	1	0	0	0	1	1	1	1	1	0	0	0	0	0	0	0	0	1	1	0	1	0	0	0	0	0	1	1	0	1	0	0	0	0	0	1	1	1	2	0	1	1	1	1	0	0	1	0	0	0	2	0	1	1	0	1	1	0	0	2	1	0	1	1	1	1	0	1	1	1	0	1	0	2	0	0	0	0	1	1	1	1	2	2	1	0	0	0	1	1	1	0	1	0	1	1	0	0	1	2	0	0	0	1	1	0	0	1	1	1	0	1	1	2	1	1	1	1	0	0	1	0	1	0	1	1	1	1	1	1	0	1	1	1
chr8.s_137127617	0	0	1	1	1	0	0	1	2	1	1	1	1	0	2	0	1	2	1	0	1	1	0	0	0	0	0	1	1	0	1	0	0	0	0	1	0	1	1	2	1	1	0	0	0	1	1	1	1	1	2	1	0	2	2	1	0	1	1	1	1	0	0	2	1	1	2	2	1	1	0	0	0	0	0	1	1	2	1	2	1	1	2	0	0	0	1	1	0	1	1	2	2	2	1	1	1	1	2	0	1	2	1	0	1	2	1	2	1	1	2	2	2	1	0	1	2	0	1	1	1	1	0	0	1	1	1	0	0	2	1	1	2	1	0	0	1	1	0	0	1	1	1	2	0	0	0	0	0	0	1	1	2	0	1	1	1	1	2	1	0	0	0	1	2	0	1	2	1	1	1	2	1	1	1	0	1	1	0	0	0	1	1	1	1	0	1	1	2	0	0	1	2	1	0	0	0	1	2	1	1	1	1	1	1	0	1	1	1	0	0	0	0	1	2	1	2	1	1	0	1	0	0	0	0	2	1	1	1	1	1	2	0	2	2	1	0	1	1	1	1	1	2	0	1	0	0	1	1	0	0	0	1	0	1	1	1	0	1	0	1	1	2	0	2	0	0	0	2	2	0	0	0	1	1	1	0	0	2	1	1	1	1	1	0	2	1	0	1	1	0	2	0	0	0	2	0	0	1	0
chr2.s_142738303	0	1	0	0	0	0	0	1	1	2	2	0	1	0	0	0	0	0	0	1	1	1	1	1	1	1	1	1	1	0	2	1	0	1	0	0	0	0	0	0	0	1	0	0	0	1	1	1	0	1	2	1	0	0	0	0	1	1	1	1	1	0	1	0	0	1	0	0	0	0	0	0	0	0	0	1	0	0	0	0	0	0	1	1	1	1	1	1	1	1	0	0	0	0	0	0	1	2	1	0	0	0	0	0	1	1	0	0	0	1	1	1	0	0	0	0	1	0	1	1	1	1	1	1	1	1	0	0	1	1	1	1	0	0	0	0	0	0	0	1	0	0	0	0	1	1	1	1	1	1	0	0	0	0	0	0	0	0	0	0	0	0	0	0	0	0	0	0	1	1	0	1	0	0	0	1	1	1	1	1	0	2	1	0	0	0	1	1	0	1	0	0	1	1	0	0	0	1	1	1	0	1	0	0	0	0	0	2	2	1	1	1	2	0	2	1	0	2	2	1	1	1	0	1	0	0	0	0	2	0	0	0	1	1	0	0	1	0	1	1	0	1	1	0	0	0	0	1	0	0	1	0	0	0	0	0	0	0	1	1	0	1	0	1	0	0	0	1	1	1	0	1	1	0	0	1	0	1	0	0	1	1	0	1	1	0	0	1	0	0	1	1	0	1	0	1	0	0	0	1
chr3.s_2015907	1	2	1	1	1	0	0	0	0	1	2	1	2	1	0	1	1	1	1	1	1	0	0	1	0	1	0	2	1	0	0	1	2	2	1	1	1	1	0	0	0	1	1	1	1	1	1	1	1	1	2	1	0	1	0	1	2	2	1	1	0	1	0	1	1	2	1	1	1	1	0	0	0	0	0	1	1	0	0	0	2	1	2	1	1	1	0	0	0	0	0	2	1	2	2	2	2	1	0	1	0	0	1	0	0	0	0	0	1	1	2	2	1	1	1	1	1	2	1	1	1	0	2	1	1	0	0	0	0	2	1	2	1	1	0	0	1	1	0	2	1	2	1	1	2	2	0	1	1	0	1	0	1	1	0	0	0	0	1	1	0	0	0	0	0	0	0	1	2	1	1	1	1	1	2	1	1	0	0	1	0	1	1	1	0	1	1	2	1	1	0	1	0	0	1	1	0	0	0	2	1	1	0	1	1	2	0	2	0	1	1	2	1	1	1	2	2	2	2	1	1	1	0	2	1	1	0	1	1	2	0	1	0	0	2	0	1	0	1	0	0	1	1	0	1	1	1	2	0	0	1	0	0	0	0	0	0	0	2	0	0	2	0	2	0	0	1	1	2	2	0	0	2	1	1	2	1	1	0	0	2	1	1	1	1	0	2	2	0	0	2	1	1	0	2	0	1	0	0	1
chr7.s_141600508	0	1	1	2	2	2	2	0	0	0	0	2	2	1	1	1	1	0	1	1	0	0	0	0	0	0	0	0	0	1	0	1	0	0	0	0	0	1	1	2	2	2	1	1	2	1	1	0	0	0	1	2	1	0	0	1	0	0	0	1	1	2	0	0	0	1	1	2	2	2	2	2	1	1	2	0	0	2	1	1	1	1	1	0	0	0	0	0	0	1	1	0	0	0	0	1	1	1	1	1	1	2	1	1	1	0	2	1	1	0	1	1	1	2	0	0	1	1	0	0	1	1	0	0	0	0	1	2	0	0	0	1	1	1	1	1	1	1	1	1	0	2	2	1	0	0	1	0	0	0	1	1	1	1	0	1	1	2	1	1	1	2	2	2	1	1	0	0	0	0	1	1	2	1	1	1	1	1	1	1	1	1	1	1	1	1	1	1	1	0	0	1	2	2	1	1	2	2	1	0	0	0	1	0	2	1	1	1	1	0	0	1	0	2	2	0	1	0	0	1	0	0	1	1	1	0	1	0	0	0	0	0	0	1	0	1	0	0	0	1	1	1	1	2	0	1	1	2	1	1	1	2	1	0	1	0	1	0	0	0	1	0	1	1	1	1	0	1	2	0	1	1	0	1	1	1	0	1	1	1	1	2	0	0	1	1	2	0	0	1	0	1	1	1	2	0	0	0	1	1
chr1.s_303933081	1	0	0	0	0	0	0	0	0	0	1	0	0	0	0	0	0	0	0	0	0	0	1	1	1	1	1	0	0	0	0	0	0	1	1	1	1	1	0	0	0	0	0	0	0	0	0	1	0	0	0	0	0	0	0	0	1	0	0	0	0	1	0	1	0	0	0	0	0	0	1	1	0	0	0	1	0	0	0	0	0	0	1	0	0	0	0	0	0	0	0	0	0	0	0	0	0	0	0	0	0	0	0	0	0	0	0	0	0	1	0	0	0	1	1	1	0	1	0	0	0	0	0	0	0	0	0	0	0	0	1	0	0	0	0	0	0	0	1	0	0	0	1	1	0	0	0	0	0	0	0	0	0	0	0	0	0	0	0	0	0	0	0	0	0	1	1	0	0	1	0	0	0	0	0	0	0	0	0	0	0	0	0	0	0	0	0	0	0	0	0	0	0	0	0	0	0	0	0	0	1	0	0	1	0	0	0	0	0	0	0	0	0	0	0	0	0	0	0	0	0	0	0	0	0	0	0	1	0	1	0	0	1	0	0	1	0	0	0	0	1	0	1	0	0	0	0	0	0	0	2	0	0	1	0	0	0	0	0	0	0	0	0	0	0	0	0	1	0	1	0	0	1	0	0	0	0	0	0	1	0	0	0	1	0	0	0	0	0	0	0	0	0	0	0	0	1	0	0	0
chr6.s_172092622	0	0	0	0	1	0	0	1	0	0	0	0	0	0	0	1	1	0	0	0	1	1	0	0	0	0	0	0	0	0	0	0	0	0	0	1	1	1	0	0	0	1	0	0	0	0	1	1	0	0	0	0	0	0	0	0	0	0	0	0	0	0	0	0	0	0	0	1	1	1	0	0	0	0	0	1	0	0	0	0	0	0	0	0	0	0	0	0	0	0	0	0	0	0	0	0	0	1	1	0	0	0	0	0	0	0	0	0	0	2	1	0	0	0	0	0	0	0	0	0	0	0	1	1	0	0	0	0	0	1	0	1	1	0	0	0	0	0	0	0	0	0	0	0	0	0	0	1	0	0	0	0	0	0	1	1	0	0	0	0	0	1	1	0	0	0	0	0	0	1	0	0	0	0	0	1	0	0	0	0	0	0	0	0	0	0	0	0	0	0	0	1	1	1	0	0	0	0	0	1	0	0	0	0	0	0	0	0	1	0	1	1	1	0	0	0	1	0	0	0	0	0	0	1	0	0	0	0	0	0	0	0	0	0	1	0	0	0	1	0	0	0	0	0	0	0	0	0	0	0	1	0	0	0	0	1	0	0	0	0	0	0	0	0	0	1	0	0	1	0	0	0	1	1	0	0	0	0	0	0	1	0	0	1	0	0	0	0	0	0	1	1	0	1	1	0	1	0	0	0
chr5.s_215726197	1	0	0	1	0	0	0	1	1	1	0	0	0	0	0	0	0	1	0	0	1	1	0	0	0	0	0	1	1	0	0	0	0	0	1	0	1	0	1	0	0	0	0	0	0	1	1	0	0	0	0	0	0	0	0	0	0	0	0	0	0	0	1	0	0	0	0	0	0	0	0	0	0	0	0	0	0	0	0	0	0	1	1	0	0	0	0	0	0	1	1	0	0	0	0	0	0	1	1	2	0	0	0	0	0	0	1	1	0	0	0	0	0	0	1	1	0	0	1	1	0	0	0	0	0	0	0	0	0	0	0	0	0	0	0	0	1	1	0	0	0	0	0	0	0	0	1	1	0	0	0	0	0	0	0	0	1	0	0	0	0	0	0	0	0	1	1	1	1	1	0	1	0	0	0	0	0	0	0	0	0	1	1	0	0	0	0	0	0	0	1	0	0	0	0	0	0	0	0	0	0	1	1	0	0	0	0	0	0	0	0	0	1	0	0	0	0	0	0	0	0	0	0	0	0	0	0	0	1	0	0	1	0	0	0	0	1	0	0	0	0	0	0	0	1	0	0	0	0	0	0	0	1	0	0	0	0	0	0	0	0	0	0	0	1	0	1	0	0	0	0	0	0	0	0	0	0	1	0	1	0	0	0	1	0	0	0	0	0	0	0	0	0	0	0	1	0	0	0	0
chr2.s_133775164	2	1	2	1	2	2	2	1	1	0	0	2	1	1	1	1	1	2	0	0	1	1	0	0	1	1	1	1	1	2	1	0	1	0	1	1	1	1	1	1	1	1	1	1	1	0	0	0	0	0	1	2	2	1	2	2	0	0	0	0	0	2	1	1	2	1	2	2	2	2	2	2	2	2	2	1	1	1	1	1	1	0	0	0	0	0	1	1	1	1	1	1	1	1	2	2	1	0	1	1	2	1	2	1	1	1	2	2	1	0	1	2	2	2	1	1	1	1	0	0	0	0	1	1	0	0	1	2	1	0	0	0	1	1	1	1	1	1	1	1	1	2	2	1	0	0	0	1	0	1	2	1	0	2	1	1	1	1	2	2	1	1	1	1	1	2	2	1	0	0	0	1	1	0	0	0	1	1	0	0	1	1	1	0	0	1	0	1	2	0	1	1	1	1	1	1	1	1	1	1	2	0	0	1	1	1	2	0	0	0	2	0	0	1	1	0	0	0	0	0	0	0	1	0	2	0	1	1	0	0	1	0	1	1	1	1	0	1	1	1	2	1	1	1	0	1	1	1	1	1	1	2	2	1	1	2	1	2	0	0	1	0	2	1	1	2	1	1	2	0	2	1	0	2	1	1	1	0	1	2	0	2	1	1	1	2	1	0	1	1	1	1	1	0	1	1	1	2	1	0
chr1.s_8319092	0	0	1	0	0	0	1	1	1	0	0	0	1	2	0	1	0	1	0	0	0	0	0	0	0	0	0	1	1	0	0	0	0	0	0	1	0	0	0	0	0	0	1	0	2	1	1	0	1	1	0	1	2	1	1	2	0	0	0	0	0	0	1	0	1	0	1	0	0	0	0	1	0	0	1	1	2	0	1	0	1	0	0	0	1	1	0	0	0	1	1	2	1	1	0	0	0	0	1	0	1	0	0	2	1	1	1	2	1	1	1	0	0	0	1	0	0	1	0	0	0	0	0	0	0	0	0	0	1	1	0	0	1	0	0	1	1	2	0	0	1	1	1	0	0	0	1	1	0	0	1	0	1	1	2	1	0	0	0	0	1	1	1	0	1	0	1	1	0	0	1	0	1	0	0	1	0	0	0	0	1	0	0	1	0	0	1	0	1	1	1	1	1	1	1	1	1	0	1	0	0	0	2	1	1	1	2	0	1	0	0	0	0	1	0	0	0	0	0	1	0	0	1	0	2	1	0	1	0	1	1	2	1	0	1	0	1	1	0	0	1	0	0	0	1	0	2	1	1	1	0	0	1	0	0	1	2	2	0	1	0	0	0	0	2	0	0	0	1	1	1	1	0	0	1	0	0	0	1	0	0	1	0	0	0	1	1	1	1	2	0	1	1	1	1	0	0	0	1	0
chr5.s_103214734	1	1	1	1	1	0	0	0	0	0	0	1	0	0	2	1	2	1	0	1	1	1	1	0	1	0	1	0	1	1	1	1	1	1	0	1	0	1	0	1	1	1	1	2	0	0	1	0	0	0	0	1	1	1	1	0	1	1	1	1	2	2	1	0	1	1	1	1	1	0	2	1	0	1	1	0	0	1	0	2	0	0	0	2	2	1	1	1	1	1	0	0	0	0	1	1	1	2	2	0	2	1	1	1	0	0	1	0	1	0	0	1	2	1	1	2	1	0	2	2	1	1	1	1	0	1	1	1	0	0	1	2	2	1	1	0	1	1	1	0	0	0	0	0	1	1	1	1	0	1	1	0	0	2	1	1	0	1	1	1	0	0	1	1	0	1	0	0	0	0	0	1	1	0	0	1	2	2	1	0	1	2	1	0	0	1	0	1	1	1	0	1	1	1	1	0	1	1	0	1	0	2	0	1	0	1	0	1	1	1	1	1	1	1	0	2	1	0	1	2	1	1	0	0	0	0	1	1	0	0	1	1	1	1	0	1	1	0	0	0	1	0	1	1	0	1	0	0	1	1	0	1	1	0	2	2	1	1	1	1	2	0	1	1	0	1	0	1	0	0	0	1	1	1	1	1	0	1	0	1	2	1	0	1	0	2	1	1	2	1	1	1	2	1	0	1	0	0	2	1
chr4.s_23840005	1	1	1	1	0	1	1	1	1	1	1	0	0	1	0	2	1	1	1	1	0	0	1	1	1	1	1	1	1	1	2	1	1	1	1	1	1	1	1	1	1	1	2	1	2	0	1	2	2	2	1	0	1	1	0	0	1	1	1	1	1	0	1	1	1	0	0	0	0	1	0	1	2	1	1	1	1	0	1	0	1	1	0	1	1	1	1	1	2	1	0	2	1	2	2	1	0	0	0	1	0	0	0	2	1	0	0	0	0	1	0	0	0	0	1	0	0	1	1	1	0	0	0	0	0	0	0	0	0	1	1	1	1	0	1	2	2	2	1	1	2	0	1	1	1	1	1	1	1	2	1	0	1	1	0	0	0	0	0	0	2	1	0	0	0	1	1	1	1	2	1	0	0	0	1	0	0	0	0	0	0	2	1	1	0	1	0	0	0	0	0	1	1	1	0	1	0	0	0	1	1	1	1	1	0	1	1	0	1	1	1	1	1	0	0	0	0	0	1	0	0	1	1	1	1	1	1	1	1	2	1	1	1	0	2	1	0	1	0	1	1	1	1	0	2	1	2	1	1	1	1	0	0	1	1	1	0	1	0	0	1	0	1	1	0	2	1	0	0	2	2	0	1	1	1	0	1	1	0	1	0	0	1	2	0	0	1	0	1	0	0	0	1	1	1	1	1	1	0	1
chr5.s_1125568	1	1	1	0	0	1	0	1	1	1	1	1	0	0	0	1	1	0	0	1	1	1	2	1	1	0	0	0	0	1	0	1	0	1	2	0	1	0	1	0	0	0	0	1	0	1	1	0	0	1	1	1	1	0	1	2	1	2	2	1	1	2	0	0	0	1	1	1	1	2	1	1	1	1	1	0	0	1	1	0	1	1	0	1	1	0	1	0	1	1	2	0	0	0	0	1	1	0	0	1	1	0	1	0	0	0	1	0	0	0	0	0	0	1	1	1	0	2	1	1	1	1	2	2	1	1	2	1	2	0	0	1	1	1	1	1	1	0	1	0	0	1	1	0	2	2	2	1	0	0	1	2	1	1	1	1	2	1	1	1	0	1	1	2	1	2	1	1	1	1	0	0	0	0	0	2	1	1	1	0	1	0	1	0	0	0	0	0	0	0	1	0	0	0	0	1	2	2	1	0	1	0	1	1	1	0	1	0	0	0	1	1	2	0	1	1	1	0	2	1	2	2	0	0	0	0	1	1	1	1	1	0	0	0	0	1	1	0	1	1	0	0	1	1	1	0	0	0	0	1	1	2	1	2	1	0	0	1	2	0	0	1	0	1	1	1	1	1	0	1	0	0	1	1	0	2	1	1	1	1	2	1	1	0	1	0	2	0	0	1	2	0	0	0	1	0	1	1	0	1
chr9.s_81312510	0	0	0	1	1	0	0	0	0	0	0	1	1	1	1	0	0	0	2	1	0	0	1	1	0	0	0	0	0	1	0	0	0	1	1	0	0	1	1	2	2	1	0	1	0	0	0	0	0	0	0	0	0	0	0	0	0	0	0	0	0	1	0	1	1	0	0	1	1	0	1	0	1	2	0	1	1	1	0	1	0	1	1	0	0	0	0	0	0	0	0	0	1	0	0	0	0	0	0	0	1	1	1	1	0	0	1	0	0	0	0	0	1	1	0	0	1	1	0	0	0	0	0	0	0	0	1	2	0	0	0	0	0	1	2	1	0	0	2	0	0	0	0	1	1	1	0	1	0	0	0	0	0	0	0	1	0	1	1	1	1	0	1	1	0	1	0	0	0	0	0	0	2	1	1	0	1	1	0	0	1	0	0	1	2	1	1	0	0	0	0	1	1	1	1	0	1	1	0	0	0	0	0	1	0	1	0	1	0	0	0	0	0	2	0	0	1	0	0	1	0	0	0	0	1	1	2	1	0	1	0	0	1	1	0	2	0	0	0	0	2	0	1	2	0	1	0	0	0	0	0	1	0	1	1	0	1	0	0	0	1	0	1	0	0	0	0	0	0	0	0	0	0	1	0	0	0	0	0	1	0	0	0	0	0	1	0	0	1	0	1	2	1	0	0	0	0	1	1	0
chr3.s_99203736	0	1	1	0	1	1	1	0	0	1	1	0	0	0	0	1	1	0	1	0	0	0	0	0	0	0	0	0	0	1	0	0	1	0	0	0	0	0	0	0	1	1	0	0	0	1	1	0	1	1	0	0	0	0	0	0	0	0	0	1	1	2	0	1	1	1	1	0	1	0	2	1	1	1	0	0	1	0	0	0	0	1	1	0	1	1	0	0	0	0	0	1	1	1	1	2	1	0	0	0	1	0	2	0	0	0	0	0	0	0	0	1	1	1	0	0	0	0	0	0	0	0	1	1	0	0	1	1	1	2	0	1	1	1	1	0	0	0	1	1	0	1	0	1	0	0	0	1	0	0	0	0	1	1	0	0	0	1	0	1	1	0	0	0	0	0	0	0	1	0	2	0	0	1	1	0	0	0	0	0	1	0	0	1	1	1	1	0	0	0	0	2	0	1	1	0	0	1	1	1	0	0	1	0	0	1	0	0	0	0	1	1	0	0	1	0	2	1	0	0	0	0	2	1	0	1	0	1	0	2	0	1	1	0	1	0	0	0	1	0	1	0	0	0	1	2	0	0	0	1	1	2	0	0	1	0	0	1	0	0	0	0	0	0	0	0	0	1	0	1	0	0	0	1	0	0	0	0	0	0	1	0	0	1	2	0	1	0	0	0	0	0	1	1	1	0	0	1	0	0
chr3.s_192548150	0	1	2	0	2	2	2	2	1	0	1	0	1	1	0	1	0	0	1	1	1	1	1	1	0	0	0	0	0	1	1	0	1	1	2	1	1	0	1	0	1	2	1	1	1	1	0	0	0	0	1	2	2	0	1	2	0	0	0	1	1	1	0	0	1	1	2	1	2	2	2	2	2	2	1	1	1	0	1	0	2	0	1	0	1	1	0	0	0	0	0	2	1	1	0	1	1	1	2	1	1	0	2	2	1	1	1	1	1	1	2	2	1	1	2	1	0	2	1	1	0	0	1	1	1	1	1	0	1	2	0	0	1	1	2	2	1	1	2	1	1	2	2	1	1	1	0	1	0	1	0	0	1	1	1	0	1	1	1	2	2	2	2	1	1	1	1	2	1	1	1	1	0	0	0	1	1	1	0	0	0	1	1	2	1	1	0	1	2	0	2	1	1	2	1	1	2	1	1	1	0	1	1	2	1	0	2	0	1	0	1	0	1	0	1	0	0	1	0	0	1	0	1	0	1	0	1	2	0	2	1	2	1	0	1	1	0	1	1	1	1	2	1	2	1	1	2	1	1	0	1	1	2	1	0	2	1	2	0	0	0	0	0	1	1	2	1	1	2	2	2	1	0	0	0	1	0	0	1	0	0	2	1	0	1	2	1	0	1	2	0	1	0	0	1	0	0	1	0	0
chr6.s_97226293	1	1	0	1	0	2	1	0	1	2	1	0	1	0	1	0	0	0	0	0	0	0	0	1	0	1	0	1	0	0	0	1	2	1	0	0	0	0	0	0	0	0	1	2	0	1	1	1	1	1	1	1	0	0	0	1	0	0	0	1	0	1	0	0	1	2	1	0	0	1	0	0	1	1	0	1	1	1	1	1	1	0	1	0	0	1	0	0	0	0	1	0	0	0	1	2	2	2	1	1	0	0	1	1	0	0	1	0	0	1	1	2	1	1	1	1	0	1	0	0	0	0	0	0	1	0	0	1	1	0	1	1	0	1	0	0	2	1	1	2	0	2	1	0	0	0	0	0	2	1	1	2	1	1	0	0	1	1	0	0	0	1	1	2	1	1	0	1	2	2	1	2	0	0	0	0	0	0	0	1	0	0	1	0	0	1	0	2	1	1	1	1	1	1	0	1	2	1	0	1	1	1	1	0	1	1	0	1	1	2	0	1	0	0	1	1	0	2	0	1	0	0	2	1	0	0	0	0	2	0	0	1	0	0	0	0	0	1	1	1	0	2	0	1	2	2	0	1	1	1	2	0	0	1	0	0	1	0	1	0	0	2	0	1	0	1	0	1	1	0	0	0	0	0	0	0	1	1	1	0	0	1	1	2	1	0	1	1	1	1	0	0	2	1	1	0	1	1	1	0
chr8.s_142255608	0	0	1	1	1	2	2	2	1	0	0	1	1	2	1	1	0	0	1	0	1	1	0	0	0	0	0	0	0	0	1	0	1	0	0	1	0	0	1	1	1	1	1	1	1	1	0	1	0	0	0	0	1	1	1	2	0	0	0	1	1	0	2	1	2	1	2	1	1	2	1	2	1	1	2	2	1	2	2	1	2	2	1	0	0	0	0	0	2	1	0	1	2	0	1	2	1	1	2	1	0	1	1	1	2	2	1	1	2	2	1	1	2	1	2	1	1	1	0	0	1	1	0	0	1	1	1	0	1	1	0	0	1	1	0	1	1	1	1	1	1	2	1	1	0	0	1	1	0	2	0	1	1	1	1	0	1	1	0	0	1	2	2	2	2	2	2	2	1	2	1	0	1	1	1	0	0	0	0	0	0	2	1	0	1	1	1	1	2	0	1	0	0	0	0	1	1	2	2	1	0	0	1	1	2	1	2	0	0	0	1	0	1	0	1	0	1	1	0	0	1	1	1	0	2	2	0	1	0	0	2	1	1	1	1	1	1	1	1	2	1	1	0	1	1	1	1	0	1	1	1	1	2	0	0	2	1	1	1	0	0	1	0	1	1	2	0	1	1	0	1	1	0	0	0	0	0	1	2	2	0	0	1	1	1	1	1	0	0	1	1	2	1	0	1	1	0	0	0	0
chr7.s_13827066	0	1	1	0	0	1	1	1	1	1	0	1	1	1	0	1	1	1	1	1	1	1	0	0	1	1	1	1	1	1	0	1	0	0	0	0	0	0	0	0	0	0	1	1	1	0	0	0	0	1	1	0	0	1	0	0	0	1	1	1	1	2	1	0	0	0	0	0	0	0	1	1	1	1	1	0	0	0	0	0	1	0	0	1	0	0	0	0	0	1	1	0	0	0	0	0	0	0	0	0	0	0	0	0	0	0	0	0	1	0	0	0	0	1	0	0	1	1	0	0	0	0	0	0	0	0	1	2	0	0	0	1	1	0	1	1	0	0	1	1	1	0	0	0	0	0	0	1	1	0	1	0	0	0	0	0	0	0	0	0	1	0	0	0	0	0	0	0	0	0	0	0	1	0	0	0	0	0	1	1	2	0	0	0	0	0	0	0	0	1	0	1	1	1	1	1	1	1	1	0	0	0	0	1	0	1	0	0	1	1	0	1	1	1	1	0	0	0	1	0	0	0	1	1	0	1	1	0	1	0	0	0	0	0	1	0	1	1	0	0	0	0	0	1	0	0	1	1	0	1	1	2	1	0	1	0	0	0	0	1	1	0	0	1	1	0	0	1	1	0	0	1	0	2	1	1	0	0	0	0	0	0	1	0	1	0	1	1	0	1	0	0	0	0	1	0	0	1	0	0
chr1.s_37199295	1	0	0	0	1	0	0	1	1	0	0	0	0	0	0	1	1	0	0	1	0	0	0	0	0	0	0	0	0	2	0	0	1	0	1	0	1	0	1	0	1	1	0	1	0	0	0	1	0	0	0	0	0	0	0	0	1	0	0	0	0	1	0	0	1	0	0	0	1	0	1	0	0	1	0	1	0	0	0	0	0	0	0	0	1	1	0	0	0	0	0	0	0	0	1	1	0	0	0	1	0	0	1	0	0	1	1	1	1	1	0	0	0	0	0	0	1	0	0	0	0	0	0	0	0	0	1	1	0	0	0	1	1	1	1	0	1	1	1	0	0	0	0	0	0	0	0	0	0	0	0	0	0	1	0	0	1	1	0	1	0	0	1	1	1	1	1	1	0	1	0	0	0	0	1	0	1	1	0	0	1	0	0	0	0	1	0	0	0	0	1	1	1	2	1	0	1	1	1	0	0	0	0	0	0	1	0	0	1	0	0	1	0	0	0	0	0	0	1	0	1	1	0	0	0	0	0	0	0	0	0	0	0	0	0	0	0	1	0	0	0	0	0	1	0	1	0	0	0	0	1	1	0	0	1	0	1	0	1	0	0	0	0	0	1	0	1	0	0	0	1	1	1	1	0	0	0	0	1	0	1	0	0	1	0	1	1	0	0	0	0	0	1	0	0	0	0	0	0	1
chr5.s_1100277	1	0	1	2	2	0	0	1	1	0	0	1	1	0	1	0	0	0	1	0	0	1	1	0	2	1	1	0	0	2	2	0	1	0	0	2	1	2	0	1	1	2	0	0	1	0	0	2	2	2	2	1	0	1	0	0	1	0	1	0	0	1	1	2	0	0	1	1	1	0	1	0	0	0	1	1	1	1	0	1	1	1	2	1	1	1	2	1	1	1	1	1	1	2	1	0	0	1	2	1	1	2	1	0	1	2	1	2	2	2	2	1	1	1	0	0	1	0	0	0	1	2	0	1	0	0	1	2	1	2	1	0	1	2	1	0	0	0	1	0	1	0	0	1	0	0	1	2	1	1	1	1	1	0	1	1	0	1	1	1	1	1	1	0	1	0	1	2	1	2	1	1	1	2	2	0	0	1	2	1	2	1	1	2	2	1	2	0	1	1	1	1	2	2	2	1	0	0	1	0	2	0	1	1	1	0	0	0	1	1	1	0	0	1	1	0	1	0	1	1	0	0	1	1	0	2	1	1	0	1	1	2	1	2	1	1	0	2	2	1	2	1	1	1	2	1	1	2	0	2	1	1	1	1	1	2	2	0	1	1	2	1	2	0	1	1	1	0	1	1	1	1	1	2	1	1	2	0	1	1	0	1	2	1	0	1	0	1	0	1	0	2	1	1	1	1	2	1	1	1
chr5.s_1397798	1	0	0	1	1	1	1	0	0	1	1	1	2	2	2	1	1	1	1	1	0	0	0	0	0	0	0	0	0	1	0	0	0	0	0	0	0	1	0	1	1	1	0	0	0	1	1	1	0	0	1	1	1	2	1	0	0	0	0	0	0	0	0	1	1	0	0	1	1	0	1	0	1	1	0	2	1	1	1	2	0	0	1	0	0	0	1	1	0	0	0	0	0	1	1	0	0	0	0	0	1	1	1	0	0	0	1	1	0	2	2	1	1	1	1	1	2	0	1	1	1	1	0	0	0	0	0	1	0	0	1	0	0	2	1	0	1	1	0	2	2	1	1	1	0	0	0	0	1	1	1	0	0	0	0	1	0	1	1	1	1	0	0	0	0	0	0	1	2	2	1	2	2	0	0	0	1	1	0	0	0	1	1	0	0	0	0	1	1	0	0	1	1	1	1	0	1	0	0	2	1	1	0	0	1	1	0	1	0	1	0	0	0	2	1	1	0	2	0	0	0	0	1	1	2	1	1	0	0	0	0	0	0	1	1	1	0	1	0	0	1	2	1	1	1	1	1	1	1	0	1	0	0	0	0	0	0	1	1	0	1	1	2	1	0	0	0	0	2	0	1	0	0	0	1	1	0	0	0	1	0	1	0	2	1	1	0	0	1	1	0	1	0	1	1	1	0	1	1	0
chr5.s_17198801	1	1	0	1	1	0	0	0	0	0	0	0	0	0	0	1	2	2	1	1	2	2	1	0	2	1	2	1	2	0	0	1	1	1	0	1	1	1	1	1	1	1	0	0	0	0	1	1	2	1	0	0	0	1	2	1	2	1	1	0	1	0	0	1	0	1	0	1	1	1	1	1	1	1	0	0	1	1	1	0	0	2	1	2	1	0	2	2	1	1	1	0	0	1	1	0	1	2	1	1	1	0	0	0	0	0	0	0	1	1	1	0	0	0	1	2	1	0	1	1	2	2	2	2	0	1	0	0	0	1	2	2	1	0	0	0	0	0	0	1	0	0	0	1	1	1	1	1	0	0	0	0	0	0	0	0	0	0	0	0	0	0	0	0	0	1	1	0	0	0	1	0	0	2	2	2	1	1	2	1	1	0	0	1	1	1	0	1	0	1	0	0	0	0	1	1	1	0	0	1	1	1	1	0	1	0	1	1	1	1	1	1	1	0	0	1	1	1	1	2	1	2	1	1	0	0	0	0	0	0	1	1	1	0	0	0	1	0	1	0	0	0	0	1	1	0	0	0	0	1	0	0	1	0	0	1	1	1	1	1	1	0	1	2	1	1	1	1	0	0	0	1	2	1	1	2	1	2	0	1	1	0	0	0	0	0	1	2	1	1	1	0	1	2	1	2	1	1	2	2
chr4.s_241810328	1	0	0	0	1	1	0	0	0	0	0	0	0	1	1	1	0	0	0	0	0	1	1	0	1	0	0	0	0	0	0	0	1	0	0	0	0	0	1	1	1	0	0	0	0	0	0	0	0	0	0	0	1	0	1	1	0	0	1	0	0	0	0	0	0	0	0	0	0	1	0	0	1	0	0	0	0	0	1	0	0	0	0	0	1	1	1	0	0	0	1	1	0	1	0	0	0	0	0	0	0	0	0	0	0	0	0	0	0	0	0	0	0	0	1	0	0	0	0	0	0	1	0	1	0	0	0	0	1	2	0	0	0	0	1	1	1	0	0	1	1	0	0	0	0	0	1	1	0	0	1	1	1	1	0	0	0	0	0	0	1	1	0	1	1	0	0	0	0	0	0	1	0	0	0	0	1	2	1	0	0	1	2	2	1	1	0	0	0	0	0	0	0	0	0	1	0	0	0	0	1	0	0	0	0	0	1	0	0	0	0	0	0	0	0	0	0	0	0	0	0	0	0	0	1	0	1	0	0	1	0	1	0	0	1	0	0	0	2	1	0	0	0	0	0	0	1	0	1	0	0	0	0	1	0	0	0	1	0	0	0	0	0	1	0	1	0	0	0	1	0	0	0	0	0	0	1	0	0	0	0	1	1	0	0	1	0	0	0	0	0	0	0	0	0	0	1	1	0	1
chr1.s_262339709	1	0	0	0	0	1	0	0	0	0	0	2	0	0	2	0	0	0	1	1	1	0	0	0	0	0	1	0	1	0	0	0	0	0	1	1	2	1	1	0	0	0	0	0	0	0	0	1	2	1	0	0	0	0	0	0	1	1	0	0	1	0	0	2	0	0	0	0	0	1	0	0	1	0	0	0	1	1	0	1	0	1	1	1	1	0	1	2	0	0	1	0	1	1	1	0	0	0	0	1	0	0	0	0	0	0	0	0	0	0	0	0	1	1	0	0	0	0	1	1	1	0	1	0	0	1	0	0	1	0	1	0	0	0	1	1	2	1	0	0	1	0	0	1	1	1	0	0	1	0	1	1	0	0	0	0	1	0	0	0	0	1	0	0	0	1	1	0	0	0	1	1	1	1	1	1	1	0	0	0	0	0	1	0	1	0	1	0	0	1	1	0	0	0	0	1	1	0	0	1	2	0	1	0	0	0	0	0	1	1	0	0	1	0	0	1	1	1	1	1	1	1	1	0	0	1	1	0	0	0	0	0	1	0	0	1	1	1	1	1	0	0	0	0	1	0	0	0	1	1	0	0	0	1	1	1	0	0	1	2	0	0	1	1	0	2	1	0	0	0	0	1	2	1	0	1	1	0	0	2	1	0	1	0	0	0	0	0	0	1	2	1	0	1	0	0	2	1	0	1
chr8.s_159900670	0	0	0	0	0	1	1	0	0	0	0	0	0	0	0	0	0	0	0	0	0	0	0	0	0	0	0	0	0	0	1	0	0	0	0	0	0	0	0	0	0	0	1	0	1	1	0	0	1	1	0	0	0	0	0	1	0	0	0	0	0	0	1	0	0	0	0	0	0	1	0	1	1	0	2	0	1	0	0	0	1	0	0	0	0	0	0	0	1	1	0	1	0	1	0	0	0	1	1	0	0	0	0	1	1	0	0	0	0	0	0	0	0	0	0	0	0	1	0	0	0	0	0	0	1	1	1	0	0	1	0	0	0	0	0	1	1	1	0	0	0	1	1	0	0	0	1	1	1	1	0	0	1	0	0	0	0	0	0	0	1	2	1	0	0	0	0	0	0	0	1	0	0	0	0	0	0	0	0	0	0	1	0	1	0	0	0	0	0	0	0	0	0	0	0	1	0	0	0	0	0	0	2	0	1	0	1	0	0	1	1	0	0	0	0	0	0	0	0	1	1	0	1	0	0	0	0	0	0	1	0	1	0	0	1	0	0	1	0	1	0	0	0	0	1	0	0	0	1	2	0	0	0	0	0	1	1	0	0	0	0	0	0	0	0	2	0	0	0	1	1	0	0	0	0	0	0	0	0	0	0	0	0	0	0	0	1	0	0	0	0	0	1	1	1	0	0	0	1	0
chr8.s_89474324	0	0	0	1	0	1	1	0	0	1	1	0	1	1	0	0	0	0	0	0	1	1	0	0	0	0	0	0	0	0	0	0	0	0	0	0	0	0	1	1	1	1	1	1	0	1	1	0	0	0	0	0	0	0	0	0	0	0	0	1	1	1	1	0	0	1	1	0	0	0	1	1	0	0	1	0	0	1	1	0	0	1	1	0	1	1	0	0	1	0	0	1	0	1	0	1	1	1	1	1	0	0	1	0	1	1	0	0	0	0	0	1	1	1	1	1	1	0	0	0	0	0	0	0	0	0	0	1	0	1	0	0	0	1	0	0	0	0	0	1	0	1	0	0	0	0	0	1	0	0	0	1	2	0	1	1	1	1	0	0	0	1	1	1	1	1	1	1	2	1	0	0	1	0	0	0	0	0	0	0	0	1	1	1	0	0	0	0	0	0	0	0	0	0	0	0	0	0	0	2	0	0	0	0	0	1	0	1	0	0	0	0	0	1	0	0	1	1	0	0	0	1	1	0	1	0	0	0	0	1	1	1	1	1	1	0	1	0	0	1	1	0	0	0	1	0	0	0	0	1	1	0	0	0	0	1	0	0	1	0	0	1	0	0	0	1	0	1	0	1	0	0	0	0	0	0	0	1	1	1	1	0	0	0	1	0	0	0	0	0	1	1	0	0	0	0	0	0	0	0
chr2.s_225215358	0	1	1	0	1	1	2	1	0	0	1	0	0	0	0	1	2	2	1	1	0	0	1	1	0	0	0	1	1	1	1	0	1	1	1	1	1	1	0	0	0	0	2	1	2	1	1	0	1	2	1	1	1	1	1	0	1	0	0	1	1	0	1	1	1	0	0	1	1	1	0	1	0	0	1	1	2	0	0	0	0	0	0	1	0	0	0	0	1	2	1	2	2	1	0	1	1	1	1	0	0	0	0	1	1	0	0	0	0	0	0	1	1	0	1	2	1	1	0	0	0	0	1	1	0	0	0	0	1	2	0	1	1	0	1	2	0	1	1	1	0	0	1	1	1	1	1	0	1	2	1	0	1	1	1	1	0	0	1	1	2	1	1	0	0	0	0	0	0	0	2	0	0	0	0	0	1	1	0	0	0	1	0	1	1	0	1	1	1	0	0	1	1	1	0	0	0	0	0	1	0	0	2	1	0	0	1	0	1	1	2	1	1	0	0	0	1	1	1	0	0	0	2	1	0	1	1	1	0	2	0	2	0	0	1	1	0	1	1	0	0	1	1	0	1	0	1	1	1	1	0	1	1	1	0	1	0	0	0	0	1	0	0	1	1	1	1	0	0	2	2	0	1	1	2	0	1	0	0	0	1	1	0	0	1	1	1	0	1	0	1	0	0	1	1	1	1	0	1	1
chr1.s_29410002	1	0	0	0	0	0	0	0	0	0	0	1	0	0	1	0	0	0	0	0	0	0	1	1	0	0	0	0	0	0	1	0	0	0	0	0	0	0	0	0	0	0	0	0	0	0	0	0	0	0	0	0	0	0	0	0	0	0	0	0	0	0	1	0	0	0	0	0	0	0	0	0	0	0	0	0	0	1	0	1	0	0	0	0	0	0	0	0	1	1	0	0	0	0	0	0	0	0	0	0	0	0	0	0	0	0	0	0	0	0	0	0	1	1	0	0	0	0	0	0	0	0	0	0	0	0	0	0	1	0	0	0	0	0	1	1	0	0	0	0	0	0	0	0	0	0	0	0	0	1	0	0	0	0	0	0	0	0	0	0	0	0	0	0	0	0	0	1	1	1	0	0	1	0	0	0	0	0	0	0	0	1	0	0	0	0	0	0	0	0	0	1	0	0	0	0	0	0	0	0	0	0	0	0	0	0	0	0	0	0	1	0	0	0	0	0	0	0	0	1	0	0	0	0	0	0	1	0	0	0	0	0	0	0	0	2	0	0	0	0	0	0	0	0	1	1	0	0	0	0	0	0	0	1	0	0	1	0	0	0	0	0	0	0	0	0	0	0	0	0	0	1	0	0	0	0	0	0	0	1	0	0	0	0	0	0	0	0	0	0	0	1	1	0	0	0	0	0	1	0
chr8.s_19657510	1	2	1	0	1	0	0	0	1	2	2	0	0	0	0	0	1	2	1	1	1	1	2	2	2	2	2	2	2	1	1	1	1	2	2	1	2	1	1	0	0	0	0	0	0	1	1	0	1	2	1	1	1	1	1	0	2	2	2	1	1	1	1	1	1	1	0	1	1	1	1	1	1	1	0	0	1	0	0	0	0	2	2	1	1	1	2	2	1	1	2	0	1	1	2	1	1	1	0	1	1	1	0	0	0	0	1	1	0	0	0	0	0	0	0	1	2	1	2	2	2	2	2	2	1	1	1	2	1	1	2	1	0	0	0	0	1	1	1	2	1	0	1	2	2	2	1	1	2	1	1	1	0	2	1	1	1	0	0	0	1	0	0	0	0	1	1	0	1	0	1	1	0	2	1	1	1	1	1	1	1	1	2	0	1	1	2	1	0	1	1	1	1	1	0	0	0	0	0	1	1	2	1	1	1	1	0	1	2	2	1	1	1	0	0	1	1	1	2	2	1	2	1	1	0	1	0	1	2	1	1	0	1	0	1	1	2	1	2	0	0	1	1	0	1	1	0	0	0	1	0	2	1	2	1	1	1	1	1	1	0	1	1	2	1	1	2	2	0	1	0	1	2	2	1	1	2	2	0	1	1	1	1	0	2	0	0	1	1	0	1	0	2	1	0	2	2	2	2	1
chr4.s_193472759	1	1	1	1	1	1	2	0	1	1	1	0	0	1	0	2	1	0	0	0	1	1	0	0	0	0	0	0	0	0	1	1	2	0	0	1	1	1	1	1	1	1	1	0	2	0	0	1	1	0	0	0	1	1	1	1	0	0	0	0	0	1	1	0	2	0	0	1	1	1	1	2	0	0	1	1	1	0	1	1	0	1	1	1	1	1	0	0	1	0	0	0	0	1	2	1	0	1	1	1	0	0	0	2	1	0	0	0	0	0	0	0	0	0	2	1	0	0	0	0	1	1	1	1	0	0	0	0	0	1	1	1	1	0	1	2	0	1	0	0	1	0	1	1	0	0	0	0	1	1	0	0	0	2	1	1	0	0	1	1	1	0	0	0	0	1	1	0	0	0	0	0	0	0	0	1	1	1	1	1	1	0	0	0	0	1	0	0	0	1	1	0	1	1	1	1	1	1	1	0	0	0	0	0	1	1	2	1	1	1	1	1	0	0	1	0	0	1	0	0	0	1	1	1	1	1	1	0	1	0	1	1	0	0	0	0	1	1	1	0	0	1	1	0	0	1	2	1	1	0	0	1	0	0	0	0	0	1	0	1	1	0	0	0	0	0	1	1	0	1	1	1	1	0	1	1	1	1	0	1	0	1	0	0	1	1	1	1	1	1	0	0	1	1	1	0	1	0	0	1
chr1.s_183603097	0	0	1	0	0	0	0	1	1	0	0	0	0	1	0	1	0	0	1	0	0	0	1	1	1	1	1	1	1	0	0	0	0	1	1	1	0	0	0	0	0	0	0	0	0	0	0	0	1	1	0	0	1	0	0	0	0	0	0	0	0	1	0	1	1	0	1	0	0	0	1	1	0	0	0	1	2	1	2	0	0	1	1	1	0	0	1	1	0	0	0	1	1	1	1	0	0	0	1	0	0	0	0	1	0	1	0	1	1	0	0	0	0	0	1	0	0	0	0	0	0	0	0	0	1	1	1	0	0	0	1	0	1	1	1	1	0	0	1	1	1	0	1	2	1	1	0	0	0	1	0	1	1	0	2	1	1	1	0	0	0	0	0	1	2	0	1	1	0	0	1	0	0	1	1	0	0	0	0	0	0	0	0	0	0	0	0	0	1	0	1	0	0	0	0	0	0	0	1	0	1	0	1	1	0	0	0	0	0	0	0	0	0	0	0	0	1	0	0	0	1	0	1	0	1	0	1	2	0	1	1	0	0	0	0	1	0	1	0	0	0	1	0	0	1	0	1	0	0	1	0	0	1	1	0	1	1	1	1	0	1	1	1	1	1	0	0	1	0	0	0	0	0	0	0	0	0	0	2	0	0	0	0	0	0	1	0	0	1	1	0	0	0	1	0	0	0	0	0	1
chr8.s_80846688	1	1	0	1	0	2	1	0	0	1	1	0	2	1	0	0	1	1	1	1	1	1	1	0	2	1	2	0	1	0	1	1	0	1	0	0	0	0	1	1	1	1	1	1	1	1	1	1	0	1	2	1	0	1	1	1	1	2	2	0	1	1	2	0	0	2	1	0	0	1	1	1	1	0	0	1	0	1	1	0	1	2	1	2	2	1	1	1	2	1	1	1	1	0	0	1	2	2	1	1	0	0	1	0	1	1	0	0	1	1	1	2	1	1	1	2	1	1	1	1	1	1	1	1	0	1	0	1	1	0	1	1	0	1	0	0	1	0	0	1	1	2	1	1	1	1	1	2	0	1	1	2	1	0	0	0	1	1	0	0	0	1	0	1	1	1	1	1	2	2	0	1	1	1	2	2	1	1	2	1	1	2	2	0	0	0	1	1	0	2	1	0	1	1	1	2	1	0	0	2	1	1	0	0	1	1	0	1	2	1	1	0	1	1	1	1	2	1	2	2	1	2	1	0	1	0	0	0	0	0	1	0	2	1	0	0	2	0	1	2	1	1	0	0	1	0	1	2	0	0	2	0	0	1	0	1	1	0	2	2	1	1	0	1	0	2	0	1	1	0	0	1	1	0	2	1	1	2	1	1	2	1	1	1	1	0	1	2	1	1	1	1	1	1	1	1	1	1	2	2
chr3.s_14116096	0	0	0	0	0	0	0	0	0	1	1	0	0	0	0	0	0	1	0	0	0	0	0	0	0	0	0	1	1	0	0	1	0	0	0	0	0	0	0	0	0	0	0	0	0	2	2	1	1	1	0	0	0	0	0	0	0	0	0	0	0	0	0	1	0	0	0	0	0	0	0	0	0	0	0	1	1	0	0	0	0	0	0	0	0	0	0	0	0	1	1	1	2	0	0	0	0	0	0	0	1	0	0	0	0	0	0	0	0	1	0	0	0	0	0	0	0	0	0	0	0	0	0	0	0	0	0	0	1	0	0	0	0	1	0	0	0	0	0	2	0	0	1	1	0	0	1	0	0	0	0	0	0	0	0	0	0	0	0	0	0	0	0	0	0	0	0	0	1	1	1	0	0	0	0	0	0	0	1	1	1	0	0	0	1	0	2	0	0	1	0	0	0	0	1	1	0	0	0	1	0	0	2	0	0	0	0	0	0	0	0	0	0	0	0	0	0	1	0	1	0	0	1	0	0	1	0	0	0	0	0	0	0	0	0	0	0	0	0	0	0	0	0	0	1	0	1	0	0	1	1	0	1	0	0	0	1	1	1	1	0	1	0	1	1	0	0	0	0	0	0	0	0	0	0	0	0	0	0	0	0	0	0	1	1	0	0	1	0	0	1	0	1	1	0	0	0	0	1	1
chr2.s_23018333	0	0	0	0	0	0	0	0	0	0	0	1	1	1	1	0	0	0	0	0	0	0	0	0	0	0	0	0	0	0	0	0	0	0	0	0	0	0	0	0	0	0	0	0	0	0	0	0	0	0	0	0	0	0	0	0	0	0	0	0	0	0	0	0	0	0	0	0	0	0	0	0	0	0	0	0	0	2	1	1	0	0	0	0	0	0	0	0	0	0	0	0	0	0	0	0	0	0	0	0	0	0	0	0	0	0	0	0	0	0	0	0	1	1	0	0	0	0	0	0	1	1	0	0	0	0	0	0	0	0	0	0	0	0	1	1	0	0	1	0	0	0	0	0	0	0	0	0	0	0	0	0	0	0	0	0	0	0	0	0	0	0	0	1	1	0	0	0	0	0	0	0	1	0	0	0	0	0	0	0	0	0	0	0	0	0	0	0	0	0	0	0	0	0	0	0	0	0	0	0	0	0	0	0	1	0	0	0	0	0	0	0	0	0	0	0	0	0	0	0	0	0	0	0	0	0	1	0	0	0	0	0	0	0	0	1	0	0	0	0	0	0	0	0	0	1	0	0	0	0	0	0	0	0	0	0	0	0	0	0	0	0	0	0	0	0	1	0	0	0	0	0	0	0	0	0	1	0	0	1	0	0	0	0	0	0	0	0	0	0	0	1	0	0	0	0	0	0	0	0
chr1.s_5097030	1	0	0	0	0	0	1	0	0	0	1	0	0	0	0	0	0	0	0	0	0	0	1	1	0	0	0	0	0	0	0	0	0	1	1	0	0	0	1	1	1	1	1	0	1	0	0	1	1	0	0	0	0	0	0	0	0	0	0	0	0	0	1	1	0	0	0	0	0	0	0	1	0	0	1	0	0	0	0	0	0	0	1	0	0	0	1	1	1	0	0	0	0	0	0	0	0	0	0	0	0	0	0	1	1	0	0	0	0	0	0	0	0	0	0	0	0	1	0	0	1	1	0	0	0	0	0	1	0	0	1	0	0	0	1	2	0	1	0	0	0	0	1	1	1	1	0	0	0	0	0	0	0	0	0	0	0	0	0	0	1	0	0	0	0	0	0	0	0	0	0	0	0	0	0	0	1	1	0	0	0	0	0	0	0	0	0	0	0	0	0	0	0	0	0	0	0	0	0	0	1	0	0	1	1	0	1	0	0	0	0	0	0	0	0	0	0	0	0	0	0	1	0	0	0	0	1	1	0	1	1	0	0	0	0	1	1	0	0	0	0	0	1	0	0	1	0	0	1	0	0	0	0	1	0	0	0	0	0	0	0	0	1	0	0	0	0	0	0	1	1	0	0	0	0	0	0	0	0	0	0	0	0	0	0	1	0	0	0	0	0	0	0	0	0	0	0	0	0	0
chr3.s_174780690	0	0	0	1	0	0	1	0	1	1	0	0	0	0	0	0	0	0	0	0	0	0	0	0	0	0	0	0	0	0	0	0	0	0	0	0	0	0	0	0	0	0	1	0	1	1	0	0	0	0	0	0	0	0	0	1	0	0	0	0	0	0	0	0	0	1	1	1	1	1	0	1	0	0	1	0	0	0	0	0	1	1	0	0	1	1	0	0	0	0	0	0	0	0	0	0	0	1	1	1	0	0	0	1	1	0	0	0	0	0	0	0	0	0	0	0	0	2	0	0	0	0	1	1	0	0	0	0	0	1	0	0	0	0	1	2	0	1	0	0	0	1	2	1	1	1	0	0	1	0	1	0	0	0	0	0	0	0	0	0	2	0	0	0	0	0	0	0	0	0	0	0	1	1	0	0	1	1	0	0	1	1	1	0	0	0	1	0	0	1	0	0	0	0	1	1	1	0	0	0	0	0	1	1	1	1	1	0	0	1	1	0	0	1	0	0	0	0	0	1	0	0	0	0	1	0	1	0	1	0	0	0	0	0	0	0	0	1	1	0	0	0	0	0	0	0	1	0	1	0	0	0	0	0	0	0	1	0	0	1	0	0	0	0	0	0	0	0	0	0	1	0	0	0	0	0	0	1	0	0	0	0	0	0	0	1	1	1	0	1	0	0	1	0	1	0	0	0	1	0
chr7.s_1250912	1	0	0	1	2	1	0	0	0	0	0	2	2	2	1	1	0	0	0	0	1	1	0	0	1	1	1	0	0	1	2	0	0	1	1	0	0	1	1	2	2	1	1	1	0	0	1	1	0	0	1	1	1	0	0	0	0	0	0	1	1	0	2	1	1	1	1	2	2	2	1	0	1	0	0	2	1	2	2	1	0	0	0	0	1	1	0	0	2	2	1	1	2	0	0	1	1	0	0	0	1	1	1	0	0	0	0	0	0	2	2	2	2	1	2	1	0	1	0	0	0	0	1	1	0	0	0	0	0	0	0	0	0	2	2	1	1	0	0	0	1	0	0	0	1	1	0	0	0	1	0	1	1	0	1	2	1	2	1	1	1	1	0	0	0	0	0	1	1	2	0	2	2	1	1	1	0	0	1	1	1	1	0	1	2	1	1	0	0	1	1	2	2	2	1	1	0	1	1	0	0	0	0	1	0	1	0	0	1	0	2	0	0	2	2	1	1	1	0	0	0	1	0	0	2	1	2	1	0	1	1	0	1	1	0	1	1	0	0	1	2	1	1	1	1	0	1	1	0	0	1	0	1	0	0	1	0	1	1	1	1	1	1	0	1	2	0	0	2	0	1	1	0	0	0	1	0	0	1	1	1	1	0	1	0	0	0	0	0	0	0	2	0	1	0	1	0	0	0	0
chr6.s_171286719	0	0	1	1	0	1	1	1	1	0	1	1	1	1	0	0	0	0	0	0	0	0	1	1	0	0	0	0	0	0	1	1	1	1	1	1	0	0	0	0	0	0	0	0	0	1	0	0	1	1	0	1	1	0	1	1	0	0	0	0	0	0	1	0	0	0	1	0	0	0	0	0	0	0	0	0	1	0	0	0	0	1	0	0	0	0	0	0	1	2	1	2	1	1	0	0	0	0	1	1	1	0	0	0	0	1	1	2	1	0	0	0	0	0	0	0	0	1	0	0	0	0	0	0	0	0	0	0	1	1	0	0	1	0	1	1	0	0	1	1	0	0	0	0	1	1	1	0	1	1	1	1	2	1	1	0	1	1	0	0	0	0	0	0	1	0	1	1	0	0	2	0	0	0	0	0	0	0	0	0	0	2	1	1	0	0	1	0	1	0	0	0	0	0	0	0	1	0	1	0	0	0	2	2	0	0	1	1	0	1	1	0	0	0	0	0	0	0	0	0	0	0	2	0	1	0	1	2	0	2	1	1	1	0	1	1	0	2	0	0	1	0	1	0	1	0	0	0	0	1	0	0	2	1	0	1	1	1	0	0	0	0	0	1	2	0	0	0	0	2	0	0	0	0	0	0	0	1	2	0	0	1	0	0	0	1	0	0	0	2	0	0	0	1	0	0	0	0	0	0
chr4.s_219797838	2	2	1	2	0	1	1	0	1	2	2	0	0	1	1	1	0	0	2	1	1	2	1	0	2	1	2	0	1	2	2	2	1	1	0	1	1	2	1	2	1	0	1	1	0	1	2	1	1	2	1	0	1	0	1	1	0	1	2	0	1	1	2	1	1	1	0	1	0	0	1	1	0	0	0	1	1	0	1	1	0	2	2	1	0	0	1	1	2	1	1	1	1	1	0	0	1	2	1	1	1	1	0	0	1	1	0	0	0	1	0	0	0	0	2	1	0	0	1	1	0	1	0	1	0	1	1	1	2	1	1	1	0	0	1	1	1	1	0	1	2	0	1	2	0	0	1	1	1	2	2	1	1	1	1	2	0	0	2	1	0	1	1	0	0	0	0	0	1	1	1	1	0	2	2	1	0	1	2	1	2	2	2	2	2	1	1	2	1	2	0	0	1	0	1	1	1	1	1	1	1	2	1	0	0	0	1	1	1	2	1	0	0	1	1	1	2	2	1	0	0	1	2	0	1	1	2	0	1	1	1	2	2	2	1	0	1	1	1	1	2	1	2	1	1	0	1	0	1	1	1	2	1	1	2	0	0	1	0	2	2	0	1	0	0	0	0	1	0	2	1	2	1	2	0	1	1	2	0	0	1	1	1	2	2	0	0	2	0	1	1	1	0	2	0	1	2	1	0	1
chr3.s_40808905	0	0	0	2	1	0	1	0	1	1	0	0	1	1	1	0	1	2	1	1	1	1	1	1	1	1	1	1	1	2	1	1	0	1	1	1	1	2	1	2	1	1	2	2	2	1	0	0	1	2	1	1	1	1	2	2	1	1	1	0	0	1	0	1	0	0	0	2	1	1	0	1	1	2	1	0	1	1	1	1	1	1	0	1	0	0	1	1	1	1	1	2	1	2	1	0	0	0	0	1	1	1	0	1	2	1	2	1	0	0	0	0	0	0	0	1	2	2	1	1	0	0	0	0	1	1	2	1	0	1	1	0	0	1	1	2	1	2	1	1	1	1	1	0	1	1	0	0	1	1	1	1	2	1	0	1	1	1	1	0	1	1	2	2	1	1	0	0	0	0	1	1	0	1	1	1	1	1	1	1	2	1	1	2	1	1	1	1	1	1	1	0	1	0	1	1	1	1	0	0	1	1	2	1	1	0	2	1	0	1	0	0	0	1	0	1	0	1	1	0	1	1	1	0	0	0	2	0	1	1	1	1	0	2	1	1	0	1	0	1	1	1	1	2	1	0	1	1	2	1	0	1	1	1	2	0	0	0	1	1	2	1	2	1	1	0	1	0	0	1	2	0	1	2	2	1	1	1	1	0	0	1	0	0	0	1	1	1	1	0	1	1	0	2	1	2	1	1	1	1
chr1.s_234744722	0	0	1	1	0	0	1	1	2	1	0	2	1	0	1	0	0	1	0	0	0	0	0	0	1	1	1	1	1	0	1	0	0	0	0	2	1	2	0	1	0	1	2	1	1	1	1	2	2	1	1	1	0	0	0	0	1	0	0	0	0	1	0	2	1	1	2	1	0	0	0	1	0	0	1	1	1	1	0	1	0	1	0	1	1	1	1	1	1	1	1	1	2	1	1	1	1	0	1	0	2	1	1	1	1	1	0	1	1	1	1	2	2	2	0	0	0	0	0	0	0	0	0	0	0	0	0	0	0	0	1	0	1	0	0	1	0	1	0	0	1	1	0	0	0	0	1	1	0	0	1	0	0	0	1	1	0	0	2	1	1	1	1	0	1	1	2	1	0	1	1	2	1	1	1	0	0	0	0	0	0	1	1	0	1	0	2	0	1	0	0	1	1	0	0	0	0	0	1	1	1	0	2	1	0	0	1	1	0	0	0	0	0	1	1	0	0	1	0	0	0	1	1	1	0	1	1	1	1	0	2	0	0	1	0	1	0	1	0	0	1	1	1	0	1	0	0	1	1	1	2	0	2	0	0	2	1	1	0	0	2	0	2	0	2	1	1	0	1	0	1	0	1	1	0	1	1	1	1	2	0	1	0	2	0	1	0	0	0	1	1	2	0	1	1	1	1	0	0	1
chr5.s_3766342	1	0	1	0	1	1	1	2	2	2	1	2	1	2	1	1	1	1	2	1	1	1	0	0	0	0	0	0	0	1	0	0	0	0	1	1	1	0	1	0	0	0	2	2	2	2	2	0	0	0	0	0	1	1	1	1	0	1	1	1	1	1	0	0	1	0	1	1	1	2	0	1	1	1	1	1	1	1	1	1	1	1	1	0	0	0	0	0	1	1	1	1	0	2	1	1	1	1	2	1	0	1	1	1	1	1	1	1	1	1	1	0	1	1	2	2	2	1	0	0	1	1	1	1	0	0	1	2	0	2	0	0	1	0	0	1	1	1	2	1	1	2	2	2	0	0	1	0	0	1	1	0	1	0	1	0	1	0	0	0	1	1	1	1	1	2	2	1	1	0	1	0	2	1	1	1	0	0	0	0	1	1	1	1	0	0	0	0	1	1	2	1	0	0	0	1	2	2	2	2	0	0	1	1	2	1	1	1	0	0	1	0	1	1	1	0	2	1	0	0	0	1	0	0	2	0	0	1	1	1	2	2	0	0	2	1	0	1	1	1	0	1	0	2	0	0	2	1	1	0	0	1	1	0	1	2	1	1	0	1	0	0	0	0	2	2	1	0	1	1	1	0	0	2	2	0	0	0	1	2	1	0	0	0	1	1	1	0	1	2	1	1	0	1	1	2	0	0	1	1
chr2.s_205670726	1	0	0	0	0	2	2	0	0	0	0	2	0	1	1	2	2	1	1	0	1	1	0	0	0	0	0	0	0	1	0	1	1	0	0	0	0	0	0	0	0	0	1	0	1	0	0	1	1	1	1	1	2	1	1	1	0	1	1	0	0	0	0	2	1	0	0	0	0	1	0	1	1	0	1	0	0	1	1	1	1	2	1	0	1	1	1	1	1	0	0	1	2	1	2	1	0	0	0	0	1	0	0	1	1	0	0	0	0	0	0	0	1	1	1	1	1	1	0	0	0	0	0	0	0	0	0	0	1	0	1	1	1	0	0	1	1	1	0	0	2	1	1	1	0	0	0	0	0	0	0	0	0	2	0	0	0	0	0	0	1	1	0	0	0	1	1	0	0	0	0	0	1	1	2	0	0	0	0	0	0	0	0	0	1	1	1	0	0	0	0	0	0	0	0	1	0	0	0	0	1	0	0	0	1	1	1	0	0	0	0	1	0	0	0	0	1	0	1	0	0	1	1	1	1	1	0	0	0	0	1	0	0	0	0	1	0	0	0	1	0	0	0	0	0	1	1	0	1	0	0	0	0	0	0	0	0	2	0	0	0	0	1	0	0	1	0	0	0	0	2	0	0	1	1	0	0	1	0	2	0	1	0	0	0	0	2	0	1	0	0	1	1	0	2	2	0	0	1	0
chr2.s_223372183	0	0	1	0	1	0	0	0	0	1	1	0	1	0	0	0	0	0	0	0	0	0	0	0	0	0	0	0	0	0	0	0	0	0	0	1	0	0	0	0	1	1	0	1	0	1	1	1	0	0	1	1	0	0	0	0	0	0	0	0	0	0	0	1	0	0	1	0	1	0	1	0	0	1	0	1	0	0	0	0	0	0	0	0	0	0	1	1	1	0	0	0	0	1	1	0	0	0	1	0	0	0	1	0	0	0	1	0	0	1	1	1	0	0	0	0	0	0	1	1	0	0	0	0	0	0	0	0	1	0	1	0	1	1	1	0	0	0	1	1	1	0	0	0	0	0	0	0	0	0	0	0	0	1	1	0	0	1	0	1	0	0	1	1	0	2	1	0	1	1	0	1	0	0	1	0	0	0	0	0	0	0	0	0	0	0	0	0	1	0	0	1	1	2	1	0	1	1	0	1	1	1	0	1	0	0	0	0	1	0	0	0	0	0	1	1	0	1	0	0	0	1	0	0	0	0	0	1	0	0	2	0	0	0	0	0	0	0	0	0	0	1	0	1	0	0	0	1	0	0	1	0	1	0	1	1	0	0	0	0	0	0	1	0	0	0	0	0	1	0	0	0	0	0	0	0	0	0	0	1	0	2	0	1	1	1	0	0	0	1	0	0	0	0	0	0	0	0	0	0
chr4.s_85216545	2	2	1	0	1	0	0	0	0	0	1	0	0	1	0	1	0	1	0	1	2	2	2	2	2	2	2	2	2	1	1	1	0	1	1	1	2	1	1	0	0	1	0	0	0	0	0	1	1	1	1	1	2	1	1	1	2	2	2	2	2	1	1	1	0	2	1	0	0	0	0	0	1	1	0	0	0	1	2	1	0	1	1	2	2	2	2	2	2	1	1	1	1	1	1	1	2	1	0	1	1	1	1	0	0	0	0	0	0	1	1	1	1	1	1	0	0	1	2	2	1	1	2	2	2	2	1	0	2	1	2	2	1	0	0	0	1	1	1	1	2	1	1	1	2	2	1	1	2	1	1	2	1	1	0	0	2	1	1	1	0	0	0	1	1	1	1	1	1	1	0	0	0	0	0	1	1	1	1	1	0	1	1	0	0	0	0	1	0	1	2	0	0	0	0	0	0	0	0	0	2	2	0	1	0	0	1	1	1	2	2	1	1	0	0	1	0	0	2	2	2	2	0	1	1	1	0	0	1	0	1	0	2	0	1	1	1	1	2	0	1	0	1	0	1	1	1	0	0	0	1	1	0	2	0	0	1	2	1	1	1	1	1	2	0	0	2	1	1	1	1	1	2	1	0	1	2	2	1	1	1	1	1	1	1	0	1	1	0	0	1	0	1	1	0	0	2	2	1	1
chr7.s_108499212	1	1	1	0	0	0	0	0	0	1	2	0	0	0	0	1	1	0	0	1	1	0	0	0	1	1	2	0	1	0	1	1	2	1	0	2	1	1	0	0	0	1	0	0	0	1	1	1	0	0	0	0	0	0	0	0	2	1	0	0	1	0	1	2	1	1	1	0	0	0	1	1	1	1	0	1	0	0	0	0	0	0	1	1	1	0	1	2	1	1	1	0	1	1	2	1	1	1	1	0	0	0	0	0	0	0	1	1	0	1	0	0	0	0	0	0	0	0	1	1	1	0	1	0	0	1	0	1	1	0	2	2	2	0	0	0	0	0	0	1	0	0	0	0	1	1	0	0	0	1	1	1	0	1	2	1	0	0	0	0	0	0	0	0	0	0	0	1	2	2	0	0	0	0	0	2	1	0	0	0	0	1	1	0	1	1	1	1	1	1	0	1	1	1	0	0	0	0	0	1	2	1	0	1	0	1	0	0	2	1	1	1	1	0	0	1	0	1	1	2	1	1	0	1	0	1	0	1	0	0	1	0	1	0	0	0	1	0	1	0	0	0	1	0	1	1	0	0	0	0	1	0	1	1	0	1	1	0	1	1	0	0	1	1	0	0	1	1	0	1	0	2	2	0	0	2	2	1	0	0	1	0	1	1	1	1	1	1	0	1	2	0	2	0	1	0	2	2	1	1
chr4.s_234973414	1	1	1	1	0	2	2	1	1	1	1	0	0	0	0	0	0	0	1	1	0	0	0	0	1	1	1	0	0	1	1	1	2	0	0	0	0	1	0	1	0	0	1	0	1	0	1	1	0	1	1	0	0	0	0	0	0	1	1	0	0	1	0	0	2	0	0	1	0	1	1	2	1	0	1	1	0	0	0	0	0	1	1	1	0	0	0	0	1	0	0	1	0	1	1	1	0	1	1	0	1	1	0	1	1	0	0	0	0	1	0	0	0	0	1	1	0	0	0	0	0	0	0	0	0	0	1	1	0	1	0	0	0	0	1	2	1	1	0	1	1	0	1	1	0	0	0	0	0	1	1	0	1	1	1	2	0	0	1	0	1	2	1	0	0	0	0	0	0	1	0	0	0	1	1	1	0	0	1	1	2	0	0	1	0	1	0	0	0	1	0	1	1	0	1	2	1	1	1	0	0	0	0	0	0	1	1	0	0	0	0	0	1	1	1	0	0	1	1	0	0	1	1	0	0	0	2	0	1	1	1	2	1	1	1	0	0	0	0	1	2	1	2	1	0	1	0	0	1	0	1	2	1	0	1	0	0	0	0	1	2	0	1	1	0	1	0	1	0	2	1	0	0	2	0	0	0	1	0	0	0	0	0	2	1	0	0	1	0	1	1	0	1	1	0	0	0	0	0	1
chr4.s_10951437	1	1	1	0	0	1	0	1	1	0	0	1	1	1	1	1	1	1	1	1	1	0	0	1	0	1	0	1	0	0	0	1	2	1	1	1	1	0	1	0	0	0	0	1	0	0	0	1	0	0	1	1	1	1	1	1	1	1	0	1	0	0	0	0	1	1	1	0	0	1	0	0	1	1	0	1	0	1	1	1	1	1	1	1	1	1	0	0	0	0	1	1	0	1	1	1	1	1	1	1	0	0	0	0	0	1	1	1	2	1	1	1	1	1	1	1	1	1	1	1	1	0	2	1	1	0	0	0	1	1	1	1	1	0	0	0	1	0	1	0	1	1	1	1	1	1	0	0	1	0	1	1	1	2	1	0	1	0	0	0	0	1	1	1	1	1	1	1	0	1	0	1	1	1	1	1	2	1	0	1	0	0	1	1	0	1	0	1	1	1	1	0	0	0	0	1	1	1	1	0	1	1	0	1	1	1	0	1	0	1	1	1	1	0	1	1	1	0	1	1	1	1	0	1	1	0	0	1	1	1	1	1	0	0	1	1	1	1	1	1	0	1	0	1	0	1	1	1	0	0	1	0	1	1	0	1	1	1	1	0	0	1	0	1	1	1	1	1	1	1	0	0	1	0	1	1	1	1	1	1	1	2	1	1	0	2	1	1	1	1	1	1	1	0	1	1	1	1	1	1
chr10.s_61487158	1	1	1	1	1	0	1	1	1	0	0	1	1	1	1	1	0	1	1	2	1	1	1	1	1	1	1	1	1	0	1	1	0	1	0	1	0	1	0	1	1	1	2	1	1	0	0	1	1	1	1	1	1	0	0	1	1	1	1	1	1	0	1	0	0	2	2	1	1	0	1	1	0	0	1	1	1	1	1	1	1	0	0	1	1	1	1	1	1	1	1	1	0	1	0	0	1	1	1	0	1	1	1	1	2	2	0	1	1	1	1	1	1	1	1	0	0	1	1	1	1	1	1	1	1	1	0	0	1	1	1	1	1	1	1	1	0	1	0	0	1	1	1	0	1	1	1	1	1	1	1	1	1	0	1	1	0	1	1	1	1	0	0	0	1	0	1	1	0	1	1	1	1	0	0	1	1	1	1	1	0	1	1	1	0	0	0	1	1	1	0	1	1	1	1	0	0	0	1	0	1	1	1	1	1	0	1	1	1	1	1	1	1	1	1	1	0	0	1	1	1	1	1	1	1	0	1	1	1	1	1	1	1	2	1	1	1	1	1	1	1	1	1	1	1	0	1	1	1	1	1	0	1	1	0	1	1	1	1	1	1	1	1	1	1	0	0	1	1	1	1	1	1	0	0	1	1	1	1	1	1	1	1	1	0	1	1	1	0	1	1	1	0	1	1	0	1	1	0	1
chr6.s_125126733	2	1	1	1	0	0	0	1	1	1	1	1	1	2	1	1	0	0	1	1	2	2	1	1	1	1	1	1	1	1	1	2	1	1	1	1	1	0	2	1	1	1	1	1	0	1	1	2	1	1	1	1	2	1	1	1	1	2	2	1	1	0	2	1	1	2	2	0	0	0	1	1	0	0	1	1	0	2	2	2	0	2	2	1	2	2	2	2	1	1	1	1	0	2	2	1	1	2	2	2	1	0	0	0	1	2	0	1	1	2	1	0	1	1	1	0	1	0	1	1	1	1	1	1	1	1	0	0	2	1	2	1	1	1	1	1	0	0	0	1	2	0	1	2	1	1	1	2	1	2	1	2	2	2	2	1	2	1	0	0	0	1	1	1	2	0	1	1	1	1	0	0	2	1	2	1	1	1	1	1	0	1	1	1	0	1	0	1	1	1	1	0	0	0	0	0	0	0	1	1	2	1	0	1	0	2	1	1	1	1	1	1	1	1	0	2	1	2	2	1	1	1	0	1	2	1	1	1	1	1	1	1	2	1	1	1	2	1	1	1	1	1	0	0	0	1	1	0	0	1	1	0	1	1	1	1	1	2	2	1	0	2	1	1	1	0	1	2	1	1	1	1	1	0	0	1	1	2	2	1	1	1	1	2	1	1	0	1	0	1	1	2	1	0	0	0	1	1	0	1
chr1.s_38904307	0	1	1	1	0	0	0	0	0	0	0	1	0	0	1	0	0	1	1	1	0	0	0	0	0	0	0	1	1	1	0	1	1	0	0	0	0	1	0	1	0	0	1	1	1	0	0	0	0	1	1	0	0	0	0	0	0	0	0	1	1	0	0	0	0	0	0	1	0	0	0	0	0	0	0	1	1	0	0	1	0	0	1	0	1	1	0	0	0	0	0	1	1	0	0	1	1	0	0	0	1	1	0	0	0	0	0	0	0	1	1	1	1	1	0	0	1	1	1	1	0	0	0	0	1	1	1	1	0	0	0	0	0	0	0	0	0	0	1	1	0	1	1	1	0	0	0	1	1	1	0	0	0	0	0	1	0	0	2	1	0	0	0	0	0	0	0	1	1	1	0	1	0	1	1	0	0	0	0	0	0	0	0	1	1	1	1	1	1	0	0	1	1	0	0	0	0	1	1	1	0	1	0	1	0	0	0	0	0	1	0	0	0	1	1	1	1	1	1	0	1	0	0	1	0	0	1	1	0	1	0	0	0	1	1	0	0	1	0	0	1	1	1	1	1	0	1	1	1	0	1	1	0	0	1	1	0	0	0	0	1	0	1	1	0	1	0	0	0	0	1	0	0	0	1	0	0	0	0	0	1	0	0	0	1	0	0	0	0	0	1	0	0	0	1	0	0	0	0	0
chr4.s_3256911	0	1	1	0	1	1	1	0	1	2	2	0	1	1	1	1	1	1	1	1	0	0	1	1	0	0	0	1	1	1	1	1	1	1	1	0	0	0	0	0	0	1	0	0	1	2	1	0	1	2	1	1	1	1	0	0	0	1	1	0	0	0	0	0	0	0	0	1	1	1	1	1	0	0	1	0	1	1	1	1	0	0	1	0	0	0	0	0	0	1	1	1	1	0	0	0	0	0	0	0	1	1	0	0	0	0	1	1	0	1	1	0	0	1	0	0	0	1	1	1	1	1	1	1	1	1	1	0	1	1	0	1	1	1	1	1	0	0	1	2	0	0	1	1	1	1	1	1	0	1	1	1	1	1	0	0	1	1	1	1	1	1	1	1	1	1	1	1	2	1	2	1	1	1	1	1	0	0	0	0	0	1	1	1	1	1	0	0	0	0	0	0	0	0	0	0	0	1	1	1	0	1	2	1	1	1	0	0	0	0	1	1	0	1	1	1	1	1	1	0	1	0	2	1	0	1	1	1	1	1	0	1	0	0	1	1	0	0	1	0	0	1	1	0	2	0	1	1	1	2	1	1	1	1	0	1	0	1	1	0	0	1	0	1	1	1	0	1	0	1	1	0	0	0	1	1	0	0	1	1	1	1	0	1	2	0	1	0	0	0	0	0	0	1	1	1	0	0	0	1
chr7.s_47730236	1	1	0	1	0	1	1	0	0	1	2	0	1	2	0	2	2	2	1	1	1	0	0	0	1	1	2	1	2	1	1	1	1	1	0	1	1	2	0	1	0	1	0	0	0	1	1	1	2	1	0	0	1	1	2	1	2	1	0	0	1	0	2	2	1	1	0	1	0	0	1	1	0	0	0	1	2	1	2	1	0	1	2	1	1	0	1	2	1	1	1	2	2	2	1	0	1	1	0	0	2	1	0	0	0	0	1	1	0	0	0	0	0	0	1	1	1	0	1	1	1	0	1	0	1	2	1	1	2	1	2	2	1	0	0	0	0	0	0	2	1	0	1	2	1	1	0	0	0	2	1	2	2	0	1	2	1	1	2	1	0	1	1	1	1	0	0	1	2	1	2	0	1	2	1	2	1	0	0	0	0	2	2	2	2	1	2	2	1	1	0	1	1	0	0	0	1	1	1	2	2	1	1	0	0	1	1	1	1	1	1	1	1	2	1	2	1	2	1	2	2	1	2	1	2	1	1	0	0	1	0	2	1	1	1	0	2	0	1	0	1	1	2	1	2	0	1	0	0	1	0	0	0	1	0	1	1	2	1	1	1	0	2	2	0	1	1	1	1	2	1	1	2	0	1	1	2	1	1	0	1	0	1	0	1	0	1	1	1	1	2	1	1	2	1	1	2	1	2	1
chr6.s_1977771	1	1	1	1	0	0	0	0	0	0	1	0	0	1	0	1	0	1	1	1	1	1	2	2	1	1	0	2	1	1	0	1	1	2	1	1	0	1	0	1	0	0	0	0	0	0	1	0	0	0	0	0	1	0	0	0	1	1	1	2	1	1	0	0	1	1	1	1	0	0	0	0	0	0	0	0	0	1	2	0	0	1	1	1	2	2	1	0	0	0	1	1	1	0	1	1	1	2	2	0	1	1	0	0	0	0	0	0	1	0	0	0	0	0	1	0	0	1	2	2	1	1	1	1	1	0	1	1	1	0	1	1	1	1	1	1	0	0	0	0	1	0	1	2	2	2	2	1	2	0	1	2	1	1	2	2	1	1	1	0	1	0	0	0	0	0	0	0	0	0	0	0	0	1	2	1	1	1	1	1	1	0	1	0	0	1	0	1	1	1	0	0	1	0	0	0	0	0	0	0	1	2	0	2	0	1	0	1	0	2	0	1	1	1	0	1	1	0	1	2	1	1	0	1	1	0	2	1	1	0	1	0	1	1	0	1	1	1	1	0	2	0	2	0	0	2	1	0	0	0	0	1	2	2	2	1	1	1	2	0	1	2	1	1	0	0	0	1	0	1	0	0	1	1	0	1	1	1	1	0	1	0	1	0	0	1	0	1	0	1	1	1	2	0	0	0	1	1	1	1
chr7.s_47765356	1	1	0	1	0	1	1	0	0	1	2	0	1	2	0	2	2	2	1	1	1	0	0	0	1	1	2	1	2	1	1	1	1	1	0	1	1	2	0	1	0	1	0	0	0	1	1	1	2	1	0	0	1	1	2	1	2	1	0	0	1	0	2	2	1	1	0	1	0	0	1	1	0	0	0	1	2	1	2	1	0	1	2	1	1	0	1	2	1	1	1	2	2	2	1	0	1	1	0	0	2	1	0	0	0	0	1	1	0	0	0	0	0	0	1	1	1	0	1	1	1	0	1	0	1	2	1	1	2	1	2	2	1	0	0	0	0	0	0	2	1	0	1	2	1	1	0	0	0	2	1	2	2	0	1	2	1	1	2	1	0	1	1	1	1	0	0	1	2	1	2	0	1	2	1	2	1	0	0	0	0	2	2	2	2	1	2	2	1	1	0	1	1	0	0	0	1	1	1	2	2	1	1	0	0	1	1	1	1	1	1	1	1	2	1	2	1	2	1	2	2	1	2	1	2	1	1	0	0	1	0	2	1	1	1	0	2	0	1	0	1	1	2	1	2	0	1	0	0	1	0	0	0	1	0	1	1	2	1	1	1	0	2	2	0	1	1	1	1	2	1	1	2	0	1	1	2	1	1	0	1	0	1	0	1	0	1	1	1	1	2	1	1	2	1	1	2	1	2	1
chr3.s_181433299	0	2	1	0	2	1	1	1	0	1	2	0	2	1	1	0	1	1	0	1	2	1	1	2	0	1	0	1	0	1	2	1	1	2	1	0	0	0	0	0	1	1	1	0	2	2	1	2	1	0	1	1	0	1	1	1	1	1	0	2	1	1	2	0	1	2	1	1	2	2	2	2	1	0	1	1	0	0	0	1	2	0	1	1	2	2	0	0	1	1	0	0	0	0	1	2	2	1	0	0	0	0	2	2	1	0	0	0	1	2	2	2	1	1	0	1	1	2	1	1	1	0	2	1	1	0	0	0	0	1	1	1	0	1	2	2	1	1	1	1	0	2	2	1	2	2	0	0	2	1	0	0	0	1	0	0	0	1	0	1	2	2	1	0	0	0	0	0	1	1	0	2	1	0	1	2	2	1	1	2	1	1	0	0	0	1	1	1	0	2	0	1	0	1	2	2	1	0	0	1	0	1	1	1	1	2	1	1	0	2	2	1	2	1	1	1	0	2	1	1	1	1	0	1	1	0	1	1	1	1	0	0	1	0	1	1	2	1	1	1	1	1	1	1	0	2	0	2	2	0	2	1	1	1	1	1	0	0	1	1	0	1	0	1	0	2	0	2	1	1	2	0	1	0	2	2	0	1	0	0	1	1	1	1	2	1	1	2	2	1	1	1	1	1	1	1	0	0	1	1
chr1.s_85559785	1	1	2	1	2	0	1	0	0	0	0	1	0	1	1	1	1	1	0	0	1	1	0	0	0	0	0	0	0	1	0	0	1	0	0	1	0	0	0	0	1	1	1	1	1	0	0	0	0	1	1	1	2	1	1	0	0	1	1	0	0	1	0	0	0	0	1	1	2	1	1	1	0	1	1	0	0	1	1	1	1	0	1	0	0	0	0	0	0	0	0	0	0	0	0	0	0	1	2	1	1	0	1	2	1	0	1	0	1	0	0	0	1	1	1	1	1	0	0	0	0	0	1	1	0	0	1	1	1	1	0	0	1	1	1	1	1	2	1	0	1	0	0	0	0	0	0	1	0	0	0	0	0	0	1	0	0	1	1	2	1	1	2	1	0	1	0	0	0	0	1	0	1	0	0	0	0	0	0	0	1	0	0	0	0	0	0	0	1	0	0	2	1	2	1	0	1	1	0	0	0	0	0	1	0	0	1	0	1	0	1	0	0	0	0	0	0	0	1	0	0	0	0	0	1	0	0	1	0	0	1	0	0	0	0	1	0	0	1	0	0	0	0	1	0	0	1	0	1	0	0	2	1	0	1	1	0	2	0	0	0	0	0	0	0	0	0	0	0	0	1	0	0	1	1	0	0	0	0	1	0	0	1	0	1	1	0	0	2	1	1	1	0	0	0	1	0	0	1	0
chr2.s_110424915	2	1	1	0	1	0	0	1	1	0	0	1	0	0	0	0	0	1	0	0	1	1	1	1	1	1	1	1	1	1	0	1	0	1	2	0	1	0	1	0	0	0	0	0	0	0	0	0	0	0	0	0	0	0	0	0	0	0	0	0	0	1	1	1	0	1	1	1	1	1	1	1	1	1	0	0	0	0	0	0	0	0	0	0	1	1	1	1	0	0	1	1	1	1	1	1	1	0	0	1	0	0	1	0	1	2	1	2	1	0	0	1	1	1	0	0	0	1	0	0	0	0	1	1	0	0	0	1	1	0	0	0	0	0	1	1	0	0	1	1	0	1	1	1	1	1	0	1	0	0	1	1	0	0	0	0	1	0	1	1	1	0	0	0	1	0	1	1	0	0	0	0	0	0	0	0	0	0	0	0	0	0	1	0	0	0	0	0	0	0	2	0	0	0	0	0	0	0	1	1	2	0	0	1	0	0	0	0	0	0	1	0	0	0	0	0	0	1	0	0	0	0	0	0	0	0	1	1	0	1	0	1	1	1	0	1	1	1	1	1	1	0	0	0	0	0	0	0	0	0	1	1	1	2	0	1	1	0	0	0	0	0	1	1	1	1	1	1	1	0	1	1	0	1	0	0	1	0	1	0	0	0	1	1	1	0	0	0	0	0	0	1	0	0	0	0	1	2	0	0
chr3.s_122355258	1	1	1	1	2	0	0	1	1	1	1	1	0	0	1	1	1	1	1	0	1	1	1	1	1	1	1	1	1	1	1	0	1	1	1	1	1	1	0	0	1	1	0	1	0	0	0	1	2	2	1	0	0	0	0	0	1	1	1	1	1	2	0	0	0	1	1	1	2	1	2	1	1	2	0	0	1	1	1	0	1	2	2	1	1	1	0	0	0	0	0	2	1	1	0	1	1	1	1	1	1	0	2	1	0	0	2	1	1	1	1	1	1	1	1	1	0	1	1	1	1	1	1	1	0	0	1	2	1	2	1	1	1	1	2	1	1	1	2	0	1	1	0	1	1	1	0	1	1	1	1	1	2	0	1	1	1	2	1	2	1	0	1	2	1	2	1	0	0	0	2	1	1	2	2	1	0	0	1	1	2	0	0	2	1	1	1	0	0	1	1	1	0	1	2	1	1	2	1	1	0	1	1	1	1	1	0	0	0	1	1	1	1	1	1	0	2	0	1	1	0	0	1	1	1	0	1	1	1	2	0	1	1	0	1	1	0	1	1	0	1	1	1	1	1	1	0	0	1	1	1	2	1	1	2	1	1	1	0	1	1	0	0	0	0	1	0	1	1	2	0	1	1	2	0	0	0	1	1	1	1	0	1	1	1	0	1	1	1	0	0	0	1	1	1	1	1	1	1	0
chr2.s_224116742	1	0	0	1	0	0	0	0	0	1	1	0	1	0	0	0	0	0	1	2	0	0	0	1	0	1	0	1	0	1	0	0	1	0	0	0	0	0	0	0	0	0	0	1	0	1	1	0	0	0	1	1	0	1	0	0	1	0	0	1	0	1	0	1	1	0	0	0	0	0	0	0	0	1	0	0	0	1	1	0	0	0	0	0	0	1	0	0	0	0	1	1	1	1	1	1	0	0	0	1	0	0	0	0	0	0	1	0	0	0	1	1	0	0	0	0	0	0	0	0	0	0	0	0	1	0	1	1	2	1	0	0	0	0	0	0	0	0	1	1	0	0	0	0	0	0	0	1	1	0	1	1	1	2	0	0	1	1	0	0	0	0	1	1	0	1	0	0	1	0	0	1	0	0	0	0	0	0	0	1	1	0	1	1	1	1	1	0	0	0	0	0	1	1	0	0	1	1	0	1	1	0	0	0	0	1	0	1	1	0	0	1	0	0	1	0	0	1	1	0	1	1	0	1	0	2	0	0	1	1	0	1	0	0	1	0	0	0	1	0	0	1	0	1	0	2	0	1	0	0	0	1	0	1	1	0	0	0	1	0	0	1	0	0	0	0	0	1	1	1	0	0	1	1	0	0	1	0	1	0	1	2	1	0	1	0	0	0	0	0	0	0	1	1	0	0	1	1	0	0
chr3.s_211047351	0	0	0	0	0	0	0	0	0	0	0	0	0	0	0	0	0	0	0	0	0	0	0	0	0	0	0	0	0	0	0	0	0	0	0	0	0	0	0	0	0	0	0	0	0	0	0	0	1	1	0	0	0	1	0	0	1	0	0	0	0	0	0	1	0	0	0	0	0	0	0	0	0	0	0	0	1	0	0	0	0	0	0	0	0	0	1	1	0	0	0	0	0	0	0	0	0	0	0	0	1	0	0	0	0	0	0	0	0	0	0	0	0	0	1	1	0	0	0	0	0	0	0	0	0	0	0	0	0	0	1	0	0	0	0	0	0	0	0	0	0	0	0	0	0	0	0	0	0	0	0	0	0	0	0	0	0	0	0	0	0	0	0	0	0	0	0	0	0	0	1	0	0	1	0	0	0	0	1	1	0	0	0	0	0	0	0	0	0	0	1	0	0	0	1	1	0	0	0	0	1	0	1	0	0	0	0	0	0	0	0	0	0	0	0	0	0	0	0	0	0	0	1	0	0	1	0	0	0	0	0	0	0	0	0	0	0	0	0	0	0	0	0	0	1	0	0	0	0	1	0	0	0	0	0	0	0	1	0	0	0	0	1	0	0	0	0	0	0	0	0	0	0	0	0	0	0	0	0	0	0	0	0	0	0	0	0	1	0	0	0	0	0	1	0	0	0	0	0	0
chr4.s_211086985	0	0	0	0	0	0	0	0	0	0	0	0	0	0	0	0	0	0	0	0	0	0	0	0	0	0	0	0	0	0	0	0	0	0	0	0	0	0	0	0	0	0	0	0	0	0	0	0	0	0	0	0	0	0	0	0	0	0	0	0	0	0	0	0	0	0	0	0	0	0	0	0	0	0	0	0	0	0	0	0	0	0	0	0	0	0	0	0	0	0	0	0	0	0	0	0	0	0	0	0	0	0	0	0	0	0	0	0	0	0	0	0	0	0	0	0	0	0	0	0	0	0	0	0	0	0	0	0	0	0	0	0	0	0	0	0	0	0	0	0	0	0	0	0	0	0	0	0	0	0	0	0	0	0	0	0	0	0	0	0	0	0	0	0	0	0	0	0	0	0	0	0	0	0	0	0	0	0	0	0	0	0	0	0	0	0	0	0	0	0	0	0	0	0	0	0	0	0	0	0	0	0	0	0	0	0	0	0	0	0	0	0	0	0	0	0	0	0	0	0	0	0	0	0	0	0	0	0	0	0	0	0	0	0	0	0	0	0	0	0	0	0	0	0	0	0	0	0	0	0	0	0	0	0	0	0	0	0	0	0	0	0	0	0	0	0	0	0	0	0	0	0	0	0	0	0	0	0	0	0	0	0	0	0	0	0	0	0	0	0	0	0	0	0	0	0	0	0	0	0
chr7.s_173187021	0	1	0	0	0	0	1	0	0	0	0	1	0	0	1	0	0	0	0	0	0	0	0	0	0	0	0	0	0	0	0	1	0	1	1	0	1	0	1	0	0	0	1	0	1	0	0	1	1	0	0	1	1	0	0	0	0	0	0	0	0	0	0	1	1	1	0	0	0	0	0	1	0	0	1	1	1	1	0	1	0	1	0	0	1	1	0	0	1	0	0	0	0	1	1	0	1	1	0	1	0	0	0	1	1	0	0	0	0	0	0	0	1	1	0	0	0	0	0	0	0	0	0	0	0	0	0	0	1	0	2	1	0	0	0	1	0	1	0	0	1	0	0	0	0	0	0	0	0	1	0	0	0	0	0	0	1	0	0	0	1	0	0	0	0	1	1	0	0	0	1	0	1	0	0	0	0	0	0	0	0	0	0	0	0	0	1	1	0	1	1	0	0	0	0	0	0	0	0	0	1	1	0	0	0	0	1	1	0	1	0	0	0	0	0	1	0	1	0	0	0	1	0	0	0	0	0	0	0	0	1	0	1	0	0	1	0	0	0	0	1	1	0	0	0	0	0	0	1	0	0	0	0	0	0	0	0	0	0	0	0	0	0	0	0	0	1	0	0	0	1	0	0	0	0	0	0	2	0	2	0	0	0	0	0	0	1	1	0	0	0	1	0	0	0	1	0	0	0	0
chr7.s_173568758	0	0	0	0	0	0	0	0	0	0	0	0	0	0	0	0	0	0	0	0	0	0	0	0	0	0	1	0	1	0	1	0	0	0	0	0	0	0	0	0	0	0	0	0	0	0	0	1	0	0	0	1	1	0	0	0	0	0	0	0	1	0	0	0	0	0	0	0	0	0	0	0	0	0	0	1	0	0	0	1	0	1	0	0	0	0	0	1	0	0	0	0	0	0	0	0	0	0	0	0	0	0	0	0	0	0	0	0	0	1	0	0	0	0	0	0	0	1	1	0	1	0	0	0	0	1	0	0	1	0	0	0	0	0	0	0	0	0	0	0	0	0	0	0	1	0	0	0	0	0	0	0	0	1	0	0	0	0	0	0	0	0	0	0	0	0	0	0	0	1	0	0	0	0	0	0	1	0	0	0	0	0	0	0	0	0	0	0	0	0	0	0	0	0	0	0	0	0	0	0	0	0	0	1	0	0	0	0	1	0	0	0	0	0	0	0	0	0	0	0	0	0	0	0	0	0	0	0	0	0	0	0	1	0	0	0	1	0	0	0	0	0	0	0	0	1	0	0	0	0	1	0	0	0	1	0	0	0	0	1	0	0	0	0	0	0	0	0	0	0	0	1	0	0	0	0	0	1	0	0	0	1	0	1	0	0	0	0	0	0	1	0	0	1	0	0	0	0	0	1
chr6.s_140054588	1	0	1	2	1	1	1	0	0	0	0	2	2	2	1	2	2	2	2	1	0	0	0	0	1	1	1	1	1	2	0	0	0	0	0	2	1	2	0	1	1	1	2	2	1	0	1	1	1	1	2	2	2	1	2	2	1	1	1	0	0	2	1	2	1	0	1	1	1	1	1	1	1	1	2	0	0	1	1	1	1	2	1	1	0	0	1	1	0	0	0	0	1	1	1	1	1	0	1	0	2	1	1	1	1	0	2	1	0	0	1	1	1	2	1	1	1	1	0	0	0	0	0	0	0	0	1	1	1	0	1	1	2	1	1	1	1	1	1	0	2	1	1	1	0	0	0	1	0	0	0	0	0	1	1	1	0	1	1	1	1	2	2	1	0	1	0	0	0	0	0	1	2	1	2	1	1	1	0	0	1	0	0	0	1	0	2	0	1	0	0	2	1	1	1	1	2	1	0	0	1	0	0	1	1	1	2	1	0	0	0	1	0	2	1	0	1	0	1	0	0	0	0	0	2	1	1	1	0	0	1	0	0	1	0	1	1	0	0	1	1	1	1	2	0	0	1	1	1	1	1	1	2	0	1	1	0	2	0	0	2	0	2	0	0	1	1	0	1	0	2	1	1	2	1	0	1	1	0	1	0	2	0	1	0	2	2	0	1	2	0	1	0	0	1	1	1	0	1	0
chr9.s_155968370	0	0	0	0	0	0	0	0	0	0	0	0	1	1	1	0	0	1	0	0	0	0	0	0	0	0	0	1	1	0	0	0	1	0	0	0	0	0	0	0	0	0	0	0	0	0	0	0	1	1	0	0	0	0	1	1	0	0	0	1	1	0	0	0	1	0	0	0	0	0	0	0	0	0	0	0	1	0	0	0	1	0	1	0	1	1	0	0	0	0	0	0	0	0	0	1	1	0	0	0	0	1	0	0	0	0	0	0	0	1	1	0	0	0	0	0	0	0	1	1	0	0	0	0	0	0	0	0	0	0	0	0	0	0	0	0	0	0	0	0	0	1	0	0	0	0	0	0	0	1	0	0	0	0	0	0	0	0	0	0	0	0	0	0	0	0	0	0	0	0	1	1	0	0	0	0	1	1	0	0	0	0	0	0	0	0	0	0	0	0	0	0	1	1	0	0	0	0	0	0	0	1	1	0	0	0	1	0	1	0	0	0	0	0	0	1	0	1	0	0	0	0	1	0	0	0	0	0	0	0	0	0	0	0	0	0	0	0	0	0	0	1	0	0	1	1	0	0	1	1	0	0	0	0	1	0	0	0	0	0	0	0	0	0	0	0	0	0	0	0	0	0	0	0	0	0	0	0	0	0	0	0	1	0	0	1	0	0	0	0	0	0	0	1	0	0	0	0	0	0
chr6.s_124378958	0	0	0	0	0	0	0	0	0	0	0	0	1	1	1	0	0	0	0	0	0	0	0	0	0	0	0	0	0	1	0	0	0	0	0	0	0	0	0	0	0	0	0	0	0	0	0	0	0	0	0	0	0	0	0	0	0	0	0	0	0	0	0	0	1	0	0	0	0	0	0	0	0	0	0	0	0	0	0	0	0	0	0	0	0	0	0	0	0	0	0	0	0	0	0	0	0	0	0	0	0	0	0	0	0	0	0	0	0	0	0	0	0	0	1	1	0	0	1	1	0	0	0	0	0	0	0	0	0	0	0	0	0	0	0	0	0	0	0	0	0	1	0	0	0	0	0	0	0	0	0	0	0	0	0	0	0	0	0	0	0	1	1	0	0	0	0	0	0	0	0	0	1	1	0	0	0	0	0	0	1	0	0	0	0	0	0	0	0	1	0	0	1	1	0	0	0	0	0	1	0	1	0	0	0	1	0	0	1	0	0	0	0	1	0	0	0	0	0	0	0	0	0	0	1	0	0	0	0	0	0	0	0	0	0	0	0	0	0	0	0	0	0	0	0	0	0	0	1	0	0	0	0	0	0	0	0	0	0	1	0	0	0	0	0	0	0	0	0	0	1	0	0	0	0	0	0	0	0	0	0	0	0	1	0	0	0	0	0	0	0	0	0	0	0	0	0	0	0	0
chr5.s_138905494	1	1	1	1	2	1	1	1	1	1	0	1	1	1	1	1	0	1	0	0	0	0	1	2	1	2	1	2	1	1	0	1	0	1	2	1	2	2	1	1	1	1	1	2	1	1	1	1	0	0	1	2	2	0	1	2	1	0	0	2	1	1	0	0	0	1	1	2	2	1	2	1	0	1	1	1	0	0	1	0	2	0	0	0	1	2	0	0	1	1	2	1	1	1	1	1	1	1	1	1	2	1	2	1	1	1	2	1	0	1	1	1	0	1	1	0	0	2	0	0	0	0	1	1	1	0	1	1	2	0	0	0	0	1	2	1	1	1	2	0	1	2	2	1	1	1	1	0	2	1	2	1	0	1	0	1	1	1	2	2	1	0	1	1	0	1	0	0	0	1	0	2	0	0	1	0	1	1	0	1	1	1	2	0	0	0	0	0	0	0	2	1	1	1	1	0	1	1	0	1	1	0	1	1	1	0	1	2	0	1	1	1	1	1	1	0	1	0	0	1	0	1	1	1	1	0	2	1	2	1	1	0	1	2	1	1	0	1	1	1	2	2	1	1	0	0	2	2	1	1	2	2	1	2	1	0	1	2	0	0	1	1	1	0	1	0	2	2	1	0	0	0	1	1	1	0	2	0	0	0	1	2	2	1	1	1	2	0	1	0	0	0	1	1	1	0	2	1	1	1
chr1.s_23614328	0	0	0	0	0	0	0	0	0	0	0	0	0	0	1	0	0	0	0	0	0	0	0	0	0	0	0	0	0	0	0	0	0	0	0	0	0	0	0	0	0	0	0	0	0	0	0	0	0	0	0	0	0	0	0	0	0	0	0	0	0	0	0	0	0	0	0	0	0	0	0	0	0	0	0	0	0	0	0	0	0	0	0	0	0	0	0	0	0	0	0	0	0	0	0	0	0	0	0	0	0	0	0	0	0	0	0	0	0	0	0	0	0	0	0	0	0	0	1	1	0	0	0	0	0	0	0	0	0	0	0	0	0	0	0	0	0	0	0	0	0	0	0	0	0	0	0	0	0	0	0	0	0	0	0	0	0	0	0	0	0	0	0	0	0	0	0	0	0	0	0	0	0	0	0	0	1	1	0	0	0	0	0	0	0	0	0	0	0	0	0	0	0	0	0	0	0	0	0	0	0	1	0	0	0	0	0	0	0	0	0	0	0	0	0	0	0	0	0	0	0	0	0	0	0	0	0	0	0	0	0	0	0	0	0	0	0	0	0	0	0	0	0	0	0	0	0	0	1	0	0	0	0	0	0	0	0	0	0	0	0	0	0	0	0	0	0	0	0	0	0	0	0	0	0	0	0	0	0	0	0	0	0	0	0	1	0	0	0	0	0	0	0	0	0	0	0	0	0	0
chr1.s_34811726	0	1	1	1	1	2	1	1	1	1	1	1	1	1	1	0	1	1	1	0	0	0	1	1	1	1	1	0	0	0	1	1	1	1	1	1	1	1	1	1	1	1	0	0	0	1	1	1	1	1	1	1	1	2	1	1	1	1	1	0	0	1	1	0	0	1	1	1	1	2	1	1	2	1	1	0	0	0	0	1	2	2	2	0	0	0	0	0	0	1	1	1	0	1	0	0	0	1	1	1	1	1	0	1	0	0	1	1	1	0	0	0	0	1	0	1	1	2	1	1	1	1	1	1	0	0	0	0	0	2	0	0	0	0	1	1	2	1	1	0	1	2	1	1	1	1	1	0	1	0	1	0	1	1	1	1	0	0	0	0	1	1	0	0	0	0	0	0	0	0	1	1	1	2	1	1	0	0	1	1	1	1	1	2	1	1	0	1	1	0	0	0	0	0	0	1	0	0	0	0	0	1	1	1	2	1	0	1	0	1	1	0	1	1	0	1	1	1	1	0	0	0	1	0	1	1	1	1	1	2	0	1	1	0	1	1	1	1	1	1	1	0	1	0	0	1	0	0	1	1	1	1	1	1	1	0	0	1	0	0	0	0	0	0	1	1	1	1	0	2	0	0	1	1	1	1	1	1	0	0	0	1	1	0	1	0	1	0	2	0	1	0	0	1	1	2	1	1	1	0
chr2.s_176570764	0	0	1	0	0	0	0	0	0	0	0	0	1	1	0	0	0	0	1	0	0	0	0	0	0	0	0	0	0	0	0	0	0	0	0	1	0	0	1	1	1	0	1	1	0	0	0	0	0	0	0	0	0	0	0	0	0	0	0	0	0	0	0	0	0	0	1	0	0	0	0	0	0	0	0	0	0	1	1	0	0	1	1	0	0	0	0	0	0	0	0	0	0	0	0	0	0	0	1	0	0	0	0	1	0	0	0	0	1	1	1	0	0	0	1	1	0	0	0	0	0	0	0	0	0	0	0	0	0	0	0	0	1	1	0	0	1	1	1	0	0	0	0	1	0	0	0	0	1	0	0	1	1	0	1	0	1	1	0	0	1	0	0	1	1	0	0	0	0	0	0	0	0	1	2	0	0	0	0	0	0	0	0	0	0	0	0	0	1	0	0	0	1	1	0	0	0	0	0	0	0	0	0	1	0	0	0	0	1	1	0	0	0	0	0	0	2	0	0	1	0	0	0	0	1	0	0	2	0	1	1	0	0	0	0	0	0	1	0	0	0	0	0	0	0	1	0	0	0	0	0	0	1	0	0	1	1	0	1	0	0	1	0	0	0	0	0	0	0	0	0	0	0	0	0	0	0	0	1	0	1	0	0	1	0	1	0	0	1	1	1	0	1	0	0	0	0	0	1	0
chr9.s_157001473	1	1	0	1	1	0	0	0	0	0	1	1	1	0	1	0	1	2	2	1	0	0	0	1	0	1	1	2	2	2	1	1	2	1	0	0	0	1	0	1	1	1	0	1	0	1	0	1	1	1	1	2	1	1	2	2	0	0	0	1	1	2	1	1	2	1	0	1	1	0	2	1	0	1	1	1	1	2	1	1	2	1	1	0	1	2	0	1	1	2	2	0	1	0	1	1	1	1	0	1	2	2	1	1	0	0	2	1	1	1	1	1	1	1	0	1	1	1	0	0	1	1	0	0	1	1	1	1	2	1	1	1	0	2	1	0	0	0	1	0	0	2	1	1	0	0	1	1	1	2	1	2	1	2	0	1	0	1	1	1	0	0	1	2	1	1	0	1	1	2	1	1	1	1	2	0	1	1	1	2	2	1	1	0	1	1	1	1	0	2	1	2	2	2	2	1	1	1	0	0	1	1	2	0	2	1	1	1	2	1	1	1	0	1	1	0	1	0	0	0	0	0	1	1	0	1	1	0	1	0	0	0	2	1	1	1	0	0	2	0	2	2	2	2	2	2	0	1	0	2	1	1	1	1	1	0	0	1	1	2	1	2	1	0	1	0	0	2	1	1	1	1	0	1	1	0	1	1	0	1	0	2	2	2	0	1	1	2	2	0	0	1	1	2	1	1	1	1	1	0
chr4.s_196974898	1	1	0	1	0	0	0	1	0	1	1	1	0	1	1	1	0	1	1	1	0	1	1	0	1	0	1	1	2	2	1	1	0	1	0	0	0	1	0	1	0	0	1	1	0	1	1	2	1	0	0	1	2	0	0	0	1	0	1	0	1	1	1	1	0	1	0	1	0	0	0	0	1	1	0	1	0	0	1	0	0	0	0	0	0	0	2	2	1	1	1	0	0	1	1	0	1	1	0	0	2	1	0	0	0	0	1	1	1	2	1	0	0	0	1	0	1	0	0	0	0	1	0	1	0	1	1	1	1	0	2	1	0	0	0	0	1	1	0	1	1	0	0	0	0	0	1	2	0	1	1	1	0	0	0	1	0	0	1	0	0	0	0	0	0	0	0	0	1	1	0	0	1	0	0	0	0	1	1	0	1	2	2	1	1	1	1	2	1	1	0	1	1	0	0	0	0	0	0	2	2	1	0	0	0	1	0	1	1	1	1	0	1	2	0	0	1	1	0	0	0	0	0	0	1	0	1	0	0	0	0	0	1	1	0	0	0	0	1	0	1	0	1	0	0	0	1	0	1	0	1	1	0	1	1	1	0	2	0	1	1	0	2	0	0	1	0	0	1	0	1	1	0	1	0	1	1	1	0	0	1	0	1	1	1	0	0	1	0	0	0	0	0	0	0	0	1	2	0	0
chr1.s_25758446	0	0	1	1	1	0	0	1	1	0	0	1	0	0	1	1	1	0	0	1	0	0	0	1	0	1	0	1	0	1	1	1	0	0	1	1	1	1	1	1	1	1	0	1	0	0	1	0	0	0	0	1	1	0	0	0	1	0	0	1	0	1	1	0	1	0	1	1	1	0	1	0	0	1	0	0	0	1	0	1	0	0	0	0	1	2	0	0	1	2	1	1	0	1	0	0	0	0	1	1	2	1	1	0	0	1	1	1	1	0	0	0	1	1	0	0	1	0	0	0	0	0	0	0	1	0	1	1	0	1	0	1	2	1	1	0	0	0	1	0	0	0	0	0	0	0	0	0	1	1	0	0	1	1	1	1	1	1	1	1	0	0	1	1	1	1	1	1	0	0	0	0	1	0	0	0	1	1	1	2	2	1	0	1	0	0	1	1	2	1	2	2	2	2	2	1	2	1	1	0	0	0	0	1	0	0	0	1	1	0	1	2	0	1	0	1	0	0	1	0	1	1	0	1	0	0	1	1	1	1	1	1	0	1	1	1	0	1	0	0	1	0	1	2	0	0	0	0	0	0	0	1	1	0	1	1	1	1	1	1	1	1	1	0	2	0	1	1	0	1	0	0	1	1	0	0	0	0	1	1	1	1	0	0	0	2	1	1	0	2	1	2	0	0	0	0	0	0	0	0
chr4.s_155295461	1	1	0	0	0	0	0	0	0	0	1	1	1	1	0	1	2	2	0	0	1	1	1	1	1	1	1	1	1	1	1	1	1	2	1	1	1	1	0	0	0	1	1	1	0	1	1	2	2	1	0	1	1	2	2	1	1	1	1	1	1	1	1	1	1	2	1	0	0	0	1	1	0	0	1	2	2	1	1	1	0	1	1	1	1	1	1	1	1	1	1	1	1	1	1	1	2	1	0	0	1	1	1	0	1	1	0	0	0	1	0	1	1	1	0	1	1	1	0	0	0	0	1	1	1	1	1	1	1	1	2	2	1	1	1	1	1	1	1	1	1	1	1	1	1	1	1	0	1	0	0	1	1	1	0	0	1	1	1	1	1	1	1	1	1	1	1	1	1	2	2	0	1	0	1	0	0	0	0	0	0	1	1	0	0	0	1	1	0	1	1	0	1	1	0	0	0	0	0	1	1	1	2	1	0	1	1	0	1	2	1	1	0	1	0	0	0	1	0	0	1	1	1	1	1	1	1	1	0	1	1	0	1	1	1	1	1	1	1	1	1	0	1	0	2	1	0	0	0	2	2	0	1	1	0	0	0	1	1	0	1	1	1	1	1	0	1	1	0	1	1	1	1	1	1	1	1	2	1	1	0	1	0	2	0	0	1	1	1	0	0	1	0	2	1	2	1	0	1	0
chr2.s_39895137	1	2	1	1	2	1	1	0	0	0	1	1	1	1	1	0	0	1	0	1	0	1	1	1	2	2	2	2	2	2	1	1	1	1	0	0	0	0	0	0	1	1	0	0	0	1	1	1	0	0	0	1	1	1	0	1	1	0	1	2	2	1	0	0	1	2	1	1	2	1	1	0	1	1	0	1	0	1	1	1	2	1	1	1	0	1	1	1	0	1	2	1	1	0	1	2	2	1	0	1	1	1	2	1	1	1	0	0	1	1	0	1	1	0	1	1	1	1	2	1	2	2	0	1	1	1	1	1	1	0	1	1	0	2	1	0	1	1	0	1	0	1	2	1	1	0	2	1	2	0	1	2	1	2	0	0	1	2	1	2	0	1	1	1	1	0	0	0	0	1	1	1	0	0	0	0	2	2	1	1	2	0	1	1	1	2	0	1	0	2	0	1	1	2	2	1	1	0	0	1	1	2	1	0	2	1	0	2	2	2	0	1	0	0	0	1	0	1	1	1	1	1	1	1	1	1	0	1	1	1	0	0	2	1	1	0	1	1	1	1	1	0	1	0	0	1	1	0	1	0	1	2	1	1	2	1	1	1	2	2	1	2	0	1	1	1	1	1	1	1	1	2	1	1	0	1	2	2	1	0	1	1	2	2	1	1	1	2	1	1	1	1	2	1	1	0	1	2	1	2
chr6.s_1277224	0	1	2	0	1	1	0	1	1	1	0	0	1	0	0	0	0	0	1	1	0	0	0	0	0	0	0	0	0	0	0	1	0	0	0	1	0	0	0	0	0	0	0	1	0	0	0	1	1	1	2	2	1	0	1	1	0	0	0	0	0	0	0	1	1	1	2	1	1	2	1	1	1	1	0	0	0	0	0	0	1	0	1	0	0	0	0	0	0	0	0	1	1	1	0	1	1	0	1	0	0	0	1	1	0	0	2	1	0	0	1	2	1	0	0	0	0	0	0	0	0	0	1	1	0	0	0	0	1	2	0	0	1	0	0	0	1	0	1	0	0	1	0	0	0	0	0	1	0	0	1	0	1	0	1	0	0	0	0	0	0	1	1	1	0	1	0	0	0	0	1	1	0	1	0	1	0	0	1	1	1	0	0	1	1	0	1	0	1	1	1	1	1	1	0	1	2	2	1	0	0	0	0	1	0	0	1	0	1	0	1	0	1	0	2	0	0	1	1	0	0	0	0	1	0	1	0	2	1	2	1	2	0	0	1	0	0	0	1	1	0	1	0	2	0	0	0	1	0	0	0	1	1	0	0	1	0	0	0	1	0	0	0	0	0	1	0	1	1	1	0	0	0	1	0	0	0	0	0	0	0	1	1	0	1	1	0	0	1	2	1	0	0	0	1	0	0	0	0	1
chr7.s_177637836	1	2	1	1	1	0	0	0	1	2	1	0	0	0	1	0	1	1	1	2	0	0	0	0	1	1	2	0	1	1	0	2	1	1	0	1	1	1	1	1	1	0	1	1	0	2	2	1	1	1	1	0	0	1	1	0	2	1	1	0	1	0	0	1	0	1	0	1	1	1	0	0	1	1	0	0	0	0	0	0	1	1	0	1	0	0	0	1	0	1	2	0	0	1	1	0	1	1	0	1	0	0	0	0	0	0	0	0	0	0	0	0	0	0	0	1	1	0	0	0	0	0	1	1	0	1	0	0	2	1	1	1	0	0	0	0	0	0	1	1	1	0	0	0	1	1	1	1	0	0	1	1	0	1	0	0	0	0	0	0	0	0	0	0	0	1	1	0	1	0	0	0	0	0	0	0	0	0	0	0	0	1	2	0	0	0	0	2	1	1	0	0	0	0	0	0	0	1	1	1	2	1	1	0	0	0	0	0	1	1	1	0	0	0	1	1	0	1	2	1	1	1	0	0	0	0	0	1	1	1	0	0	1	0	0	0	0	0	2	0	0	0	0	0	0	0	0	0	1	0	0	0	1	1	0	0	1	0	1	1	1	0	0	0	1	0	0	0	0	0	1	1	2	0	1	0	1	2	0	1	1	1	2	0	1	0	0	1	1	0	0	0	1	0	0	2	2	2	2	1
chr1.s_239634821	0	0	0	0	0	1	1	0	0	0	0	0	0	0	1	0	0	0	1	0	1	1	0	0	0	0	1	0	1	0	0	0	0	0	0	0	0	0	1	1	1	0	1	0	1	0	0	0	1	2	1	1	1	0	1	1	0	1	1	0	1	0	1	0	1	0	0	0	0	1	1	2	2	1	1	1	2	0	0	0	0	1	1	0	0	0	0	1	0	0	0	0	0	0	0	0	0	1	1	0	0	0	0	1	1	0	0	0	0	0	0	0	0	0	0	0	0	1	1	1	0	0	0	0	0	1	0	1	1	0	0	0	0	0	0	1	1	1	1	0	0	0	0	1	0	0	0	0	0	0	1	0	0	1	0	0	0	0	0	0	2	1	0	0	0	0	0	1	1	1	2	1	0	1	1	1	0	0	0	0	0	1	1	0	0	0	0	0	0	0	0	0	0	0	0	1	1	1	1	0	0	1	1	1	0	0	2	0	1	0	0	0	0	0	1	0	2	0	1	0	0	0	1	0	0	0	0	1	0	1	0	0	2	0	0	0	1	0	0	1	1	0	0	0	2	0	0	0	2	1	0	0	0	0	0	0	0	0	0	1	0	0	0	0	0	1	0	1	0	0	1	2	0	0	0	1	0	0	0	0	1	1	0	0	0	0	0	0	0	1	0	0	0	1	0	0	0	1	0	1
chr2.s_38351561	1	1	1	1	2	1	2	1	1	1	1	1	1	1	0	0	1	1	0	0	1	1	0	0	1	1	1	0	0	1	1	1	0	0	0	0	0	1	1	2	2	1	2	2	1	0	0	1	1	0	0	0	0	2	2	2	1	1	1	0	0	2	2	1	1	0	0	2	2	1	2	2	1	2	2	1	1	1	1	0	1	0	1	1	1	1	1	1	1	1	0	0	0	1	1	0	0	1	1	0	1	2	1	1	1	0	2	1	0	0	0	0	0	1	1	2	2	1	0	0	1	1	1	1	1	1	2	2	0	1	1	0	0	2	1	1	0	1	1	0	1	1	2	1	0	0	0	0	1	1	0	1	1	0	0	1	1	2	1	1	1	0	1	2	1	2	1	0	0	0	0	0	1	0	1	0	1	1	1	1	1	2	1	0	0	0	0	1	1	0	1	1	1	1	1	0	1	2	1	0	1	0	0	0	2	1	2	0	0	1	2	0	1	2	1	0	1	0	0	1	1	0	1	0	1	1	1	0	1	0	0	1	1	1	0	0	1	1	1	0	2	0	2	1	0	1	0	0	1	1	1	2	1	0	1	0	1	0	1	0	2	1	2	0	0	0	1	1	1	1	1	1	0	2	1	1	1	0	1	1	1	0	0	0	1	1	1	0	1	0	1	1	1	0	1	1	0	1	2	0
chr2.s_48487800	0	0	0	0	0	0	0	0	1	2	1	0	0	0	0	0	1	1	0	0	0	0	0	0	0	0	0	0	0	0	1	0	1	0	0	0	0	0	1	1	1	1	0	0	0	1	1	0	1	1	0	0	0	1	2	1	0	0	0	0	0	0	0	0	1	0	0	0	0	0	0	0	0	0	1	0	1	0	0	0	0	0	0	0	0	0	0	0	0	0	0	0	0	0	1	1	0	1	1	0	0	0	0	0	0	0	0	0	0	0	0	0	0	0	0	1	2	0	0	0	0	0	0	0	0	0	0	0	1	1	0	0	0	0	0	0	0	0	0	1	0	0	0	0	0	0	0	0	0	0	0	0	0	1	0	0	0	0	0	0	0	0	0	0	0	0	0	0	1	0	1	0	0	0	1	0	0	0	0	0	0	1	1	0	0	1	1	0	0	0	0	0	1	1	0	0	0	1	1	1	0	0	1	0	0	1	1	0	1	0	0	0	0	0	1	0	0	2	0	0	0	0	1	0	0	0	0	0	1	0	0	0	0	0	1	0	0	0	1	0	0	0	0	0	1	1	0	0	0	2	0	0	0	0	0	0	0	0	0	0	0	0	0	0	0	0	0	0	0	0	0	0	0	0	1	0	0	0	0	0	0	0	0	0	1	0	0	0	1	0	0	0	1	1	0	2	0	0	1	0
chr3.s_224930881	0	0	0	0	0	0	0	0	0	0	0	0	0	0	0	0	0	0	0	0	1	1	1	0	1	0	0	0	0	0	0	0	0	0	0	0	0	0	0	0	0	0	0	0	0	0	0	0	0	0	0	0	0	0	0	0	0	1	1	0	0	0	0	0	0	0	0	0	0	0	0	0	0	0	0	0	0	0	0	0	0	0	0	1	1	0	1	0	0	0	0	0	0	0	0	0	0	0	0	0	0	0	0	0	0	0	0	0	0	0	0	0	0	0	0	0	0	0	0	1	0	1	1	1	0	0	0	0	0	0	0	0	0	0	0	0	0	0	0	0	0	0	0	0	0	1	1	1	0	0	0	0	0	0	0	0	0	0	0	0	0	0	0	0	0	0	0	0	0	0	0	0	0	0	0	1	0	1	1	0	0	0	0	0	0	0	0	0	0	0	0	0	0	0	0	0	0	0	0	0	0	0	0	0	0	0	0	0	0	0	0	0	1	0	0	1	0	0	0	1	0	0	0	0	0	0	0	0	0	0	0	0	0	0	0	0	0	0	0	0	0	0	0	0	0	0	0	0	0	0	0	0	0	0	0	0	0	0	0	0	0	0	0	1	0	0	0	0	0	0	0	0	0	0	0	1	0	0	0	0	0	0	0	0	0	0	0	0	0	0	0	0	0	0	0	0	0	0	0	0
chr4.s_245657389	0	0	0	2	1	0	0	0	1	1	1	0	0	0	0	0	0	0	1	0	1	1	1	1	1	1	1	0	0	2	2	0	0	1	1	1	1	2	1	2	2	1	1	2	1	1	0	1	1	1	1	0	0	0	1	2	1	1	1	0	0	1	1	1	1	0	0	1	1	0	1	0	0	1	1	0	0	0	0	0	1	1	1	1	0	0	1	1	1	1	0	0	0	1	1	0	0	0	0	1	2	1	1	0	0	0	2	1	0	1	1	0	0	0	0	0	0	2	0	0	0	0	0	0	0	0	1	2	1	0	1	0	0	1	2	1	0	0	2	0	1	1	1	1	1	1	1	1	0	1	0	0	0	1	0	1	0	1	1	1	1	0	1	1	0	1	0	0	0	0	0	0	0	1	1	0	1	1	0	0	1	1	0	0	0	0	0	0	0	0	1	1	1	1	1	0	1	1	0	1	1	0	1	1	1	0	1	0	0	0	1	0	0	1	0	0	2	0	1	0	0	0	0	0	0	0	2	1	1	1	0	0	0	1	0	1	0	0	0	0	1	0	2	2	0	0	1	1	0	1	0	1	0	1	1	1	0	1	0	0	2	0	2	0	0	1	1	0	1	1	1	0	1	2	1	0	1	0	0	0	1	1	0	1	0	1	1	0	0	0	0	0	0	1	1	1	1	0	0	0
chr8.s_143689206	1	1	1	0	0	0	0	1	1	0	1	1	0	1	2	1	0	1	1	1	1	1	1	0	1	0	1	1	2	0	0	1	1	1	0	1	0	0	0	0	0	0	0	0	0	1	1	1	1	1	1	0	1	0	0	1	1	2	2	1	2	0	0	1	1	1	1	0	0	0	0	0	0	0	1	0	0	1	1	2	1	2	1	1	1	0	2	2	0	1	2	1	0	2	2	1	1	1	1	0	0	0	0	0	0	1	0	1	1	0	0	0	1	1	1	0	0	1	2	2	1	1	1	1	0	1	0	0	1	1	2	2	2	0	0	0	1	1	0	0	2	1	1	1	1	1	2	2	0	0	1	1	1	1	1	0	0	0	1	1	0	1	1	0	1	0	1	1	0	0	0	1	1	1	1	1	1	1	1	0	0	0	1	1	0	1	1	1	1	1	0	0	0	0	0	0	0	0	1	0	2	2	1	1	1	1	0	0	1	1	0	0	1	0	0	2	2	0	2	1	1	1	0	0	1	0	0	1	0	1	1	1	1	0	1	1	1	1	1	0	0	0	1	0	0	1	1	0	1	1	0	0	2	1	1	2	1	1	1	1	0	0	1	1	2	1	0	0	0	2	0	2	1	1	0	1	1	2	1	1	2	0	1	1	0	1	2	1	0	1	1	1	1	0	1	0	1	1	0	1
chr1.s_34974274	0	1	1	1	1	1	1	1	1	1	1	0	1	1	1	0	0	0	1	1	0	0	0	0	1	1	1	0	0	0	1	1	1	0	0	1	1	1	1	1	1	1	0	0	1	1	1	1	1	1	1	0	0	0	0	0	1	1	1	1	1	1	1	0	0	1	1	1	1	1	1	1	1	1	1	0	0	0	0	1	1	1	1	0	0	0	0	0	0	1	1	0	0	0	0	0	0	1	1	1	0	0	0	1	0	0	1	1	1	0	0	0	0	1	0	0	0	1	1	1	0	0	1	1	1	1	1	0	0	1	0	0	0	0	0	0	1	1	1	0	1	1	0	0	0	0	1	0	1	0	1	0	0	0	1	1	0	0	0	0	0	0	0	0	0	0	0	1	1	1	0	1	1	1	0	1	0	0	0	0	0	0	0	1	1	1	1	1	1	0	0	1	0	0	0	0	0	1	1	0	0	1	1	1	0	1	0	1	0	1	1	0	1	1	1	1	0	1	1	0	1	0	1	1	1	0	0	1	1	1	0	0	0	0	0	0	1	1	1	0	0	0	1	0	1	0	1	1	1	1	1	1	1	0	1	0	0	0	0	0	0	0	0	0	1	0	1	1	0	1	0	0	1	1	1	1	1	1	0	0	0	0	1	0	1	0	0	0	1	0	0	0	0	1	1	1	1	1	0	1
chr7.s_5393199	0	1	2	1	1	0	0	0	0	0	0	0	1	1	0	1	2	1	2	1	1	1	0	0	0	0	0	0	0	2	1	0	1	0	0	1	0	1	0	1	1	2	0	0	1	1	1	0	0	1	1	1	1	1	2	1	0	1	1	0	0	1	2	1	0	0	1	1	1	0	2	1	0	0	1	0	0	1	1	0	0	1	1	0	1	1	0	0	1	1	0	1	2	0	0	0	0	0	1	1	2	2	1	0	1	1	0	0	1	0	0	0	0	0	1	2	2	1	1	1	1	1	0	0	1	1	2	2	1	0	0	1	2	1	2	1	0	0	1	1	0	0	0	1	0	0	1	0	1	2	1	1	1	1	1	1	1	2	2	2	1	1	1	1	1	0	0	0	0	0	0	0	1	1	1	0	1	1	0	0	1	2	1	0	1	0	2	1	2	0	0	1	2	2	2	1	1	1	1	1	0	1	1	2	1	1	1	0	1	1	1	1	0	2	1	0	2	0	1	1	1	0	0	1	1	1	2	1	0	0	1	1	0	2	0	0	1	1	0	1	1	1	1	0	0	1	1	1	0	1	0	1	1	0	2	2	1	1	0	0	1	0	1	1	0	1	0	1	1	0	1	1	0	1	2	1	0	0	1	0	1	1	0	1	0	2	0	1	1	2	0	0	1	1	1	1	0	0	2	1
chr3.s_189866976	0	0	0	1	0	1	1	0	1	1	0	0	0	0	0	1	1	1	2	1	0	0	0	0	1	1	1	1	1	0	0	0	0	0	0	1	1	1	0	0	0	0	0	0	0	0	0	1	1	1	1	0	0	1	0	0	1	1	1	0	0	0	0	1	0	0	0	0	0	0	0	0	0	0	0	0	0	0	0	0	0	1	1	0	0	0	0	0	0	0	0	0	0	0	0	0	0	1	1	1	0	1	0	0	0	0	0	0	0	0	0	0	0	0	0	0	1	0	0	0	1	1	0	0	0	0	0	0	0	0	1	1	1	0	0	0	0	0	0	0	1	0	0	1	0	0	0	0	0	0	0	0	0	0	0	0	0	0	0	0	0	0	0	0	0	0	0	0	0	0	0	0	0	2	2	1	0	0	1	1	1	0	0	0	0	0	1	0	0	1	1	0	0	0	0	0	0	0	0	0	1	0	0	0	1	0	0	0	0	0	0	1	0	0	0	0	2	1	1	1	0	0	1	1	0	1	0	0	1	0	0	0	0	0	0	0	0	0	0	0	0	0	0	1	0	0	0	0	0	0	0	0	0	0	0	0	1	0	0	1	0	0	0	0	0	0	0	0	0	0	0	0	1	1	0	0	0	0	0	0	1	0	0	1	0	0	1	0	0	0	0	0	1	0	1	1	1	0	1	0
chr3.s_185492340	1	1	2	1	2	0	0	0	0	1	1	0	1	1	0	2	2	2	2	1	0	0	0	0	1	1	1	1	1	1	1	0	0	0	0	2	1	2	1	2	2	1	0	1	0	1	1	1	2	2	2	2	2	2	2	1	0	1	1	0	0	1	1	2	0	0	1	2	2	1	1	0	0	1	1	0	1	0	1	0	0	1	1	0	1	1	1	1	1	1	0	2	2	2	1	0	0	0	1	0	2	2	1	1	1	1	1	0	0	0	1	1	0	0	2	2	2	0	0	0	1	1	1	1	1	1	2	1	1	2	1	1	2	2	1	0	0	0	1	1	2	0	0	1	0	0	0	0	0	1	0	0	1	1	1	1	0	1	1	1	0	0	1	1	0	2	1	0	1	0	1	1	0	1	1	1	1	1	1	1	2	1	0	1	1	0	2	0	1	1	1	1	2	2	2	1	2	1	0	1	1	0	1	1	1	0	1	0	1	0	2	1	0	1	1	0	2	1	1	1	1	0	1	1	1	2	1	1	0	1	1	2	0	2	1	0	0	0	1	1	1	1	1	2	1	0	1	1	0	2	0	2	1	0	1	1	1	2	1	1	1	1	2	0	0	0	1	0	1	1	0	0	1	2	1	0	1	0	0	1	1	2	0	0	2	2	1	1	2	2	1	0	1	1	1	1	1	0	2	0
chr5.s_3227818	0	0	0	0	0	1	0	0	0	1	1	0	0	0	0	0	0	0	0	0	0	0	0	0	1	1	1	0	0	0	0	0	0	0	0	1	1	1	0	0	0	1	0	0	0	1	1	0	0	0	0	0	0	0	0	1	0	1	1	0	0	0	0	1	0	0	0	0	0	1	1	1	1	0	0	0	0	0	0	0	2	0	0	1	1	1	1	1	0	0	0	0	0	0	0	0	0	0	0	0	0	0	0	0	0	0	0	0	0	0	0	0	0	0	0	0	0	1	0	0	0	0	0	0	0	0	0	0	0	0	1	0	0	0	0	0	1	0	0	1	1	1	1	0	0	0	0	1	0	0	0	0	0	0	0	0	0	0	0	0	0	2	1	0	0	0	0	0	1	0	0	0	0	0	1	1	0	0	0	0	1	0	0	1	1	1	0	0	0	0	0	0	0	0	1	2	1	1	1	1	1	0	0	0	1	0	0	0	0	0	0	0	0	0	1	0	0	1	0	0	0	0	0	0	0	0	0	0	0	0	0	1	0	0	0	0	0	0	0	1	0	0	0	0	0	0	0	0	0	0	0	0	0	0	0	0	0	0	0	0	1	0	1	0	0	1	1	1	0	0	0	0	1	0	0	0	1	0	0	0	0	0	1	1	1	0	1	1	0	1	1	0	0	0	1	0	1	0	0	0
chr5.s_74863357	0	1	0	0	0	1	1	0	0	0	0	0	0	0	0	0	0	0	1	1	1	1	1	0	1	0	1	0	1	0	0	1	0	1	0	0	0	0	0	0	0	0	1	1	0	0	0	0	1	1	0	0	0	0	1	1	2	1	1	0	1	0	0	1	0	1	0	0	0	0	0	0	0	0	0	0	1	0	0	0	0	1	1	1	1	0	1	1	0	0	0	1	1	0	0	0	1	1	0	0	0	0	0	0	0	0	0	0	0	0	0	0	0	0	0	0	0	0	1	1	1	1	1	1	0	1	0	0	0	0	1	1	0	0	0	0	0	0	1	0	0	0	0	1	1	1	1	1	0	0	0	0	0	0	0	0	0	0	0	0	0	0	0	0	0	0	0	0	0	0	1	0	0	1	2	1	1	1	1	0	0	0	0	0	0	0	0	1	0	1	0	0	0	0	0	0	0	0	0	0	1	1	1	0	0	0	0	0	1	1	0	0	1	0	0	1	1	0	1	1	1	1	2	0	0	0	0	0	0	0	0	0	1	0	0	0	1	0	0	0	0	0	0	0	1	0	0	0	0	1	0	0	0	0	0	0	0	0	1	1	0	0	0	1	0	0	1	0	0	0	0	1	1	0	0	1	1	1	0	0	1	0	0	0	0	0	0	1	0	0	1	0	0	1	0	0	0	0	0	2
chr1.s_294013531	0	0	0	0	1	0	0	0	1	1	0	0	1	1	0	1	2	1	0	0	0	0	1	1	0	0	0	0	0	1	1	0	0	1	1	0	0	0	0	0	1	1	0	1	0	0	0	0	0	0	0	1	1	1	2	1	0	0	0	0	0	1	0	1	0	0	0	0	1	0	1	0	0	1	0	0	0	0	0	0	0	0	1	0	0	0	0	0	0	1	1	0	1	0	0	0	0	0	0	0	1	0	1	0	0	0	1	0	0	0	0	0	0	0	0	1	1	1	0	0	0	0	0	0	0	0	1	1	1	0	0	0	0	1	1	0	0	0	1	0	0	0	0	0	0	0	0	0	1	0	0	0	0	0	0	0	0	1	0	1	0	1	2	1	0	1	0	1	1	1	0	0	1	0	1	0	0	0	0	0	1	0	0	0	1	0	1	0	0	0	1	1	0	1	1	0	2	1	0	0	0	0	0	1	0	1	1	0	0	1	0	1	0	1	0	0	0	1	0	1	0	0	0	0	1	1	0	1	1	1	0	0	0	0	1	1	0	1	0	0	0	0	0	1	1	1	0	0	0	0	0	1	0	1	1	0	1	1	0	0	0	0	0	0	1	0	0	0	1	0	0	1	0	1	1	0	0	0	0	0	0	0	0	1	0	0	1	0	1	1	0	0	1	0	0	1	0	0	2	0
chr4.s_100296288	0	1	0	0	0	0	0	0	0	1	1	0	0	0	0	0	1	1	0	0	0	0	0	0	0	0	0	0	0	0	1	1	0	2	1	0	0	0	1	1	1	0	0	0	1	2	2	1	0	0	0	0	0	1	1	0	0	0	0	0	0	0	0	0	1	1	0	0	0	0	0	0	0	0	1	2	1	0	0	0	0	0	0	0	0	0	0	0	0	0	0	0	0	0	0	0	1	1	0	0	0	0	0	0	1	1	0	0	0	1	0	0	0	0	0	1	1	0	0	0	1	1	0	0	0	0	0	1	0	0	1	1	0	1	1	1	0	0	0	1	0	0	0	0	0	0	1	0	0	0	0	0	0	0	1	1	0	0	0	0	1	1	1	0	0	0	0	0	1	1	1	0	0	0	0	0	0	0	0	0	0	1	1	0	0	0	0	1	0	1	0	0	1	1	0	0	0	0	0	2	0	1	1	0	1	0	0	0	1	1	0	0	0	0	0	0	0	1	0	0	0	0	0	0	0	0	1	0	0	0	0	0	0	1	0	0	0	0	0	1	0	0	0	0	0	0	0	1	0	1	1	0	1	0	0	1	0	0	1	0	0	1	0	0	0	1	0	0	0	0	0	1	0	0	2	1	0	1	0	0	0	0	0	1	1	0	0	1	1	0	0	0	0	0	0	2	0	0	1	0
chr2.s_63431330	0	0	0	2	1	0	1	0	0	0	0	1	1	0	1	1	1	0	2	1	0	0	1	1	0	0	0	0	0	1	0	0	2	1	1	0	0	1	0	1	1	1	1	1	2	0	0	0	0	0	1	1	0	0	0	1	0	0	0	0	0	1	0	1	1	0	0	1	1	0	1	1	0	1	1	0	0	1	0	1	2	2	1	0	0	0	0	0	0	0	0	0	1	0	1	1	0	0	0	0	1	1	1	1	1	0	2	1	0	0	1	1	1	1	0	0	0	2	0	0	0	0	0	0	0	0	1	1	0	0	0	1	1	1	2	2	0	1	1	0	0	1	1	1	1	1	0	0	0	1	0	0	0	1	1	2	0	1	1	1	1	0	1	1	0	1	0	1	1	1	0	1	1	2	1	0	1	1	1	1	2	0	0	1	2	2	1	0	0	1	0	1	1	1	2	1	2	1	0	0	0	0	0	1	1	1	1	0	0	0	0	1	0	1	1	0	1	0	0	0	0	0	0	1	0	1	2	0	0	0	0	0	0	1	0	2	0	0	0	0	1	2	1	1	1	2	1	2	1	0	0	1	0	1	1	0	0	0	0	1	1	0	1	0	0	0	0	0	1	0	1	0	0	1	1	0	0	1	0	1	0	1	1	0	0	1	2	1	0	1	0	1	1	0	2	0	0	0	0	1
chr2.s_1023672	0	0	0	1	2	1	1	0	0	1	2	1	2	1	1	1	1	1	0	0	1	1	0	0	0	0	0	1	1	1	1	0	1	0	0	1	1	2	0	1	1	1	0	0	0	1	1	1	0	1	2	1	0	0	0	0	0	1	1	1	1	1	1	0	2	1	1	2	2	1	2	1	1	1	1	2	1	0	0	0	0	0	1	0	0	0	0	0	1	1	1	1	1	0	1	1	0	1	1	0	2	2	1	1	0	0	0	0	1	2	2	1	0	1	1	1	1	0	0	0	1	1	1	1	1	1	1	1	0	0	0	1	1	1	1	0	0	0	0	2	0	1	0	0	0	0	0	0	0	1	0	0	0	1	0	1	0	1	2	2	0	1	1	0	0	1	1	1	2	2	1	1	1	1	1	1	1	1	1	1	1	1	1	1	1	2	1	1	1	1	1	1	1	1	2	1	1	1	1	1	0	0	0	0	1	2	1	1	0	0	1	1	0	2	2	0	0	2	1	0	1	1	1	1	1	0	1	0	0	0	1	1	1	1	1	0	1	0	0	0	2	2	2	1	1	1	0	1	1	1	2	0	0	0	1	0	0	1	0	1	1	0	1	1	1	0	0	1	2	1	1	0	1	0	0	1	0	0	0	1	0	1	0	2	1	1	1	1	1	1	0	0	1	0	1	0	1	1	0	0
chr4.s_101169544	0	0	0	1	1	0	0	0	0	0	1	1	0	0	0	0	0	1	0	0	0	0	1	1	0	0	0	1	1	1	1	0	1	1	1	0	0	1	1	2	2	2	0	1	1	1	1	1	1	1	1	0	0	0	0	0	0	1	1	1	1	0	0	1	2	0	0	1	1	0	1	0	1	2	1	1	1	0	0	1	0	0	1	0	1	1	0	0	1	0	0	0	0	1	2	1	0	0	0	0	1	1	1	0	1	1	1	0	0	0	0	0	0	0	0	0	0	1	1	1	1	1	1	1	0	0	0	1	0	0	0	0	0	2	2	1	1	1	2	1	0	0	1	1	1	1	1	0	1	0	0	0	0	1	1	2	0	1	2	2	1	1	2	1	0	1	0	0	0	0	1	0	0	0	0	0	1	1	0	0	0	1	1	0	0	1	0	1	1	0	0	1	1	1	1	0	1	1	0	1	1	1	1	1	1	1	0	0	0	1	1	0	0	1	0	0	0	1	1	0	0	1	0	0	0	0	2	0	0	0	1	0	1	2	1	1	0	1	0	1	2	0	2	1	0	1	0	1	0	1	0	0	1	1	0	1	0	0	1	0	1	1	1	1	0	1	0	0	0	1	1	1	0	0	1	1	0	0	0	0	0	0	0	1	0	1	0	0	0	0	0	0	1	0	0	1	0	1	0	0
chr2.s_219964769	0	0	1	0	0	0	0	0	0	0	0	0	0	0	0	0	0	0	0	0	0	0	0	0	0	0	0	0	0	0	0	0	0	0	0	1	0	0	0	0	0	0	0	0	0	0	0	0	0	0	0	0	0	0	0	0	0	0	0	0	0	0	0	0	0	0	1	0	0	0	0	0	0	0	0	0	0	1	1	0	0	0	0	0	0	0	0	0	0	0	0	0	0	0	0	0	0	0	1	0	0	0	0	0	0	0	0	0	0	0	0	0	0	0	0	0	0	0	0	0	0	0	0	0	0	0	0	0	0	0	0	0	1	1	0	0	0	0	0	0	0	0	0	0	0	0	0	1	0	0	0	1	1	0	1	0	1	1	0	0	0	1	1	1	1	0	0	0	0	0	0	0	0	0	0	0	0	0	0	0	0	0	0	0	0	0	0	0	1	0	0	0	0	0	0	0	0	0	0	0	0	0	0	1	0	0	0	0	0	0	0	0	0	0	0	0	0	0	0	1	0	0	0	0	0	0	0	2	0	1	1	0	0	0	0	0	0	0	0	0	0	0	0	0	0	1	0	0	0	0	0	0	1	0	0	1	1	0	1	0	0	1	0	0	0	0	0	0	0	0	0	0	0	0	0	0	0	0	1	0	0	0	0	1	0	1	0	0	0	1	0	0	1	0	0	0	0	0	1	0
chr2.s_58811154	0	0	0	0	0	0	0	0	0	0	1	0	1	1	0	0	0	0	0	0	0	0	1	1	0	0	0	0	0	0	0	0	1	0	0	1	1	1	0	0	0	0	1	1	0	0	0	0	0	0	0	0	0	0	0	0	1	1	1	0	0	0	0	0	1	0	0	0	0	0	0	0	0	0	0	0	0	1	1	0	0	0	1	0	0	0	0	0	1	0	0	0	0	0	1	1	0	0	0	0	0	0	0	1	0	0	0	0	0	1	1	0	0	0	1	1	0	1	1	1	0	0	0	0	1	1	1	0	0	0	0	0	0	1	0	0	1	1	0	0	0	0	0	0	1	1	0	0	1	0	0	1	1	1	1	1	1	1	0	0	0	0	0	1	1	0	0	0	0	0	0	0	1	0	0	0	0	0	1	1	0	0	0	0	0	1	0	0	0	0	0	1	0	0	0	0	0	0	0	0	0	1	0	1	0	2	0	0	0	1	0	0	0	1	0	0	1	1	0	1	1	1	0	0	1	0	0	0	0	0	1	0	0	0	1	1	0	1	0	0	0	0	1	0	0	2	0	0	0	0	0	0	0	1	0	0	1	0	1	0	0	1	0	0	0	0	1	0	0	1	0	0	1	0	0	0	1	0	1	0	1	0	0	0	0	0	0	0	1	0	0	1	2	0	0	0	1	0	1	0
chr8.s_7027051	1	0	1	2	1	0	0	2	2	1	1	2	1	2	1	1	0	0	1	1	1	1	1	1	1	1	1	0	0	0	2	1	2	1	1	2	1	2	1	2	1	0	1	1	1	1	1	1	1	1	1	1	2	0	1	1	1	1	1	0	0	1	1	1	2	0	1	2	1	1	1	1	0	0	0	1	1	1	1	1	1	1	1	1	1	1	1	1	2	2	1	1	0	2	2	2	1	1	2	1	2	1	1	1	0	1	1	2	2	1	1	1	2	2	2	1	1	1	0	0	0	0	1	1	0	0	0	1	1	2	1	0	1	0	1	1	0	0	1	1	2	0	1	1	1	1	1	1	0	2	1	0	1	2	2	2	0	0	2	1	1	1	1	1	2	1	2	2	1	1	0	0	2	1	1	1	0	0	1	1	1	1	0	2	1	2	1	1	2	1	1	1	2	1	1	1	1	1	2	0	1	0	1	2	0	2	1	0	1	0	2	0	1	2	1	0	0	1	1	1	0	1	0	0	2	0	2	2	1	2	2	2	0	1	1	2	0	1	1	0	1	1	2	1	1	1	2	1	0	0	1	0	2	1	1	2	2	2	0	1	2	0	2	1	2	1	1	1	1	2	0	1	1	1	1	0	1	1	1	2	0	1	1	1	0	1	0	1	1	2	0	1	2	1	0	1	1	0	1	1
chr2.s_26789681	0	1	1	1	1	0	0	1	1	1	0	1	0	0	0	0	0	0	0	0	0	0	0	0	0	0	0	0	0	1	0	0	0	0	0	0	0	1	0	1	1	1	0	1	0	0	0	0	0	0	0	0	0	0	0	1	0	0	0	0	0	1	0	0	0	0	0	1	1	0	1	0	0	1	0	0	0	0	0	0	1	0	0	0	0	0	0	0	0	0	0	1	1	0	0	0	0	0	0	0	1	1	1	0	0	0	1	0	0	0	0	0	0	0	0	0	1	1	0	0	0	0	0	0	0	0	1	1	0	0	0	0	0	1	1	0	0	0	1	0	0	1	1	0	0	0	0	0	0	0	0	0	0	0	0	1	0	1	1	1	0	0	1	1	0	1	0	0	0	0	0	0	0	0	1	0	1	1	0	0	1	0	0	0	0	0	0	0	0	0	0	1	1	1	1	0	1	1	0	0	0	0	0	0	1	0	0	0	0	0	0	0	1	1	0	0	0	0	0	0	0	0	0	0	0	0	1	0	1	0	0	0	1	1	0	0	0	0	0	0	2	0	1	1	0	0	0	0	0	0	0	2	1	0	1	0	0	0	0	0	1	0	1	0	0	0	0	0	0	0	0	0	0	1	0	0	0	0	0	0	0	0	0	0	1	1	1	0	0	0	0	0	0	0	1	0	0	0	0	0
chr6.s_144799500	0	1	1	0	0	0	0	0	0	0	0	1	2	1	0	1	2	1	1	1	1	1	1	1	0	0	0	0	0	0	0	0	1	1	1	0	0	0	0	0	0	0	0	0	1	0	1	0	0	0	1	2	1	1	2	1	0	0	0	0	0	1	0	0	2	0	0	0	0	0	1	1	0	0	0	0	0	1	1	0	0	1	0	0	0	0	0	0	0	0	0	0	0	0	1	2	1	0	0	0	0	0	0	0	1	1	1	1	0	0	1	1	0	1	1	2	1	1	0	0	0	0	0	0	1	1	1	0	0	0	0	1	1	1	1	1	0	0	1	0	0	0	1	1	1	1	0	0	0	0	1	1	1	2	0	0	1	1	1	1	1	1	1	1	1	0	0	1	1	1	0	1	1	1	0	0	0	0	1	1	1	0	0	1	1	2	0	0	0	0	1	1	1	1	1	1	1	0	0	0	0	0	0	1	0	2	1	1	1	0	0	1	0	1	1	0	0	0	0	1	1	0	0	0	1	0	1	1	0	1	0	1	0	1	0	1	0	0	0	1	0	1	0	0	1	2	1	2	0	0	1	1	1	1	0	0	1	0	1	0	0	1	0	0	0	0	0	1	1	0	0	1	0	0	2	0	0	1	1	0	0	2	0	0	1	0	1	1	1	1	0	0	2	0	0	1	0	0	2	0
chr6.s_150506285	0	1	0	0	0	0	1	0	0	1	2	0	1	1	0	0	0	0	1	0	1	1	1	1	0	0	0	0	0	0	0	1	0	2	1	0	0	0	0	0	0	0	1	0	1	1	1	0	1	1	0	0	0	0	0	1	0	1	1	1	1	0	1	0	0	1	0	0	0	0	0	1	1	1	1	1	2	1	1	0	1	1	1	0	0	0	0	0	0	0	0	0	0	0	0	0	1	1	0	0	0	0	0	1	2	1	0	0	0	0	0	0	0	0	0	0	0	2	0	0	0	0	0	0	1	1	1	0	0	0	1	1	0	1	0	1	0	1	1	1	0	1	1	1	1	1	0	0	0	0	0	1	1	0	0	0	1	1	0	0	2	1	1	1	1	0	0	1	2	1	1	0	1	1	2	0	0	0	0	0	0	0	0	0	0	0	0	1	0	1	0	0	1	1	0	0	1	1	1	1	0	1	1	1	1	1	1	0	1	1	0	0	0	1	1	0	1	1	0	1	1	0	1	0	1	0	0	1	0	1	0	0	0	1	0	1	1	0	0	1	0	0	1	0	2	1	0	0	1	1	0	0	0	1	0	0	1	0	1	0	0	1	0	0	0	0	0	0	0	1	1	0	0	0	0	0	0	1	1	0	0	0	0	0	1	0	1	1	0	1	0	0	1	1	1	0	0	1	1	1
chr8.s_38438613	1	2	1	1	2	1	1	0	0	0	0	0	0	0	0	0	0	0	0	1	1	1	1	0	1	0	0	0	0	2	0	1	0	1	0	0	0	1	0	1	1	1	1	1	1	0	0	0	1	1	0	0	0	0	0	1	1	1	1	0	0	1	0	1	1	1	0	2	2	2	1	1	1	1	1	0	1	0	0	0	1	0	0	1	1	0	1	0	0	0	1	1	2	0	0	0	1	1	0	0	1	1	1	1	1	0	1	0	0	0	0	0	0	0	0	0	0	1	1	1	1	1	2	2	0	0	1	1	1	1	1	1	0	1	2	2	1	1	1	0	0	1	1	0	1	1	1	1	0	1	1	1	0	0	0	1	0	1	2	2	2	2	2	1	0	1	0	0	0	0	2	0	0	1	0	1	1	1	1	0	1	0	1	0	1	0	1	1	0	1	0	1	1	1	1	1	1	2	1	0	1	1	1	0	1	0	1	1	0	1	1	0	1	1	1	1	0	0	1	1	1	1	1	1	0	1	2	0	0	0	0	1	0	1	0	0	1	0	2	1	1	1	1	1	1	1	0	0	1	1	0	2	0	1	1	0	0	0	1	0	1	0	1	1	0	1	0	0	0	0	2	1	1	1	0	1	1	1	0	0	1	0	1	1	1	0	1	1	0	0	2	0	0	1	2	0	1	1	0	1
chr4.s_173655621	0	0	1	0	1	1	1	1	1	0	0	1	0	0	1	1	2	1	1	0	0	1	1	1	1	1	1	1	1	1	0	0	0	0	1	1	1	0	1	0	1	1	1	1	1	0	0	1	1	1	0	0	0	1	1	1	0	0	1	1	1	1	0	1	1	1	2	0	1	1	2	2	2	2	1	2	2	1	0	1	1	1	1	0	0	1	1	1	0	0	0	0	1	0	0	1	1	0	1	1	0	0	2	2	1	1	1	1	2	1	0	1	2	2	0	1	1	1	0	0	0	1	0	1	1	1	0	0	0	0	0	0	1	1	1	1	1	1	1	0	0	2	1	1	0	0	1	2	1	0	0	0	0	0	1	0	1	1	1	2	1	2	2	1	1	1	1	2	1	2	2	0	1	1	2	0	1	2	1	1	0	0	0	0	1	0	1	1	2	0	1	1	0	1	1	1	1	1	1	0	0	0	1	1	1	0	1	1	1	0	0	2	0	0	0	0	1	0	0	1	0	0	1	2	0	1	0	1	1	0	1	0	1	0	1	1	0	1	0	1	0	0	0	2	2	1	0	0	1	1	2	0	1	0	0	1	2	0	0	1	0	1	0	0	1	1	1	2	0	0	2	2	0	0	1	0	0	0	1	1	0	0	0	1	0	2	1	0	2	1	0	2	1	1	2	1	0	1	2	0
chr9.s_66927077	0	0	0	0	1	1	1	0	0	1	1	0	0	1	0	2	2	2	0	0	1	1	0	0	0	0	0	1	1	1	0	0	0	0	0	0	0	0	0	0	0	1	0	0	0	2	1	0	0	1	1	0	1	1	1	0	1	1	1	1	1	0	1	0	0	0	0	1	1	1	0	0	0	0	0	0	0	1	2	1	0	0	0	0	1	1	0	0	0	0	0	0	0	0	0	0	0	0	0	0	0	0	0	0	1	1	0	0	0	0	0	0	0	0	2	2	1	0	0	0	0	0	0	0	1	1	1	0	1	0	0	1	1	1	0	0	0	0	0	1	1	0	0	0	0	0	0	0	1	0	0	1	1	0	0	0	1	1	0	0	0	0	0	1	1	0	0	1	2	1	0	0	0	0	1	0	0	0	0	0	0	1	1	0	0	0	1	1	1	0	0	1	0	0	0	0	1	0	0	2	0	0	1	0	0	0	0	0	0	1	0	1	0	0	0	1	1	1	1	0	1	0	1	0	1	0	0	0	0	0	0	1	0	1	0	0	1	1	0	1	0	0	0	0	1	0	1	0	0	0	0	0	0	0	0	1	0	1	1	0	0	1	0	0	0	1	0	0	0	0	1	1	0	1	1	0	0	0	1	0	1	0	0	0	1	0	1	0	1	1	0	0	0	1	0	1	0	0	1	0
chr4.s_30577266	0	1	1	0	1	0	0	0	0	0	0	0	0	0	1	0	0	0	0	0	0	0	0	0	0	0	0	0	0	0	1	0	0	0	0	0	0	0	0	0	0	0	0	0	0	0	0	0	1	1	0	0	0	0	1	1	0	0	0	0	0	0	1	0	0	0	0	1	1	1	0	0	0	0	0	0	1	1	1	0	0	1	0	0	0	0	0	0	1	1	0	1	0	1	0	0	0	0	0	0	1	0	0	0	0	0	0	0	0	0	0	0	0	0	0	0	0	0	0	0	0	0	1	1	1	1	1	0	0	2	0	0	0	0	0	0	0	0	0	0	0	0	0	0	0	0	0	0	0	1	0	1	2	1	0	0	1	1	0	0	0	0	0	1	1	0	0	0	0	0	1	1	0	0	0	0	0	0	0	0	0	1	0	1	0	0	0	0	0	0	0	0	0	0	0	0	0	0	0	0	0	0	1	0	0	0	1	1	0	0	2	0	0	0	0	0	0	0	0	0	1	0	1	0	0	0	0	0	0	1	0	1	0	0	1	0	0	0	1	0	0	0	0	0	1	0	0	0	1	1	0	1	0	0	0	0	0	1	0	0	0	0	0	0	0	0	0	0	0	1	0	0	0	0	0	0	0	1	1	0	0	1	0	0	1	0	0	0	0	0	0	0	0	1	0	0	0	0	0	0
chr10.s_120198388	0	0	0	0	0	0	0	0	0	0	0	0	0	0	0	0	0	0	0	0	0	0	0	0	0	0	0	0	0	1	0	0	0	0	0	0	0	0	0	0	0	0	0	0	0	0	0	0	0	0	0	0	0	1	0	0	0	0	0	0	0	1	0	0	0	0	0	0	0	0	0	0	0	0	1	0	0	0	0	0	0	0	0	0	0	0	0	0	0	1	1	0	0	0	0	0	0	0	0	0	0	0	0	0	0	0	0	0	0	0	0	1	1	1	0	0	0	0	0	0	0	0	0	0	0	0	1	1	0	0	0	0	0	0	0	0	0	0	1	0	0	0	0	0	1	1	0	0	1	0	0	0	0	0	0	0	0	0	0	0	0	0	0	0	0	0	0	0	0	0	0	0	0	0	0	0	0	0	0	0	1	0	0	0	0	0	0	0	0	0	0	0	0	0	0	0	0	0	0	0	0	0	0	0	0	0	0	0	0	1	0	0	0	0	0	0	0	0	0	0	0	0	0	0	0	1	0	0	0	0	0	1	0	0	0	0	0	1	0	0	0	0	0	0	0	0	0	0	0	1	1	1	0	0	1	0	0	0	0	0	0	0	0	0	1	0	0	0	0	0	0	0	0	1	0	0	0	0	0	0	0	0	0	0	0	0	0	0	0	0	0	0	0	0	0	0	0	0	0	0
chr1.s_109744683	0	0	0	0	0	2	2	0	0	0	0	1	0	0	0	1	1	0	0	0	0	0	0	0	1	1	1	1	1	0	0	1	1	0	0	1	1	1	0	0	0	0	1	0	2	0	1	0	0	0	0	1	1	0	1	2	0	0	0	0	0	1	0	0	1	1	1	0	0	1	1	2	1	0	1	1	1	1	1	0	1	1	0	1	1	1	1	1	0	0	0	1	1	0	0	1	1	0	0	0	1	0	1	2	1	0	0	0	0	0	0	1	1	1	0	0	1	1	0	0	0	0	0	0	1	1	1	0	1	1	0	1	1	1	0	1	1	1	0	1	0	2	2	1	0	0	0	0	0	1	0	1	1	1	0	0	1	1	1	1	1	2	1	1	1	0	0	0	0	0	0	0	0	0	1	0	0	0	1	1	1	0	0	0	0	0	0	0	0	0	1	0	0	0	1	2	1	0	0	0	0	0	0	0	1	0	2	1	0	0	0	1	0	0	0	0	1	0	0	0	1	0	1	0	0	0	0	0	0	0	0	0	0	0	0	0	0	0	1	1	0	1	0	0	0	1	1	1	1	0	1	0	0	0	0	0	0	1	1	0	1	1	1	1	0	1	0	1	0	0	1	0	1	0	1	0	0	1	1	0	1	1	0	1	0	0	2	1	1	1	1	0	0	0	1	0	1	0	0	1
chr3.s_13975716	0	0	0	0	0	0	0	0	0	0	0	0	0	0	0	0	0	0	0	0	0	0	0	0	0	0	0	0	0	0	0	0	0	0	0	0	0	0	0	0	0	0	0	0	0	0	0	0	0	0	0	0	0	0	0	0	0	0	0	0	0	0	0	0	0	0	0	0	0	0	0	0	0	0	0	0	0	0	0	0	0	0	0	1	0	0	0	0	0	0	0	0	0	0	0	0	0	0	0	0	0	0	0	0	0	0	0	0	0	0	0	0	0	0	0	0	0	0	0	0	0	0	0	0	0	0	0	0	0	0	0	0	0	0	0	0	0	0	0	1	0	0	0	0	0	0	0	0	0	0	0	0	0	0	0	0	0	0	0	0	0	0	0	0	0	0	0	0	0	0	0	0	0	0	0	0	0	0	0	0	0	0	0	0	0	0	0	0	0	0	0	0	0	0	0	0	0	0	0	0	0	0	0	0	0	0	0	0	0	0	0	0	0	0	0	0	0	0	0	0	0	0	0	0	0	0	0	0	0	0	0	0	0	0	0	0	0	0	0	0	0	0	0	0	0	0	0	0	0	0	0	0	0	0	0	0	0	0	0	0	1	0	0	1	0	0	0	0	0	0	0	0	0	0	0	0	0	0	0	0	0	0	0	0	0	0	0	0	0	0	0	0	0	0	0	0	0	0	0	0
chr7.s_111243059	0	0	1	0	1	0	0	0	0	1	1	0	1	0	0	0	0	0	0	0	0	0	0	0	0	0	0	0	0	1	0	0	0	0	0	1	0	0	0	0	1	1	0	1	0	1	1	0	0	0	1	1	0	0	1	1	0	0	0	0	0	1	1	1	1	0	1	0	1	0	1	0	0	1	0	1	1	0	0	0	0	0	0	0	0	0	0	0	0	0	0	1	1	1	0	0	0	0	1	0	1	0	1	0	0	0	1	0	0	0	1	1	0	0	0	0	0	0	0	0	0	0	0	0	0	0	1	1	1	1	0	0	1	1	1	0	0	0	2	1	0	0	0	0	0	0	0	0	0	1	0	0	1	0	2	1	0	1	1	2	0	0	1	1	0	1	0	0	1	0	0	1	0	0	0	0	0	0	0	0	1	0	0	1	1	0	1	0	1	1	0	1	0	1	1	0	1	1	0	2	0	0	0	1	0	0	1	1	0	0	0	0	0	0	1	0	0	1	0	0	0	0	0	0	0	1	0	1	0	1	1	2	0	0	1	0	1	0	0	0	0	2	0	1	0	0	0	1	0	0	0	1	1	0	1	2	0	1	0	1	0	0	0	0	0	1	0	0	1	1	0	0	0	1	0	0	0	0	0	0	0	1	0	0	1	1	0	0	0	1	1	1	0	0	0	0	0	0	0	0
chr6.s_152417194	0	1	2	1	1	1	0	0	0	1	1	1	1	1	1	2	2	1	0	0	0	0	0	0	0	0	0	0	0	1	0	0	0	0	0	1	0	1	0	1	1	1	0	1	1	1	1	1	0	0	1	2	2	2	2	2	0	0	0	1	1	1	0	1	1	1	2	1	1	1	2	1	1	1	0	2	1	1	1	1	1	1	0	0	0	0	0	0	0	0	0	1	1	1	0	0	0	0	1	0	2	1	1	0	0	0	2	1	0	1	1	2	2	1	2	2	1	1	0	0	0	0	0	0	0	0	1	1	0	1	0	1	2	1	2	1	1	0	1	1	1	2	1	0	0	0	0	0	0	0	1	0	1	1	1	1	0	1	2	2	1	1	1	1	0	1	0	1	2	2	0	1	1	1	0	0	1	1	1	1	2	0	0	2	2	1	2	0	1	0	1	2	2	2	2	2	2	2	1	1	0	0	0	1	1	0	1	0	1	0	0	1	0	1	2	0	0	1	0	0	0	0	0	0	1	2	2	1	0	1	1	2	0	1	1	1	0	0	0	1	1	1	1	2	1	0	2	2	0	0	1	2	1	0	1	1	0	2	0	0	1	0	1	0	0	1	0	1	1	1	0	0	0	1	2	0	0	1	0	1	0	2	0	1	2	2	2	1	1	2	1	1	0	0	1	1	0	0	1	1
chr7.s_121392911	0	0	1	0	1	0	1	0	0	1	2	0	1	1	0	1	0	1	0	0	0	0	1	1	1	1	1	1	1	2	0	0	0	1	1	2	1	1	0	0	1	1	1	1	1	1	1	0	0	0	1	1	1	0	1	1	1	0	0	0	0	1	1	2	1	0	1	0	1	0	1	1	0	1	1	1	1	0	1	0	0	0	0	0	0	0	1	1	0	0	0	1	2	1	1	0	0	1	2	0	1	0	1	1	1	0	1	0	0	0	1	1	0	0	2	1	0	1	0	0	0	0	1	1	0	0	1	1	1	1	1	0	1	1	1	1	0	1	1	1	1	0	0	0	1	1	0	0	1	1	0	0	0	0	2	1	0	1	1	2	1	0	1	1	0	1	0	0	1	0	0	1	0	1	1	0	0	0	1	1	2	0	0	0	1	0	1	0	1	1	1	1	0	1	2	1	2	1	0	2	1	0	0	2	0	0	2	1	0	1	1	0	0	0	1	0	0	2	0	0	0	0	0	0	1	1	0	1	0	0	1	1	0	0	0	1	1	1	1	0	0	2	1	1	0	0	1	1	1	0	0	1	1	1	1	2	0	2	0	1	0	0	1	0	0	1	1	0	1	1	2	0	1	1	0	0	1	0	0	0	0	1	0	0	1	1	0	1	0	2	1	1	0	0	0	0	1	0	0	0
chr2.s_10149686	0	0	1	0	1	0	0	1	1	0	0	1	1	2	2	1	0	0	0	0	0	0	0	0	0	0	0	0	0	1	0	0	0	0	0	2	1	1	0	0	1	2	0	1	0	0	0	0	0	0	0	1	2	0	0	0	1	0	0	1	1	1	0	0	0	0	1	0	1	0	1	0	1	2	0	0	0	1	1	2	0	1	0	0	0	0	0	0	0	0	0	0	0	0	0	0	0	0	1	0	1	0	1	0	0	1	1	1	1	1	1	0	1	1	1	0	0	0	1	1	0	0	0	0	0	0	1	1	0	0	0	0	1	1	1	0	1	1	1	0	1	0	0	0	0	0	0	0	0	0	0	0	0	1	2	1	0	1	0	1	0	0	1	1	1	1	1	1	0	0	0	1	2	0	0	0	1	1	0	0	1	0	0	0	0	0	0	1	2	0	0	1	0	1	1	0	1	1	1	1	0	1	0	1	0	1	0	0	0	0	0	0	0	1	0	1	1	1	0	0	0	0	0	0	2	0	0	1	0	0	1	0	1	0	1	1	0	1	0	0	1	0	0	1	0	0	1	0	1	0	0	1	1	0	2	2	1	2	0	0	0	0	0	0	1	1	1	0	1	0	0	0	1	1	0	0	1	1	1	1	1	1	0	0	0	2	0	0	0	1	1	1	0	0	0	0	1	1	0	0
chr2.s_229626435	1	0	0	0	0	0	0	1	2	1	1	0	1	1	1	0	0	1	1	0	1	1	0	0	0	0	0	1	1	0	1	1	0	0	0	0	0	0	0	0	0	1	0	0	0	0	0	0	0	1	1	0	0	1	1	1	0	1	1	0	0	0	1	0	1	0	0	0	0	0	0	0	1	1	1	1	1	1	1	0	0	1	2	0	0	0	0	0	0	0	0	1	1	0	0	0	0	1	1	0	0	0	0	1	1	2	1	2	2	1	1	0	0	0	0	0	1	0	0	0	1	1	0	0	1	1	1	0	1	0	0	0	0	1	0	0	1	1	0	0	0	0	0	1	0	0	0	0	1	0	0	1	1	0	0	0	1	1	0	0	0	0	0	1	2	0	1	2	1	1	0	1	1	2	2	1	0	0	1	1	1	0	0	1	1	1	0	0	0	1	1	0	0	0	1	1	0	1	2	0	0	0	0	0	1	1	1	0	0	1	0	0	0	1	1	0	2	0	1	0	1	0	0	0	1	1	0	0	1	0	0	0	1	1	0	0	1	2	0	1	1	0	1	1	1	0	0	0	1	1	0	0	0	0	0	0	1	0	1	1	0	1	0	0	1	0	0	0	1	1	0	1	0	0	0	1	0	0	2	0	1	0	0	0	0	0	0	1	1	0	0	0	0	0	0	1	0	1	0	0
chr2.s_45430368	0	0	0	0	0	0	0	0	0	0	0	0	0	0	0	1	1	0	0	0	0	0	1	1	0	0	0	0	0	0	0	0	0	1	1	0	0	0	0	0	0	0	0	0	0	0	0	0	0	0	0	0	0	0	0	0	0	0	0	0	0	0	0	0	0	0	0	0	0	0	0	0	0	0	0	0	0	0	0	0	0	0	0	0	0	0	0	0	0	0	0	0	0	0	0	0	0	0	0	0	0	0	0	0	0	0	1	1	0	0	0	0	0	0	0	0	0	1	0	0	0	0	0	0	0	0	0	0	0	0	0	1	1	0	1	1	0	0	0	0	0	0	0	0	1	1	0	0	0	0	0	0	0	0	0	0	0	0	0	0	1	0	0	0	0	0	0	1	1	1	0	0	0	0	1	0	0	0	0	0	0	0	0	0	0	0	0	0	0	0	0	1	0	0	0	0	0	0	0	0	0	0	0	1	0	0	0	0	0	0	0	1	0	0	0	0	0	1	0	0	0	0	0	1	0	0	1	0	0	0	0	0	0	0	1	1	0	0	0	0	0	0	0	0	1	0	0	0	0	0	0	0	0	1	0	0	0	0	0	0	0	0	0	0	0	0	0	0	0	0	0	0	0	0	0	0	0	0	0	0	0	0	0	0	0	0	1	0	0	0	0	0	0	0	1	0	0	0	0	0
chr2.s_9095105	1	2	1	0	1	1	1	1	0	0	0	0	0	0	1	0	0	1	0	0	0	0	1	1	1	1	1	1	1	0	0	1	1	2	1	0	0	0	1	1	1	0	1	1	0	0	0	1	1	1	1	0	0	1	1	1	1	0	0	0	0	0	1	1	1	1	0	1	1	1	0	0	1	1	0	1	1	1	1	1	0	0	1	1	0	0	1	1	1	0	1	0	0	1	1	0	1	2	1	0	0	1	0	1	0	0	1	1	0	1	1	0	0	0	0	0	0	1	0	0	1	1	1	1	1	1	1	0	2	1	2	1	0	1	1	1	1	1	1	1	1	0	1	1	1	1	0	0	0	1	1	2	1	0	0	0	1	1	0	0	0	0	0	0	0	1	1	1	1	1	1	1	1	0	0	0	0	0	0	0	0	0	1	0	0	0	0	1	0	1	0	0	1	1	0	0	0	0	0	0	2	1	0	1	1	1	1	0	1	1	1	0	1	1	0	1	0	0	1	1	1	1	1	0	0	1	1	1	0	1	1	0	1	0	0	1	1	0	2	0	1	1	0	1	1	1	0	0	1	0	0	0	0	2	0	0	1	0	1	0	1	1	1	1	0	0	0	0	0	0	0	0	0	1	0	0	1	1	1	1	0	0	1	0	0	0	0	1	1	0	0	1	1	0	0	0	1	2	1	0
chr1.s_40245384	0	1	1	1	0	0	0	0	0	0	0	0	0	0	1	0	0	0	0	0	0	0	0	0	0	0	0	0	0	0	0	1	1	0	0	0	0	1	0	1	0	0	0	0	1	0	0	0	0	1	1	1	1	0	0	0	0	1	1	1	1	0	0	0	1	0	0	1	0	0	0	0	0	0	0	0	0	0	0	0	0	0	1	0	0	0	0	0	0	0	0	0	0	0	1	1	0	0	0	0	2	1	0	0	1	1	0	0	0	0	0	0	0	0	0	0	0	1	1	1	0	0	0	0	1	1	1	0	0	0	0	0	0	0	0	0	0	0	1	0	0	0	0	0	0	0	0	0	1	0	0	0	0	2	0	1	0	0	1	0	1	0	0	0	0	0	0	1	1	1	0	1	0	1	0	0	0	0	0	0	0	0	0	1	1	2	1	1	1	0	0	0	1	0	0	0	0	1	1	0	0	1	0	1	0	1	0	0	0	1	0	0	0	1	1	1	0	1	1	0	1	0	0	1	0	0	1	1	0	1	0	0	0	2	1	0	0	1	0	1	1	0	1	1	1	1	1	1	1	0	0	1	0	0	1	0	0	1	0	0	1	0	1	0	0	0	0	0	0	0	0	0	0	0	1	0	0	0	0	0	0	1	0	0	1	0	0	0	0	0	0	0	1	0	1	0	0	0	0	0
chr1.s_218794706	0	0	1	0	0	2	1	1	1	1	1	1	0	1	1	1	1	2	0	0	1	1	0	0	0	0	0	0	0	0	0	0	0	0	1	1	1	0	1	0	0	0	0	1	0	1	1	1	0	1	1	0	1	1	1	1	0	1	1	0	0	1	1	0	1	1	2	0	0	1	1	1	1	1	0	2	1	1	1	2	1	0	0	0	0	0	0	0	0	0	0	0	0	0	0	1	1	0	1	1	0	1	1	0	0	1	1	1	1	1	0	1	2	1	2	2	1	1	0	0	0	0	0	0	0	0	0	1	0	0	0	0	1	0	0	0	2	1	1	1	1	2	1	0	0	0	0	0	1	0	0	0	0	0	2	1	1	0	0	0	0	1	1	1	1	1	1	1	1	1	1	0	1	0	0	1	0	0	0	0	0	1	1	0	0	0	1	0	1	0	1	0	0	0	0	1	1	2	2	1	0	0	0	1	1	0	0	0	0	1	0	0	0	0	1	1	1	1	1	0	0	0	1	0	1	0	0	1	0	0	1	0	0	0	0	1	1	2	0	1	0	0	0	1	0	0	1	0	0	0	1	0	1	0	0	1	1	1	0	0	0	0	0	0	1	1	1	1	0	0	0	0	0	0	1	1	0	0	1	1	1	0	0	1	1	1	1	0	1	1	0	1	0	0	1	1	0	0	1	0
chr3.s_185010085	0	0	0	0	0	0	0	0	0	0	0	0	0	0	0	0	0	0	0	0	0	0	0	0	0	0	0	0	0	0	0	0	0	0	0	0	0	0	0	0	0	0	0	0	1	0	0	0	0	0	0	0	0	0	0	0	0	0	0	0	0	0	0	0	0	0	0	0	0	0	0	0	1	1	0	0	0	0	0	0	0	0	0	0	0	0	0	0	0	0	0	0	0	0	0	0	0	0	0	0	0	0	0	0	0	0	0	0	0	0	0	1	1	0	0	0	0	0	0	0	0	0	0	0	0	0	0	0	0	0	0	0	0	0	0	0	0	0	0	0	0	0	0	0	0	0	0	0	0	0	0	0	0	0	0	0	0	0	0	0	0	0	0	0	0	0	0	0	0	0	0	0	0	1	0	0	0	0	0	0	0	1	1	1	1	1	0	1	1	0	0	0	0	0	0	0	0	0	0	0	0	0	0	0	0	0	0	0	0	0	0	0	0	0	0	0	0	0	0	0	0	0	0	0	0	0	0	0	0	0	0	0	0	0	0	0	0	0	0	0	0	0	0	0	0	0	1	1	0	0	0	0	0	0	0	0	0	0	0	0	0	0	0	0	0	0	0	0	0	0	0	0	0	0	1	0	0	0	0	0	0	0	0	1	0	0	0	0	0	0	0	0	0	0	0	0	0	1	0	1
chr3.s_218287839	0	1	1	0	1	0	0	0	0	0	0	1	0	0	1	0	0	0	0	0	0	0	0	0	0	0	0	0	0	0	0	0	0	0	0	0	0	0	0	0	0	0	1	1	0	0	1	0	0	0	0	0	0	0	0	0	0	0	0	1	1	1	0	0	0	0	0	1	1	1	0	0	0	0	0	0	0	0	0	0	0	0	0	0	0	0	1	1	0	0	0	0	0	0	0	0	0	0	0	0	0	0	0	1	0	0	1	1	0	0	0	0	0	0	0	0	0	0	0	0	0	0	1	1	0	0	0	0	0	0	1	0	0	0	0	0	0	0	0	0	0	0	0	0	0	0	0	0	0	0	0	0	0	0	0	0	0	0	0	0	0	0	0	0	0	0	0	0	0	0	0	0	0	0	0	0	1	1	0	0	0	0	0	0	0	0	0	0	0	0	0	1	1	1	0	0	0	0	0	0	0	0	0	0	0	0	0	0	1	0	1	0	0	0	0	0	0	0	0	0	0	0	0	0	0	0	0	0	0	0	0	0	0	0	1	0	0	0	0	0	0	0	0	0	0	0	0	0	1	0	0	1	0	0	0	0	0	0	0	0	0	0	1	0	0	0	0	0	0	0	0	0	0	0	0	0	0	0	0	0	0	0	0	0	1	1	0	0	1	0	1	0	0	0	0	0	0	0	0	0
chr1.s_14363847	0	0	1	1	1	0	0	1	1	0	0	0	0	0	0	1	1	0	0	0	0	0	0	0	0	0	0	0	0	1	0	0	0	0	0	1	0	1	1	2	2	1	0	1	1	0	0	0	0	0	0	1	1	1	0	0	0	0	0	1	1	1	0	0	0	0	1	1	1	0	1	0	0	1	0	0	0	0	0	1	0	0	0	0	0	0	0	0	0	0	0	1	0	1	0	0	0	0	1	0	2	1	1	0	0	1	1	1	1	0	0	0	0	0	0	0	1	0	0	0	0	0	0	0	0	0	1	1	0	1	0	1	2	2	1	0	0	0	1	0	0	0	0	0	0	0	0	0	0	0	0	0	1	1	1	1	0	1	1	1	1	0	1	2	2	1	1	1	0	0	0	0	0	1	0	0	1	1	0	0	1	1	1	2	1	1	0	1	2	0	0	1	1	1	2	1	1	1	1	0	0	0	0	1	0	0	0	0	0	0	0	1	0	1	0	1	0	1	0	0	0	0	0	0	0	1	1	1	0	1	1	1	0	1	1	0	0	1	0	0	1	0	1	2	0	0	1	1	0	0	0	1	1	0	1	2	1	1	1	0	1	1	1	0	1	1	1	0	0	1	0	1	0	1	1	1	1	0	1	0	0	1	0	0	0	2	1	1	0	1	0	1	0	0	0	0	0	0	0	1
chr6.s_130964599	0	0	0	0	1	0	0	1	1	1	0	1	0	0	0	0	0	1	1	1	1	1	0	0	1	1	1	1	1	0	2	0	1	0	0	1	1	1	0	0	0	1	0	0	1	1	1	1	1	1	1	0	0	0	0	0	1	1	1	0	0	1	1	0	1	0	0	1	1	1	0	0	0	0	0	0	0	0	0	0	1	0	1	1	1	1	0	0	2	2	1	1	1	0	0	1	1	0	0	0	0	1	0	1	0	0	1	1	1	1	1	1	1	1	1	1	1	0	0	0	1	1	1	1	0	0	0	1	0	1	0	0	0	0	0	0	0	0	0	1	0	0	0	0	0	0	1	0	0	2	1	0	0	0	0	0	0	0	0	0	0	0	0	0	0	1	1	0	0	0	0	0	0	0	0	1	0	0	0	0	0	2	1	0	0	0	0	0	0	1	0	0	0	0	0	0	1	0	0	1	0	0	1	0	1	0	0	1	0	0	2	0	1	0	0	0	0	0	1	0	0	1	0	0	0	0	0	0	1	0	1	0	0	0	0	0	0	0	1	0	0	1	0	0	0	0	1	1	0	0	1	0	1	0	0	1	0	0	0	1	1	0	0	1	1	1	1	0	1	0	0	1	1	1	1	1	1	0	0	1	0	0	1	0	0	0	0	0	1	1	0	0	0	1	0	1	1	0	0	0
chr4.s_38930062	0	1	1	1	1	0	1	1	1	1	0	0	0	0	0	0	0	0	1	1	0	0	0	0	0	0	0	0	0	0	0	1	0	1	1	0	0	0	1	1	1	0	1	0	2	1	1	0	0	0	0	0	0	0	0	0	0	0	0	0	0	0	0	0	0	0	0	1	1	1	0	1	0	0	1	0	0	1	1	0	0	0	0	0	0	0	0	0	0	0	0	0	0	0	0	0	0	0	0	1	1	0	0	1	2	1	0	0	1	0	0	0	0	0	0	0	0	0	0	0	0	0	0	0	0	0	0	0	0	1	0	0	0	0	0	1	0	1	0	0	0	0	0	0	0	0	0	1	0	1	1	1	1	0	1	1	0	0	0	0	2	1	1	0	0	0	0	1	1	1	0	0	1	0	0	0	0	0	0	0	0	0	0	0	0	0	0	0	0	0	0	0	0	0	0	0	0	0	0	1	0	0	1	0	0	1	2	0	0	0	0	0	1	1	0	0	0	0	0	0	0	0	0	0	1	0	0	0	1	0	0	0	0	1	0	0	0	0	1	1	0	1	0	0	1	0	0	1	1	0	0	0	1	0	0	1	0	1	0	0	0	0	0	0	0	1	0	0	0	0	1	1	0	0	1	0	0	0	0	0	0	0	0	0	0	0	0	0	0	0	0	0	0	0	0	1	0	0	0	1
chr4.s_34377305	0	0	0	0	0	1	1	0	0	0	0	0	0	0	1	0	0	0	0	0	0	0	0	0	0	0	0	0	0	0	0	0	0	0	0	0	0	0	0	0	0	0	1	0	1	0	0	0	0	0	0	0	0	0	0	0	0	0	0	0	0	0	0	0	0	0	0	0	0	1	0	1	1	0	1	0	0	0	0	1	0	0	0	0	0	0	0	0	0	0	0	0	0	0	0	0	0	1	1	0	0	0	0	1	2	1	0	0	0	0	0	0	0	0	1	1	0	0	0	0	1	1	0	0	0	0	0	1	0	0	0	0	0	1	0	1	1	1	0	0	0	0	0	0	0	0	0	0	0	0	0	0	0	0	0	0	0	0	0	0	1	1	0	0	0	0	0	0	0	0	0	0	0	0	0	0	0	0	0	0	0	0	0	0	0	0	0	0	0	1	0	0	0	0	0	1	0	0	0	0	0	0	0	0	1	0	1	1	0	0	0	0	0	0	0	0	0	0	0	0	0	0	0	0	0	0	0	0	0	0	0	1	0	1	0	0	0	0	0	2	0	0	0	0	0	0	0	0	2	0	0	0	0	0	0	0	0	0	1	1	0	1	0	0	0	1	0	0	0	0	1	1	0	0	0	0	0	0	0	0	0	0	0	0	0	0	0	0	0	0	1	0	0	0	0	0	0	0	0	0
chr1.s_183882633	1	1	0	1	0	1	1	0	0	0	0	1	0	1	0	2	1	1	2	1	0	1	1	1	1	1	1	1	1	0	1	2	1	1	0	0	0	0	0	0	0	0	2	1	2	1	1	1	0	0	0	0	1	0	1	2	0	0	1	2	2	0	1	0	0	2	1	0	0	1	0	1	1	0	1	1	0	0	1	0	2	2	1	0	1	2	1	1	1	2	2	0	0	0	0	1	2	1	0	1	0	0	1	1	2	1	1	1	0	1	0	1	1	1	1	0	1	1	0	0	0	1	0	1	1	1	0	0	2	0	1	1	0	0	0	1	2	2	0	0	1	2	1	1	0	0	2	2	1	1	1	1	0	1	0	0	0	0	0	0	1	1	0	0	0	0	0	0	0	1	0	0	0	1	2	0	0	1	2	2	1	1	1	0	0	0	1	1	0	1	0	0	1	1	1	2	1	0	0	0	1	1	1	0	1	0	2	2	2	1	1	2	0	0	0	0	1	0	0	1	0	0	0	2	1	0	0	0	1	0	0	0	1	1	1	0	0	0	1	2	0	0	0	0	0	1	2	1	1	0	2	0	1	1	0	1	1	1	0	1	0	1	0	0	1	2	0	1	0	0	1	2	0	0	1	0	1	2	0	0	0	1	2	2	0	0	1	2	0	1	1	1	1	0	2	1	1	1	1	0
chr1.s_29127199	1	0	0	0	0	0	0	0	0	0	0	0	0	0	0	0	0	0	0	0	0	0	0	0	0	0	0	0	0	0	0	0	0	0	0	0	0	0	0	0	0	0	0	0	1	0	0	0	0	0	0	0	0	0	0	0	0	0	0	0	0	0	0	1	0	0	0	0	0	0	0	0	0	0	0	0	0	1	1	0	0	0	0	0	1	1	0	0	0	0	0	0	1	0	0	0	0	0	0	0	0	0	0	0	0	0	0	0	0	0	0	0	0	0	0	0	0	0	0	0	0	0	0	0	0	0	0	0	0	0	0	0	0	1	0	0	0	0	0	0	0	0	0	0	0	0	0	0	0	0	0	1	1	0	0	0	1	1	0	0	0	0	0	1	1	0	0	0	0	0	0	0	0	0	1	0	0	0	0	0	0	0	0	0	1	0	1	0	0	0	0	0	0	0	0	0	0	0	0	0	0	0	0	0	0	0	0	0	0	0	0	0	0	0	0	0	0	0	0	0	0	0	0	0	0	1	0	0	0	0	0	0	0	0	0	0	0	0	0	0	0	0	0	0	0	0	1	1	0	0	0	0	0	0	0	0	0	0	1	0	0	1	0	0	0	0	0	0	0	0	0	1	0	0	1	0	0	0	1	0	0	0	0	0	0	0	0	0	0	0	0	0	0	0	0	0	0	0	0	1
chr5.s_69422232	2	0	1	0	1	1	1	1	0	0	1	1	1	1	2	2	1	1	0	0	1	1	0	1	0	1	0	2	1	1	2	1	0	0	1	1	1	0	2	1	1	1	1	1	1	1	1	0	1	2	2	2	2	0	1	1	0	1	1	2	1	1	2	0	0	1	2	1	1	1	1	1	0	0	0	0	1	1	1	2	1	0	1	0	1	2	0	0	2	2	2	1	1	0	0	1	1	1	2	1	1	0	1	0	0	0	1	1	0	0	1	2	2	1	2	1	0	0	1	1	0	0	1	1	1	0	1	2	2	1	0	1	2	0	0	0	1	1	0	1	1	1	1	1	0	0	1	0	1	2	1	1	0	1	2	1	1	0	1	1	0	0	0	0	0	0	0	0	0	0	1	2	1	0	0	0	1	1	1	2	1	2	2	0	0	0	0	1	2	0	1	1	0	0	0	0	0	0	0	1	1	1	2	1	0	0	1	2	0	0	2	2	1	0	1	1	1	0	1	1	0	1	2	1	1	0	0	1	1	0	2	1	0	0	1	1	1	0	2	0	0	2	1	0	1	0	2	2	1	1	0	1	2	1	2	2	1	2	0	0	0	1	0	1	1	1	1	2	1	1	0	1	0	1	1	1	1	0	0	1	1	2	2	0	0	2	0	0	0	1	0	2	1	2	0	0	1	1	1	1
chr5.s_142439154	0	1	1	1	2	2	2	1	1	1	0	1	1	0	0	0	0	1	1	0	1	1	1	1	1	1	1	1	1	0	2	1	0	1	1	1	1	2	1	2	2	1	1	1	2	1	0	2	2	1	1	1	0	0	1	2	1	0	0	0	0	0	2	1	0	1	1	2	2	2	1	1	1	1	1	1	1	0	0	0	2	1	1	0	0	0	1	1	1	2	1	2	2	2	1	1	1	0	0	0	1	1	2	1	2	1	2	1	0	1	1	1	0	1	0	0	0	2	0	0	0	0	1	1	0	0	0	0	1	1	0	0	0	1	2	2	1	1	2	0	0	2	2	2	1	1	1	0	1	2	1	0	1	0	1	2	0	1	2	2	2	1	1	1	0	1	0	0	0	1	1	1	0	1	2	0	1	1	1	1	0	1	0	1	1	0	1	1	1	0	1	1	1	1	1	1	1	1	0	0	0	0	2	1	1	0	2	0	0	1	2	0	1	1	1	0	1	0	0	1	0	0	2	0	0	1	2	1	1	2	0	1	0	2	2	1	1	1	0	2	1	2	1	1	1	0	1	2	1	1	2	1	1	1	0	0	1	0	0	0	1	0	2	0	1	1	1	0	1	1	1	0	1	0	1	1	1	0	0	0	0	1	1	1	1	1	1	0	0	0	1	0	1	1	1	0	1	0	1	1
chr3.s_161694724	0	0	0	0	1	1	1	1	1	1	1	0	1	0	1	0	0	1	0	0	0	0	0	0	0	0	0	1	1	0	1	0	0	1	1	0	0	0	1	1	1	0	0	0	0	2	1	0	1	1	1	1	0	0	0	0	0	1	1	0	0	0	1	0	0	0	0	1	1	1	0	0	0	0	0	0	1	0	0	1	0	0	0	0	0	0	0	0	1	1	0	1	1	0	0	0	0	1	1	0	0	1	0	0	0	1	1	2	1	0	1	1	0	0	0	0	0	1	1	1	1	1	1	1	0	0	0	0	0	1	1	0	0	0	1	1	1	1	0	1	1	0	0	0	1	1	1	0	1	1	0	0	0	0	0	0	0	0	0	0	1	0	0	0	1	0	1	1	1	0	1	2	0	1	0	0	0	0	1	1	1	1	0	1	1	1	0	0	0	1	1	0	0	0	1	1	1	0	1	1	0	1	2	1	1	0	0	0	0	1	2	0	0	0	1	1	0	1	0	0	0	0	2	0	0	0	1	0	0	0	0	0	0	0	0	0	0	2	1	0	0	1	0	0	1	0	0	1	1	1	0	0	1	0	1	0	1	0	0	1	0	0	0	0	1	0	0	0	1	0	0	0	0	0	0	0	0	0	1	0	0	1	0	1	1	0	0	1	0	1	0	1	0	1	0	0	0	0	0	0
chr1.s_283713211	2	1	0	0	1	0	0	0	0	0	0	0	1	1	0	1	2	1	0	1	1	1	1	1	1	1	1	1	1	1	0	1	0	1	1	1	2	1	1	0	1	1	0	1	0	0	0	2	2	2	1	0	0	2	1	0	1	2	2	1	1	1	0	1	0	1	0	0	1	0	2	1	0	1	0	1	1	0	0	0	0	0	1	1	1	1	2	2	1	0	1	0	0	1	1	0	1	1	0	1	0	1	1	0	1	1	1	0	0	2	1	0	0	0	0	1	2	0	1	1	2	2	1	1	1	1	1	1	1	0	2	2	1	1	1	0	0	0	1	0	1	0	0	0	1	1	1	1	1	0	2	1	0	0	1	1	1	1	0	1	0	0	1	1	0	1	0	0	0	1	1	0	1	0	1	1	1	1	2	2	1	0	1	0	0	0	0	1	0	2	1	1	1	2	1	0	1	1	0	1	2	1	1	0	1	1	0	2	2	1	0	2	1	1	0	1	1	1	2	1	1	2	1	1	1	1	0	0	1	0	1	0	1	1	0	0	1	0	1	1	0	0	0	1	1	1	0	0	0	1	1	1	0	1	1	1	0	0	1	2	0	1	1	1	0	1	1	2	1	0	0	2	2	1	1	1	1	1	0	0	2	0	1	1	0	0	1	1	1	0	2	1	0	1	0	1	2	1	1	2
chr1.s_263005548	0	1	1	1	1	0	1	1	1	1	0	0	0	0	0	0	0	1	0	0	0	0	1	1	1	1	1	1	1	2	1	0	1	1	1	0	0	0	1	1	1	0	1	1	1	0	0	0	0	0	0	0	0	0	1	2	1	0	0	0	0	2	0	0	1	1	1	1	1	1	0	1	0	1	1	0	0	1	1	0	2	1	0	1	0	0	0	0	1	0	0	1	0	1	1	2	1	0	0	1	0	0	1	1	1	0	1	0	1	0	0	1	1	1	1	1	0	2	0	0	0	0	1	1	1	1	2	1	1	2	0	0	0	1	0	1	0	1	1	0	0	2	1	0	1	1	0	0	0	0	0	1	2	1	0	0	1	1	1	1	2	1	2	2	1	1	0	1	1	1	0	0	0	0	1	0	0	0	1	1	2	0	0	2	1	2	0	0	0	0	1	1	0	0	1	1	1	1	0	0	0	0	0	1	1	1	2	0	0	0	1	0	1	0	0	0	0	0	0	0	1	1	0	1	0	0	0	1	1	2	1	2	0	0	1	1	0	0	1	0	0	0	0	1	1	1	0	0	1	0	1	2	0	1	1	0	0	0	1	0	1	1	0	0	0	0	1	0	0	1	2	0	0	1	0	0	1	1	1	0	0	0	1	0	1	0	1	1	0	0	0	0	1	1	2	1	0	0	0	0
chr5.s_4113296	0	0	0	0	0	0	0	1	1	2	1	1	0	0	0	0	0	0	1	1	0	0	0	0	0	0	0	0	0	1	0	0	0	0	1	0	1	0	1	0	0	0	0	0	0	2	2	0	0	0	0	0	0	0	0	0	0	0	0	0	0	1	0	0	0	0	0	0	0	0	0	0	0	0	0	0	0	0	0	0	0	0	0	0	0	0	0	0	1	1	1	1	0	1	0	1	1	1	1	1	0	0	1	0	0	0	0	0	0	1	1	0	0	0	0	0	0	0	0	0	0	0	0	0	0	0	1	1	0	1	0	0	0	0	0	0	0	0	0	1	0	1	1	1	0	0	1	0	0	1	1	0	1	0	0	0	1	0	0	0	0	0	0	0	0	1	1	0	1	0	0	0	0	0	0	1	0	0	1	1	1	0	0	1	0	0	0	0	0	0	2	0	0	0	0	0	0	1	1	1	0	0	1	0	0	0	0	0	0	0	0	0	1	0	1	0	0	1	0	0	0	1	0	0	0	0	0	0	1	1	1	1	0	0	1	0	0	0	0	0	0	1	0	0	0	0	0	0	0	0	0	1	0	0	1	0	0	0	0	0	0	0	0	0	1	0	1	0	0	1	0	0	0	1	0	0	0	0	0	1	0	0	0	0	1	0	0	0	0	0	0	0	0	0	0	1	0	0	0	0
chr1.s_284540886	0	2	2	0	0	0	1	1	1	0	0	0	0	1	1	1	0	1	0	1	2	2	2	2	1	1	1	2	2	0	0	1	1	2	1	1	0	0	0	0	0	0	1	0	2	0	0	0	0	0	0	0	1	0	0	0	1	1	1	1	1	1	1	0	0	2	2	0	0	0	0	1	0	0	1	0	0	1	2	1	0	0	0	1	1	1	1	1	0	0	0	0	0	0	0	1	2	1	1	0	0	0	1	2	1	1	0	1	1	0	0	1	1	1	2	1	0	1	2	2	1	1	1	1	2	2	1	1	0	1	1	1	1	1	1	2	1	2	1	1	1	1	1	1	2	2	1	1	1	1	0	1	1	0	1	0	1	1	0	0	2	0	0	1	2	0	1	1	0	0	0	1	0	0	0	2	1	1	1	1	0	0	0	0	0	0	1	1	1	1	1	0	1	1	0	0	1	1	2	0	0	2	0	2	0	0	1	1	2	1	0	1	1	0	1	2	0	0	1	1	2	1	0	1	1	0	1	2	1	1	1	0	2	0	1	1	2	1	1	0	1	1	0	0	0	0	2	1	2	0	1	1	1	1	1	1	1	1	2	1	0	2	0	2	1	0	0	1	0	0	1	1	1	0	1	1	0	1	2	0	1	0	0	0	1	1	0	1	1	2	2	1	0	0	0	0	0	0	0	1
chr8.s_6541796	0	0	0	0	0	1	1	0	0	0	0	0	1	0	0	0	0	1	1	0	0	0	0	0	0	0	0	1	1	0	0	0	0	0	0	0	0	0	0	0	0	0	0	0	0	0	0	0	0	0	1	1	0	0	0	0	0	0	0	0	0	0	1	1	0	0	0	0	0	0	0	0	1	1	0	0	0	0	0	0	0	1	1	0	0	0	0	0	0	0	0	0	1	0	0	0	0	0	0	0	0	0	0	0	0	0	0	0	0	0	1	1	0	0	0	0	0	0	0	0	0	0	0	0	0	0	0	0	0	0	0	0	0	0	0	0	1	1	0	0	0	0	0	1	0	0	0	0	0	0	0	0	0	0	0	0	0	0	0	0	0	0	0	0	0	0	0	0	0	0	0	1	0	1	1	0	0	0	0	0	0	0	0	0	1	0	2	0	0	0	0	1	0	0	0	0	0	0	0	0	0	0	0	0	0	0	0	0	0	0	0	0	0	0	1	0	1	0	0	1	0	0	1	0	0	1	0	0	0	0	0	0	0	0	1	0	1	0	0	0	0	1	0	0	0	0	0	1	0	0	0	0	0	0	0	0	1	0	0	0	0	0	0	0	0	0	0	0	1	0	0	0	0	0	0	0	0	0	0	0	0	1	0	0	0	0	0	0	0	0	0	0	1	0	0	0	0	1	1	0
chr3.s_142931032	2	1	1	1	0	1	0	0	1	2	1	1	0	0	2	0	0	1	1	1	0	0	1	1	1	1	1	1	1	0	1	1	0	2	1	2	1	1	0	0	0	0	0	0	0	1	1	2	1	1	1	0	0	0	0	0	2	1	1	0	0	0	0	1	0	1	1	0	0	1	0	0	1	0	0	1	0	2	1	1	0	2	1	0	0	0	0	0	0	0	1	1	2	0	0	0	1	1	1	1	0	1	0	0	1	1	1	1	0	1	0	0	1	1	0	0	0	1	1	1	1	1	0	0	0	0	0	0	1	0	2	1	1	0	1	1	2	1	0	1	1	0	1	2	1	1	0	0	1	1	1	2	1	0	1	0	1	1	0	0	1	1	0	1	1	1	1	0	1	1	0	1	1	2	1	0	0	0	1	1	1	0	1	1	2	1	2	1	1	2	1	0	1	1	1	2	0	0	0	1	1	2	0	2	1	0	0	0	1	2	0	0	0	0	0	0	1	1	2	0	1	1	0	0	0	1	1	1	1	0	1	0	0	1	0	2	0	1	1	2	0	1	0	0	0	0	0	0	1	0	1	0	2	2	1	1	0	0	1	1	0	0	0	0	0	1	0	0	0	0	0	0	2	0	0	0	1	2	1	2	1	0	1	1	1	1	0	2	0	1	0	1	0	0	0	0	2	1	0	0
chr4.s_89088672	1	1	2	2	1	0	0	2	2	1	0	1	2	2	1	1	0	0	2	2	1	1	1	1	1	1	1	1	1	1	1	1	1	0	1	1	1	1	1	1	0	0	0	0	1	0	0	0	1	1	1	1	1	0	1	1	1	1	1	1	1	1	1	1	1	0	1	2	1	1	0	0	0	0	0	0	1	2	2	1	1	1	1	1	1	1	1	1	1	1	1	1	1	1	1	1	0	0	1	2	2	1	0	0	0	1	1	2	2	0	1	1	1	1	1	0	1	0	1	1	1	1	1	1	2	2	2	1	1	2	0	0	1	0	0	0	0	0	0	0	1	0	0	1	1	1	1	2	1	2	2	2	2	2	1	1	2	1	1	0	0	0	0	1	2	0	1	1	0	0	1	1	2	2	2	2	1	1	1	1	2	1	1	2	2	2	2	1	2	1	1	0	1	0	1	1	1	1	2	0	1	0	1	1	0	2	1	1	1	0	1	1	2	2	2	1	2	1	1	2	2	1	1	1	2	1	1	1	2	1	1	1	1	1	1	1	1	1	2	0	1	2	1	1	1	1	2	2	0	1	0	2	1	1	1	1	2	2	1	2	1	1	1	1	1	0	1	1	1	1	0	1	1	1	1	1	1	0	2	1	2	2	2	0	1	1	0	1	0	2	1	1	2	1	0	0	1	1	1	2
chr7.s_161662384	0	0	0	0	0	0	0	0	0	0	0	0	0	0	0	0	0	0	0	0	0	0	0	0	0	0	0	0	0	0	0	0	0	0	0	1	1	1	0	0	0	0	0	0	0	0	0	0	0	0	0	0	0	0	0	0	0	0	0	0	0	0	0	1	0	0	0	0	0	0	0	0	0	0	0	1	1	0	0	0	0	0	0	0	0	0	0	0	0	0	0	0	0	0	0	0	0	0	0	0	0	0	0	0	0	0	0	0	0	0	0	0	0	0	0	0	0	0	1	1	0	0	0	0	0	0	0	0	0	0	0	0	0	0	0	0	0	0	0	0	1	0	0	0	0	0	0	0	0	0	0	0	0	0	0	0	0	0	0	0	0	0	0	0	0	0	0	0	0	0	0	0	0	0	0	0	0	0	0	0	0	0	0	0	0	0	0	0	0	0	0	0	0	0	0	0	0	0	0	0	1	1	0	0	0	0	0	0	0	0	0	0	0	0	0	0	0	0	0	0	0	0	0	0	0	0	0	0	0	0	0	0	0	0	0	0	0	0	0	0	0	0	0	0	0	0	0	0	0	0	0	0	0	0	0	0	0	0	0	0	0	0	0	0	0	0	0	0	0	0	0	0	1	0	0	0	0	0	0	0	0	0	0	0	0	0	0	0	0	0	0	0	0	0	0	0	1	0	0	0
chr4.s_188292025	0	0	0	0	0	0	0	0	0	0	0	2	0	0	1	0	0	0	0	0	0	0	0	0	0	0	0	1	1	0	0	0	0	0	0	0	0	0	0	0	0	0	0	0	0	0	1	0	0	1	1	0	0	0	0	0	0	1	1	0	0	0	0	0	0	0	0	0	0	0	0	0	0	0	0	0	0	1	0	1	0	0	0	0	0	0	0	0	0	0	0	0	0	0	0	0	0	0	0	0	0	0	0	0	0	0	0	0	0	0	0	0	1	1	0	0	0	0	0	0	0	0	0	0	0	0	0	0	0	0	1	0	0	0	0	0	0	0	0	0	0	0	0	0	0	0	0	0	0	0	0	0	0	0	0	0	0	0	0	0	1	1	1	0	0	0	0	0	0	0	0	0	1	0	0	0	0	0	0	0	0	0	0	0	0	0	1	0	0	0	0	0	0	0	0	0	0	0	0	0	0	0	0	0	0	0	0	0	0	0	0	0	0	0	0	0	0	0	1	0	0	0	0	0	1	0	0	0	0	0	0	0	0	0	0	1	0	0	0	0	0	0	0	0	0	0	0	0	0	0	0	0	1	0	0	0	0	0	0	0	0	0	0	0	0	0	1	0	0	0	0	0	0	1	0	0	1	0	0	1	0	0	0	0	0	0	0	0	0	0	0	1	0	0	0	0	0	0	0	0
chr1.s_3491332	1	0	0	1	0	0	0	0	0	0	0	0	1	1	0	0	0	0	0	1	1	1	1	0	1	0	0	0	0	1	0	0	0	0	0	0	0	1	1	2	1	0	1	2	0	1	0	0	0	0	0	0	0	0	0	0	1	1	1	0	0	1	0	0	0	0	0	1	0	0	1	1	0	1	0	0	0	0	0	0	0	0	0	2	1	0	2	1	0	1	2	0	0	0	0	0	0	1	1	0	1	1	0	0	0	0	1	0	0	0	0	0	0	0	1	1	0	0	1	1	1	1	1	1	0	0	1	1	1	0	1	0	0	0	0	0	0	0	1	0	0	0	0	0	1	1	1	2	0	0	1	1	0	0	0	1	0	0	1	0	0	0	1	1	0	1	0	0	0	0	0	0	0	0	0	1	1	1	1	0	1	0	1	0	0	0	0	0	0	0	0	1	1	0	0	0	1	1	0	0	1	0	1	0	0	0	0	0	0	0	0	0	1	1	0	1	0	0	1	1	1	1	0	0	0	0	1	0	0	0	0	0	0	1	1	0	1	0	1	0	1	0	1	1	0	0	0	0	0	0	0	1	0	1	1	0	0	0	1	0	2	0	2	1	1	0	0	1	1	0	0	0	1	1	0	1	1	0	0	0	1	0	1	0	0	0	0	0	0	0	1	0	0	0	0	0	1	1	0	1
chr1.s_206093967	0	0	0	1	0	0	0	0	0	0	0	0	1	2	0	2	1	0	0	0	0	0	1	1	0	0	0	0	0	0	0	0	0	1	2	0	1	0	1	0	0	0	0	0	0	0	0	0	0	1	1	1	2	1	1	1	0	1	1	0	0	1	0	1	0	1	1	0	0	0	0	0	0	0	0	0	0	0	1	0	1	1	0	0	0	0	0	0	0	0	0	0	1	0	0	1	1	1	1	1	1	0	1	0	0	0	0	0	0	0	0	1	1	1	1	0	0	0	0	0	0	0	0	0	0	0	0	0	1	0	0	1	1	0	1	1	0	0	1	0	1	1	0	0	1	1	0	1	0	0	0	0	0	1	1	1	1	0	0	0	0	0	0	0	0	0	0	0	0	0	1	0	1	0	0	0	0	0	0	0	0	0	0	0	1	0	1	0	0	0	1	0	0	0	0	0	0	0	0	0	0	0	0	0	0	1	1	0	0	0	0	1	0	1	0	0	0	1	1	1	0	0	0	0	2	2	1	1	0	1	0	1	0	0	0	1	0	0	0	0	0	0	0	0	0	1	1	0	0	0	1	0	0	1	0	0	1	2	0	0	0	0	0	0	0	0	1	0	1	0	0	0	0	0	0	0	0	1	0	0	0	1	1	0	0	0	1	0	0	0	0	0	1	0	0	0	0	0	1	0
chr10.s_26413606	1	1	1	0	0	0	0	0	0	0	0	0	0	0	0	0	0	1	1	1	1	0	0	0	1	1	2	1	2	0	0	0	0	0	0	1	1	1	0	0	0	0	0	0	0	0	0	0	0	0	0	0	0	0	0	1	2	1	0	0	1	0	0	0	0	0	0	0	0	0	0	0	0	0	1	0	0	0	0	0	1	1	1	1	1	0	0	1	0	0	0	0	0	0	0	0	0	0	0	0	0	0	0	0	0	0	0	0	0	0	0	0	0	0	0	0	0	1	1	1	2	1	1	0	0	1	0	0	0	0	0	0	0	0	1	1	0	0	0	0	0	1	1	1	1	1	0	0	0	0	0	0	0	0	0	0	0	0	0	0	0	0	0	0	0	0	0	0	0	0	1	0	0	1	1	1	1	0	0	0	0	1	1	0	0	0	0	0	0	0	0	0	0	0	0	0	1	1	1	1	0	0	0	0	2	0	0	1	1	0	0	0	1	0	1	1	1	0	1	1	1	1	0	0	0	0	1	0	0	0	0	0	1	0	0	0	1	0	0	0	0	0	0	0	0	0	0	0	0	1	0	0	1	0	0	1	0	0	1	1	0	0	0	1	0	1	1	0	0	0	0	1	2	0	0	2	1	0	0	0	1	0	0	0	0	0	1	0	0	1	1	0	0	1	1	0	1	0	0	1
chr7.s_77377585	0	1	2	1	2	1	1	2	2	2	2	2	1	0	2	1	1	0	2	1	1	2	1	1	1	1	0	1	0	1	1	1	1	0	1	1	1	0	2	1	2	2	2	2	2	1	1	0	0	0	1	1	0	0	0	1	0	0	1	2	1	2	0	1	0	0	1	1	2	2	2	2	1	1	2	0	0	1	0	1	2	1	2	0	1	2	1	0	1	1	1	1	1	1	0	0	0	1	2	2	0	0	1	2	1	1	2	2	1	0	1	1	1	2	0	0	0	1	1	1	0	1	1	2	1	0	1	2	0	2	0	1	2	1	1	1	2	2	2	1	0	1	1	1	0	0	1	2	2	1	1	0	1	0	1	0	1	1	0	1	1	1	1	1	1	2	2	2	2	1	0	2	1	1	2	1	1	2	1	1	1	0	0	1	1	0	1	0	1	0	1	2	0	1	1	1	1	1	1	1	0	1	0	1	1	0	1	1	0	1	1	2	1	0	1	0	1	2	0	1	0	1	0	2	0	1	0	1	2	1	2	1	0	0	2	1	0	2	1	1	0	2	1	1	1	1	1	2	2	1	1	2	2	0	2	1	2	0	0	0	0	1	0	0	2	1	1	2	1	2	1	1	0	1	1	1	0	0	1	2	0	1	1	0	2	2	2	0	1	1	0	1	1	1	2	1	0	0	1	0
chr6.s_124168979	0	2	1	1	2	2	1	1	1	1	0	1	1	1	0	1	2	2	1	1	0	0	0	0	1	1	1	1	1	2	1	1	2	1	0	1	1	2	0	1	1	1	0	0	1	1	1	1	1	1	0	0	0	1	1	0	1	0	0	0	0	2	0	1	1	1	0	2	2	2	1	0	1	0	0	1	1	0	0	0	1	0	0	1	0	0	0	0	1	1	1	1	2	0	1	2	2	2	1	0	1	2	2	1	0	0	1	1	1	1	0	1	1	1	0	1	1	0	0	0	1	1	1	1	1	1	2	2	0	1	1	2	1	1	1	0	1	0	0	1	0	1	0	0	0	0	1	0	1	1	1	0	0	1	0	1	0	1	2	2	0	2	1	0	0	1	1	1	1	2	1	0	1	0	0	1	0	0	0	0	1	1	1	0	1	1	1	1	0	1	0	2	2	2	1	1	0	0	0	1	0	1	2	0	1	2	0	1	1	2	1	1	1	2	0	0	1	0	0	1	1	1	2	1	1	1	1	0	1	0	1	0	0	1	0	0	0	1	1	1	1	1	1	1	2	2	1	1	0	1	2	2	1	0	1	1	1	0	0	0	2	0	1	1	1	2	1	0	0	0	1	1	1	2	2	1	1	1	0	1	1	0	1	1	1	0	1	1	2	0	0	0	2	2	1	2	1	0	2	0
chr4.s_181461530	0	0	0	0	1	1	1	0	0	0	0	1	1	1	1	1	1	1	0	0	0	0	0	0	0	0	0	0	0	0	0	0	0	0	0	0	0	0	0	0	1	1	1	1	1	1	1	0	1	1	1	1	1	1	1	1	0	0	0	0	0	0	0	1	0	0	0	0	1	1	1	1	1	1	1	0	1	2	2	1	1	0	0	0	0	0	0	0	0	0	0	1	1	1	0	0	0	0	0	0	0	0	1	1	1	0	1	0	1	0	1	1	1	1	1	1	1	1	0	0	1	1	0	0	0	0	0	1	0	1	0	0	0	2	1	1	1	1	1	0	1	1	1	0	0	0	1	0	0	0	0	1	2	0	0	0	1	2	0	1	1	1	1	2	1	1	0	0	0	0	1	1	1	0	1	0	0	0	0	0	0	0	0	1	1	0	1	0	0	0	0	2	1	2	1	1	1	1	0	0	0	0	2	0	2	0	1	0	1	0	0	0	0	0	1	0	0	0	0	0	0	0	1	0	1	1	0	0	0	1	0	1	1	0	1	1	0	0	0	1	1	1	0	1	1	0	1	1	1	1	0	0	1	0	0	0	0	1	1	0	0	1	0	0	0	1	0	0	1	1	1	1	0	0	1	0	0	0	1	1	0	1	0	1	0	0	1	0	1	0	1	1	0	1	1	1	0	0	1	0
chr4.s_232938649	0	1	0	2	0	0	0	0	0	1	1	0	0	0	1	0	0	0	2	1	0	1	1	0	1	0	1	0	1	2	0	1	1	1	0	0	0	1	0	1	0	0	1	1	0	1	1	1	0	0	0	0	0	0	1	2	0	0	1	0	1	2	1	0	1	2	1	1	0	0	1	1	0	0	1	2	1	0	0	0	1	1	1	0	1	1	1	1	0	0	0	0	0	0	1	2	2	1	0	0	1	1	1	1	0	0	1	1	0	1	0	1	1	1	0	0	0	1	0	0	0	1	0	1	0	1	1	2	1	0	1	1	0	0	0	0	1	1	0	1	0	2	1	1	0	0	1	1	0	0	0	0	0	2	0	1	0	0	1	0	0	0	0	0	0	0	0	0	1	1	1	1	0	1	1	0	0	1	1	0	1	1	1	1	1	2	0	2	1	1	1	1	2	1	0	0	0	0	0	1	0	1	0	0	1	1	1	1	2	1	0	0	0	1	0	0	1	1	0	0	0	0	0	0	0	0	1	0	0	0	0	0	1	1	0	0	1	0	0	0	1	0	1	1	0	1	0	0	1	1	2	1	0	0	1	0	0	0	0	1	1	0	1	0	0	0	0	1	0	0	1	1	0	1	0	1	0	1	0	0	0	1	0	1	1	0	1	1	1	0	1	1	1	0	1	1	0	0	0	0
chr1.s_223441229	1	2	1	0	1	1	2	0	0	0	1	0	1	0	0	0	0	0	0	1	2	2	1	1	1	1	1	2	2	0	1	2	2	1	0	0	0	0	0	0	0	1	2	1	1	1	1	1	1	2	2	1	0	0	0	0	1	2	2	1	1	1	2	1	2	2	1	1	1	1	1	2	1	1	1	2	2	0	0	1	0	0	0	1	2	2	1	1	1	2	2	1	1	1	1	2	2	1	0	0	0	1	1	1	1	0	0	0	0	1	1	2	1	0	0	0	0	1	1	1	1	1	2	2	1	1	0	1	1	2	1	1	0	0	0	1	1	2	1	0	0	1	0	0	1	1	2	1	1	1	1	1	1	1	1	1	0	0	1	1	2	1	1	0	0	0	0	0	0	1	2	1	0	0	0	1	1	1	1	1	0	1	1	1	1	1	2	2	1	1	0	1	1	1	0	0	0	1	1	0	1	1	2	1	0	1	1	1	2	1	2	1	1	0	2	2	1	0	2	1	1	1	2	1	0	1	0	0	1	1	0	1	1	0	2	0	2	0	2	0	0	1	1	0	1	1	0	1	1	1	1	1	1	1	0	1	0	0	1	1	0	1	0	1	1	1	0	2	1	2	1	1	1	0	0	2	1	1	0	0	2	1	1	1	1	0	0	1	0	0	1	1	1	1	0	0	1	2	0	1
chr6.s_105649512	0	1	2	1	1	0	1	0	1	2	1	2	0	0	1	1	2	2	1	1	0	0	0	0	0	0	0	1	1	0	0	0	1	0	0	1	0	0	1	1	1	0	2	1	2	2	2	1	1	1	1	0	0	2	1	0	0	1	1	1	1	1	1	2	0	1	2	1	1	1	1	2	1	1	2	0	0	1	0	1	1	0	0	0	0	0	1	1	1	1	1	1	2	1	1	1	1	1	2	1	0	1	1	2	2	1	1	1	0	1	1	1	2	2	0	1	2	1	0	0	1	1	1	1	1	1	1	1	0	1	1	1	2	0	1	2	0	1	1	2	1	1	1	1	0	0	1	1	0	1	0	0	0	0	1	0	0	0	1	1	1	0	0	0	0	1	1	0	1	0	1	0	1	0	0	1	1	1	0	0	0	1	1	0	1	0	2	1	2	0	0	0	0	0	0	0	1	1	1	2	1	0	1	2	1	0	1	0	0	0	1	1	0	0	1	0	1	2	1	0	1	1	0	1	0	2	1	2	1	1	2	0	1	1	1	1	1	0	1	1	1	1	0	0	0	0	1	1	1	1	1	1	2	0	1	2	0	0	0	0	0	0	1	1	1	1	0	1	0	0	1	1	0	1	2	1	0	0	0	2	1	0	1	0	2	2	1	0	2	2	0	2	0	1	1	1	0	1	1	1
chr1.s_116776541	1	1	1	2	1	2	2	1	1	0	0	1	1	1	1	2	1	0	1	1	1	2	1	1	2	2	2	2	2	1	0	2	1	1	0	2	1	2	0	1	1	1	2	2	2	0	1	0	0	1	2	2	2	0	1	2	0	1	2	1	1	2	0	0	1	1	1	1	1	1	2	2	1	1	1	1	1	2	2	1	2	1	0	1	0	1	2	2	0	0	1	1	1	0	0	0	1	1	1	0	2	1	2	2	2	2	1	1	2	0	1	2	2	1	1	0	0	1	0	0	0	1	0	1	2	2	2	2	2	1	1	2	2	2	1	1	1	1	1	1	1	2	2	1	0	0	1	2	1	1	2	2	1	1	1	1	1	2	1	1	1	2	2	2	2	1	1	1	0	0	1	1	1	1	0	0	1	2	2	2	1	0	1	1	1	1	1	1	1	1	1	1	1	1	1	1	2	1	1	0	1	1	0	1	1	0	2	1	1	1	0	2	0	1	1	0	1	0	1	1	1	0	1	1	1	0	1	1	1	0	1	0	1	2	0	1	0	1	2	2	1	2	1	2	0	1	2	2	1	0	0	1	1	1	1	1	2	2	1	1	2	2	2	1	1	1	0	2	1	0	1	1	1	1	1	0	1	2	2	1	1	2	2	1	0	2	2	1	1	2	0	1	1	0	1	0	2	1	1	1
chr4.s_56341972	0	0	0	1	0	0	0	0	0	0	0	0	2	1	1	0	0	0	1	1	0	0	0	0	0	0	0	0	0	0	1	1	1	0	0	0	0	0	0	0	0	0	0	0	1	0	0	0	0	0	1	1	0	0	0	0	0	0	0	0	0	0	1	1	1	0	0	0	0	0	0	0	0	0	0	0	0	0	0	1	1	0	0	0	0	0	0	0	1	1	0	1	1	1	1	1	0	1	1	1	0	0	0	0	0	0	0	0	1	0	1	1	0	0	1	1	0	0	1	0	1	0	0	0	0	0	0	0	0	1	0	0	0	0	0	0	0	0	0	0	0	0	0	0	1	0	0	0	0	2	0	0	1	1	0	0	0	0	0	0	0	0	0	0	0	0	0	0	0	0	0	2	1	1	0	1	1	0	0	0	1	1	0	2	2	2	1	0	0	1	0	0	0	0	1	1	1	1	1	0	0	0	0	0	0	2	0	1	0	0	1	0	0	1	2	1	0	0	0	0	0	0	0	0	1	1	0	0	0	1	0	2	0	0	1	0	1	0	0	0	0	2	0	0	0	1	1	2	1	0	0	0	0	0	0	0	0	0	0	1	0	0	0	0	0	0	0	0	1	1	0	0	0	0	1	0	0	0	0	0	0	1	1	0	0	0	0	1	0	1	1	0	1	0	0	0	0	0	0	2
chr9.s_45936873	0	0	0	0	0	1	0	1	1	1	0	1	2	1	1	0	0	0	0	0	0	0	0	0	1	1	1	0	0	0	1	0	1	0	0	0	0	0	0	0	0	0	1	1	0	0	0	1	1	0	1	1	0	1	0	0	0	0	0	0	0	1	0	1	1	1	1	0	0	1	0	0	2	1	0	1	1	0	0	0	0	0	0	1	0	0	1	1	1	0	0	0	0	1	1	0	0	0	0	0	0	1	1	1	0	0	0	0	0	0	1	2	1	1	0	0	1	0	1	1	1	1	0	0	0	0	0	0	0	0	1	0	0	0	1	1	2	1	0	0	0	1	1	1	0	0	0	1	0	0	0	0	0	0	0	0	0	0	0	0	0	1	0	0	0	1	1	0	0	0	0	2	1	0	0	0	0	0	0	0	0	0	0	0	0	0	0	0	0	0	0	0	1	1	0	1	0	0	0	0	1	1	0	0	1	1	0	1	1	0	0	0	1	1	1	0	0	0	0	0	0	1	0	0	1	1	1	1	1	1	1	0	1	0	0	0	0	0	0	1	1	1	0	0	0	0	0	1	1	0	1	0	0	0	1	0	0	0	0	0	1	0	1	0	0	1	1	0	1	0	0	0	0	0	0	1	1	0	0	1	0	1	0	1	0	0	0	0	1	0	0	0	0	0	0	1	0	1	0	0
chr1.s_218060279	1	0	0	1	1	1	1	1	1	1	1	0	1	1	1	1	1	0	1	0	0	0	0	0	0	0	0	1	1	0	0	0	0	1	1	0	0	0	1	1	2	2	0	0	0	0	0	0	0	0	0	1	1	1	1	1	0	0	0	0	0	0	1	0	0	0	0	0	1	0	1	0	0	0	1	0	0	1	1	1	1	2	1	1	1	1	1	1	1	0	0	1	1	0	0	0	0	0	0	1	1	1	1	0	1	1	0	0	0	1	1	0	0	0	0	0	1	1	1	1	1	1	0	0	0	0	0	0	1	0	1	1	1	2	1	0	1	1	1	1	1	0	1	2	1	1	0	0	0	1	0	1	1	0	0	0	1	2	0	1	1	1	1	1	1	1	1	1	1	1	0	1	1	1	2	0	1	1	0	0	1	0	0	0	0	0	1	0	0	0	1	2	1	2	2	1	0	0	0	1	0	1	0	1	1	1	1	1	1	0	0	1	1	1	0	1	1	1	0	1	0	1	1	1	0	1	0	0	1	0	1	1	1	1	1	0	1	0	0	1	1	1	1	0	1	0	1	0	1	1	0	0	0	0	1	0	1	1	1	0	1	1	1	1	0	0	0	0	1	1	0	1	0	1	0	0	0	1	1	1	0	0	1	1	0	1	1	1	0	0	0	1	1	0	1	1	0	0	1	1
chr2.s_239004044	0	2	2	1	0	1	1	1	1	0	0	1	1	0	2	0	0	0	1	0	1	2	2	2	1	1	1	1	1	1	0	1	2	2	1	1	0	1	1	2	1	0	0	0	0	0	0	2	1	0	1	2	1	0	1	1	0	0	1	2	2	1	1	1	1	1	1	1	0	0	0	0	1	1	0	1	0	1	0	2	0	1	1	0	1	2	2	2	1	0	0	1	0	2	2	1	1	1	1	0	1	1	0	0	0	1	0	1	1	1	1	1	1	1	1	1	0	1	1	1	0	1	1	2	1	1	1	1	0	2	2	1	1	0	0	0	1	1	1	1	1	0	1	2	1	1	1	1	2	1	0	0	1	1	1	1	0	0	1	0	1	0	0	0	1	1	2	1	0	1	0	2	1	1	1	0	1	2	1	1	1	0	0	1	0	1	1	2	2	1	0	0	2	1	0	0	0	0	1	0	1	2	0	2	0	1	1	1	2	2	1	1	0	1	1	1	1	1	0	1	0	1	1	2	0	0	1	2	1	2	2	2	1	1	1	2	1	2	1	0	1	2	1	1	0	2	0	1	1	0	1	1	1	1	2	2	2	0	0	1	1	1	2	1	1	1	0	1	1	1	0	1	0	1	0	1	0	1	1	2	0	1	0	2	0	2	0	1	0	1	1	2	2	0	1	0	0	1	1	0
chr2.s_30387996	0	0	0	0	1	2	1	1	1	1	1	0	1	2	1	2	2	2	2	1	0	0	0	0	1	1	1	1	1	1	1	1	1	0	1	0	1	0	1	0	0	0	1	1	0	2	2	1	0	0	0	0	1	2	2	1	1	0	0	1	1	0	1	0	1	1	1	0	0	1	1	1	1	0	1	2	1	1	2	1	0	1	2	1	1	1	0	0	1	2	1	1	0	1	1	2	1	1	1	1	0	1	0	1	1	2	1	2	1	2	1	1	1	0	1	1	1	0	1	1	1	1	1	1	1	1	1	1	0	2	0	1	1	1	0	0	2	1	0	2	1	1	1	2	0	0	0	0	1	2	1	1	2	1	1	1	2	1	1	1	0	1	0	1	2	0	1	2	2	2	1	1	1	1	1	0	0	0	0	0	0	2	1	1	0	1	0	0	0	0	1	0	1	1	0	1	0	1	2	2	0	1	1	0	1	2	1	0	1	1	2	1	0	1	1	1	2	1	0	1	1	0	1	1	2	1	0	1	0	2	0	1	0	1	1	0	0	2	1	2	0	1	0	1	1	2	1	0	1	1	1	0	0	0	1	1	2	1	1	0	1	1	0	1	2	2	2	1	1	1	1	1	0	0	1	0	1	0	2	0	1	0	0	2	1	0	1	0	2	0	1	0	2	1	1	1	0	0	2	0
chr9.s_5913898	1	1	1	1	1	0	1	1	1	1	0	2	1	1	1	0	0	0	1	1	0	0	1	1	0	0	0	0	0	1	0	0	1	1	1	0	0	0	0	0	1	2	1	1	2	0	0	0	1	1	0	1	1	1	0	0	0	0	0	1	1	0	1	1	1	0	0	0	1	0	1	1	1	2	1	0	1	2	1	1	1	1	0	0	0	0	0	0	1	0	0	2	2	1	0	0	0	1	1	1	0	1	1	2	1	0	2	1	1	1	1	0	1	1	0	0	0	1	0	0	1	1	1	1	1	1	1	0	0	1	0	0	0	2	2	2	0	1	2	1	0	0	1	1	1	1	0	0	0	1	0	1	2	1	0	0	0	1	0	1	2	0	1	1	0	2	1	1	1	1	1	0	2	1	1	1	1	1	1	1	1	0	0	2	2	1	1	0	0	1	0	1	0	1	2	1	2	1	0	1	0	0	1	1	1	1	1	0	0	0	1	0	1	1	0	0	0	0	0	1	1	1	1	0	0	2	1	1	1	2	1	1	0	0	2	2	1	0	0	0	0	1	0	2	2	0	0	1	1	1	0	1	1	1	0	1	1	0	1	1	0	1	0	1	0	1	0	0	1	1	2	1	0	0	1	1	0	1	0	2	0	1	1	0	1	1	0	1	1	1	1	2	1	2	0	1	0	1	1	0
chr4.s_49609733	1	0	0	0	0	0	0	0	0	0	0	0	0	0	0	0	0	0	0	0	1	1	0	0	1	1	1	0	0	0	1	0	0	0	0	1	1	1	0	0	0	0	0	0	0	0	0	0	0	0	0	0	0	1	0	0	1	0	0	0	0	1	1	1	0	1	1	0	0	0	0	0	0	0	0	0	0	0	0	0	0	0	0	1	0	0	1	1	1	1	0	1	1	0	0	1	1	0	0	0	0	0	0	0	0	0	0	0	0	1	1	1	1	1	0	0	0	0	0	0	0	0	0	0	0	0	0	0	0	0	0	1	1	0	0	0	0	0	0	0	1	1	0	0	0	0	0	0	0	1	0	0	0	0	0	0	0	0	0	0	0	0	0	0	0	0	0	0	0	0	0	0	0	0	0	0	0	0	1	1	0	1	0	0	0	0	0	0	0	0	1	0	0	0	0	0	0	0	0	0	1	0	0	0	0	0	0	0	0	0	1	0	0	0	0	0	0	0	0	0	0	0	0	0	0	1	0	0	0	0	0	0	0	0	0	0	0	0	0	0	0	0	0	0	0	0	0	0	0	0	1	0	0	0	0	0	0	0	0	0	1	0	1	0	0	0	1	0	1	0	0	0	1	1	0	0	1	0	0	0	0	0	0	0	0	0	0	0	0	0	0	0	0	1	0	0	1	0	0	0
chr9.s_3498361	1	1	2	1	2	0	0	1	1	0	1	1	1	0	1	1	1	0	1	1	0	0	0	1	1	2	1	1	0	1	0	0	1	0	1	2	2	2	2	2	2	1	0	1	0	0	0	1	0	0	1	2	1	0	0	0	1	0	0	1	0	2	0	1	1	1	2	2	2	1	1	0	0	1	0	1	0	2	1	1	0	0	1	0	1	2	1	1	0	0	1	0	0	1	2	2	1	0	1	1	2	1	2	0	1	2	2	2	1	1	1	2	2	2	0	0	0	0	0	0	0	0	0	0	2	1	2	2	1	1	1	1	2	2	1	0	0	0	1	1	1	1	1	1	0	0	0	0	1	0	2	2	1	2	1	1	2	2	1	1	0	0	1	2	2	1	1	1	0	1	0	1	1	1	0	0	1	1	0	1	1	0	1	1	1	2	1	0	1	0	1	1	1	1	1	0	1	1	1	0	2	0	0	1	0	1	0	2	0	0	0	2	0	1	1	0	0	0	0	0	1	0	0	1	0	0	1	1	1	0	1	0	1	2	0	1	0	1	2	1	2	1	2	2	0	1	0	1	0	0	2	1	1	1	1	1	1	1	1	0	1	2	2	1	1	0	2	1	1	1	0	0	1	1	0	0	2	0	2	1	0	2	1	1	0	2	1	0	0	1	1	1	1	0	0	0	2	1	0	1
chr2.s_12874790	1	0	0	0	0	0	0	1	0	0	0	0	1	1	0	1	1	0	0	0	0	0	0	0	0	0	0	0	0	0	0	0	1	0	0	0	0	0	0	0	0	0	0	0	0	0	0	0	0	0	0	0	0	0	0	1	0	0	0	0	0	0	0	0	1	0	0	0	0	0	0	0	0	0	0	0	0	0	0	0	1	0	0	0	0	0	0	0	0	0	0	0	0	0	0	0	0	0	0	0	0	0	0	0	0	0	0	0	1	0	0	0	0	0	1	1	0	1	0	0	0	0	0	0	0	0	0	0	0	0	0	1	1	0	0	0	0	0	0	0	0	1	1	0	0	0	0	1	0	0	1	0	0	0	0	0	0	0	1	1	0	0	0	0	0	0	0	0	0	0	0	0	0	1	1	1	0	0	0	0	1	0	0	1	1	1	0	0	0	1	0	1	0	0	0	0	0	0	0	0	0	0	0	0	1	0	0	0	0	0	0	1	1	0	0	0	0	0	0	0	0	0	0	1	1	0	0	0	0	0	0	1	0	0	0	0	0	0	0	0	0	0	0	1	0	0	0	0	0	0	0	0	0	0	0	0	0	0	0	1	0	0	0	0	0	0	0	0	0	0	0	0	0	0	0	0	0	0	0	0	0	0	0	0	0	0	2	0	0	0	0	0	0	0	2	0	0	0	0	0
chr1.s_263015467	0	0	0	1	0	0	0	1	1	1	0	0	0	0	0	0	0	1	0	0	0	0	1	1	0	0	0	1	1	1	1	0	0	1	1	0	0	0	0	0	0	1	1	1	0	1	1	0	0	0	0	0	0	0	0	0	0	1	1	0	0	0	0	1	0	0	0	0	0	0	1	1	0	0	0	0	0	1	1	0	1	0	0	0	0	0	0	0	0	1	1	0	1	0	0	0	0	0	0	0	0	0	0	0	0	0	0	0	1	0	0	0	0	0	1	1	0	1	0	0	0	0	0	0	1	1	1	1	0	1	0	0	0	1	0	0	0	0	0	0	0	0	0	0	1	1	1	0	0	0	0	1	1	0	0	0	1	1	0	0	1	0	0	1	1	0	0	0	0	0	0	0	0	1	0	1	0	0	1	1	1	0	0	1	2	1	1	0	0	0	1	0	0	0	1	1	0	1	1	0	0	0	1	1	0	0	0	0	0	0	0	0	1	0	1	0	0	0	0	0	1	0	0	0	0	1	0	1	1	1	0	1	0	0	0	1	0	0	1	0	0	0	0	0	0	0	0	0	0	0	0	0	0	1	0	0	0	0	1	0	0	1	0	0	1	0	0	1	0	0	1	0	0	0	0	1	0	0	1	0	0	0	1	0	0	0	0	1	0	0	0	0	0	0	0	1	0	0	0	0
chr4.s_190136516	1	0	0	1	0	0	0	0	0	1	1	1	0	0	2	0	0	0	0	1	1	0	0	1	0	1	0	1	0	2	1	0	1	0	1	0	1	1	1	1	0	0	1	1	0	1	1	1	0	0	0	0	0	1	0	1	1	1	0	2	1	1	1	1	2	0	0	1	0	0	0	0	0	0	0	1	0	1	0	1	2	0	0	1	1	1	0	0	1	1	1	0	1	0	1	1	0	0	0	1	1	2	0	0	0	0	1	1	1	1	0	0	1	1	0	0	1	1	2	2	1	0	1	0	1	0	1	2	1	0	0	0	0	0	0	0	1	1	0	1	0	1	1	0	1	1	1	1	1	1	1	1	0	1	0	1	1	0	1	0	0	0	0	0	0	0	0	1	2	2	0	1	1	0	0	1	1	0	0	1	1	2	2	1	2	2	1	1	1	0	1	1	2	1	0	0	0	0	0	2	1	1	0	0	1	1	0	1	1	0	1	1	1	1	0	2	1	1	1	2	1	1	0	1	0	2	1	0	1	0	0	0	0	1	1	1	1	0	1	0	1	0	1	1	1	2	0	0	1	0	1	1	0	1	2	0	1	0	1	0	1	1	1	1	0	0	1	1	0	0	1	0	1	1	0	2	1	0	0	1	2	0	2	2	1	0	1	0	0	0	2	2	2	0	1	0	1	1	1	1
chr3.s_173595311	0	0	0	0	0	0	0	0	0	0	0	0	0	0	0	0	0	0	0	0	0	0	0	0	0	0	0	0	0	0	0	0	0	0	0	0	0	0	0	0	0	0	0	0	0	0	0	0	0	0	0	0	0	0	0	0	0	0	0	0	0	0	0	0	0	0	0	0	0	0	0	0	0	0	0	0	0	0	0	0	0	0	0	0	0	0	0	0	0	0	0	0	0	0	0	0	0	0	0	0	0	0	0	0	0	0	0	0	0	0	0	0	0	0	0	0	0	0	0	0	0	0	0	0	0	0	0	0	0	0	0	0	0	0	0	0	0	0	0	0	0	0	0	0	0	0	0	0	0	0	0	0	0	0	0	0	0	0	0	0	0	0	0	0	0	0	0	0	0	0	0	0	0	0	0	0	1	1	0	0	0	0	0	0	0	0	0	0	0	0	0	0	0	0	0	0	0	0	0	0	0	0	0	0	0	0	0	0	0	0	0	0	0	0	0	0	0	0	0	0	0	0	0	0	0	0	0	0	0	0	0	0	0	0	0	0	0	0	0	0	0	0	0	0	0	1	0	0	0	0	0	0	0	0	0	0	0	0	0	0	0	0	0	0	0	0	0	0	0	0	0	0	0	0	0	0	0	0	0	0	0	0	0	0	0	1	0	0	0	0	0	0	0	0	0	0	0	0	0	0
chr2.s_210852743	0	0	0	1	0	0	0	0	0	0	0	0	2	1	1	0	1	2	0	0	0	0	0	0	0	0	0	1	1	1	0	0	1	0	0	1	1	2	0	1	0	0	0	0	1	1	0	1	1	1	1	1	0	2	2	1	1	0	0	1	1	1	1	1	0	1	1	1	0	0	0	0	0	0	0	1	1	0	0	1	0	0	1	1	0	0	0	0	0	0	0	0	1	0	0	1	1	0	0	0	1	2	1	0	0	0	1	1	0	2	2	2	1	0	0	1	2	0	1	1	1	1	0	0	0	0	1	2	0	0	0	0	0	0	0	0	1	1	0	0	0	1	1	1	0	0	1	1	0	1	0	0	0	0	0	1	0	0	1	0	0	0	0	0	0	0	0	1	1	2	1	2	1	1	1	1	0	0	1	1	2	0	0	1	2	1	1	1	1	1	1	1	1	0	1	1	1	1	1	0	0	1	2	0	1	1	1	0	0	0	0	0	0	2	2	1	0	0	0	0	0	0	1	0	1	2	1	0	0	0	0	0	0	1	0	0	1	0	0	0	1	2	1	1	2	0	1	2	1	1	1	1	1	0	2	0	0	0	0	1	2	0	1	0	0	0	1	0	2	0	0	0	1	1	2	1	1	0	0	0	0	1	0	1	0	0	0	1	1	1	1	1	0	1	0	1	1	0	1	1
chr5.s_172411453	0	1	0	0	0	1	1	1	1	0	0	0	0	0	0	1	2	1	0	1	1	1	1	0	1	0	0	0	0	0	0	1	1	1	0	0	0	0	0	0	0	0	2	1	1	0	0	0	1	1	0	0	0	1	1	1	1	1	1	0	0	0	0	0	1	1	0	0	0	1	0	1	1	0	1	0	1	0	0	0	1	0	0	1	2	1	1	0	0	0	0	0	0	0	1	1	1	1	0	0	0	0	0	2	1	1	0	1	1	0	0	0	0	0	1	2	1	1	1	1	1	1	1	1	0	0	0	0	0	0	1	1	0	0	0	1	1	1	0	0	0	1	1	0	1	1	1	2	0	0	0	0	0	1	0	0	0	0	1	1	1	1	0	0	1	0	1	2	1	1	1	0	0	0	0	1	1	1	1	0	0	1	1	1	1	2	0	1	0	1	0	0	0	0	0	1	0	0	1	0	0	1	1	0	1	1	1	0	0	1	0	1	1	0	0	1	0	0	1	1	1	1	1	0	0	0	0	0	0	0	0	1	0	0	1	0	1	1	0	1	0	0	0	0	2	1	0	0	1	1	0	0	0	0	0	1	1	0	1	0	0	0	0	1	1	2	0	0	0	0	1	0	1	0	1	1	0	1	1	0	1	0	0	0	0	0	1	1	2	0	1	0	1	1	1	1	0	0	1	1
chr7.s_13888343	1	0	0	1	2	0	0	0	0	0	0	0	2	1	0	1	1	1	0	0	0	0	0	0	0	0	0	1	1	1	0	0	0	0	0	0	0	1	0	1	1	2	1	2	0	0	0	1	1	1	1	2	1	0	0	0	0	0	0	0	0	1	1	0	0	1	1	2	2	1	2	1	1	2	1	1	1	1	1	0	0	0	0	0	0	0	0	0	0	0	0	1	1	0	0	1	1	1	1	0	1	2	1	0	1	1	1	0	0	1	1	2	1	0	1	1	1	1	1	1	1	1	1	1	1	1	2	1	0	1	0	1	1	2	2	1	0	0	1	1	0	1	1	1	0	0	0	0	0	0	0	1	1	0	0	1	1	2	1	1	1	0	1	2	1	1	0	0	0	1	1	1	1	1	1	0	1	1	0	0	1	0	0	1	1	1	1	0	0	1	0	2	2	2	1	0	1	2	1	0	0	1	1	1	1	1	0	0	1	0	1	1	0	2	2	0	1	1	0	0	1	0	1	1	0	0	2	0	0	0	0	0	0	2	1	0	1	0	1	1	1	1	1	1	1	0	0	1	0	2	1	1	0	0	1	1	0	0	1	1	1	1	1	1	0	1	0	1	2	0	0	0	0	1	0	1	0	0	1	0	1	1	0	2	0	1	1	0	0	0	1	0	0	1	1	0	0	1	0	1
chr10.s_133095032	1	0	1	0	1	1	1	0	0	1	1	0	1	1	1	1	0	0	2	1	0	0	0	0	0	0	0	0	0	0	1	0	1	0	1	1	1	0	1	0	1	1	1	1	1	1	1	0	0	0	1	1	1	0	0	1	0	0	0	1	1	0	1	0	0	0	1	0	1	1	1	1	1	1	1	0	0	0	1	0	1	1	1	0	1	1	0	0	1	1	0	0	0	0	0	0	0	0	1	1	1	1	1	1	1	0	1	0	1	0	1	1	0	0	1	0	0	1	0	0	1	1	0	0	0	0	0	0	0	0	0	0	1	2	1	1	2	2	1	2	1	1	2	2	0	0	0	0	1	2	1	0	0	0	1	0	1	1	1	2	1	2	2	1	0	1	0	1	2	1	1	2	0	2	1	1	0	0	0	0	0	1	0	0	0	0	1	1	2	0	1	1	0	1	1	1	1	1	0	1	0	0	0	1	2	0	1	0	0	1	1	0	0	0	1	0	1	2	0	0	0	0	0	0	1	0	0	1	0	0	1	1	0	0	0	0	0	1	0	1	0	2	0	1	1	0	1	1	2	0	0	0	1	0	1	1	0	2	1	0	0	1	0	1	0	1	1	0	1	0	1	0	0	0	0	0	0	0	0	0	0	1	0	0	1	1	1	0	0	1	1	1	0	0	1	0	0	0	0	0
chr2.s_185999643	0	0	1	1	0	2	2	0	0	0	0	0	0	0	0	1	1	0	0	0	0	0	0	1	0	1	0	1	0	0	0	0	1	0	0	1	0	1	1	2	1	0	1	0	2	0	0	0	0	0	0	1	1	0	1	2	1	0	0	1	0	0	0	0	2	1	2	1	0	1	1	2	1	0	2	0	0	0	0	0	1	0	0	0	0	1	0	0	0	1	1	0	0	0	1	2	1	0	1	0	2	1	1	1	1	0	0	0	0	0	0	0	0	0	0	0	0	1	0	0	0	0	0	0	1	0	0	0	0	0	0	1	2	1	0	1	1	1	0	0	0	2	2	1	0	0	0	0	1	1	0	0	0	2	1	1	0	0	1	0	1	1	0	0	0	0	0	0	0	0	0	0	0	0	1	0	0	0	0	1	0	0	0	0	0	1	0	1	2	0	0	1	1	0	0	1	0	0	0	0	0	0	0	1	1	1	2	1	0	0	0	2	0	1	0	0	1	1	0	0	0	0	1	2	0	0	1	1	1	0	1	0	0	1	0	0	0	0	0	1	1	1	1	0	0	1	1	1	1	1	0	0	1	0	0	1	0	1	1	0	1	2	1	0	1	1	0	2	0	0	1	0	0	0	1	1	0	0	0	0	1	1	0	0	0	1	2	0	0	1	1	1	1	0	2	0	0	0	0	0
chr3.s_209493572	1	0	0	1	0	1	1	0	0	1	1	1	1	1	1	1	1	0	0	0	1	1	1	1	1	1	1	0	0	1	1	1	1	1	1	0	0	0	0	0	0	0	2	1	1	1	2	0	0	0	0	0	0	0	1	1	0	0	0	0	0	0	0	0	2	1	1	0	0	1	0	1	2	1	2	1	1	0	0	1	1	0	1	1	1	1	0	0	1	1	1	1	1	0	1	2	1	0	0	1	0	1	1	2	1	0	1	1	1	1	1	1	1	1	0	0	0	1	1	1	1	1	0	0	0	0	0	1	0	0	0	1	1	1	0	1	2	2	1	1	1	1	1	1	0	0	0	0	1	1	0	0	0	1	0	0	0	0	0	0	2	1	0	0	0	0	0	0	1	0	1	1	1	0	1	0	0	0	0	0	0	0	0	0	0	1	0	0	0	0	0	0	0	0	0	1	0	1	1	1	0	1	0	1	1	2	2	0	0	1	0	1	0	1	1	1	0	1	0	0	0	1	0	1	1	0	0	1	0	1	1	0	0	0	1	1	0	1	0	1	0	1	0	0	0	2	0	0	2	1	1	0	0	1	1	1	0	0	1	0	1	1	0	0	1	2	1	0	1	0	2	1	0	1	0	1	1	0	0	0	0	0	1	0	1	0	0	0	1	0	1	0	1	1	1	1	0	1	0	0
chr9.s_42704787	1	1	0	0	0	1	0	0	0	0	0	0	0	1	1	1	0	0	0	1	1	1	1	0	2	1	2	0	1	0	0	1	1	1	0	1	1	1	0	0	0	0	1	1	0	0	0	2	1	0	0	0	1	1	0	0	1	1	1	0	1	1	0	1	0	2	1	0	0	1	0	0	1	0	0	1	0	0	1	0	0	0	0	2	1	0	2	2	0	0	1	0	0	1	1	1	2	1	0	0	0	1	1	0	0	0	0	0	0	1	0	1	1	1	1	0	0	0	2	2	2	2	1	1	0	1	0	0	1	0	2	1	0	0	0	0	2	1	0	0	1	1	0	0	1	1	1	1	0	0	1	1	0	0	0	0	0	0	0	0	0	1	0	0	0	0	0	0	0	1	0	1	0	0	0	1	1	1	1	0	0	0	1	0	0	0	0	1	0	1	0	0	1	1	0	1	0	0	0	0	2	2	0	0	1	0	0	0	2	1	0	0	1	0	0	1	0	0	1	1	1	1	0	0	1	1	0	0	0	0	0	0	1	0	0	0	1	0	1	1	0	0	0	0	0	0	1	0	1	0	2	0	0	1	1	0	0	1	1	1	1	0	1	1	0	1	1	0	0	0	0	1	2	0	0	1	2	1	0	0	1	0	1	1	0	0	0	1	0	0	1	0	0	0	0	0	2	1	0	1
chr4.s_127340449	1	0	0	1	1	0	0	0	0	0	0	1	0	1	0	2	1	0	0	0	1	1	0	0	1	1	1	0	0	0	0	0	2	0	0	1	1	2	0	1	1	1	0	1	0	0	0	0	0	0	0	1	2	1	0	0	1	0	0	0	0	0	0	0	1	0	0	1	1	0	1	0	0	1	0	0	0	0	1	0	0	1	0	1	0	0	0	0	0	1	1	0	0	0	1	2	1	0	0	0	1	2	1	0	0	0	1	0	0	0	0	1	1	0	1	0	0	0	0	0	0	0	0	0	0	0	0	0	0	0	1	1	1	1	1	0	0	0	1	0	2	1	0	0	0	0	0	0	0	0	0	0	0	1	0	1	0	1	1	1	0	0	1	1	0	1	0	0	0	0	0	0	0	0	0	0	1	1	0	0	0	0	0	0	0	1	0	1	1	0	1	1	1	1	1	0	1	1	0	0	0	0	0	0	0	1	0	0	0	0	0	1	0	1	0	0	0	0	0	1	0	0	0	1	1	1	1	0	0	0	0	0	0	1	0	0	0	0	0	0	1	0	1	1	0	1	1	0	0	0	0	0	0	0	0	0	1	1	0	0	2	0	1	0	1	0	0	0	0	0	0	0	1	0	0	0	0	1	0	0	0	0	0	0	0	1	0	0	0	0	0	0	2	1	1	0	1	0	1	0
chr6.s_123034797	0	0	0	0	0	0	1	1	0	0	0	0	0	0	0	0	0	0	0	0	0	0	0	0	1	1	1	0	0	0	1	1	0	0	0	1	1	1	0	0	0	0	1	1	1	0	0	0	0	0	0	0	0	1	0	0	1	0	0	0	0	0	1	0	0	1	1	0	0	0	1	2	0	1	1	0	0	0	0	1	0	0	0	1	0	0	0	0	1	0	0	0	0	0	0	0	0	0	0	0	0	0	0	2	1	0	1	0	0	0	0	0	0	0	0	0	0	0	0	0	0	0	0	0	0	0	0	1	0	0	0	0	0	0	0	1	0	1	1	0	0	1	0	0	0	0	0	0	0	0	0	0	0	0	1	1	0	0	1	1	1	0	1	1	0	1	0	0	0	0	1	0	0	0	0	0	1	1	0	0	0	0	0	0	0	0	0	1	1	0	0	0	0	0	0	0	1	1	0	0	0	0	0	0	0	0	1	0	0	0	0	0	1	0	0	1	0	1	0	0	0	1	0	0	0	1	0	0	0	0	1	0	1	0	0	0	1	0	0	0	1	0	0	1	0	0	0	0	1	0	0	0	0	0	1	0	0	0	0	0	1	0	0	0	0	0	1	1	0	0	1	0	1	1	0	0	1	0	0	0	0	0	0	0	0	1	0	0	1	0	0	0	0	0	0	1	1	0	0	0
chr2.s_176649722	1	1	1	1	2	0	0	0	0	1	1	1	0	0	1	0	1	1	0	0	0	0	0	0	0	0	0	0	0	1	0	0	0	0	0	1	1	2	0	1	1	2	0	1	0	1	1	0	0	1	1	0	0	1	1	0	1	1	1	0	0	1	0	0	0	1	1	2	2	1	1	0	1	2	0	0	0	1	0	1	0	1	0	1	0	0	0	0	0	0	0	0	0	0	0	1	1	1	1	0	1	1	1	0	1	1	1	0	0	0	0	0	1	1	0	1	2	0	0	0	0	0	1	1	0	0	1	1	1	1	0	0	0	1	1	0	0	0	1	1	0	0	0	0	0	0	0	1	0	0	0	0	0	0	0	1	0	1	1	1	0	0	1	1	0	2	1	0	1	0	0	0	1	0	0	0	1	1	0	0	1	1	1	0	0	0	1	0	0	0	0	1	1	1	1	0	1	2	1	1	0	0	0	0	0	0	0	1	0	0	1	0	0	1	1	0	0	1	1	0	0	0	0	0	0	0	1	0	0	0	0	0	1	2	1	1	0	0	1	1	2	0	1	1	0	0	0	0	0	0	0	2	1	0	1	0	0	0	0	0	2	0	1	0	0	0	1	0	0	0	0	1	1	1	1	0	1	1	0	2	0	0	0	0	2	1	0	0	1	0	0	1	0	1	0	1	1	1	1	0
chr3.s_225403967	1	0	0	1	0	0	0	0	0	0	0	0	0	0	0	0	0	0	1	0	0	0	0	0	0	0	0	0	0	1	0	1	0	0	0	0	0	0	0	0	0	0	0	0	0	0	0	0	0	0	0	0	0	0	0	0	0	0	0	1	1	0	1	0	0	0	0	0	0	0	0	0	0	0	0	0	0	0	0	0	1	1	1	0	0	0	0	0	0	0	0	1	0	1	0	0	0	1	1	1	0	0	0	0	0	0	0	0	0	0	0	0	0	0	1	1	0	1	0	0	0	0	0	0	0	0	0	0	0	1	0	0	0	1	1	1	0	0	0	0	0	0	1	2	0	0	1	0	1	0	0	0	1	0	0	0	0	0	0	0	1	0	0	0	0	0	0	0	0	0	0	0	0	1	1	0	0	0	0	0	0	0	0	1	0	0	0	0	0	0	0	0	1	1	0	0	0	1	1	0	0	0	0	1	0	0	0	0	1	1	0	0	0	0	1	0	1	1	0	1	0	0	0	0	0	0	1	1	0	2	0	2	0	0	1	0	1	1	0	0	0	0	0	0	0	0	0	0	0	0	0	0	0	0	0	0	1	0	1	0	0	1	0	0	0	0	0	0	1	1	1	0	0	0	0	0	0	0	0	0	0	0	1	1	0	0	0	0	0	0	0	0	1	1	0	0	0	0	1	0
chr2.s_88286027	0	0	0	1	0	0	0	2	1	0	0	0	0	0	1	0	0	0	0	0	0	0	0	0	0	0	0	0	0	0	0	0	0	0	0	0	0	0	0	0	0	0	0	0	0	0	0	0	0	0	0	0	0	0	0	0	0	0	0	0	0	0	1	0	0	0	0	1	1	1	0	0	1	1	0	0	0	0	0	1	1	0	0	0	0	0	1	1	0	0	0	0	0	1	1	0	0	0	0	0	0	0	1	0	0	1	0	1	1	0	0	0	0	0	0	0	0	0	1	1	0	0	1	1	0	0	0	0	0	0	0	0	0	0	1	1	0	0	0	1	0	0	0	0	1	1	0	0	0	0	0	0	0	0	0	0	0	0	0	0	0	0	0	0	1	0	1	1	0	0	0	1	0	0	0	0	0	0	0	0	0	0	0	1	1	1	0	0	0	0	0	0	0	0	0	0	0	0	1	0	0	1	0	0	0	0	0	1	0	0	1	0	1	0	0	0	0	0	0	0	0	0	0	0	0	0	1	0	0	0	0	0	1	0	0	0	1	1	0	0	1	0	0	0	0	0	0	0	1	0	0	0	0	0	1	1	1	0	0	0	0	0	1	1	1	1	0	0	0	0	0	1	0	0	0	0	0	0	1	0	0	0	1	0	0	0	0	0	0	0	0	0	0	0	0	0	0	1	0	0
chr6.s_25573273	1	1	0	1	0	0	0	0	0	0	0	0	0	0	0	1	1	0	1	2	1	1	1	1	1	1	0	1	0	1	1	1	0	2	1	0	0	1	0	1	0	1	0	0	0	0	0	1	0	0	0	1	1	0	1	1	1	1	1	1	0	1	1	0	0	1	0	1	0	0	1	1	0	0	1	2	1	0	0	0	0	1	0	1	1	1	1	0	1	2	2	1	0	1	0	0	1	1	0	0	1	1	0	0	0	0	0	0	0	1	0	0	0	0	0	0	0	1	1	1	1	1	1	1	1	0	1	1	2	1	1	2	1	0	1	1	0	0	0	0	0	0	1	1	2	2	2	1	1	2	1	1	1	0	0	1	0	0	1	0	0	1	1	0	0	0	0	0	0	1	0	0	0	1	0	1	2	2	1	1	1	2	2	2	1	1	1	1	0	1	0	0	1	0	0	0	0	0	0	1	1	1	0	1	0	0	0	1	0	1	1	2	1	1	0	1	0	0	1	1	1	1	0	2	0	0	2	0	1	1	0	1	0	1	2	0	1	0	1	0	1	1	1	0	0	0	0	0	0	1	1	1	0	1	1	1	0	0	1	0	1	1	1	1	1	1	0	2	0	1	0	0	1	1	0	2	1	2	0	0	1	0	1	1	0	1	1	1	0	0	1	1	0	0	1	0	1	1	0	1
chr10.s_8717534	0	0	0	2	1	2	1	0	0	1	1	1	2	1	1	0	1	2	2	1	0	0	1	1	0	0	0	1	1	0	0	0	2	1	1	0	0	1	0	1	1	2	0	1	1	2	2	1	0	1	2	2	1	2	2	2	0	0	0	1	1	0	0	1	1	1	1	1	1	1	2	1	2	2	1	1	0	1	0	1	2	1	1	0	0	0	0	0	0	1	1	1	2	0	1	2	1	1	1	1	2	2	2	1	0	0	1	0	0	2	2	1	1	2	0	1	1	2	0	0	1	1	0	0	0	0	0	1	1	0	0	0	0	1	2	1	1	0	2	2	0	2	2	2	1	1	0	0	1	1	1	0	0	2	0	1	0	1	2	2	1	2	2	1	0	1	0	1	2	2	1	1	2	1	2	0	1	1	0	0	0	0	0	0	1	1	1	1	1	1	0	2	2	2	1	1	1	2	1	1	0	0	1	1	2	2	1	0	1	1	0	0	0	2	2	0	1	1	1	1	0	0	1	1	1	2	2	1	0	1	0	1	0	1	1	2	0	1	0	1	1	2	1	2	1	2	1	2	0	1	2	0	0	1	0	0	1	1	0	1	1	0	1	1	1	1	0	1	1	0	0	0	0	0	2	0	0	0	0	1	0	2	1	1	1	1	1	0	2	0	1	2	2	0	2	1	0	1	2	0
chr3.s_6668755	0	0	0	0	0	0	0	0	0	1	1	0	0	0	0	0	0	0	0	0	0	0	0	0	0	0	0	0	0	1	0	0	0	0	0	0	0	0	0	0	0	0	1	1	0	1	1	0	0	0	0	0	0	0	0	0	0	0	0	0	0	1	0	0	0	0	0	0	0	0	0	0	0	0	0	0	0	0	0	0	0	0	0	0	0	0	0	0	0	1	1	0	0	0	0	0	0	0	0	1	1	0	0	0	0	0	0	0	0	0	0	0	0	0	0	0	0	0	0	0	0	0	0	0	0	0	1	1	0	0	0	0	0	0	0	0	0	0	0	1	0	1	0	0	0	0	0	0	0	0	0	0	0	0	0	0	0	0	0	0	0	0	0	0	0	0	0	0	1	0	0	0	0	0	0	0	1	1	0	0	1	0	0	0	0	0	0	0	0	0	0	0	0	0	0	0	0	0	0	1	0	0	0	0	0	0	0	0	0	0	0	0	0	0	0	0	0	1	0	0	0	0	0	0	0	0	0	0	0	0	0	0	0	0	0	0	0	0	0	0	0	0	0	0	0	0	0	0	0	0	0	1	0	0	1	0	0	1	0	0	0	0	0	0	1	0	0	0	0	0	0	0	0	1	0	0	0	0	0	0	0	0	0	0	1	1	0	0	0	0	0	0	0	1	0	0	0	0	0	0
chr1.s_2779931	0	0	1	0	1	0	0	1	1	0	0	1	0	1	1	1	1	1	1	0	0	0	0	1	1	2	1	1	0	0	1	0	0	0	1	1	1	0	1	0	1	1	0	1	0	0	0	2	2	2	1	1	2	1	1	0	0	1	1	1	0	0	1	2	0	0	1	0	1	0	1	0	1	2	0	1	1	0	1	0	0	2	1	1	0	1	1	1	2	1	0	0	1	1	1	0	0	0	1	1	0	0	1	0	0	1	1	1	1	1	0	0	0	0	1	1	1	1	0	0	0	0	0	0	1	0	0	0	1	0	1	0	1	1	1	0	0	0	1	0	2	0	0	1	0	0	0	0	1	1	0	0	0	1	1	0	1	1	0	1	0	0	1	1	1	1	1	1	0	1	1	0	0	1	1	0	1	1	0	1	0	1	0	0	1	0	2	0	1	0	1	1	0	1	1	0	2	1	1	0	1	0	1	2	0	0	1	1	0	0	1	1	0	0	0	0	1	1	1	0	0	1	1	1	1	1	0	1	1	0	2	0	1	0	1	0	0	1	0	0	1	0	0	1	1	1	1	0	1	1	1	0	1	0	0	1	1	1	0	0	1	1	1	0	1	0	1	1	0	0	0	0	0	1	1	0	0	1	1	0	0	1	0	2	0	2	0	0	1	2	1	0	0	1	0	1	0	1	1	0
chr2.s_13900201	0	0	0	2	1	0	0	0	0	0	0	1	0	0	1	0	0	0	1	2	1	0	0	0	0	0	0	0	0	1	1	0	0	0	0	0	0	1	0	1	1	2	1	2	0	1	0	0	0	0	0	0	0	0	1	1	1	2	1	0	0	1	2	0	0	1	1	1	1	0	1	0	1	2	0	1	1	1	0	2	1	0	1	1	1	0	0	0	1	1	0	0	0	0	0	1	1	0	0	1	1	1	2	0	0	0	1	0	0	0	0	1	2	1	0	0	1	0	2	2	1	0	1	0	0	0	1	1	1	0	0	0	0	1	1	0	1	1	1	0	0	1	0	0	1	1	0	0	1	1	0	0	0	0	1	2	0	1	1	1	0	0	1	1	0	1	0	1	1	1	0	0	1	0	0	1	1	0	0	0	1	1	0	0	0	0	0	0	0	0	0	1	1	1	1	0	2	2	1	0	0	1	1	0	0	0	1	1	0	1	1	0	1	1	1	1	0	0	1	1	1	1	0	0	0	0	1	0	0	0	0	0	1	1	1	1	2	1	0	0	2	0	1	1	1	0	1	0	0	0	0	1	1	0	2	0	0	0	1	0	1	0	1	1	0	0	0	0	0	0	0	0	1	1	0	1	0	0	0	1	1	0	1	0	0	0	0	0	0	1	1	2	0	0	0	0	0	1	0	1
chr4.s_213797360	0	0	0	0	0	0	0	0	0	1	1	0	0	0	0	0	0	0	0	0	0	0	1	1	0	0	0	0	0	1	0	0	0	0	0	0	0	0	0	0	0	0	1	1	0	1	1	0	0	1	1	0	0	0	0	0	0	0	0	0	0	0	0	0	1	0	0	0	0	0	0	0	0	0	0	0	0	0	0	0	0	1	0	0	0	0	0	0	0	0	0	0	0	0	0	0	0	0	0	0	0	0	0	0	0	0	0	0	0	0	0	0	0	0	0	0	0	1	0	0	0	0	0	0	0	0	0	0	0	0	0	0	0	0	0	0	0	0	0	1	0	0	0	0	0	0	0	0	0	0	1	0	0	0	0	0	0	0	0	0	0	0	0	0	0	0	0	0	1	0	0	0	0	0	0	0	0	0	0	0	0	1	1	0	0	0	0	0	0	0	0	1	0	0	0	0	0	0	0	1	0	0	0	1	0	0	0	0	0	0	0	0	0	0	0	0	0	1	1	0	0	0	0	0	0	0	0	0	0	0	0	0	0	0	0	1	0	0	0	0	0	0	0	0	0	0	0	0	0	0	0	0	0	1	0	0	0	0	0	0	0	0	0	0	0	0	0	0	0	0	1	0	0	0	0	0	0	1	0	0	0	0	0	0	1	0	0	0	0	0	1	0	0	1	0	0	0	0	0	0
chr2.s_16408609	1	0	0	0	0	0	0	1	2	1	1	0	1	0	1	0	1	1	0	0	2	1	0	0	0	0	0	0	0	0	1	1	0	0	1	1	2	1	2	1	1	1	0	0	0	0	1	1	1	1	2	2	1	1	2	1	0	2	1	0	0	0	1	1	0	0	0	0	0	0	0	0	0	0	1	1	1	0	0	0	0	0	0	1	2	1	1	1	0	1	1	1	1	0	0	0	0	1	1	1	1	0	0	0	0	1	1	2	1	0	1	1	0	0	1	2	2	0	1	1	1	0	1	0	1	1	1	1	1	0	1	0	0	0	0	0	0	0	0	0	1	0	0	0	1	1	1	0	1	0	0	0	0	1	0	0	1	0	0	0	0	1	1	0	1	0	1	2	1	1	0	2	0	0	0	1	2	1	0	0	0	1	1	0	0	0	1	1	1	0	2	0	0	0	0	0	0	1	2	0	1	0	0	0	0	0	1	0	0	1	0	0	1	0	2	1	0	0	1	1	1	0	0	0	0	0	0	0	1	0	0	1	0	0	0	0	2	2	0	0	0	1	1	0	1	0	0	1	1	1	0	0	0	0	0	1	1	1	0	0	0	0	1	1	2	1	1	0	1	1	0	1	1	1	1	2	0	0	1	0	0	2	0	1	0	1	0	0	1	0	1	0	0	0	0	2	1	0	1	1
chr7.s_55052180	1	1	0	1	0	1	1	0	0	0	0	0	1	2	0	1	1	2	0	1	1	0	0	0	1	1	2	1	2	1	0	1	1	1	0	1	1	2	0	1	0	0	0	0	0	0	0	2	2	1	0	0	1	1	2	1	2	1	0	0	1	0	1	1	2	1	0	1	0	0	0	0	0	0	0	2	2	1	2	1	0	0	0	1	1	0	1	2	0	0	1	1	1	1	2	1	1	1	0	0	2	1	0	0	0	0	0	0	0	1	0	0	0	0	1	1	1	0	1	1	1	0	1	0	1	2	1	0	2	0	2	1	0	0	0	0	0	0	0	1	1	0	1	1	1	1	0	0	0	0	1	2	1	1	1	2	1	1	2	1	0	1	1	1	1	0	0	0	0	1	2	0	1	1	0	1	1	0	0	0	0	1	2	1	1	2	1	2	1	1	0	0	1	0	0	0	0	1	1	1	2	1	1	0	0	2	1	1	1	1	0	0	1	2	1	2	0	0	1	1	2	1	2	0	2	0	1	0	0	0	0	1	1	1	0	0	2	0	1	0	1	0	1	1	1	1	1	0	0	1	1	0	0	1	0	1	0	2	1	1	1	0	2	2	0	1	1	0	0	0	1	1	2	0	1	1	2	1	1	0	1	0	1	1	0	0	0	1	1	0	1	1	1	2	0	1	2	1	1	1
chr1.s_191825496	0	0	0	2	1	0	0	0	0	0	0	0	0	0	0	1	1	1	1	0	0	0	1	1	0	0	0	0	0	1	1	0	0	1	1	0	0	1	1	2	2	1	0	1	0	1	1	1	1	1	0	0	0	0	1	1	0	0	0	0	0	1	1	0	0	0	0	1	1	0	1	0	0	1	0	1	1	0	0	0	1	1	1	0	0	0	0	0	1	2	1	1	0	1	0	0	0	0	0	1	2	2	1	0	0	0	1	0	0	1	0	0	0	0	0	0	0	0	0	0	1	1	0	0	0	0	1	1	0	1	0	0	0	1	2	1	0	0	2	0	0	0	0	1	1	1	1	1	0	1	0	0	1	1	0	1	0	1	1	1	0	0	1	1	0	1	0	0	0	1	1	0	0	1	1	0	0	0	0	0	1	1	0	1	0	0	1	1	1	0	0	1	2	2	1	0	1	1	0	0	0	0	2	0	1	0	1	0	1	0	1	1	0	1	0	1	1	0	0	0	0	0	1	0	0	0	2	0	0	1	0	2	0	1	2	1	0	0	0	0	1	0	1	2	1	0	0	0	0	1	1	1	1	1	1	1	0	1	0	0	1	0	1	0	1	1	0	0	0	1	0	1	0	1	0	0	0	0	0	0	0	1	1	2	0	0	0	0	0	0	1	0	0	1	0	0	0	0	0	0
chr3.s_142570066	1	1	1	1	0	1	1	1	0	1	2	1	0	0	1	0	1	1	1	2	1	1	0	1	0	1	0	1	0	1	0	2	0	1	0	1	0	1	0	1	0	0	2	2	1	1	1	1	0	0	0	0	0	1	1	1	1	0	0	1	0	1	1	0	0	1	1	1	0	1	0	1	1	1	1	1	0	1	0	1	1	0	0	0	0	1	0	0	0	0	1	1	0	1	0	0	1	1	1	0	1	1	0	1	2	1	1	0	0	1	0	0	1	1	0	1	2	1	0	0	0	0	0	0	1	0	1	1	1	1	1	1	1	0	0	1	1	1	1	1	0	1	1	0	0	0	0	0	1	0	1	1	1	0	1	1	0	0	1	0	1	2	2	1	0	1	0	0	1	1	0	0	1	0	0	0	1	1	0	1	1	1	2	1	0	0	0	2	2	1	0	0	1	0	0	1	1	1	0	1	1	1	0	1	1	0	1	1	0	1	0	1	1	1	0	0	0	2	1	0	1	1	0	1	0	0	1	1	1	1	1	1	0	2	2	1	1	0	1	2	1	0	2	2	0	0	0	0	1	0	1	1	1	1	1	1	0	0	1	0	1	1	1	0	0	1	0	1	0	2	1	1	1	1	1	0	1	1	0	1	1	0	1	1	1	2	1	1	1	1	1	2	0	0	1	2	1	1	1	0
chr2.s_157621941	0	0	0	1	0	0	0	0	0	0	0	0	0	0	1	0	0	0	1	1	0	0	0	0	0	0	0	0	0	0	0	0	1	0	0	0	0	0	1	1	1	0	1	1	1	1	0	1	0	0	0	0	0	1	0	0	0	0	0	1	1	0	0	0	0	0	0	0	0	0	0	0	0	0	0	1	0	1	1	1	1	0	0	0	0	0	0	0	0	1	1	0	0	0	0	0	0	0	0	0	0	1	0	0	0	0	0	0	1	1	0	0	0	0	1	1	0	0	0	0	0	0	0	0	0	0	0	0	0	0	0	0	0	0	0	0	1	1	0	0	0	1	0	0	0	0	1	0	1	0	1	1	1	0	0	0	1	1	0	0	1	0	0	0	0	0	0	0	0	1	1	1	0	1	0	1	0	0	1	1	1	0	0	1	1	1	0	0	0	1	0	0	0	0	1	1	1	0	0	0	0	0	1	0	0	0	0	0	0	1	0	0	0	0	0	1	0	0	0	1	0	0	0	0	0	1	0	1	0	1	0	0	0	0	0	0	0	1	0	0	0	0	0	1	0	1	1	1	1	0	1	0	0	0	1	0	1	0	0	1	0	0	0	0	1	0	0	0	0	0	0	0	0	0	1	0	0	0	1	0	0	0	1	1	0	0	0	1	0	1	0	0	1	0	0	0	0	0	1	1
chr4.s_85835215	1	0	1	1	1	1	1	1	2	1	0	2	2	1	1	1	1	0	1	1	1	1	0	0	1	1	1	0	0	0	0	1	1	0	0	2	1	1	1	1	2	1	1	1	2	0	0	0	0	0	1	2	1	1	0	0	1	0	0	0	0	1	0	1	0	1	2	0	1	1	1	1	1	1	1	0	0	1	0	1	1	1	0	1	0	0	1	1	0	1	1	1	2	0	0	1	1	0	1	1	0	1	2	2	1	1	2	2	1	1	2	2	2	2	0	0	0	0	0	0	0	0	0	0	0	0	0	0	1	0	1	1	2	1	1	1	1	1	1	0	1	1	0	0	0	0	0	0	0	1	1	0	0	0	1	0	0	1	0	1	1	1	1	1	1	1	1	2	1	1	0	1	2	1	1	1	1	1	1	1	1	0	0	1	2	1	2	0	1	1	1	1	0	1	2	2	2	2	2	0	0	0	0	1	0	1	1	0	0	0	0	1	0	1	2	0	1	0	0	0	0	0	0	1	1	2	0	1	1	0	1	0	0	0	0	1	0	1	0	1	0	2	0	2	1	1	1	2	1	0	1	0	1	0	0	1	1	0	0	1	1	0	1	0	2	1	1	0	2	0	1	0	1	1	1	0	1	1	1	1	1	1	1	0	0	2	1	1	1	2	0	2	0	1	1	0	1	0	0	1
chr9.s_157583875	0	0	0	1	0	0	0	0	0	0	0	0	1	0	0	0	0	1	0	0	0	0	0	0	0	0	0	0	0	0	0	0	1	0	0	0	0	0	0	0	0	0	0	0	0	1	1	0	1	1	1	2	1	0	0	0	1	0	0	0	0	1	0	0	0	0	0	0	0	0	0	0	0	0	0	0	1	0	0	0	1	0	0	1	0	0	1	1	0	0	0	0	0	0	0	1	1	0	0	0	1	0	1	0	0	0	0	0	0	0	1	2	1	1	0	0	0	0	0	0	1	1	0	0	0	0	0	0	1	0	0	0	0	0	0	0	0	0	0	0	0	1	0	0	0	0	1	1	0	0	0	1	1	1	0	0	1	1	0	0	0	0	0	1	1	0	0	0	0	0	1	1	0	0	1	0	0	0	0	0	0	0	0	0	0	0	0	0	0	1	1	0	0	0	1	1	0	1	1	0	0	0	2	0	1	0	0	0	0	0	0	0	0	0	2	0	0	0	0	0	0	0	1	0	0	0	0	0	0	0	0	0	0	0	1	0	0	0	0	0	0	1	0	0	1	0	0	1	0	1	1	0	0	0	0	0	0	1	0	1	1	0	1	0	0	0	0	0	1	0	0	0	0	0	0	0	0	0	1	0	0	2	1	0	0	0	0	1	0	0	0	0	0	2	0	0	0	0	0	0
chr1.s_224924088	1	1	0	1	0	1	2	0	0	1	1	0	0	0	0	0	1	1	1	2	2	2	1	1	1	1	1	1	1	0	1	1	0	1	0	0	0	1	0	1	0	0	1	0	2	1	1	1	0	1	1	1	1	1	2	1	1	2	2	1	1	1	1	0	1	2	1	1	0	0	1	2	0	0	1	2	1	0	0	1	0	0	0	1	2	2	1	1	1	1	1	0	0	0	0	1	2	1	0	0	1	1	1	2	1	0	1	1	1	1	0	1	1	0	0	1	1	1	1	1	1	1	1	1	2	2	1	1	2	0	1	1	0	0	0	1	1	2	1	1	0	1	0	0	1	1	1	1	1	1	2	1	0	0	1	2	0	0	1	0	2	0	0	0	0	0	0	0	1	1	1	0	0	1	0	2	2	2	1	1	0	2	2	1	1	1	0	1	0	1	0	0	1	0	0	0	0	1	1	1	1	1	0	1	0	0	2	1	1	1	1	1	1	1	1	2	1	1	2	2	2	1	1	1	0	0	1	0	1	0	0	0	1	1	0	0	1	0	1	0	1	0	1	1	0	0	0	1	1	0	1	0	0	1	0	0	1	0	1	1	1	1	1	1	0	0	0	2	0	0	1	1	1	0	2	2	1	1	0	0	2	0	1	1	1	1	0	1	2	0	2	0	1	0	0	1	1	1	2	1
chr5.s_219776782	0	1	1	1	1	1	1	0	0	1	1	1	0	0	0	1	1	0	1	0	0	0	1	1	0	0	0	0	0	0	1	0	2	1	1	0	0	0	1	1	1	1	1	1	1	2	1	1	0	0	0	0	0	0	0	1	0	0	0	1	1	0	1	1	2	0	0	1	1	1	0	0	0	0	1	2	1	1	1	0	1	2	1	0	0	0	1	1	1	2	1	0	0	1	2	1	0	0	0	1	0	0	0	1	1	1	0	0	0	1	0	0	0	0	0	0	0	1	0	0	0	0	1	1	1	1	1	0	0	1	1	1	1	1	1	1	0	0	1	2	0	1	2	2	1	1	1	0	1	1	1	1	1	1	1	1	1	1	0	0	0	0	0	1	1	0	0	0	1	1	0	0	0	2	1	1	0	0	1	1	1	2	1	1	1	2	0	0	0	0	1	0	0	0	0	0	1	0	0	2	1	0	1	0	1	1	0	0	0	1	2	1	0	0	0	0	1	2	0	1	1	0	1	1	0	0	1	1	0	1	0	0	1	1	0	1	0	1	1	1	1	0	0	1	0	1	0	1	0	1	1	1	0	1	1	1	1	0	1	0	0	1	1	1	1	1	0	0	1	0	0	0	0	0	1	0	0	1	1	0	0	0	0	2	2	0	2	0	1	1	1	0	2	0	2	0	0	0	1	0
chr1.s_12921074	1	1	1	0	0	2	2	0	0	0	0	1	0	0	0	1	1	0	0	0	0	0	0	0	1	1	1	0	0	1	0	0	0	0	0	1	1	1	0	0	0	0	2	1	2	0	0	0	0	0	0	1	1	1	0	1	1	0	0	1	1	1	0	0	0	0	0	0	0	1	0	1	1	0	1	1	1	0	0	1	1	0	0	1	0	0	0	0	0	0	0	1	1	0	0	0	0	1	1	0	1	1	0	1	2	1	0	0	0	0	0	1	1	1	1	1	1	1	1	1	1	1	0	0	1	1	1	1	0	0	0	1	1	0	0	1	1	1	0	0	1	1	1	0	0	0	0	0	0	0	0	1	1	1	0	0	1	1	1	1	2	1	0	0	0	0	0	1	1	1	0	0	0	1	1	0	1	1	0	0	0	1	1	1	1	1	0	1	1	0	0	0	0	0	0	1	0	1	1	0	0	1	0	0	2	0	1	0	0	0	0	1	0	0	1	1	1	0	0	0	1	0	1	1	0	1	0	0	0	0	0	0	0	1	1	0	0	0	0	2	0	0	0	0	1	0	1	1	1	0	1	1	0	0	1	1	0	1	0	0	1	0	0	0	0	2	1	0	0	0	2	0	1	0	1	0	1	0	1	0	1	1	0	1	1	1	2	0	0	0	0	1	0	0	2	0	1	0	0	1
chr7.s_119305935	1	1	0	1	1	2	2	1	1	2	1	2	1	1	2	2	1	0	1	2	1	0	1	1	0	0	1	0	1	2	1	2	2	2	1	0	0	0	1	1	2	1	1	1	2	1	1	0	0	0	1	1	1	0	0	1	1	1	0	0	1	2	0	1	1	1	0	0	1	1	1	1	1	1	2	0	0	1	1	2	2	0	0	1	2	1	0	1	1	1	2	0	1	0	1	1	1	1	0	1	0	0	1	2	1	0	2	1	1	1	2	1	1	2	1	0	0	1	2	2	1	0	1	0	0	1	1	1	1	0	1	2	1	1	1	1	2	2	1	1	1	1	1	0	2	2	1	1	0	0	2	1	0	1	0	0	0	1	0	1	1	1	1	1	0	2	1	0	1	0	0	2	1	0	0	2	1	0	1	1	2	0	1	0	1	1	1	1	0	1	1	2	0	1	1	1	2	1	0	1	1	2	0	0	1	1	1	0	1	1	0	1	2	0	1	2	1	2	1	2	1	2	1	1	2	1	0	0	1	0	1	0	2	0	0	2	1	0	1	1	1	1	0	1	0	2	2	2	2	1	1	1	1	2	2	0	1	1	1	1	0	0	0	1	1	1	0	0	2	0	2	1	1	1	1	1	1	1	0	2	2	1	2	0	1	0	2	1	1	1	2	1	2	0	2	1	1	1	1	1
chr2.s_192149980	1	1	1	0	0	0	1	1	1	0	0	0	1	1	0	0	0	0	0	1	2	2	1	0	1	0	1	0	1	0	1	1	1	1	0	1	0	0	0	0	0	0	2	1	1	0	0	1	0	0	0	1	1	0	0	1	1	1	1	1	2	0	1	0	1	1	1	0	0	0	0	1	0	0	1	1	0	1	1	0	1	0	0	1	1	0	1	1	2	1	1	0	0	0	1	1	1	1	1	0	0	0	0	1	2	2	0	1	1	2	1	1	1	0	0	0	0	1	2	2	1	1	2	2	1	2	1	0	1	0	1	1	1	1	0	1	1	2	0	0	0	1	1	0	1	1	1	1	0	1	1	2	1	1	1	0	1	1	0	0	1	0	0	1	2	0	1	1	0	1	0	0	0	0	0	1	1	1	1	0	0	1	1	0	0	1	0	2	2	1	0	0	1	1	0	0	0	0	1	0	1	2	0	1	1	1	1	0	2	1	2	0	1	0	0	1	0	1	1	2	2	2	0	0	1	0	0	1	0	0	2	0	1	1	0	0	1	1	1	1	0	0	0	0	0	2	0	0	1	0	1	0	1	1	1	2	2	0	2	1	0	1	0	1	1	1	0	0	1	0	1	1	1	0	0	1	1	1	2	0	1	0	1	1	0	1	1	1	0	1	2	0	2	1	1	0	1	1	1	2
chr2.s_34075582	0	0	0	0	0	0	0	0	0	0	0	0	0	0	0	1	1	0	0	0	0	0	1	1	0	0	0	0	0	0	0	0	0	1	1	0	0	0	0	0	0	0	0	0	0	0	0	1	1	0	0	0	0	0	0	0	0	0	0	0	0	1	0	1	0	0	0	0	0	0	0	0	0	0	0	0	0	0	0	0	0	0	0	0	0	0	0	0	0	0	0	0	0	0	0	0	0	0	0	0	0	0	0	0	0	0	0	0	0	0	0	0	0	1	0	0	0	0	0	0	0	0	0	0	0	0	0	0	0	0	1	0	0	0	1	1	0	0	1	0	0	0	0	0	0	0	0	0	0	0	0	0	0	0	0	0	0	0	0	0	0	0	0	0	0	0	0	1	1	1	0	0	0	0	0	0	0	0	0	0	0	0	0	0	0	0	0	0	0	0	0	0	0	0	0	0	0	0	0	0	1	0	0	0	0	0	0	0	0	0	0	1	0	0	0	0	0	0	0	0	0	0	0	0	0	0	1	0	0	0	0	1	0	0	0	1	0	0	0	0	0	0	0	0	1	0	0	0	0	0	1	0	0	1	0	0	0	0	0	0	0	0	0	0	0	0	0	0	0	0	0	0	0	1	0	0	0	0	0	0	0	0	0	0	0	0	0	0	0	0	1	0	0	0	0	0	0	0	0	0
chr5.s_21290759	1	2	2	0	1	0	0	1	1	1	1	2	0	1	1	1	0	0	2	2	1	1	2	2	1	1	1	1	1	1	0	1	0	2	2	1	1	0	1	0	1	1	0	1	0	1	1	0	0	0	0	0	1	0	0	1	1	1	1	2	2	1	0	0	0	1	1	0	1	0	1	0	0	1	0	0	0	1	1	1	1	1	2	1	1	1	1	1	0	0	1	0	0	0	0	0	1	1	1	1	0	0	1	0	0	1	2	2	1	0	0	0	1	1	1	0	0	2	2	2	1	1	1	1	1	1	1	1	1	0	1	1	1	1	2	1	0	0	2	1	1	2	1	1	2	2	1	1	2	0	1	1	0	0	1	0	2	2	0	1	1	0	1	1	1	1	1	1	1	0	0	0	1	1	1	2	1	1	1	1	1	0	1	0	0	0	1	1	1	2	1	1	1	2	1	0	2	1	1	1	1	2	0	2	1	0	0	1	2	2	0	1	1	0	0	2	1	1	1	1	1	1	0	1	1	0	1	2	1	1	1	0	1	0	0	2	1	2	1	0	0	0	0	1	0	0	1	0	0	0	0	2	1	2	2	1	1	1	1	2	0	1	0	1	1	0	1	1	1	0	0	1	1	1	0	1	1	1	2	1	1	0	1	0	2	1	1	1	0	2	1	1	0	0	1	0	1	1	0	1
chr4.s_156973117	0	0	0	0	0	0	0	0	0	0	0	1	0	0	0	0	0	0	0	0	0	0	0	0	0	0	0	0	0	1	0	0	0	0	0	1	1	1	0	0	0	0	0	0	0	0	0	0	0	0	0	0	0	0	0	0	1	0	0	0	0	0	0	2	0	0	0	0	0	0	0	0	0	0	0	0	0	0	0	0	0	1	0	0	0	0	0	0	0	0	0	0	1	0	0	0	0	0	0	0	0	0	0	0	0	0	0	0	0	0	0	1	1	0	0	0	0	0	0	0	0	0	0	0	0	0	0	0	0	0	1	0	0	0	0	0	0	0	0	0	0	1	0	0	0	0	0	0	0	0	0	0	0	0	0	0	0	0	0	0	0	0	0	0	0	0	0	0	0	0	0	0	0	0	1	0	0	0	0	0	0	0	0	0	1	0	1	0	0	0	0	0	0	0	0	0	0	0	0	0	1	0	0	0	0	0	0	0	0	0	0	0	0	0	0	0	0	0	0	1	0	0	0	0	0	1	0	0	0	0	0	0	0	0	0	0	0	0	0	0	0	0	0	0	0	1	0	0	0	0	0	0	0	0	0	0	1	0	0	0	0	0	0	0	0	0	1	0	0	0	1	0	1	0	0	0	1	1	0	0	0	0	0	0	0	0	1	0	0	0	0	0	1	0	0	0	1	0	1	0
chr2.s_198170253	2	2	2	1	1	2	2	1	1	1	1	1	1	0	0	0	1	2	0	1	1	1	1	1	1	1	1	2	2	0	1	1	0	1	1	1	1	0	1	0	0	0	1	0	1	2	2	0	0	0	1	2	1	1	1	1	1	1	1	1	1	0	1	1	0	1	1	1	1	2	0	1	2	1	1	0	0	0	0	0	2	0	0	1	1	1	1	1	1	2	2	0	1	0	0	0	1	1	1	2	1	0	0	1	1	1	0	1	2	0	1	1	0	0	0	1	1	1	1	1	1	1	1	1	1	1	0	0	2	1	1	1	1	0	0	1	1	1	1	1	0	1	1	0	1	1	2	1	1	1	1	1	0	1	1	0	1	0	0	0	1	1	0	0	1	0	1	1	1	0	0	1	0	0	0	1	1	1	1	1	0	1	1	0	1	0	1	2	2	1	1	1	1	1	0	1	0	0	1	1	1	1	1	1	1	0	1	1	2	1	1	1	1	0	1	1	0	1	1	1	1	1	1	1	0	1	0	2	1	1	1	0	2	0	0	0	1	1	2	1	1	1	0	0	0	0	0	1	1	0	0	0	1	1	0	1	1	1	1	1	0	1	0	1	2	1	1	1	1	0	1	1	1	0	1	1	1	1	1	0	1	2	2	0	1	1	1	1	1	1	1	1	0	0	1	1	1	2	1	1
chr2.s_208242117	1	0	1	1	2	1	1	2	2	2	1	0	0	1	0	1	0	0	1	1	0	0	0	1	0	1	0	1	0	1	2	0	0	0	1	1	1	1	1	1	1	2	0	1	0	1	1	0	1	1	0	1	2	0	0	0	0	0	0	1	0	1	1	0	0	0	1	2	2	1	1	0	0	1	1	0	1	1	2	0	0	0	0	0	0	1	0	0	1	1	1	1	0	1	0	0	0	1	2	1	2	1	1	1	1	2	1	1	1	0	0	0	0	0	1	0	0	0	0	0	0	0	1	1	2	1	2	1	2	2	0	0	1	2	1	0	0	0	1	1	1	0	0	0	0	0	0	0	1	1	2	2	2	1	1	1	2	2	1	1	0	0	1	2	2	1	1	1	1	0	2	0	0	0	1	0	1	1	0	1	1	1	1	1	0	0	1	0	1	0	1	2	1	1	1	0	1	1	1	1	1	0	1	1	0	0	0	2	0	0	2	1	1	1	0	0	0	1	0	0	1	0	2	1	1	0	1	1	2	1	1	2	0	2	1	0	0	1	2	1	1	0	1	1	1	1	1	0	0	2	0	1	1	1	1	1	1	2	1	0	1	2	1	0	1	0	1	1	0	1	0	0	0	1	0	0	1	0	2	0	0	1	1	1	1	2	0	0	1	1	0	1	0	2	0	0	1	1	0	0
chr7.s_23598333	1	1	1	1	1	0	0	0	0	0	0	0	2	2	1	1	1	1	0	1	1	0	0	0	0	0	1	0	1	1	0	1	0	1	0	1	0	1	1	2	2	1	1	1	0	0	0	0	0	1	2	1	1	1	1	0	1	1	0	0	1	0	0	0	0	1	1	1	1	0	1	0	0	0	0	0	0	0	1	0	0	0	0	1	1	0	0	1	0	0	1	0	0	0	0	0	1	1	1	0	1	1	1	1	1	1	0	0	0	1	2	1	0	0	1	1	2	1	2	2	1	0	1	0	0	1	0	0	1	0	1	1	1	1	2	1	1	1	0	1	1	0	1	1	1	1	0	0	0	0	1	1	0	0	1	1	0	1	1	1	1	1	1	0	0	0	0	0	0	0	1	2	1	1	1	1	2	1	0	0	0	1	2	1	1	1	1	2	2	1	0	1	1	1	1	0	0	1	1	0	1	2	0	2	0	1	0	0	1	1	0	0	1	2	2	1	0	0	2	2	1	1	0	0	2	0	2	1	0	0	1	0	1	2	0	0	1	0	1	1	1	1	1	0	0	1	1	1	1	0	0	0	1	1	1	1	1	1	1	1	1	0	1	2	0	0	0	0	2	0	1	1	1	0	1	1	1	1	0	0	1	1	1	0	0	2	0	1	2	1	1	0	1	0	0	1	1	1	2	1
chr8.s_8272666	0	1	1	0	0	1	1	1	1	0	0	0	0	0	0	1	1	1	1	0	1	1	0	0	0	0	0	1	1	0	1	0	0	0	0	0	0	0	1	1	1	0	0	0	1	0	0	0	1	1	0	0	0	0	0	0	0	0	0	0	0	0	1	0	0	0	0	1	1	1	0	0	1	1	0	0	1	0	0	0	0	1	1	0	0	0	0	0	1	1	0	0	0	0	0	0	0	0	0	0	0	1	0	0	0	1	0	1	1	0	0	0	0	0	1	1	0	0	0	0	1	1	0	0	0	0	0	0	0	0	0	0	0	0	0	0	1	1	0	0	0	0	0	1	0	0	0	0	0	1	0	0	0	0	0	0	0	0	0	0	0	0	0	0	1	0	1	2	1	1	1	0	0	1	1	0	0	0	0	0	0	2	1	0	0	0	1	1	1	0	0	1	0	0	0	0	0	0	1	0	0	0	1	0	1	0	0	0	0	0	1	1	0	0	0	0	1	0	0	0	0	0	2	1	0	0	0	0	0	0	0	0	0	0	1	0	0	1	0	0	0	0	0	0	2	0	1	1	0	1	0	1	0	0	0	0	1	0	0	0	0	0	0	0	1	0	0	0	0	0	0	0	0	0	1	0	0	0	1	0	0	0	0	0	1	0	1	0	0	0	1	0	0	1	1	0	0	1	0	0
chr2.s_219357406	1	0	1	0	0	0	0	1	0	0	0	1	0	0	1	0	0	0	1	1	0	0	0	1	0	1	1	1	1	1	0	0	0	0	1	1	1	0	2	1	1	1	0	0	1	0	0	0	0	0	0	1	1	0	0	0	0	0	0	1	1	0	0	1	0	1	2	0	0	0	0	0	1	1	1	0	0	2	1	1	0	0	0	0	1	2	0	1	0	0	0	0	1	0	0	1	1	0	1	1	1	0	1	0	0	0	0	0	0	0	0	1	2	1	0	0	0	0	0	0	0	0	1	1	1	1	0	0	1	1	0	0	1	1	0	0	0	0	1	0	0	1	0	0	0	0	0	1	1	1	0	1	1	1	1	0	2	1	0	0	0	1	1	1	1	0	0	1	1	1	1	0	1	0	0	0	1	1	0	1	0	1	1	0	1	0	1	1	2	0	1	1	0	0	0	0	0	0	0	0	0	0	0	1	0	0	0	2	1	0	1	1	1	0	0	0	0	0	0	1	0	0	0	1	0	1	0	1	1	0	1	1	2	0	0	1	0	0	1	0	1	1	0	0	1	1	1	1	0	1	0	0	1	0	0	1	1	1	1	1	0	2	0	0	0	0	1	1	0	0	1	1	0	0	1	0	0	0	1	1	0	1	0	1	0	2	0	0	0	1	0	1	1	1	0	0	0	1	1	1
chr10.s_39541802	0	0	0	1	0	1	1	1	1	1	2	2	1	1	1	0	1	1	0	0	0	0	1	1	0	0	0	0	0	1	0	0	1	1	2	0	1	0	1	0	0	0	2	2	1	2	2	0	0	0	0	0	0	1	1	1	0	0	0	0	0	2	1	1	2	1	1	0	0	1	0	1	2	2	2	1	1	1	0	1	1	0	0	0	0	0	0	0	0	1	1	0	1	0	1	2	1	1	1	2	1	0	1	2	1	1	1	1	1	1	1	1	2	1	1	2	1	2	0	0	0	0	0	0	0	0	1	2	0	0	0	0	0	0	1	2	1	1	1	1	0	1	1	0	1	1	0	0	0	0	0	0	0	1	1	1	1	0	1	1	2	1	1	1	1	1	1	2	2	1	1	0	2	0	0	0	0	0	0	0	1	0	0	0	1	1	1	0	0	0	1	1	0	0	0	1	2	1	1	1	0	0	1	1	1	2	1	0	0	0	0	0	0	1	0	0	0	1	0	0	0	0	0	0	1	1	1	1	0	1	0	0	0	0	0	2	1	1	0	1	0	0	1	1	1	2	0	0	1	1	0	1	1	1	1	0	1	1	0	0	0	0	0	0	2	1	1	0	0	1	1	0	0	1	1	1	0	0	1	1	0	0	0	1	1	0	1	0	2	1	0	1	1	0	1	1	0	1	1	0
chr1.s_290908927	0	0	1	0	0	1	0	1	1	1	1	1	0	1	1	1	0	0	0	0	0	0	0	0	0	0	1	0	1	0	0	1	0	0	0	1	0	0	0	0	0	0	1	1	0	1	2	1	1	1	0	1	2	0	1	2	0	0	0	0	1	0	0	0	0	0	1	0	0	1	1	1	2	1	0	1	1	1	1	1	1	0	0	0	0	0	0	1	0	1	1	1	0	1	0	0	0	1	2	0	1	0	0	0	0	1	0	1	1	1	0	0	1	1	1	0	0	1	0	0	0	0	0	0	0	1	0	0	1	1	0	0	1	0	0	0	1	0	0	1	1	1	1	0	0	0	0	0	1	0	0	0	1	0	1	0	0	0	0	0	0	1	0	0	1	0	1	1	1	1	1	0	1	0	0	0	0	0	1	1	0	0	0	1	0	0	1	0	1	0	0	0	1	1	0	1	0	0	1	1	0	0	1	1	1	0	1	0	2	1	0	0	0	0	0	0	1	1	0	1	0	0	1	0	1	0	0	1	0	1	1	2	1	0	2	1	0	2	0	1	0	0	0	0	1	0	1	0	0	1	1	0	2	0	0	2	2	2	0	1	0	0	0	0	2	2	0	1	0	1	0	1	0	0	0	0	0	0	1	1	1	0	0	1	1	1	1	0	0	1	0	1	1	1	1	0	0	1	1	0
chr5.s_88136733	1	0	1	1	0	1	0	1	1	0	0	1	0	1	1	1	0	0	2	1	0	0	0	1	0	1	0	1	0	0	0	0	1	0	1	1	1	0	2	1	1	0	0	0	0	0	0	1	1	0	0	0	1	1	0	1	0	0	0	1	0	0	0	1	0	0	1	1	1	2	0	0	1	0	0	0	0	1	1	1	1	2	1	1	0	1	0	0	0	0	1	0	0	0	0	0	0	0	1	2	0	1	0	0	0	1	0	1	2	0	0	0	1	1	2	1	1	1	0	0	0	0	0	0	1	0	0	0	1	1	0	0	1	0	0	0	1	0	0	0	2	1	1	1	0	0	0	0	1	0	1	1	0	0	1	0	1	0	0	0	0	1	0	0	1	1	2	1	0	0	0	0	1	1	1	1	0	0	0	1	0	0	1	0	0	0	0	1	2	0	1	0	0	0	0	1	0	1	2	0	2	0	0	1	1	0	0	1	0	0	0	1	0	0	1	0	1	1	0	1	0	0	0	1	1	1	0	1	1	0	1	1	1	0	0	1	0	1	2	1	1	0	0	1	0	0	1	0	0	0	0	0	1	1	0	2	2	1	0	0	1	1	0	0	1	2	1	1	0	0	0	0	0	1	0	0	1	1	1	2	0	0	1	0	0	1	1	0	0	1	0	1	1	1	1	1	1	1	1	0
chr6.s_159791684	2	2	1	0	1	1	0	0	0	0	0	1	0	0	0	0	1	2	1	0	0	0	1	2	1	2	1	2	1	0	1	1	1	2	1	0	0	0	0	0	0	0	1	2	0	0	0	0	0	1	1	1	1	2	2	1	0	1	1	2	1	0	1	2	0	2	1	1	1	2	1	1	2	2	0	1	1	1	1	1	0	1	2	1	0	1	0	0	1	1	1	1	2	0	0	0	1	1	0	0	1	1	0	0	0	0	1	0	0	0	0	1	1	0	1	2	1	1	1	1	1	1	1	1	2	1	1	0	2	0	2	1	0	1	1	1	2	1	2	1	0	0	1	2	1	1	0	0	2	1	2	2	1	1	1	1	1	1	1	1	1	2	2	2	1	1	0	1	1	1	0	0	0	2	1	1	0	0	1	2	1	1	1	0	1	0	1	1	0	2	1	0	1	1	1	2	1	2	1	0	2	2	0	1	1	0	1	1	1	2	2	1	0	0	1	0	2	1	1	1	1	0	0	1	0	2	1	1	1	1	0	1	1	0	0	1	0	1	1	1	1	0	0	1	1	1	0	0	0	0	0	0	0	2	0	0	1	1	1	1	1	2	0	1	0	1	0	2	0	0	0	0	0	1	1	0	1	1	1	0	1	1	1	1	0	0	0	2	1	0	1	1	1	0	0	1	1	2	2	0
chr6.s_117490916	0	0	0	1	1	2	2	0	0	1	2	1	1	1	1	1	1	0	1	0	0	0	1	1	0	0	0	0	0	1	0	1	0	1	1	0	0	1	1	2	2	1	1	1	1	1	1	0	0	0	0	0	0	1	0	1	0	0	0	1	1	0	1	0	1	0	0	1	1	1	2	2	1	1	1	1	1	1	1	1	1	1	1	0	1	1	0	0	0	0	0	0	0	0	0	0	0	1	1	0	1	1	1	1	1	0	1	0	0	0	0	0	0	0	1	1	0	2	1	1	0	0	0	0	0	0	0	0	0	0	0	1	1	2	2	2	2	2	2	1	0	1	1	1	1	1	0	0	1	0	1	0	0	0	1	2	0	1	1	1	2	2	2	2	1	1	0	1	2	1	0	1	1	2	1	0	0	0	1	1	1	0	0	1	1	1	0	0	0	1	1	2	2	2	2	2	1	2	1	1	0	1	0	1	1	1	1	1	1	1	0	1	0	2	1	1	2	2	0	1	0	0	1	1	1	1	2	1	0	1	0	1	1	1	1	1	1	1	0	1	2	0	2	2	1	1	0	0	2	0	0	0	0	1	1	0	1	0	1	1	1	1	1	0	0	1	0	1	0	1	2	1	0	0	0	1	0	0	0	0	1	0	0	1	1	0	2	1	0	0	1	1	1	0	2	0	0	0	1	1
chr2.s_208884916	1	0	1	1	2	2	2	1	1	2	2	2	0	0	1	1	2	1	2	1	2	1	0	0	0	0	1	0	1	1	2	1	1	0	0	1	0	0	1	1	2	2	2	1	1	1	1	2	1	1	1	0	0	1	1	1	0	2	1	0	1	0	1	1	2	0	1	1	2	2	2	2	1	0	2	1	0	1	0	1	2	2	1	1	2	1	1	2	2	2	1	0	0	1	2	1	0	1	2	1	1	0	1	2	2	1	1	1	1	1	0	0	1	1	0	1	1	1	0	1	0	0	2	1	0	1	0	0	1	1	1	1	2	1	1	1	1	1	1	2	1	1	1	1	0	1	0	0	0	1	1	0	0	2	1	0	1	2	0	1	1	1	0	1	1	1	1	1	2	2	1	0	1	1	2	1	1	1	0	0	0	1	0	0	0	1	1	0	1	0	0	2	1	2	1	1	1	0	0	1	1	0	0	1	1	1	1	1	2	0	2	1	2	0	0	2	1	1	1	1	0	1	1	1	1	0	0	2	1	1	2	1	1	1	0	1	0	0	1	2	0	0	1	0	1	1	0	0	1	1	1	0	1	0	0	1	0	1	0	1	0	0	1	2	1	1	0	1	0	1	2	2	0	1	1	1	0	1	1	2	0	1	1	1	1	2	2	0	2	2	0	2	1	1	2	2	0	0	1	0
chr7.s_136901679	2	1	1	1	0	0	0	1	1	1	1	0	0	1	1	2	2	1	1	1	1	1	2	2	1	1	1	1	1	1	0	1	1	2	2	1	1	0	2	1	1	0	1	1	0	1	1	0	0	0	0	0	1	1	1	1	1	1	1	1	1	1	0	1	1	1	1	0	0	0	0	0	0	0	0	0	0	0	1	1	1	1	1	1	2	2	1	1	0	0	1	1	1	1	1	1	1	1	1	2	0	0	0	0	0	1	1	2	2	0	0	0	0	0	1	1	1	1	2	2	1	1	1	1	1	1	1	1	1	1	1	2	2	0	0	0	1	1	0	1	1	1	1	1	2	2	1	1	2	0	1	1	1	1	1	0	1	0	0	0	0	0	0	0	1	0	1	1	1	0	0	1	0	1	1	2	1	1	2	2	2	1	2	1	1	1	1	1	1	2	2	0	1	1	1	1	1	1	2	1	1	2	0	1	1	1	0	1	2	2	0	2	1	0	1	2	1	2	1	1	1	1	0	1	1	1	0	1	1	1	1	1	1	0	2	1	1	2	1	0	0	0	0	1	0	1	1	0	1	0	0	1	1	2	2	1	1	1	1	2	0	1	0	1	1	0	1	1	1	1	0	1	1	1	1	1	1	1	1	0	1	0	1	0	1	1	2	2	1	2	2	1	1	0	1	1	1	1	1	1
chr2.s_8969283	1	2	1	0	1	1	1	0	0	0	0	0	1	1	0	1	0	1	1	1	0	0	1	1	1	1	2	1	2	0	1	2	1	2	1	1	1	1	1	1	1	1	1	1	1	0	0	1	2	2	2	2	2	0	1	2	1	1	1	1	2	1	2	1	0	1	0	1	1	2	0	1	1	1	2	0	1	1	2	0	1	1	1	1	0	0	1	2	2	1	1	2	1	2	1	0	1	1	0	0	1	0	0	1	2	1	2	1	0	0	1	1	0	1	1	0	1	2	0	0	0	0	1	1	1	2	1	0	2	2	2	1	0	1	1	2	2	2	2	1	2	1	2	1	0	0	0	0	0	2	2	2	2	1	0	0	1	1	1	1	1	1	1	2	1	2	1	0	0	0	2	1	0	0	0	0	0	0	0	0	0	2	2	1	0	0	1	1	0	1	0	0	1	1	0	1	1	1	0	1	2	1	1	1	1	0	2	0	2	1	2	0	0	0	1	0	0	0	1	1	1	1	1	0	1	0	1	1	0	2	1	1	1	1	2	1	1	0	2	2	0	2	0	1	1	1	1	1	1	2	1	1	0	2	0	1	1	2	1	1	1	1	1	1	0	2	1	0	2	1	1	1	1	1	0	0	2	2	1	1	0	2	1	0	1	0	1	1	0	0	0	1	1	1	1	0	2	1	1	1
chr3.s_141338793	0	0	0	0	0	1	2	0	0	0	0	0	0	0	0	0	0	1	0	0	0	0	0	0	1	1	1	1	1	2	1	1	0	1	1	0	0	0	0	0	0	1	1	1	1	1	0	1	1	1	1	1	1	0	1	1	0	1	1	0	0	1	0	1	0	1	1	0	0	0	0	1	0	1	2	1	1	1	1	0	0	0	1	1	0	0	1	1	1	1	1	1	1	1	1	0	0	1	1	1	0	1	0	1	1	0	2	1	1	1	1	1	1	0	0	0	1	1	0	0	1	1	0	0	0	0	1	1	0	0	1	1	1	1	1	2	0	1	1	0	0	1	0	0	1	1	0	0	1	1	0	1	1	0	0	0	1	1	0	0	2	0	1	2	1	2	1	0	0	0	0	0	0	1	1	0	0	0	1	1	2	0	0	1	1	1	1	0	0	1	1	1	0	0	0	0	1	1	0	0	1	0	1	1	1	0	1	0	0	1	0	0	0	0	0	1	0	1	1	1	0	1	1	0	0	0	1	0	0	0	1	0	0	0	1	0	0	1	0	0	0	1	0	2	0	0	1	0	1	1	0	1	1	0	2	1	1	0	1	1	1	1	1	0	1	1	1	0	0	0	2	0	0	2	0	1	1	0	1	1	0	0	0	0	0	0	1	0	0	0	0	0	1	0	0	0	0	0	1	1
chr9.s_139518672	0	0	0	0	0	1	1	1	1	1	0	0	1	1	0	1	1	0	0	0	0	0	0	0	0	0	0	0	0	1	0	1	0	0	0	0	0	0	1	1	1	1	1	1	1	1	1	1	1	1	1	0	0	1	0	0	1	1	1	0	0	1	0	1	1	1	1	0	0	0	0	0	1	1	0	1	1	1	1	1	0	0	0	0	1	1	0	0	0	1	1	0	0	1	1	1	1	0	0	0	0	1	1	0	0	0	0	0	0	0	0	1	1	0	1	1	1	1	1	1	1	1	0	0	1	1	1	1	1	1	0	1	1	1	1	1	1	1	0	1	1	1	1	1	0	0	1	1	0	0	1	1	1	0	1	1	1	1	0	0	1	0	0	1	1	0	0	1	1	1	0	0	0	1	0	0	0	0	0	0	0	1	1	1	1	1	0	1	1	0	0	0	0	0	0	0	0	0	0	1	1	1	1	1	1	0	0	1	0	0	0	1	1	0	0	1	0	0	1	0	1	0	1	1	1	1	1	0	1	0	0	1	1	0	1	0	0	0	1	0	1	0	0	0	1	0	1	1	0	0	0	0	1	0	1	0	0	0	1	0	0	1	0	1	1	0	1	0	0	0	1	1	0	0	1	1	1	0	1	0	0	0	0	1	0	0	1	0	0	0	0	0	0	1	1	0	0	1	0	1
chr3.s_201474292	2	1	2	1	1	1	1	2	1	1	1	0	0	1	0	1	1	1	1	1	1	2	1	0	1	0	1	0	1	1	1	0	1	0	1	1	1	0	1	0	0	0	0	0	0	2	1	0	0	0	0	1	2	1	1	1	0	0	1	0	1	2	0	0	0	0	1	1	1	1	1	1	0	0	0	0	0	1	2	0	2	0	0	0	0	0	1	1	0	0	1	1	0	1	0	0	0	1	2	1	1	0	0	0	1	2	0	1	1	0	0	0	0	0	2	2	1	1	0	0	0	1	1	2	1	2	2	1	2	2	0	0	1	0	0	0	0	0	0	2	1	1	2	1	0	0	1	1	0	1	1	2	2	1	1	0	2	1	0	0	0	0	0	1	2	0	1	1	1	0	0	0	0	0	0	1	0	1	1	0	1	0	1	1	0	0	0	0	1	0	1	0	0	0	0	0	0	1	2	1	1	0	1	1	1	0	0	0	1	0	1	0	1	0	1	0	0	1	0	0	1	0	1	0	1	0	0	1	0	1	1	2	2	1	1	0	0	1	2	1	1	1	0	1	0	0	1	0	0	0	0	2	2	1	1	1	1	2	0	1	0	0	0	1	1	0	1	1	0	1	0	1	0	1	1	0	1	0	2	0	0	1	2	0	2	1	1	0	1	1	0	0	0	1	1	2	1	1	1	0
chr1.s_202104756	0	0	0	0	0	0	0	0	0	0	0	1	0	0	0	0	0	0	0	0	0	0	0	0	0	0	0	0	0	0	1	0	0	0	0	0	0	0	0	0	0	0	0	0	1	0	0	0	0	1	1	0	0	0	0	0	0	1	1	0	0	0	1	0	0	0	0	0	0	0	0	0	0	0	0	0	0	0	0	0	0	0	0	0	1	1	0	0	2	1	0	0	0	0	0	0	0	0	0	0	0	0	0	0	0	0	0	0	0	0	0	0	0	1	0	0	1	0	0	0	0	0	0	0	0	0	0	1	0	0	0	0	0	0	0	0	0	0	0	0	0	0	0	0	0	0	0	0	0	1	0	0	0	0	0	0	0	0	0	0	0	0	0	0	0	1	1	0	0	0	0	0	0	0	0	0	0	0	0	0	1	1	0	0	0	0	0	0	0	0	0	0	0	0	0	0	1	0	0	0	0	0	0	0	0	0	0	1	0	0	1	0	0	0	0	0	0	0	1	0	0	1	0	0	0	0	0	0	0	0	1	0	0	0	0	0	0	0	0	0	0	0	0	0	0	0	1	1	0	0	1	0	0	0	0	0	0	0	0	0	0	0	0	0	0	0	0	0	0	0	0	0	0	0	1	0	0	0	0	1	0	0	0	0	0	0	1	0	0	1	0	0	0	0	0	0	0	0	0	1
chr2.s_63603064	0	1	0	0	0	0	0	0	0	0	0	0	0	0	0	0	0	0	0	0	1	1	1	1	1	1	0	1	0	0	0	2	0	2	1	0	0	0	0	0	0	0	0	0	0	0	0	0	0	0	0	0	0	0	0	0	0	1	1	1	0	0	1	0	0	1	0	0	0	0	0	0	0	0	0	0	0	0	0	0	0	0	0	1	1	1	1	0	0	0	0	0	0	0	0	0	1	1	0	0	0	0	0	0	0	0	0	0	0	0	0	0	0	0	0	0	0	0	1	1	1	1	1	1	1	0	0	0	0	0	1	1	0	0	1	1	0	0	0	0	0	0	0	0	2	2	1	1	1	0	0	0	0	0	1	1	0	0	0	0	0	0	0	0	0	0	0	0	0	0	0	0	0	0	0	1	1	1	2	2	0	0	0	0	0	0	0	1	0	1	1	1	0	0	0	0	0	0	0	0	0	1	0	0	0	0	0	1	0	1	0	1	1	0	0	1	0	0	0	1	0	0	0	1	0	0	1	0	1	0	0	1	0	0	0	0	2	0	0	0	0	0	0	0	0	0	0	0	0	0	0	0	0	0	0	0	0	0	0	0	0	1	0	1	0	0	0	1	0	0	0	0	0	0	0	1	0	1	0	0	0	0	0	0	0	0	0	1	0	0	1	0	0	0	0	0	0	0	0	1
chr1.s_204149785	0	0	0	0	0	1	1	0	0	1	1	0	0	0	0	0	0	0	0	0	0	0	0	0	0	0	0	0	0	0	0	0	0	0	0	0	0	0	0	0	0	0	0	0	0	1	1	0	0	1	1	0	0	0	0	0	0	0	0	0	0	0	0	0	0	0	0	0	0	0	0	0	0	0	0	0	0	0	0	0	0	0	0	0	0	0	0	0	0	0	0	0	0	0	0	0	0	0	0	0	0	1	0	0	0	0	0	0	0	0	0	0	0	0	0	0	0	0	0	0	0	0	0	0	0	0	0	0	0	0	0	0	0	0	0	0	0	0	0	1	0	0	0	0	0	0	0	0	0	0	0	0	0	0	0	0	0	0	0	0	0	0	0	0	0	0	0	0	1	0	0	0	0	0	0	0	0	0	0	0	0	0	0	0	0	0	0	0	0	1	0	0	0	0	0	0	0	0	0	1	0	0	0	0	0	0	0	0	0	0	0	0	0	0	0	0	0	1	1	0	0	0	1	0	0	0	0	0	0	0	0	0	0	0	0	0	0	0	0	0	0	0	0	0	0	1	0	0	0	0	0	0	0	0	0	0	0	0	0	1	0	0	0	0	0	0	0	0	0	0	0	0	0	0	0	0	0	0	0	0	0	0	0	0	1	0	0	0	0	0	0	0	0	0	0	0	0	0	0	0
chr3.s_227505997	1	0	0	1	0	1	1	1	1	1	0	1	0	1	0	1	1	1	0	0	1	1	0	0	1	1	1	0	0	0	1	0	1	0	0	1	1	2	0	1	0	0	1	1	0	0	0	1	1	1	1	1	2	2	2	1	1	1	1	0	0	1	0	1	0	1	1	1	0	0	0	0	0	0	0	1	1	0	1	1	0	1	1	1	0	0	1	1	0	0	0	1	0	2	1	1	1	1	1	0	2	1	1	1	1	1	0	0	0	0	0	1	1	1	2	2	1	0	0	0	0	0	0	0	0	0	0	0	1	1	1	0	0	0	0	0	0	0	0	0	2	1	0	0	0	0	0	0	0	1	0	0	1	1	1	2	0	0	1	0	0	0	0	0	0	1	1	0	0	0	1	0	0	1	0	1	0	0	0	0	1	1	1	2	1	1	0	0	0	0	1	1	2	1	1	1	0	0	0	1	1	0	0	0	0	0	1	1	1	0	0	0	1	1	0	1	1	0	1	0	0	0	1	0	1	1	1	0	1	1	0	2	0	2	2	0	0	0	0	1	1	1	1	1	0	0	1	0	0	0	1	0	0	0	0	0	0	2	0	0	2	0	2	0	0	0	1	0	0	1	0	1	1	1	1	0	1	1	0	1	1	1	0	0	0	0	0	1	2	0	0	0	0	0	0	2	1	0	1	1
chr8.s_136831678	1	1	1	1	1	1	1	1	1	1	1	1	0	1	1	1	0	0	0	1	1	1	1	0	1	0	1	0	1	0	0	1	0	1	0	1	0	1	1	2	1	0	1	1	1	1	1	0	0	0	0	0	1	0	0	0	1	1	1	1	2	0	0	0	0	2	2	2	1	2	0	1	1	1	1	0	0	1	1	1	1	0	0	1	1	0	1	1	0	0	1	0	0	0	0	1	2	1	1	0	1	2	1	1	1	1	2	2	1	0	0	1	2	1	1	0	1	0	1	1	2	2	1	1	0	1	0	0	1	1	1	1	1	0	0	1	1	1	1	1	1	1	0	0	1	1	1	1	0	0	2	1	0	0	1	1	0	0	1	0	1	1	1	1	1	1	1	2	2	1	1	0	1	0	0	1	2	2	1	0	0	1	2	0	0	0	0	2	2	1	0	0	1	0	0	1	1	1	1	2	1	1	0	1	1	0	1	1	1	1	0	0	1	1	0	1	0	2	1	1	1	1	0	0	1	0	1	1	0	0	1	0	1	1	1	1	1	1	2	1	1	0	1	2	1	0	1	0	1	0	0	0	1	1	0	1	1	1	1	1	1	0	1	1	1	1	0	0	0	0	1	1	1	0	0	1	1	1	1	1	1	0	2	0	1	2	0	1	0	1	2	2	0	0	0	0	1	1	0	1
chr7.s_30462826	1	0	0	0	0	0	0	0	0	0	0	0	0	0	0	0	0	0	0	0	0	0	0	0	0	0	0	0	0	0	0	0	0	0	0	0	0	0	0	0	0	0	0	0	0	0	0	0	0	0	0	1	1	1	0	0	0	1	1	0	0	0	0	0	0	1	1	0	0	0	0	0	0	0	0	0	0	1	1	0	0	1	0	1	0	0	0	0	0	0	0	0	0	0	0	1	1	0	0	0	0	1	1	1	0	0	0	0	0	0	0	1	1	0	1	1	0	1	0	0	1	1	0	0	0	0	0	0	0	0	0	0	0	1	1	1	0	0	0	0	1	1	0	0	0	0	0	0	0	0	0	1	1	1	0	0	1	1	0	0	1	0	0	1	1	0	0	0	0	0	0	0	0	0	0	0	0	0	1	1	0	0	0	0	0	0	0	0	0	0	0	0	0	0	0	0	0	0	0	0	0	0	0	1	1	0	0	0	0	0	0	0	0	0	0	0	1	0	0	0	0	0	0	0	0	1	1	0	0	0	0	0	0	0	0	0	0	0	0	0	0	0	0	0	0	0	0	0	0	0	0	0	0	0	0	0	0	0	1	0	1	1	0	0	0	0	0	0	0	0	0	0	0	1	0	0	0	1	1	0	1	1	0	1	0	0	0	0	1	0	0	0	0	0	0	0	0	0	0	1
chr10.s_30973934	1	1	0	1	0	0	0	0	0	1	2	1	1	1	0	0	1	1	0	1	1	1	1	1	1	1	1	1	1	2	1	2	2	1	1	0	1	0	1	0	0	0	1	2	1	1	1	1	0	0	0	1	1	1	2	1	1	1	1	2	2	1	1	0	2	1	0	0	0	0	0	0	0	1	0	2	1	0	0	0	0	0	1	1	1	1	1	1	1	1	1	1	0	1	1	1	1	1	0	2	0	0	0	1	0	0	1	0	1	2	1	0	0	0	0	1	1	0	1	1	1	1	1	1	1	1	1	1	2	1	1	1	0	0	0	0	0	0	2	2	0	0	1	1	1	1	1	1	2	2	1	1	1	2	1	1	1	0	0	0	0	0	1	1	0	1	0	1	2	2	0	0	1	0	0	1	1	1	1	1	1	1	1	1	0	1	0	1	0	1	1	1	1	1	0	0	1	1	0	1	1	1	0	0	0	2	1	1	2	2	1	1	1	1	0	1	0	2	1	2	1	1	0	1	1	0	0	0	1	1	0	2	1	0	1	0	1	1	1	0	0	1	1	1	1	1	1	1	0	0	1	1	0	1	1	0	1	0	1	1	0	1	0	2	0	0	1	1	0	2	1	1	1	1	2	1	1	1	0	0	1	1	1	1	1	0	0	1	2	0	1	1	2	0	0	1	1	1	2	1
chr3.s_226831864	0	0	0	0	0	0	0	0	0	0	0	0	1	0	1	0	0	1	1	0	0	0	0	0	0	0	0	1	1	0	1	0	0	0	0	0	0	0	0	0	0	0	0	0	0	0	0	0	0	0	1	1	0	0	0	0	0	0	0	0	0	0	1	1	0	0	0	0	0	0	0	0	1	1	0	0	0	0	0	0	0	1	1	0	0	0	0	0	1	1	0	1	1	1	0	0	0	0	0	0	0	0	0	0	0	0	0	0	0	0	1	1	0	0	0	0	0	0	1	1	0	0	0	0	0	0	0	0	0	1	0	0	0	0	0	0	1	1	0	0	0	0	0	1	0	0	0	0	0	1	0	0	1	0	0	0	0	0	0	0	0	0	0	0	0	0	0	0	0	0	0	2	0	1	1	0	0	0	0	0	0	1	0	1	1	0	1	0	0	0	0	0	0	0	0	0	0	0	0	0	0	1	0	0	0	0	0	0	0	0	1	0	0	0	1	0	1	0	0	1	0	0	0	0	0	1	0	0	0	1	0	1	0	0	1	0	0	0	0	0	0	1	0	0	0	0	0	1	1	0	0	0	0	0	1	1	1	0	0	0	0	0	0	0	0	1	0	0	1	1	0	0	0	0	0	0	0	0	0	0	0	1	0	0	0	0	0	0	0	0	0	0	1	0	0	0	0	1	1	0
chr3.s_192250750	0	0	0	0	0	0	0	0	0	0	0	0	0	0	0	0	0	0	1	1	0	0	0	0	0	0	0	0	0	0	1	0	0	0	0	0	0	0	0	0	0	0	0	0	1	0	0	0	0	0	0	0	0	0	0	0	0	0	0	0	0	0	1	0	0	0	0	0	0	0	0	0	1	1	1	0	0	0	0	0	0	0	0	0	1	1	0	0	1	1	0	0	0	0	0	0	0	0	0	0	0	0	0	0	0	0	0	0	0	0	0	0	0	0	0	0	0	0	0	0	0	0	0	0	0	0	0	0	0	0	0	0	0	0	0	0	0	0	0	0	0	0	0	0	0	0	0	0	0	1	1	0	0	0	0	0	0	0	1	1	0	0	0	0	0	0	0	0	0	0	1	0	0	0	0	1	1	1	0	0	0	2	1	1	1	1	0	1	1	0	0	1	1	1	0	0	0	0	0	0	0	0	0	0	0	0	0	0	1	0	1	0	0	0	0	0	0	0	0	1	0	0	0	0	0	0	0	0	0	0	0	0	0	0	0	0	0	0	0	0	0	0	0	1	0	0	1	1	0	1	0	0	0	0	0	1	1	0	0	0	0	0	0	0	0	1	0	0	0	0	0	0	0	0	1	1	0	0	0	0	0	0	0	0	0	1	0	0	0	0	1	1	1	0	0	0	0	1	1	1
chr5.s_66779051	0	1	0	1	1	1	0	0	0	1	1	0	1	1	0	0	1	1	1	1	1	1	1	0	1	0	1	0	1	1	0	1	1	1	0	0	0	1	0	1	1	1	0	1	0	1	1	0	1	1	0	0	0	2	1	1	1	1	1	0	1	0	0	0	1	1	0	1	1	1	1	0	1	1	0	0	1	1	1	0	1	1	1	1	1	0	1	1	0	0	0	0	0	0	1	1	1	1	0	0	1	2	1	0	1	1	1	0	0	1	1	0	0	0	0	1	1	1	1	1	2	2	1	1	1	2	1	0	0	0	1	1	0	2	1	0	1	0	1	1	0	1	1	1	1	1	1	2	0	0	1	1	1	1	0	1	1	2	2	2	0	2	2	2	1	1	0	0	1	0	2	0	1	1	1	1	1	1	1	0	0	0	0	0	0	1	0	1	0	1	0	1	1	1	1	1	2	1	0	1	0	1	1	0	2	2	0	0	1	1	0	0	1	2	0	1	1	1	1	1	2	1	1	1	1	1	1	0	0	0	0	0	2	2	0	0	1	0	0	2	2	0	1	1	1	2	0	0	0	1	0	0	0	0	0	0	0	0	2	1	1	1	1	1	0	1	0	0	1	0	1	1	1	0	1	1	0	1	1	0	1	0	0	0	1	0	2	1	1	1	1	0	1	1	2	1	0	0	1	1
chr4.s_67740155	0	1	1	1	1	0	0	1	1	1	0	0	0	0	0	0	0	0	0	0	0	0	0	0	0	0	0	0	0	0	2	0	0	1	1	0	0	1	0	1	0	0	0	0	0	1	1	0	1	1	0	0	0	0	1	1	0	0	0	0	0	0	1	0	1	0	0	2	1	1	0	0	0	0	1	1	2	1	1	0	0	0	0	0	0	0	0	0	1	1	0	1	0	1	0	0	0	0	0	0	2	1	0	0	1	1	0	0	1	0	0	0	0	0	0	0	1	0	0	0	1	1	1	1	1	1	1	1	0	2	0	0	0	1	1	1	0	0	0	0	0	0	0	0	0	0	1	1	0	1	0	1	2	1	1	2	1	1	1	0	1	1	1	1	1	0	0	1	1	1	2	0	0	0	0	0	0	0	0	0	0	2	1	1	0	0	0	1	1	0	0	1	1	0	0	0	0	0	0	1	0	0	2	0	1	0	1	0	0	0	2	0	1	1	0	0	0	1	0	0	1	0	1	0	0	0	2	0	1	1	0	1	0	2	1	0	0	0	1	1	1	0	1	0	2	0	0	0	0	2	0	1	1	0	0	1	0	1	1	0	1	1	1	0	0	1	0	0	0	1	0	1	0	0	0	1	0	0	1	0	0	1	0	0	1	0	0	0	0	0	0	0	0	1	0	1	0	0	0	0
chr4.s_4610162	1	0	0	1	1	0	0	0	0	0	0	1	1	1	0	1	2	2	0	0	0	0	1	2	0	1	0	2	1	0	1	1	0	1	2	0	1	0	1	0	0	0	1	1	0	0	0	1	1	1	0	0	0	1	2	1	0	0	0	1	0	1	2	1	1	1	1	1	1	1	0	0	0	0	0	2	2	1	1	0	0	1	0	0	1	2	0	0	1	2	1	0	1	0	0	1	1	1	1	2	0	0	1	0	0	0	1	1	1	1	0	1	1	1	0	1	2	0	1	1	0	0	1	1	2	1	1	1	0	1	0	1	1	1	0	0	1	1	1	0	0	1	0	0	1	1	1	1	2	1	1	1	1	0	1	1	2	1	1	1	1	1	1	1	1	0	0	0	0	1	1	0	0	0	1	1	0	0	0	1	0	1	0	0	1	0	1	1	1	1	2	1	1	1	0	0	1	1	1	0	0	1	1	0	0	0	1	2	1	1	2	2	0	0	1	0	1	1	0	1	1	0	1	2	1	1	0	1	1	1	0	0	0	0	0	1	1	1	1	0	0	0	0	0	1	1	0	0	0	1	2	0	0	1	1	0	1	0	1	1	0	2	0	0	1	0	1	1	1	0	0	0	0	0	1	1	0	1	1	0	1	0	0	1	0	0	1	0	1	1	1	0	1	2	1	1	0	0	2	0
chr10.s_80552198	0	0	0	0	0	0	0	0	0	0	0	0	0	0	0	0	0	0	1	0	0	0	0	0	0	0	0	0	0	0	0	0	0	0	0	0	0	0	0	0	0	0	0	0	0	0	0	0	0	0	0	0	0	0	0	0	0	0	0	0	0	0	0	0	0	0	0	0	0	0	0	0	0	0	0	0	0	0	0	0	0	1	1	0	0	0	0	0	0	0	0	0	0	0	0	0	0	0	0	0	0	0	0	0	0	0	0	0	0	0	0	0	0	0	0	0	0	0	0	0	0	0	0	0	0	0	0	0	0	0	0	0	0	0	0	0	0	0	0	0	0	0	0	1	0	0	0	0	0	0	0	0	0	0	0	0	0	0	0	0	0	0	0	0	0	0	0	0	0	0	0	0	0	1	1	0	0	0	0	0	0	0	0	0	0	0	0	0	0	0	0	0	0	0	0	0	0	0	0	0	0	0	0	0	0	0	0	0	0	0	0	0	0	0	0	0	1	0	0	0	0	0	0	0	0	0	0	0	0	0	0	0	0	0	0	0	0	0	0	0	0	0	0	0	0	0	0	0	0	0	0	0	0	0	0	0	0	0	0	0	0	0	0	0	0	0	0	0	0	0	0	0	0	0	0	0	0	0	0	0	0	0	0	0	0	0	0	0	0	0	0	0	0	0	0	1	0	0	0	0
chr4.s_6143957	1	1	1	1	1	1	1	0	0	1	2	1	0	0	1	0	1	2	1	1	1	1	0	1	0	1	0	2	1	2	0	1	1	0	1	0	1	1	2	2	1	1	1	2	1	2	2	1	1	0	0	1	1	2	2	2	0	0	0	2	1	1	1	2	1	0	0	2	1	1	1	1	1	2	1	1	1	1	1	1	1	0	1	0	1	2	1	1	0	1	2	1	2	1	1	0	0	0	0	1	2	2	0	0	1	1	1	0	0	1	1	0	0	0	1	2	1	2	1	1	1	1	1	1	2	1	2	1	2	1	1	0	0	1	1	1	1	1	1	2	1	1	2	1	0	0	1	0	2	1	2	2	1	1	1	2	2	1	1	0	0	0	1	2	1	2	1	1	2	1	1	1	1	1	1	0	1	1	1	2	1	1	2	1	2	1	2	1	1	0	1	1	1	0	0	0	1	1	0	1	2	1	1	1	2	1	1	1	0	1	1	1	0	2	0	1	1	1	0	0	1	0	1	1	0	2	2	1	1	1	0	0	1	2	0	0	1	1	2	1	2	1	2	1	1	0	1	1	1	1	0	2	1	1	2	1	0	1	1	0	1	2	2	1	1	1	1	2	0	1	1	1	0	1	2	0	1	0	1	1	1	1	1	1	2	1	1	0	1	0	0	1	0	1	1	1	1	2	1	1
chr4.s_90609319	0	1	1	0	1	0	0	0	0	0	0	1	0	0	0	0	0	0	0	0	0	0	0	0	0	0	0	0	0	0	1	0	0	0	0	0	0	0	0	0	0	0	0	1	0	0	0	0	0	0	0	0	0	0	1	1	0	0	0	0	0	0	1	0	0	0	0	1	1	1	0	0	0	1	0	0	0	1	1	0	0	0	0	0	0	0	0	0	1	1	0	0	0	0	0	0	0	0	0	0	1	0	0	0	0	0	1	0	0	0	0	0	0	0	0	0	0	0	0	0	0	0	0	0	1	1	1	0	0	1	0	0	0	0	0	0	0	0	1	0	0	0	0	0	0	0	0	0	0	1	0	1	1	1	0	0	1	1	0	0	0	0	1	2	1	1	0	0	0	0	0	0	0	0	0	0	1	1	0	0	0	1	0	0	0	0	0	0	0	0	0	0	0	0	0	0	1	1	0	0	0	0	0	0	0	0	1	0	0	0	1	0	0	0	0	0	0	0	0	0	1	0	0	0	0	0	0	0	0	0	0	0	0	0	0	0	0	0	1	0	0	0	0	1	0	0	0	0	0	0	0	1	0	0	0	0	0	1	0	0	0	0	0	0	0	0	0	0	0	0	0	0	0	0	0	0	0	0	1	0	0	1	0	0	1	1	0	0	0	0	0	0	0	0	0	0	0	0	0	0
chr7.s_156295847	1	0	0	0	0	0	0	0	0	0	0	0	0	0	0	0	0	0	0	0	0	0	0	0	0	0	0	0	0	0	0	0	0	0	0	0	0	0	0	0	0	0	0	0	0	0	0	0	0	0	0	0	0	0	0	0	0	0	0	0	0	0	0	1	0	0	0	0	0	0	0	0	1	1	0	0	0	0	0	0	0	0	0	0	0	0	1	1	0	0	0	0	1	0	0	0	0	0	0	0	0	0	0	1	0	0	0	0	0	0	0	0	0	0	0	0	0	0	0	0	0	0	0	0	1	1	1	0	0	0	0	0	0	0	0	0	0	0	0	0	0	0	0	0	0	0	0	0	0	0	0	0	0	0	0	0	0	0	0	0	0	0	0	0	0	0	0	0	0	0	0	0	0	0	1	0	0	0	1	1	1	0	0	1	2	1	1	0	0	0	0	0	0	0	1	1	0	0	0	0	0	0	0	0	0	0	0	0	0	0	0	0	0	0	0	0	0	0	0	0	1	0	0	0	0	1	0	0	0	0	0	0	0	0	0	0	0	0	0	0	0	0	0	0	0	0	0	0	0	0	0	0	0	0	0	0	0	0	0	0	0	0	1	0	0	0	0	0	0	0	0	0	0	0	0	0	0	0	0	0	0	0	0	1	0	0	0	1	1	0	0	0	0	0	0	0	0	1	0	0
chr2.s_207774586	1	0	0	1	0	2	1	0	0	0	0	2	2	1	1	1	2	2	1	0	1	1	0	0	1	1	2	1	2	1	0	1	2	0	0	1	1	1	0	0	0	0	0	0	1	1	0	2	1	1	2	2	1	2	2	2	1	1	1	1	2	0	1	1	1	1	1	0	0	1	1	1	1	0	0	1	0	1	0	1	2	2	2	1	1	1	1	2	1	0	0	1	1	1	2	2	1	0	0	1	1	1	1	0	0	0	0	0	1	2	2	2	2	1	0	1	2	1	1	1	1	1	0	0	0	1	0	1	1	0	1	1	1	0	0	0	2	1	1	1	1	2	1	1	0	0	1	1	0	1	0	0	0	2	0	0	0	0	0	0	0	1	0	0	0	1	1	1	1	2	0	2	1	2	2	1	0	0	1	1	1	0	0	1	1	2	0	0	0	1	1	0	1	1	1	2	1	1	1	0	1	1	1	0	2	1	1	0	2	0	0	1	0	0	2	0	1	0	1	0	0	1	1	1	1	1	0	1	0	1	1	0	1	0	0	1	1	0	0	1	0	2	0	1	1	1	1	2	0	0	1	0	1	0	1	0	0	1	0	2	1	0	1	1	0	1	1	1	2	0	1	2	1	1	2	1	1	1	0	2	0	2	1	1	0	0	2	1	1	1	0	1	1	0	2	2	1	0	1	1
chr6.s_39874686	0	1	1	1	0	1	1	0	0	0	1	0	0	0	1	1	2	1	2	1	0	0	0	0	1	1	1	0	0	2	1	0	1	1	1	1	1	2	0	1	0	0	0	0	1	1	0	0	0	0	0	1	1	1	1	0	1	0	0	0	0	1	1	1	2	0	0	1	0	0	0	0	1	1	0	0	0	0	0	1	1	2	2	0	0	0	1	1	2	1	0	0	0	1	2	1	0	0	0	0	1	1	1	1	0	0	1	1	0	0	0	1	1	0	1	2	1	1	0	0	0	0	0	0	0	0	1	1	1	0	1	0	0	0	0	0	0	0	0	0	1	1	1	2	1	1	1	1	0	2	1	0	0	1	0	1	0	0	1	0	0	0	0	0	0	0	0	0	0	0	0	1	1	1	2	0	0	0	1	1	1	1	0	0	0	1	0	0	0	1	1	0	2	1	0	0	1	0	0	0	1	0	1	1	0	2	0	1	1	0	1	1	0	2	0	0	1	1	0	0	0	1	1	1	0	0	1	1	0	1	1	1	0	1	0	0	0	0	0	0	1	1	2	0	0	1	1	1	1	0	0	1	1	0	1	0	0	0	0	1	1	0	2	0	0	0	1	0	1	1	1	0	1	1	2	0	1	1	0	0	0	0	1	0	0	0	1	0	2	1	0	0	1	0	1	2	1	1	1	1
chr3.s_102147346	0	0	0	1	1	0	0	0	1	1	0	1	0	0	0	0	0	1	0	0	0	0	1	1	1	1	1	1	1	0	1	0	1	1	1	0	0	0	0	0	0	0	0	0	0	0	0	1	1	1	1	0	0	0	0	0	1	1	1	0	0	0	0	1	0	0	0	1	1	1	0	0	0	0	0	0	0	1	1	0	0	1	1	1	0	0	0	0	0	0	0	2	2	1	0	0	0	1	1	1	0	0	0	1	0	0	1	1	1	1	1	0	0	0	1	1	1	1	1	1	1	1	0	0	0	0	0	0	0	1	1	0	0	0	1	1	1	1	0	0	1	0	0	0	1	1	0	0	1	1	0	1	2	0	0	0	1	1	1	1	0	0	0	1	1	1	1	0	0	0	0	1	1	1	0	0	0	0	1	1	1	0	0	2	2	1	2	0	0	1	1	0	0	0	1	1	0	0	0	1	0	1	0	1	1	1	0	0	0	1	0	0	0	1	0	1	0	0	1	0	0	0	0	0	1	1	1	0	1	1	0	1	0	0	1	1	0	1	0	0	0	1	0	0	0	0	0	0	0	0	0	0	0	1	1	1	0	0	0	1	1	0	0	0	0	1	0	0	1	1	0	0	0	0	0	0	0	1	1	1	0	0	0	0	0	0	0	1	1	0	0	0	0	0	0	1	0	0	0	0
chr5.s_1297673	0	0	0	0	0	0	0	0	0	0	0	0	0	0	0	0	0	0	0	0	1	1	0	0	0	0	0	1	1	0	0	0	1	0	0	0	0	0	0	0	0	0	0	0	0	0	0	1	0	0	0	0	0	0	0	0	0	0	0	0	0	0	1	0	1	0	0	0	0	0	0	0	0	0	0	1	0	0	0	0	0	0	0	0	0	0	0	0	0	0	0	1	1	0	1	1	0	0	0	0	0	0	0	1	0	0	0	0	0	1	0	0	0	0	0	0	0	0	0	0	0	0	0	0	0	0	0	0	0	0	0	0	0	0	0	0	0	0	0	0	0	0	0	0	0	0	0	0	0	0	0	0	0	1	0	0	0	0	0	0	0	0	0	0	0	0	0	0	0	1	0	0	0	0	0	0	0	0	0	0	0	0	0	0	0	1	0	0	0	0	0	1	0	0	0	0	0	0	0	0	0	0	0	0	0	1	0	0	0	0	0	0	0	0	0	0	0	0	0	0	0	0	0	0	0	0	0	0	0	0	0	0	1	0	0	0	1	0	0	0	1	0	0	0	0	1	0	0	0	0	1	0	0	0	1	0	0	0	0	0	0	0	0	0	0	0	0	0	0	0	0	0	0	0	0	0	0	0	0	0	0	0	0	1	0	0	0	0	1	0	0	0	1	0	0	0	0	0	0	0
chr4.s_188110492	0	0	0	0	1	0	0	0	0	0	0	2	2	1	1	0	1	2	0	0	0	0	0	0	0	0	0	1	1	0	0	0	0	0	0	0	0	0	0	0	1	1	0	1	0	0	0	1	1	1	2	2	1	1	1	0	1	1	1	0	0	0	0	1	0	0	0	0	1	0	1	0	1	2	1	0	0	1	0	1	0	1	0	0	0	0	1	1	0	0	0	1	1	0	0	0	0	0	0	0	1	0	1	0	0	0	1	0	0	0	1	1	1	1	0	1	1	1	0	0	0	0	0	0	1	1	1	0	1	0	1	0	0	1	1	0	0	0	1	0	1	0	0	0	0	0	1	1	1	0	0	0	0	0	0	0	0	1	0	1	1	1	2	1	0	1	0	0	0	0	0	1	1	0	0	0	1	1	0	0	0	0	0	0	0	0	1	0	0	0	0	1	0	1	1	0	1	1	0	0	1	0	0	1	0	0	0	0	0	1	0	0	0	0	1	0	0	1	1	1	1	0	0	0	1	0	0	0	0	0	0	0	1	0	0	1	0	1	0	0	1	1	0	1	0	1	0	1	0	1	0	0	0	0	0	1	1	1	0	0	0	0	1	0	0	1	1	0	1	0	0	0	0	0	1	0	1	1	0	1	0	1	0	1	0	1	0	0	1	0	0	2	1	0	0	1	0	1	2	0
chr2.s_66065076	1	1	0	1	1	1	1	0	0	0	0	1	1	0	1	0	0	0	0	1	1	1	1	1	1	1	1	1	1	1	1	2	0	1	0	0	0	1	0	1	1	1	1	1	1	0	0	1	0	0	1	2	1	0	0	1	1	1	1	1	1	1	2	1	0	1	0	1	1	1	1	1	2	2	2	1	0	1	0	1	1	0	0	1	2	2	1	1	1	1	1	2	2	1	0	0	1	1	0	0	2	1	1	1	1	0	1	0	0	1	1	1	1	1	0	0	0	1	1	1	1	1	1	1	1	1	1	1	1	1	1	1	0	1	1	1	1	1	1	0	0	1	1	0	1	1	1	1	1	1	1	1	1	1	0	1	0	1	1	1	1	1	1	1	0	1	0	0	0	1	0	1	1	0	0	1	2	2	1	1	1	1	1	1	1	0	1	2	1	1	1	1	1	1	1	1	1	1	0	0	1	1	0	0	1	0	1	1	1	1	1	1	1	1	1	1	0	0	1	1	1	1	0	1	0	1	1	0	1	1	0	2	1	1	1	1	2	0	1	1	1	1	1	1	0	0	0	1	1	1	1	1	1	1	1	0	0	1	1	1	1	1	1	1	0	1	0	1	1	1	1	2	1	1	0	2	1	1	0	1	1	2	1	1	0	1	1	1	0	0	2	1	0	0	1	0	1	2	0	1
chr6.s_128373034	0	1	1	0	0	0	0	0	0	0	0	1	1	1	0	1	1	0	1	1	0	0	0	0	0	0	0	0	0	1	1	1	0	0	0	0	0	0	0	0	0	0	0	0	0	1	1	0	0	0	0	0	0	1	0	0	0	0	0	0	0	1	2	0	0	0	0	0	0	0	1	1	0	0	0	0	0	0	0	0	0	0	0	0	0	0	0	0	1	2	1	0	0	0	0	1	1	0	0	0	0	0	1	0	0	0	1	1	0	0	0	1	1	1	0	0	0	0	0	0	0	0	0	0	0	0	0	0	0	0	0	1	1	0	0	0	0	0	0	0	0	0	0	0	0	0	1	0	0	1	0	0	0	0	1	1	0	0	0	0	0	1	1	0	0	0	0	0	0	0	0	0	1	0	0	1	0	0	0	0	0	1	0	0	0	0	0	0	0	0	0	1	0	0	0	0	0	0	0	0	0	0	1	0	0	1	0	0	0	0	1	1	0	1	0	0	0	1	0	0	0	0	0	1	1	1	0	0	0	0	0	0	0	0	0	0	1	0	0	0	0	0	0	0	0	0	0	0	0	0	1	1	1	0	0	0	0	0	0	0	0	0	0	0	1	0	0	1	0	0	1	0	0	0	0	0	0	0	0	0	0	0	0	0	1	0	1	0	0	0	0	0	0	0	1	0	0	0	0	0
chr7.s_123595649	1	0	0	1	0	0	1	1	1	1	0	0	1	1	0	0	1	1	0	0	1	1	0	0	0	0	0	0	0	1	0	0	0	0	0	0	0	1	0	1	0	1	2	1	1	1	0	1	1	1	1	1	1	2	1	0	0	1	1	0	0	0	0	0	0	1	1	1	0	0	1	2	0	0	1	0	0	1	1	0	0	1	1	1	0	0	0	0	0	0	0	0	0	0	0	1	1	1	1	0	1	2	1	1	2	1	0	0	1	1	1	1	1	0	0	1	1	0	0	0	1	1	1	1	1	1	1	1	0	1	0	0	0	1	1	2	0	1	1	1	1	1	1	1	0	0	0	0	1	0	0	1	1	1	0	1	1	1	1	0	2	1	1	1	1	0	0	1	1	1	1	0	1	0	1	0	1	1	0	0	0	1	1	1	1	1	1	1	1	0	0	0	1	0	0	0	0	1	1	0	0	0	1	0	1	1	1	0	0	1	1	0	1	2	1	0	0	0	1	0	1	0	0	0	1	1	2	1	1	1	0	0	0	2	0	0	0	1	1	1	1	0	1	0	1	0	0	0	1	0	0	0	0	0	0	0	0	0	1	0	2	1	1	1	0	0	1	1	1	0	2	1	0	1	1	1	1	1	1	0	0	1	0	1	0	1	0	0	1	0	0	0	0	1	0	2	0	0	1	0
chr2.s_230693772	1	1	1	0	2	0	1	1	1	2	2	0	1	1	0	1	1	0	0	0	1	1	1	1	1	1	2	0	1	1	1	1	1	1	1	1	1	1	0	0	1	2	2	2	2	2	2	2	2	2	1	0	0	1	1	1	1	1	1	1	2	0	1	1	1	0	0	1	2	1	2	2	0	1	2	2	2	1	1	1	1	0	1	1	0	0	1	2	1	1	1	0	0	1	1	1	1	0	0	0	1	0	2	2	1	0	1	0	1	2	1	0	0	0	1	1	1	0	1	1	0	0	1	1	0	1	0	0	0	1	1	1	1	1	2	2	0	1	1	2	1	0	1	1	1	1	1	0	1	1	0	0	0	0	0	0	0	1	1	2	1	1	2	2	1	2	1	1	2	2	2	0	1	1	1	1	1	1	1	1	1	1	1	1	1	1	0	1	1	1	1	1	0	1	2	1	2	2	1	2	1	1	2	0	0	1	2	0	1	1	1	1	1	1	1	1	1	2	1	0	0	1	1	1	1	1	1	1	1	1	1	1	2	0	0	1	1	1	1	0	1	1	1	2	2	0	1	1	1	2	1	1	1	1	1	1	0	1	0	2	1	0	1	1	1	1	1	1	1	1	2	2	1	1	1	1	1	0	0	1	1	0	1	1	2	1	1	1	1	1	1	0	0	2	1	1	1	0	0	0
chr8.s_4078785	0	0	0	1	1	1	1	0	0	1	1	0	0	0	1	0	0	0	0	0	1	1	0	0	0	0	0	0	0	1	0	0	1	0	0	0	0	1	0	1	1	1	1	1	2	1	1	0	1	1	0	0	0	0	0	1	0	0	0	0	0	0	0	0	1	0	0	1	1	1	1	1	2	2	1	0	1	0	0	0	1	0	0	0	0	0	0	0	0	0	0	0	0	0	1	1	0	0	0	0	1	1	1	1	1	0	1	0	0	0	0	0	0	0	0	0	1	1	0	0	0	0	0	0	0	0	0	0	0	0	0	0	0	1	1	1	2	2	1	1	0	1	1	0	0	0	0	0	1	0	0	0	0	1	0	1	0	1	1	1	1	1	1	1	0	1	0	1	2	1	2	1	0	1	0	0	0	0	0	0	0	0	0	0	0	1	0	0	0	0	0	1	1	1	1	1	1	1	0	1	0	0	1	0	1	1	1	1	0	1	0	0	0	1	0	0	0	2	0	0	0	0	1	0	0	0	1	1	0	1	0	0	1	1	1	0	0	1	0	1	2	0	1	1	2	2	1	1	2	1	0	0	0	0	0	0	0	0	0	0	1	0	1	0	0	1	0	0	0	0	2	1	0	0	1	0	0	0	0	0	0	0	0	0	1	0	1	0	0	0	0	1	1	1	1	0	0	1	0	1
chr8.s_45637033	2	1	0	0	0	1	0	0	0	0	1	0	1	0	1	0	0	0	1	1	1	1	1	0	1	0	0	0	0	0	1	1	0	1	0	0	0	0	0	0	0	0	0	0	1	0	0	0	0	1	2	1	0	0	0	1	1	2	2	0	0	0	1	0	0	1	0	0	0	1	0	0	1	0	1	1	1	0	0	1	2	1	2	2	1	0	1	0	1	1	1	0	0	0	0	0	1	1	0	0	0	1	0	0	0	0	1	1	0	0	1	1	0	0	0	0	0	1	0	1	1	2	1	1	0	0	0	0	1	0	1	1	0	0	0	0	1	0	0	0	1	1	1	1	0	1	1	1	1	1	1	1	0	0	0	0	0	0	0	0	0	1	0	0	0	0	0	0	0	0	0	1	0	2	2	2	1	2	1	0	1	1	1	1	1	1	1	2	1	2	1	1	1	1	1	2	1	0	0	0	1	1	0	0	2	0	0	0	1	2	1	0	1	0	1	2	1	0	2	1	1	1	0	0	0	0	0	0	0	0	0	0	0	0	0	0	0	1	1	1	0	1	1	0	0	0	1	2	1	1	0	0	0	1	1	0	0	0	1	1	1	0	0	1	0	1	0	0	1	1	0	0	1	1	1	1	1	1	0	0	1	1	2	0	0	1	1	2	0	1	0	0	0	1	1	0	1	1	0	1
chr3.s_186819424	0	0	1	1	0	1	1	2	2	2	2	0	2	2	0	1	1	1	1	0	1	1	1	1	0	0	0	0	0	1	1	0	2	1	1	1	0	0	0	0	0	0	1	0	1	2	1	1	2	1	1	1	1	1	1	1	0	0	0	1	1	1	1	1	2	1	2	0	0	1	1	2	1	0	1	1	2	0	1	0	2	1	1	0	0	0	0	0	1	0	0	0	1	0	1	2	1	0	1	1	0	0	1	1	2	2	0	1	2	1	2	1	0	1	1	1	2	2	0	0	0	0	0	0	0	0	0	1	0	0	0	0	1	0	1	2	1	1	1	1	2	2	1	1	1	1	0	1	1	1	0	0	0	1	2	1	0	0	0	0	2	2	1	0	1	0	1	1	1	0	2	1	1	1	1	0	1	1	1	1	1	0	0	0	1	1	2	0	1	1	0	0	1	1	1	2	0	0	1	2	0	0	2	2	1	2	1	0	1	1	0	0	1	1	1	0	2	1	0	1	0	1	1	0	2	1	1	2	1	1	2	0	1	1	1	1	1	2	0	2	1	2	1	0	1	2	1	1	1	1	1	0	2	1	0	2	2	1	0	1	0	0	0	0	1	2	0	1	2	1	2	0	0	0	1	0	0	0	1	0	1	1	1	1	1	2	1	1	1	1	0	1	2	1	1	2	0	0	2	0
chr4.s_1284460	0	1	1	0	0	1	1	0	0	0	1	0	0	0	1	0	0	0	0	0	0	0	0	0	0	0	0	0	0	0	0	0	0	0	0	0	0	0	0	0	0	0	0	0	0	0	0	0	0	0	0	1	1	1	0	0	0	0	0	0	0	0	0	0	0	0	0	0	0	0	0	0	0	0	1	0	0	0	0	1	0	0	1	0	0	0	0	0	0	0	0	0	0	0	0	0	0	1	1	0	0	1	0	0	0	0	0	0	0	0	0	0	0	0	1	1	0	0	1	1	1	1	1	1	0	0	0	1	0	0	0	0	0	0	0	0	0	0	0	0	0	1	0	0	0	0	0	0	0	0	0	0	0	1	0	0	0	0	1	1	1	0	0	0	0	0	0	0	0	0	1	1	0	0	0	0	0	0	0	0	1	0	0	0	0	0	0	0	0	1	0	0	0	0	0	0	1	0	0	0	0	1	0	0	1	0	0	0	0	0	1	0	0	0	0	1	0	0	0	0	0	0	1	0	0	1	0	1	0	1	0	0	0	0	1	0	0	0	0	0	0	0	1	0	0	0	0	0	1	1	0	1	0	0	0	1	0	0	0	1	0	0	0	0	0	1	0	0	0	1	0	0	0	0	0	0	0	0	0	0	0	1	0	1	1	0	0	0	0	1	0	0	0	0	0	0	0	0	0	0
chr6.s_169229198	1	2	2	2	2	1	1	1	1	0	1	0	0	1	1	2	1	1	1	1	1	1	1	2	0	1	0	2	1	0	0	2	1	2	1	2	1	2	0	1	1	2	0	0	1	1	1	1	2	2	1	0	1	0	0	0	0	1	1	1	0	1	1	2	0	2	2	2	2	1	1	0	0	0	1	0	1	0	1	0	0	0	1	1	0	1	1	1	1	1	2	1	2	1	1	1	2	1	1	1	1	1	2	0	0	1	1	2	2	0	0	1	1	1	1	0	1	1	0	0	0	0	1	1	1	0	0	0	1	1	2	2	2	1	2	1	0	0	1	0	1	1	0	0	1	1	1	0	2	0	2	1	0	0	1	1	0	1	1	1	1	0	0	0	1	1	2	2	1	1	1	1	0	0	0	1	1	1	0	1	0	0	1	0	1	0	1	1	1	1	1	1	1	1	1	0	1	1	2	0	2	1	2	2	0	0	0	1	0	2	1	2	0	1	1	0	0	0	1	0	0	1	2	2	1	1	2	2	1	1	2	0	1	1	1	1	1	2	2	0	2	0	2	1	2	0	2	1	1	2	1	1	2	2	0	1	1	1	0	0	2	1	2	0	2	0	0	1	0	1	0	0	1	0	1	1	1	1	1	1	0	0	1	0	1	2	1	1	0	2	0	0	0	1	1	0	2	1	0	1
chr4.s_67739652	0	1	1	1	1	0	0	1	1	1	0	0	0	0	0	0	0	0	0	0	0	0	0	0	0	0	0	0	0	0	2	0	0	1	1	0	0	1	0	1	0	0	0	0	0	1	1	0	1	1	0	0	0	0	1	1	0	0	0	0	0	0	1	0	1	0	0	2	1	1	1	1	0	0	1	1	2	1	1	0	0	0	0	0	0	0	0	0	1	1	0	1	0	1	0	0	0	0	0	0	2	1	0	0	1	1	0	0	1	0	0	0	0	0	0	0	1	0	0	0	1	1	1	1	1	1	1	1	0	2	0	0	0	1	1	1	0	0	0	0	0	0	0	0	0	0	1	1	0	1	0	1	2	1	1	2	1	1	1	0	1	1	1	1	1	0	0	1	1	1	2	0	0	0	0	0	0	0	0	0	0	2	1	1	0	0	0	1	1	0	0	1	1	0	0	0	0	0	0	1	0	0	2	0	1	0	1	0	0	0	2	0	1	1	0	0	0	1	0	0	1	0	1	0	0	0	2	0	1	1	0	1	0	2	1	0	0	0	1	1	1	0	1	0	2	0	0	0	0	2	0	1	1	0	0	1	0	1	1	0	1	1	1	0	0	1	0	1	0	1	0	1	0	0	0	1	0	0	1	0	0	1	0	0	1	0	0	0	0	0	0	0	0	1	0	1	0	0	0	0
chr3.s_6306459	1	0	0	0	0	0	0	0	0	0	0	0	0	0	0	1	1	0	0	0	0	0	0	0	0	0	0	0	0	0	0	0	1	0	0	0	0	0	0	0	0	0	0	0	0	0	0	0	0	1	1	0	0	0	0	0	0	0	0	0	0	0	0	0	1	0	0	1	1	1	0	0	1	1	0	0	0	0	0	0	0	0	1	1	0	0	0	0	0	0	0	0	0	0	1	1	0	0	0	0	0	0	0	0	0	0	1	1	0	0	0	0	0	0	1	1	0	1	0	0	0	0	0	0	1	1	1	0	0	0	1	1	1	0	1	1	0	0	0	0	0	0	0	0	0	0	0	0	0	0	0	0	0	1	0	0	0	0	0	0	0	0	0	0	0	0	0	0	0	0	0	0	0	0	0	1	0	0	0	0	0	0	0	0	0	1	0	1	1	1	1	0	0	0	0	0	0	0	0	0	0	0	0	1	0	1	0	0	0	0	0	1	0	0	0	0	0	0	1	0	1	0	0	0	0	0	1	0	0	0	0	0	0	0	0	0	0	0	0	0	0	0	0	0	0	1	0	0	0	0	0	0	0	0	0	0	0	0	0	1	1	0	0	0	0	0	1	0	0	0	0	0	0	1	0	0	1	0	0	0	0	0	0	0	0	0	1	0	0	0	1	0	1	0	0	0	0	1	0	0
chr1.s_37285574	0	1	0	1	0	0	0	0	0	0	0	0	0	0	1	0	0	0	0	0	0	0	0	0	0	0	0	0	0	1	0	1	0	1	1	0	1	1	1	1	0	0	0	0	0	0	0	0	0	1	1	0	0	0	0	1	0	0	0	0	0	1	0	0	0	1	0	2	1	1	0	0	0	0	0	0	0	0	0	1	1	0	0	0	0	0	0	0	0	0	0	0	0	0	0	0	1	1	0	1	1	1	0	0	0	0	0	0	0	0	0	0	0	0	0	0	0	1	0	0	0	0	0	0	0	0	1	1	0	0	1	1	0	0	0	0	0	0	1	0	0	1	1	0	0	0	0	0	0	0	0	0	0	0	0	1	1	0	1	0	0	0	0	0	0	0	0	0	0	0	0	0	0	1	0	0	0	0	0	0	1	0	0	0	0	0	0	2	1	1	1	0	1	0	1	1	0	0	0	0	0	1	0	0	1	0	0	0	0	1	0	0	0	1	0	1	0	1	1	0	0	0	0	0	0	0	1	1	0	1	0	0	0	1	0	0	0	0	0	0	1	0	1	1	0	0	0	0	1	0	0	1	0	0	1	0	0	0	0	0	1	0	1	0	0	0	1	0	0	0	0	0	0	1	0	0	0	1	0	0	0	0	0	0	0	0	1	2	0	0	0	0	0	0	1	0	0	0	0	0
chr3.s_58891851	1	0	0	1	0	0	0	0	0	0	0	0	1	1	0	0	1	1	1	1	0	0	0	0	0	0	0	0	0	1	0	1	0	0	0	0	0	1	1	2	1	0	0	0	1	1	1	1	1	0	0	1	1	1	2	1	0	0	0	0	0	0	0	2	0	0	0	1	0	0	0	0	0	0	1	0	0	0	0	1	0	0	0	0	0	0	1	1	1	1	1	0	1	0	0	0	0	0	0	0	1	1	0	0	0	0	0	0	0	0	0	0	0	0	0	1	1	0	0	0	0	0	0	0	1	1	1	0	0	0	1	0	0	1	0	0	0	0	0	1	0	0	1	1	0	0	1	0	0	0	1	0	0	1	0	1	0	0	1	0	0	0	0	0	0	0	0	0	0	0	0	0	0	0	0	0	1	1	0	0	0	1	1	0	1	0	1	1	1	1	0	0	1	0	0	0	1	0	0	0	1	0	1	0	0	0	1	1	0	0	0	0	0	1	0	0	0	0	0	0	1	1	0	0	0	1	1	0	0	0	1	0	0	1	0	0	0	0	0	0	1	0	1	0	0	0	1	1	0	1	0	0	0	0	0	0	0	0	1	1	1	1	2	1	1	0	0	0	0	0	1	0	0	0	2	0	0	0	0	0	0	1	0	0	0	1	0	0	1	1	0	1	0	0	0	1	0	0	1	1
chr10.s_4248287	1	1	0	1	0	1	1	1	1	1	0	0	1	1	1	0	1	2	0	0	0	1	1	1	1	1	1	2	2	1	1	1	2	1	0	0	0	0	0	0	0	0	1	2	0	0	0	0	0	0	0	0	0	2	1	1	0	0	1	1	1	1	1	0	1	1	0	0	0	0	0	0	0	1	0	0	0	1	1	1	2	0	0	0	1	2	1	1	1	1	1	1	1	0	1	1	1	1	0	1	0	1	0	1	0	0	1	0	0	1	1	0	0	0	0	1	1	1	0	0	1	2	0	1	2	2	2	1	1	0	1	1	0	1	0	0	0	0	1	0	0	1	1	0	0	0	1	1	1	1	1	2	1	1	1	1	1	1	0	0	0	0	1	2	1	1	0	1	1	1	0	1	1	1	1	1	0	1	2	2	2	1	1	1	1	2	1	1	0	2	1	0	0	0	1	1	1	1	0	0	1	1	0	0	2	2	0	1	1	1	1	1	1	1	0	1	0	0	0	0	1	0	1	1	1	1	0	0	2	0	0	0	2	0	1	0	0	0	1	0	1	0	0	1	1	1	0	0	1	0	0	1	0	1	2	0	0	0	1	2	0	2	0	0	0	0	0	1	1	0	0	1	0	1	1	0	1	1	1	0	0	0	2	1	0	0	1	2	2	0	0	0	1	0	1	1	1	1	1	0
chr1.s_237643869	0	1	1	1	0	0	0	1	0	0	0	0	0	0	1	0	0	0	2	1	0	0	0	0	0	0	0	0	0	0	1	0	0	0	0	0	0	1	1	2	1	0	0	0	1	0	0	1	0	0	0	0	0	0	0	0	0	0	0	0	0	0	0	0	0	0	0	2	1	1	0	0	0	0	0	1	0	0	0	1	1	1	1	0	0	0	0	0	1	0	0	1	0	1	0	0	0	1	1	0	1	1	0	0	0	0	1	1	0	1	0	0	0	0	0	0	0	1	1	1	0	0	1	1	1	1	1	0	0	2	0	0	0	0	0	0	1	1	1	0	0	0	0	1	0	0	0	0	0	0	0	0	1	0	0	1	0	0	1	0	1	0	0	0	0	0	0	0	0	1	0	1	0	2	1	0	1	1	0	0	0	0	0	2	1	1	1	1	1	0	0	0	2	1	0	0	0	0	0	0	0	1	0	1	0	0	0	0	1	0	1	0	1	1	0	1	1	0	0	0	1	1	0	0	0	0	1	0	0	1	1	1	1	1	2	0	0	0	1	0	2	0	1	1	0	0	0	1	1	0	1	1	0	0	1	0	0	0	0	0	1	0	1	0	0	0	0	0	0	1	0	1	0	0	1	0	0	0	0	0	0	0	1	1	1	1	0	0	0	0	0	0	0	1	0	0	0	0	0	0
chr2.s_168428727	0	0	0	0	0	0	0	0	0	0	0	0	0	0	0	0	0	0	1	1	0	0	0	0	0	0	0	0	0	0	0	0	0	0	0	0	0	0	0	0	0	0	0	0	0	0	0	0	0	0	0	0	0	0	0	0	0	0	0	0	0	0	0	0	0	0	0	0	0	0	0	0	0	0	0	0	0	0	0	0	0	0	0	0	0	0	0	0	0	0	0	0	0	0	0	0	0	0	0	0	0	0	0	0	0	0	0	0	0	0	0	0	0	0	0	0	0	0	0	0	0	0	0	0	0	0	0	0	0	0	0	0	0	0	0	0	0	0	0	0	0	0	0	0	0	0	0	0	0	0	0	0	0	0	0	0	0	0	0	0	0	0	0	0	0	0	0	0	0	0	0	0	0	0	0	0	0	0	0	0	0	0	0	0	0	0	0	0	0	0	0	0	0	0	0	0	0	0	0	0	0	0	0	0	0	0	0	0	0	0	0	0	0	0	0	0	0	0	0	0	0	0	0	0	0	0	0	0	0	0	0	0	0	0	0	0	0	0	0	0	0	0	0	0	0	0	0	0	0	0	0	0	0	0	0	0	0	0	0	0	0	0	0	0	0	0	0	0	0	0	0	0	0	0	0	0	0	0	0	0	0	0	0	0	0	0	0	0	0	0	0	0	0	0	0	0	0	0	0	0
chr1.s_227855182	0	1	0	0	1	2	1	0	0	0	0	0	1	2	1	2	1	0	0	1	1	1	2	2	1	1	1	1	1	1	0	1	0	2	2	0	1	0	1	0	1	1	0	1	0	0	0	1	0	0	0	0	1	1	0	1	1	1	1	1	1	2	0	0	0	2	1	0	1	1	1	0	1	1	0	1	0	0	1	0	1	0	1	1	1	1	1	1	0	0	0	1	0	1	0	1	2	1	0	1	0	1	2	1	0	0	1	0	1	2	1	1	1	0	1	0	1	2	2	2	2	2	1	1	1	1	1	1	0	1	1	2	1	1	2	1	1	0	2	0	1	2	1	0	2	2	1	1	1	0	0	0	1	0	1	1	1	1	0	1	1	1	1	1	0	1	0	0	0	1	0	1	1	0	0	1	1	1	1	1	1	0	0	1	0	0	1	1	0	1	1	1	0	1	1	1	1	1	0	0	0	2	0	1	2	1	0	1	1	1	0	2	1	1	0	1	0	0	1	2	1	1	1	1	2	1	1	1	1	2	0	1	1	0	1	1	1	0	0	1	0	0	0	1	0	1	1	0	1	0	1	1	0	1	2	0	1	1	1	1	0	1	0	1	0	1	1	1	1	1	0	1	1	1	0	1	0	1	0	0	1	0	0	1	0	0	2	1	1	0	1	0	1	0	1	0	0	0	1	1
chr1.s_154154692	0	0	0	0	0	0	0	0	0	0	0	1	1	1	0	1	1	1	0	0	0	0	0	0	1	1	1	0	0	0	0	0	1	0	0	1	1	1	0	0	0	0	0	0	1	1	0	0	0	0	1	1	1	1	1	0	0	0	0	0	0	0	0	0	1	1	1	0	0	0	0	0	0	0	0	0	0	0	1	0	0	0	0	1	1	1	0	0	0	1	1	0	0	0	1	2	1	0	0	0	0	0	0	0	0	0	0	0	0	0	1	2	1	1	1	1	2	0	0	0	0	0	0	0	0	0	0	0	0	0	0	0	0	0	0	0	0	0	0	0	1	0	0	0	0	0	1	0	0	0	0	0	0	1	0	0	0	0	0	0	0	0	0	0	0	0	0	0	0	0	0	1	0	0	1	0	0	0	0	0	1	0	0	0	0	1	1	0	0	0	1	0	0	0	1	1	0	0	0	0	0	0	1	0	0	1	0	1	0	0	0	0	0	0	1	0	0	0	0	0	0	0	0	0	1	0	0	0	0	0	0	0	0	0	0	0	0	0	0	0	0	1	0	0	0	1	2	2	0	0	1	0	1	0	0	1	0	1	0	0	1	0	0	0	1	1	0	0	1	0	0	0	1	0	2	0	0	0	0	0	0	1	0	0	0	0	0	1	1	0	0	0	1	0	0	1	1	0	1	0
chr6.s_134236893	0	0	1	0	0	0	0	0	0	0	0	1	0	1	1	1	0	0	0	0	0	0	0	0	0	0	0	0	0	0	0	0	0	0	0	1	0	0	0	0	0	0	0	1	0	0	0	0	0	0	0	0	1	0	0	0	0	0	0	0	0	0	0	0	0	1	2	0	0	0	0	0	0	1	0	0	0	1	1	1	0	0	0	0	0	0	0	0	0	0	0	0	0	0	0	0	0	0	1	0	0	0	1	0	0	0	1	0	0	0	0	0	1	1	1	0	0	1	0	0	0	0	0	0	0	0	0	0	0	0	0	0	1	0	0	0	0	0	1	0	1	1	0	0	0	0	0	0	0	0	0	0	0	0	1	0	0	0	0	0	0	0	1	1	0	1	0	0	0	0	0	0	1	0	0	0	0	0	0	0	0	0	0	0	0	0	0	0	1	0	0	0	0	0	0	0	1	1	0	0	0	0	0	2	0	0	0	0	0	0	0	0	0	0	0	0	0	0	0	0	0	0	0	0	1	0	0	1	0	0	1	0	0	0	0	1	0	0	0	0	0	0	0	2	0	0	1	0	0	0	0	0	1	0	0	1	0	1	0	0	0	0	0	0	0	0	1	0	1	0	0	0	0	0	0	0	1	0	0	1	0	0	0	0	0	1	0	0	0	1	0	1	0	0	0	0	0	0	0	0
chr9.s_11189330	1	0	0	1	1	0	0	1	1	1	0	1	0	0	0	0	0	0	0	0	0	0	0	0	1	1	1	0	0	0	1	0	0	0	0	1	1	1	1	1	2	1	0	1	0	0	0	1	0	0	0	0	0	0	0	0	0	0	0	0	0	0	0	1	1	1	1	0	1	0	2	1	1	2	0	1	0	0	0	0	1	1	1	1	0	0	1	1	1	0	0	0	1	1	1	1	1	0	0	1	0	0	1	0	0	0	2	1	1	2	1	1	1	0	1	1	0	0	0	0	0	0	0	0	0	0	0	1	0	0	1	0	0	1	1	0	0	0	1	0	0	1	0	0	0	0	0	1	1	1	0	0	0	0	0	0	0	1	0	1	0	0	1	1	0	1	0	1	1	2	1	0	0	0	0	1	0	0	1	1	1	0	0	0	1	0	1	0	0	1	1	1	0	1	2	1	1	2	1	0	0	0	0	0	0	0	0	1	0	1	0	0	1	0	1	0	0	1	0	0	0	1	0	0	0	1	0	0	1	0	1	1	1	0	1	0	0	1	0	0	1	1	0	1	1	1	0	0	0	0	1	0	1	0	0	0	0	0	0	1	1	0	1	0	0	0	1	1	1	0	0	0	1	1	0	0	1	1	0	0	0	0	1	1	0	0	0	1	0	0	0	0	0	0	0	1	1	1	0	0
chr1.s_173185360	0	0	1	1	1	2	2	1	1	0	0	1	2	1	2	0	1	1	0	1	2	1	0	0	0	0	0	1	1	2	0	1	0	0	1	1	1	0	2	1	2	2	1	1	1	0	0	0	0	1	2	1	0	1	1	1	1	2	1	0	0	2	0	1	0	0	1	0	1	1	2	2	1	1	2	0	0	2	1	2	2	0	0	1	1	0	0	0	0	0	0	2	2	1	0	0	0	1	2	2	0	1	2	2	1	1	1	1	1	0	1	1	1	1	1	2	1	2	2	2	2	1	1	0	1	1	2	2	0	2	0	1	2	2	1	1	1	1	1	1	0	2	2	1	1	1	0	1	0	1	1	0	1	0	2	1	1	1	0	1	2	1	1	2	2	1	1	2	1	1	1	2	2	0	0	1	2	1	0	0	1	1	1	1	1	0	2	0	1	1	1	1	0	1	1	1	1	1	1	1	0	1	0	2	2	1	1	0	0	0	0	0	1	1	1	2	0	0	2	1	2	1	1	1	1	1	0	1	0	1	1	2	0	0	1	1	1	1	1	1	0	2	0	1	1	0	0	1	2	1	0	1	1	0	2	1	1	0	2	1	0	1	0	2	1	1	1	1	2	1	2	0	1	1	1	2	0	0	1	1	1	1	1	0	0	2	1	0	2	1	2	1	0	1	2	1	0	0	1	2
chr5.s_43500270	0	1	0	1	0	0	0	0	0	0	0	0	0	0	1	0	0	1	0	1	1	1	1	1	1	1	1	2	2	0	1	2	0	1	0	0	0	1	0	1	0	0	0	0	1	0	0	0	0	1	1	0	0	0	1	1	1	2	2	2	2	0	0	1	0	1	0	1	0	0	0	0	0	0	0	0	0	0	0	0	0	0	0	1	1	1	2	2	0	0	0	1	1	1	1	0	1	1	0	0	1	1	0	0	0	0	0	0	0	0	0	0	0	0	0	0	0	0	1	1	1	1	1	1	2	2	1	0	1	0	2	1	0	0	0	0	1	1	0	1	0	0	1	1	1	1	2	1	1	1	1	0	0	1	1	2	0	0	1	0	0	0	0	0	0	0	0	0	0	0	0	1	0	0	0	1	2	2	1	1	0	0	0	0	0	0	0	1	0	1	0	0	1	0	0	0	0	1	1	0	1	1	0	0	0	0	1	1	1	1	0	1	1	1	1	1	0	0	2	1	2	1	0	1	0	0	1	0	1	0	0	0	1	1	1	0	1	0	0	0	1	1	1	0	0	0	1	1	1	0	0	0	0	0	0	0	0	0	1	1	1	1	2	2	0	0	1	1	0	0	0	2	1	1	1	1	1	1	0	0	1	1	0	0	0	1	0	1	0	0	1	1	0	0	0	0	0	0	0	1
chr1.s_172567018	1	2	1	1	1	0	0	1	1	2	2	1	0	0	0	0	0	1	1	0	0	1	2	2	2	2	2	1	1	0	1	1	1	2	1	0	0	1	0	1	0	0	0	0	1	2	2	2	1	0	0	1	1	0	0	0	1	0	1	2	2	0	1	1	1	2	1	2	1	1	0	0	1	1	0	1	0	0	0	0	0	1	2	0	1	2	1	1	1	1	2	0	0	1	2	2	2	1	0	0	2	1	0	0	0	0	1	1	1	1	0	1	1	1	0	0	1	0	0	0	0	1	1	2	1	1	0	0	1	0	2	1	0	0	1	1	1	1	1	1	1	0	0	1	1	1	2	1	2	0	1	1	0	1	0	1	0	0	2	1	0	0	0	0	0	1	1	0	1	1	0	0	0	2	2	1	0	1	2	2	1	0	1	1	1	2	0	2	1	1	0	1	1	0	1	1	0	1	1	1	2	1	1	0	0	1	0	2	1	2	1	1	1	1	1	0	2	2	0	0	0	1	0	1	0	0	2	1	2	1	1	0	2	1	1	1	1	1	1	0	2	0	2	1	0	1	1	1	0	0	2	1	1	2	0	1	0	1	0	1	1	1	1	0	1	1	1	1	0	1	0	2	0	1	1	0	2	1	0	1	1	0	1	1	2	0	0	2	0	0	1	0	1	0	0	1	1	2	0	0
chr7.s_48445484	0	0	0	0	1	0	0	0	0	0	0	0	1	0	1	0	0	0	0	0	0	0	0	0	0	0	0	0	0	1	0	0	1	0	0	0	0	0	0	0	1	1	1	2	0	0	0	1	0	0	1	1	0	0	0	0	0	0	0	0	0	1	0	0	1	0	0	0	1	0	1	0	0	1	0	1	0	0	0	0	0	0	0	0	0	0	0	0	0	0	0	0	0	0	1	1	0	0	0	0	0	0	1	1	0	0	1	0	0	2	2	1	0	0	0	0	0	0	1	1	0	0	0	0	0	0	1	1	0	0	0	0	0	1	1	0	1	1	1	0	0	0	0	0	0	0	0	0	0	0	0	0	0	1	0	0	0	1	0	1	0	0	1	1	0	1	0	0	0	1	0	2	0	0	0	0	1	1	0	0	1	0	0	0	0	1	0	0	0	0	0	1	0	1	1	0	1	1	0	0	0	1	0	0	0	1	0	0	0	0	0	0	0	0	1	0	0	0	0	0	0	0	0	0	0	0	0	0	0	0	0	0	0	0	0	0	0	0	0	0	0	1	0	1	0	1	0	1	1	0	1	1	0	0	2	0	0	0	0	0	0	0	0	0	0	0	0	0	1	0	0	0	0	1	0	0	0	0	0	0	0	1	0	1	0	1	0	0	1	0	1	0	1	0	0	0	0	0	0	0
chr1.s_276812573	0	0	0	0	1	0	0	0	0	0	0	0	0	0	0	0	1	1	0	1	1	0	0	0	0	0	0	0	0	0	0	0	1	0	1	0	1	0	1	0	0	0	0	0	0	0	0	0	0	0	0	0	0	1	1	0	1	1	0	0	0	0	0	0	1	0	0	1	1	1	0	0	0	0	0	0	0	0	0	0	0	0	0	1	1	0	0	0	0	0	0	1	0	1	1	1	0	0	0	1	0	0	0	0	0	0	0	0	0	0	0	0	0	0	0	1	1	0	1	1	1	0	2	1	0	0	0	0	0	1	0	0	0	0	0	0	0	0	0	0	0	0	0	0	1	1	0	0	0	0	0	0	1	1	0	0	1	0	1	1	0	1	1	0	0	0	0	1	1	1	0	0	0	0	0	1	1	0	0	0	0	0	0	1	0	1	0	0	0	0	1	1	0	0	0	0	0	0	0	0	0	0	0	0	0	1	0	0	0	0	1	0	1	0	0	1	0	0	1	1	1	1	0	0	0	0	0	0	0	1	0	1	0	0	1	0	1	0	0	0	0	0	0	0	1	1	0	0	0	0	0	1	0	0	0	0	0	0	1	0	0	0	0	1	0	0	1	0	0	1	0	0	1	0	1	1	0	0	0	0	1	0	0	0	1	0	0	0	1	0	1	0	1	0	0	1	0	0	1	1
chr7.s_33140697	1	2	2	0	1	0	0	1	1	1	2	0	0	0	0	1	1	0	0	1	1	1	2	2	1	1	1	1	1	1	0	1	1	2	2	1	1	0	1	0	0	1	0	1	0	2	2	0	0	0	0	0	0	0	0	0	1	1	1	2	2	1	1	0	0	1	1	1	1	1	1	1	0	1	0	0	0	0	0	0	0	0	1	1	1	1	1	1	0	0	1	0	0	0	0	0	1	2	2	1	0	0	0	0	0	1	2	2	1	0	0	0	0	0	0	0	0	0	1	1	1	1	2	2	1	1	1	2	1	1	1	2	2	0	0	0	0	0	1	1	0	0	0	0	2	2	2	1	1	1	1	1	0	0	1	0	1	0	0	0	0	0	1	1	1	1	1	2	2	1	0	0	0	0	1	2	1	1	2	2	2	0	1	0	0	0	0	1	1	2	2	1	0	0	1	1	2	1	1	1	1	1	1	1	0	0	0	1	1	1	1	2	1	0	0	1	0	1	1	1	1	1	0	2	0	0	0	2	1	1	1	0	2	0	1	1	2	1	2	0	1	1	1	2	1	0	0	0	0	0	0	2	2	2	1	1	1	0	1	2	0	1	0	1	1	0	2	2	0	1	0	2	1	1	0	1	2	1	1	0	1	0	1	0	2	1	1	2	0	2	1	0	0	0	1	0	1	1	0	1
chr10.s_124861611	1	1	1	0	1	0	0	0	0	0	0	0	0	1	0	1	1	1	1	1	2	2	1	1	1	1	1	1	1	0	0	2	0	1	1	1	1	0	1	0	0	0	0	0	0	0	0	0	0	0	0	0	1	1	1	1	1	1	1	1	1	0	0	0	0	1	1	1	1	1	0	0	0	0	0	0	0	1	2	0	1	1	1	1	1	1	1	1	0	0	1	1	0	1	0	0	1	1	1	1	0	0	0	0	1	1	0	0	0	0	0	0	0	0	1	1	1	1	1	1	1	1	2	2	2	2	1	0	1	1	1	1	1	1	0	0	0	0	0	0	1	1	1	1	1	1	1	1	1	0	1	2	2	0	1	0	2	1	0	0	0	0	0	1	1	0	0	1	1	1	0	0	0	1	2	1	1	1	1	1	0	1	2	1	0	0	0	1	1	1	1	0	0	0	0	0	0	0	0	0	1	1	0	1	1	0	0	2	1	1	1	1	1	0	0	1	1	0	1	2	2	1	0	1	1	0	0	1	1	1	1	1	1	1	1	0	1	0	1	1	0	0	0	0	1	0	1	0	0	0	0	0	1	1	0	1	1	1	2	1	0	2	0	1	0	0	1	1	0	1	0	1	1	0	1	1	1	1	1	0	1	0	1	0	0	1	1	1	1	1	1	1	1	0	1	1	1	1	2	1
chr2.s_219351615	1	1	2	1	1	1	0	1	1	2	2	1	1	1	2	1	1	0	1	1	0	0	1	1	0	0	0	0	0	2	1	1	2	1	1	2	1	2	1	2	1	1	1	1	0	2	2	0	0	1	1	1	1	1	1	2	0	0	0	1	1	2	1	0	2	1	2	2	1	2	1	1	2	1	1	1	1	2	1	1	1	1	1	0	0	0	0	0	0	1	1	0	0	0	1	2	1	0	1	0	2	2	1	1	0	0	1	1	1	1	1	1	2	2	1	1	1	2	0	0	1	1	1	1	1	1	2	2	1	1	0	1	2	1	1	1	2	1	1	2	0	2	2	1	1	1	1	1	1	0	1	1	1	2	2	2	1	1	2	1	1	2	1	1	1	0	0	0	1	0	1	0	2	1	0	1	1	1	0	0	2	0	0	1	1	2	0	1	2	1	1	1	1	0	1	2	0	1	1	2	0	0	1	2	2	2	1	0	0	1	1	1	1	2	1	0	1	2	1	1	1	0	0	1	1	1	2	2	1	1	1	1	1	1	1	2	1	1	1	1	2	0	2	1	0	2	0	0	1	1	1	2	2	1	1	2	1	1	1	1	1	1	1	1	1	2	0	1	1	1	1	0	1	2	0	1	0	1	1	1	1	1	0	1	2	2	2	1	1	1	1	1	2	1	2	1	1	1	1	1
chr1.s_16635667	0	1	1	0	0	0	0	0	0	1	1	0	0	0	0	0	0	0	0	0	0	0	0	0	0	0	0	0	0	0	0	0	0	0	0	0	0	0	0	0	0	0	0	0	1	1	1	0	0	0	0	0	0	0	0	0	0	0	0	0	0	0	0	0	0	0	0	0	0	0	0	0	0	0	0	0	0	0	0	0	0	0	0	0	0	0	0	0	0	0	0	0	0	0	0	0	0	0	0	0	0	0	0	0	0	0	0	0	0	0	0	0	0	0	0	0	0	0	0	0	0	0	0	0	0	0	0	0	0	0	0	0	0	0	0	0	0	0	0	1	0	0	0	0	0	0	0	0	0	0	0	0	0	0	0	0	0	0	0	0	0	0	0	0	0	0	0	0	1	0	0	0	0	0	0	0	0	0	0	0	0	0	0	0	0	0	0	0	0	0	0	0	0	0	0	0	0	0	0	1	0	0	0	0	0	0	0	0	0	0	0	0	0	0	0	0	0	1	0	0	0	0	0	0	0	0	0	0	0	0	0	0	0	0	0	0	0	0	0	0	0	0	0	0	0	0	0	1	0	0	0	0	0	0	0	0	0	0	0	0	0	0	0	0	0	0	0	0	0	0	0	0	0	0	1	0	0	0	0	0	0	0	0	0	1	0	0	0	0	0	0	0	0	0	0	0	0	0	0	1
chr5.s_189082526	1	1	1	1	0	1	0	1	0	1	1	1	0	0	2	1	1	1	0	0	0	0	0	0	1	1	1	1	1	0	2	1	0	0	0	0	0	0	1	1	1	0	0	0	0	1	1	2	2	1	0	1	1	0	1	1	1	0	0	0	0	1	1	1	1	0	0	0	0	1	1	1	2	1	0	2	2	1	0	1	0	1	1	1	0	0	1	1	2	1	0	2	1	2	1	0	0	1	1	1	1	1	1	0	0	0	0	0	1	1	0	1	2	1	1	1	0	0	1	1	1	1	1	1	0	0	0	1	0	2	1	1	1	0	0	0	1	0	0	1	0	1	0	0	0	0	1	0	1	1	0	0	1	1	0	0	0	0	0	0	0	1	0	0	0	1	1	0	1	1	1	1	1	0	0	0	0	0	0	0	0	1	0	1	0	0	0	1	1	0	0	0	0	0	0	1	0	0	0	2	1	1	1	0	1	0	1	0	0	1	2	1	1	0	0	0	1	2	0	0	0	1	1	1	0	0	0	0	0	1	1	1	0	0	1	1	0	1	1	1	0	0	0	0	1	0	0	0	1	1	1	1	0	0	0	1	0	1	0	0	1	0	1	0	0	2	0	1	0	1	0	0	0	0	0	1	0	1	0	2	1	1	0	2	2	0	1	0	0	0	0	1	0	1	1	1	0	1	0	0
chr5.s_4117387	0	0	0	0	0	0	0	0	0	0	0	0	0	0	1	0	0	0	0	0	0	0	0	0	0	0	0	0	0	1	1	0	0	0	0	0	0	0	0	0	0	0	1	1	0	0	0	1	0	0	0	0	0	1	0	0	0	0	0	0	0	0	2	1	0	0	0	0	0	0	1	1	1	1	0	1	0	0	0	1	0	0	1	0	0	0	0	0	1	1	0	0	1	0	0	0	0	0	0	0	0	1	0	0	0	0	0	0	0	1	0	0	0	0	0	0	0	0	1	1	0	0	0	0	0	0	0	0	0	0	0	0	0	0	0	0	1	1	0	0	0	0	0	0	0	0	0	0	0	1	0	0	0	0	0	0	0	0	0	0	0	0	0	0	0	0	0	0	0	1	0	1	0	0	0	0	0	0	0	0	0	1	0	0	1	0	1	1	1	0	0	0	0	0	0	0	1	0	0	0	0	1	0	0	0	0	0	0	0	0	1	0	0	0	0	1	0	1	0	0	0	0	0	1	0	2	0	0	0	0	0	0	1	0	0	0	1	0	0	0	1	0	0	0	0	1	0	0	1	0	1	0	0	0	1	0	0	0	0	0	0	0	0	0	0	0	0	1	0	0	1	0	0	0	0	0	0	0	0	0	0	0	0	1	0	0	0	0	0	1	1	0	0	0	1	0	0	1	0	0
chr9.s_121852075	1	1	1	2	2	1	2	1	1	1	1	1	2	2	2	1	0	1	2	1	0	0	1	1	1	1	1	1	1	1	1	1	1	1	1	1	1	2	1	2	2	1	2	2	2	1	1	1	1	1	2	1	1	0	0	1	0	1	1	0	0	2	1	1	0	1	1	2	2	1	2	2	0	1	1	0	0	1	1	1	1	2	2	1	0	0	1	1	1	2	1	2	1	2	1	1	1	0	0	0	1	1	2	2	1	0	1	0	0	1	2	2	2	2	2	1	1	1	0	0	0	0	1	1	0	0	1	2	0	2	1	0	0	1	2	2	0	1	2	0	2	2	2	2	1	1	1	1	1	2	0	0	1	0	1	2	0	1	2	2	2	0	1	1	0	1	0	0	0	0	0	2	2	1	1	1	0	0	0	0	1	1	0	1	0	0	1	0	0	0	1	1	2	2	1	0	1	2	1	0	1	0	1	0	1	1	1	1	1	1	2	0	1	2	2	0	2	0	1	1	0	0	1	0	2	0	2	1	1	2	0	2	1	1	1	2	0	1	1	0	2	2	2	2	0	1	1	2	2	0	1	2	1	1	1	0	1	1	0	0	2	0	2	0	1	0	1	1	2	2	1	0	1	2	1	1	1	1	0	1	1	1	0	1	1	0	1	0	1	0	1	2	1	1	1	1	1	0	1	0
chr2.s_53272759	1	1	1	1	2	1	1	1	1	0	0	2	1	0	1	1	1	0	1	1	0	0	0	0	0	0	0	0	0	0	0	0	1	0	1	0	1	0	1	0	1	1	1	1	2	1	0	0	0	0	1	1	0	0	0	1	0	0	0	0	0	0	0	0	0	0	0	1	2	2	1	1	2	2	1	0	0	1	0	1	2	1	0	0	0	0	0	0	0	0	0	1	1	0	0	0	0	0	0	2	0	0	1	1	1	1	1	1	2	0	1	1	1	1	0	0	0	1	0	0	0	0	1	1	0	0	0	0	0	0	0	1	1	1	1	1	1	1	1	1	0	1	1	0	0	0	0	0	0	0	1	0	0	0	0	0	1	1	0	1	1	1	1	1	1	1	1	2	1	1	0	1	1	1	0	0	1	1	0	0	1	0	0	1	1	1	0	0	0	1	1	1	0	1	2	2	2	1	1	0	0	0	1	0	1	0	1	1	0	0	1	1	0	0	1	0	0	0	0	0	0	0	0	1	0	0	0	0	0	0	0	0	1	0	0	1	0	1	0	1	1	1	0	1	1	0	1	2	1	0	0	1	1	0	0	0	1	0	0	1	0	0	0	1	1	1	1	0	1	0	1	0	0	0	1	0	0	1	1	1	0	1	1	0	1	1	2	1	0	1	0	1	0	1	2	0	0	1	0	1
chr9.s_96268153	1	1	1	1	0	0	0	1	1	1	1	1	0	1	0	1	0	0	0	0	0	0	1	1	1	1	1	0	0	0	1	1	1	1	1	1	1	1	0	0	0	0	0	0	0	0	1	1	1	0	0	1	2	1	1	1	0	0	0	0	0	1	0	2	0	1	1	0	0	0	1	1	0	0	1	0	0	0	1	0	1	1	1	1	0	0	1	1	1	1	1	1	2	1	1	1	1	0	0	1	1	1	1	0	0	0	0	0	1	0	0	1	1	1	1	0	0	1	0	0	1	1	0	0	0	0	0	0	0	0	1	0	0	0	1	1	0	0	1	1	1	1	0	0	0	0	1	0	0	0	0	0	0	1	1	1	0	0	1	1	1	1	1	0	0	1	1	0	0	0	1	0	0	0	0	1	0	0	0	0	1	0	0	0	1	0	2	0	0	0	1	0	0	0	1	1	0	1	1	0	1	0	0	1	1	0	1	0	0	0	0	0	1	0	1	0	0	0	0	0	0	1	0	0	1	2	1	0	1	0	1	0	0	0	1	1	0	0	0	0	0	0	1	0	0	0	1	0	0	1	1	1	1	1	0	0	0	2	0	0	1	0	1	1	1	0	1	1	1	1	0	0	1	0	0	1	1	1	0	1	0	1	1	0	1	0	0	1	0	0	0	0	0	1	0	1	1	0	0	1
chr10.s_94988732	1	0	0	0	0	0	0	0	0	0	0	0	0	0	1	0	0	0	0	0	0	0	0	0	0	0	0	0	0	0	0	0	0	0	0	0	0	0	0	0	0	0	0	0	0	0	0	0	0	0	0	0	0	0	0	0	0	0	0	0	0	0	0	0	0	0	0	0	0	0	1	1	0	0	0	0	0	0	0	1	0	0	0	0	1	1	0	0	0	0	0	0	0	0	0	0	0	0	0	0	0	0	0	0	0	0	0	0	0	0	0	0	0	0	0	0	0	0	1	1	0	0	0	0	0	0	0	0	0	0	0	0	0	0	0	0	0	0	0	0	0	0	0	0	0	0	0	0	0	0	0	0	0	0	0	0	0	0	0	0	0	0	0	0	0	0	0	0	0	0	0	1	0	0	0	0	0	0	0	0	0	0	0	0	0	0	0	1	1	0	1	0	0	0	0	0	0	0	0	0	0	1	0	0	0	0	0	0	0	0	0	0	0	0	0	1	0	0	0	0	0	0	0	0	0	0	0	0	0	0	0	0	1	0	0	0	0	0	0	0	1	0	0	0	0	0	0	0	1	0	0	0	0	0	1	0	0	0	0	0	0	0	0	0	0	0	0	1	0	0	0	0	0	0	0	0	0	0	0	0	0	0	0	0	0	0	0	0	0	0	0	0	0	0	0	0	0	0	0	1
chr4.s_31449726	1	2	1	0	1	0	0	0	0	0	0	0	2	1	0	0	0	0	0	0	1	1	0	0	1	1	1	0	0	0	1	1	2	1	0	0	0	0	0	0	0	0	0	0	0	0	0	2	2	2	2	1	0	1	1	1	1	1	1	0	0	1	1	1	1	2	1	1	1	1	0	0	0	0	0	1	1	1	1	0	0	1	0	1	0	0	1	1	1	1	0	0	0	1	2	2	2	1	0	0	1	0	1	0	0	0	0	0	0	2	2	2	1	1	0	0	0	0	0	0	0	0	1	1	1	1	1	0	0	1	1	1	0	0	0	0	0	0	0	0	1	1	0	0	0	0	0	0	0	1	0	1	1	2	0	0	1	1	0	0	0	0	0	1	1	0	0	0	0	1	1	1	0	1	0	0	0	0	1	1	1	1	0	1	1	2	0	1	0	1	1	0	1	1	1	1	1	0	0	0	1	1	1	0	0	1	1	0	1	1	2	0	0	0	1	0	0	0	1	0	1	0	1	0	1	1	0	0	0	0	0	1	0	0	0	0	0	0	1	0	0	1	0	0	1	1	0	1	0	1	2	1	0	0	0	0	0	1	0	0	1	0	1	0	0	0	0	0	2	0	0	0	0	1	0	0	0	2	1	0	0	2	0	1	1	0	0	2	0	1	0	0	1	1	0	0	0	0	0	0
chr8.s_128360102	0	0	1	1	1	1	1	1	1	0	0	1	0	0	1	0	0	0	1	0	1	1	0	1	0	1	0	1	0	0	0	0	1	0	1	1	1	1	2	2	2	2	0	0	0	0	0	0	1	1	0	0	0	1	1	1	0	0	0	2	1	1	1	0	2	1	2	1	1	0	1	0	0	0	0	1	2	2	1	1	1	1	1	0	0	1	0	0	0	0	0	2	1	1	1	2	1	1	2	1	1	1	2	0	1	2	1	2	1	1	1	1	2	2	0	0	1	0	0	0	0	0	0	0	2	1	1	0	0	1	0	0	1	2	1	0	0	0	0	0	0	1	1	2	0	0	0	0	1	0	1	1	2	1	1	1	2	2	1	1	0	0	0	1	2	0	1	2	1	1	2	0	1	1	1	0	0	0	0	1	0	1	1	1	0	1	0	0	1	0	1	1	1	1	1	0	0	1	2	1	0	0	1	1	0	1	1	2	0	0	0	1	0	1	1	0	1	0	0	1	1	0	2	1	0	1	1	1	1	1	1	2	0	2	1	1	1	1	0	1	1	0	1	1	2	1	0	0	0	1	1	0	1	0	0	1	2	0	1	0	1	2	1	0	1	0	1	1	1	1	0	0	0	0	0	0	0	0	2	1	0	0	1	0	0	1	0	0	0	1	0	2	2	1	0	0	0	0	1	0
chr1.s_234845239	0	0	0	0	0	0	0	0	0	0	0	0	0	0	0	0	0	0	0	0	0	0	0	0	0	0	0	0	0	0	0	0	0	0	0	0	0	0	0	0	0	0	0	0	0	0	0	0	0	0	0	0	0	0	0	0	0	0	0	0	0	0	0	0	0	0	0	0	0	0	0	0	0	0	0	0	0	0	0	0	0	0	0	0	0	0	0	0	0	0	0	0	0	0	0	0	0	0	0	0	0	0	0	0	0	0	0	0	0	0	0	0	0	0	0	0	0	0	0	0	0	0	0	0	0	0	0	0	0	0	0	0	0	0	0	0	0	0	0	0	0	0	0	0	0	0	0	0	0	0	0	0	0	0	0	0	0	0	0	0	0	0	0	0	0	0	0	0	0	0	0	0	0	0	0	0	0	0	0	0	0	0	0	0	0	0	0	0	0	0	0	0	0	0	0	0	0	0	0	0	0	0	0	0	0	0	0	0	0	0	0	0	0	0	0	0	0	0	0	0	0	0	0	0	0	0	0	0	0	0	0	0	0	0	0	0	0	0	0	0	0	0	0	0	0	0	0	0	0	0	0	0	0	0	0	0	0	0	0	0	0	0	0	0	0	0	0	0	0	0	0	0	0	0	0	0	0	0	0	0	0	0	0	0	0	0	0	0	0	0	0	0	0	0	0	0	0	0	0	0
chr10.s_81349980	0	0	0	1	1	1	0	1	2	2	2	1	0	0	1	0	0	0	1	2	1	1	1	1	1	1	0	1	0	0	0	1	0	1	1	0	0	1	0	1	1	1	0	0	0	1	2	1	0	0	0	1	1	1	1	1	1	1	1	1	0	1	1	1	1	0	0	2	2	2	2	1	1	0	0	1	0	1	1	1	1	1	0	2	1	1	2	1	1	1	1	0	0	0	0	1	1	0	0	1	1	1	1	0	0	1	1	2	1	2	1	1	1	0	0	0	0	0	1	1	1	1	1	1	2	1	1	1	0	1	0	0	0	1	2	1	1	0	1	1	1	0	0	0	1	1	2	1	1	0	0	1	1	1	1	2	1	2	2	2	0	1	0	1	2	1	2	1	1	1	1	0	1	1	1	2	1	1	2	2	1	0	0	0	0	0	0	0	0	1	1	2	1	1	1	1	0	0	1	1	1	0	0	0	0	1	0	1	0	0	0	1	1	2	0	2	1	1	1	2	2	2	0	2	0	1	2	1	2	1	1	0	1	1	1	0	2	1	1	1	2	0	2	1	0	1	0	0	1	0	1	1	1	0	1	0	2	0	1	1	2	1	2	1	2	1	0	2	0	1	0	0	1	0	0	2	0	1	2	1	2	1	1	1	2	0	0	0	0	0	1	0	1	0	1	0	0	0	1	1
chr9.s_143636221	0	0	0	1	0	0	0	0	0	0	0	1	0	0	0	0	0	0	0	0	0	0	0	0	0	0	0	0	0	0	1	0	0	0	0	0	0	0	0	0	0	0	0	0	0	0	0	0	0	0	0	1	1	0	1	1	0	0	0	0	0	0	0	0	0	0	0	0	0	0	0	0	0	0	0	0	0	0	0	0	1	1	0	0	0	0	0	0	0	0	0	1	1	0	0	0	0	0	0	0	1	0	0	0	0	0	0	0	1	0	0	0	0	0	0	0	0	0	0	0	0	0	0	0	0	0	0	0	0	0	0	0	0	0	0	0	0	0	0	0	0	0	0	0	0	0	0	0	0	0	0	0	0	1	0	0	0	0	0	0	0	0	0	0	0	1	1	0	0	0	0	0	0	0	1	0	0	0	1	1	1	0	0	0	0	0	0	0	0	1	0	0	0	0	1	1	1	0	0	0	0	0	0	0	0	0	0	0	0	0	0	0	0	0	0	0	0	0	0	0	0	0	0	0	0	0	0	0	0	0	0	0	0	0	0	0	0	0	0	0	0	0	0	0	0	0	0	0	0	0	0	0	0	0	0	0	0	1	0	1	0	0	0	0	0	0	0	0	0	0	0	0	0	0	0	0	0	1	0	1	0	1	1	0	0	0	0	1	0	1	0	0	0	0	0	1	0	0	0	0
chr4.s_20525455	0	0	0	2	1	0	0	1	1	1	1	0	1	2	0	2	1	0	2	1	1	1	1	1	1	1	1	0	0	1	2	1	2	1	1	0	0	1	1	2	1	0	0	0	1	1	1	2	2	2	1	0	1	1	1	2	1	1	1	1	1	1	1	1	2	1	1	2	1	1	0	0	0	0	0	2	2	0	1	0	2	2	2	1	0	0	1	1	1	2	1	2	2	2	2	1	0	1	1	1	2	1	1	1	0	0	0	0	0	2	1	1	1	1	1	0	1	1	0	0	0	0	1	1	1	1	1	1	0	2	0	1	1	1	1	1	0	0	0	0	2	2	1	1	0	0	1	1	0	2	1	1	2	2	1	2	1	1	1	0	1	0	0	1	1	1	1	1	1	2	1	0	1	2	1	1	0	0	1	1	1	2	1	2	2	2	1	1	1	1	1	1	1	0	1	1	1	1	1	1	0	0	2	0	1	2	1	0	0	0	2	1	1	2	1	0	2	1	1	1	1	0	1	1	2	2	2	1	1	2	0	2	0	1	1	1	0	0	1	0	1	1	2	1	2	1	2	1	0	1	2	1	1	1	0	1	1	2	1	1	2	1	2	0	1	1	0	0	1	2	1	0	0	1	1	0	0	1	1	1	1	1	1	1	1	0	2	1	1	1	1	0	2	2	2	1	0	0	1	1
chr3.s_163837894	1	1	0	0	0	1	1	0	0	0	0	0	0	0	0	0	0	1	0	1	1	0	0	1	0	1	0	2	1	0	0	1	1	1	0	0	0	0	0	0	0	0	1	1	1	0	0	0	1	2	1	0	0	0	0	1	1	2	1	1	0	0	1	0	1	1	0	0	0	1	0	1	1	1	1	0	1	0	0	1	1	0	0	1	1	1	0	0	0	0	1	1	1	0	1	1	1	1	0	0	0	1	0	1	1	0	2	1	1	0	0	0	0	0	0	0	0	1	1	1	1	0	1	0	1	0	0	0	1	0	1	1	0	0	0	1	1	1	1	0	1	1	1	0	1	1	0	0	1	0	1	1	0	1	0	0	0	0	0	0	1	1	1	1	0	1	0	0	0	0	1	0	0	0	0	1	1	0	1	2	0	0	1	1	1	2	0	1	0	1	1	0	1	1	0	1	1	1	0	0	1	1	1	0	1	1	1	1	1	1	0	1	1	0	0	1	0	0	2	1	1	1	1	1	0	0	0	0	1	0	0	0	0	0	1	0	2	0	1	1	0	0	0	1	1	1	0	0	1	1	0	0	0	1	1	0	0	0	1	0	0	1	0	1	0	1	0	1	0	0	1	0	1	0	0	1	1	1	0	0	1	0	1	0	0	0	1	1	0	0	2	1	1	1	1	0	1	1	0	1
chr6.s_158899026	1	0	0	1	0	0	0	0	0	0	0	0	0	0	0	0	0	1	0	0	0	0	0	0	1	1	2	0	1	0	0	0	2	0	0	0	0	1	0	1	0	0	0	1	0	0	0	0	0	1	1	0	0	0	0	0	0	0	0	0	1	0	0	0	2	0	0	1	0	0	0	0	0	1	0	1	1	0	0	0	0	0	1	1	0	0	0	1	0	0	0	1	1	0	1	1	0	0	0	0	1	1	0	0	0	0	1	0	0	0	0	0	0	0	0	0	0	0	0	0	0	0	0	0	0	1	0	0	0	0	1	0	0	0	0	0	0	0	1	1	0	0	0	0	0	0	0	0	0	0	0	0	0	1	0	1	0	0	1	0	0	1	2	1	0	1	0	0	0	0	0	0	0	0	0	0	0	0	0	0	0	0	0	0	0	1	0	1	1	0	0	0	1	0	0	0	1	1	0	0	0	0	0	0	0	1	0	0	1	0	0	0	0	1	0	0	0	0	1	0	0	0	0	0	0	0	1	0	0	0	0	0	1	1	0	0	0	0	0	0	1	0	1	1	0	1	0	0	0	0	0	0	0	0	0	0	0	0	0	1	2	0	1	1	0	0	0	0	0	0	0	1	0	1	0	0	0	0	0	0	0	0	0	1	0	0	0	0	0	0	0	0	1	0	0	0	0	0	0	0
chr3.s_185497481	0	0	1	0	0	0	0	0	0	0	0	0	0	1	0	2	1	1	2	1	0	0	0	0	1	1	1	1	1	0	0	0	0	0	0	2	1	1	1	1	1	0	0	0	0	0	0	1	2	2	1	0	1	1	0	0	0	1	1	0	0	0	0	1	0	0	1	0	0	0	0	0	0	0	0	0	1	0	1	0	0	1	1	0	0	0	1	1	0	0	0	0	0	1	1	0	0	0	1	0	0	1	0	1	1	1	0	0	0	0	0	0	0	0	1	0	1	0	0	0	1	1	0	0	0	0	0	0	0	1	1	1	2	0	0	0	0	0	0	0	2	0	0	1	0	0	0	0	0	0	0	0	0	0	1	0	0	0	0	0	0	0	0	0	0	1	1	0	0	0	1	0	0	1	1	1	0	0	0	0	1	0	0	0	0	0	0	0	1	0	1	0	0	0	0	0	0	0	0	0	1	0	1	1	1	0	0	0	0	0	0	1	0	0	0	0	1	0	1	1	0	0	1	1	1	1	0	1	0	0	1	0	0	1	0	0	0	0	1	1	0	0	0	1	1	0	1	0	0	1	0	1	1	0	0	1	1	1	0	0	0	0	1	0	0	0	1	0	0	0	0	0	1	1	0	0	1	0	0	1	0	0	0	0	1	1	1	0	1	1	1	0	1	1	1	0	1	0	1	0
chr9.s_80796511	1	1	0	0	0	0	0	1	1	1	0	1	1	0	0	0	0	0	0	1	1	1	1	0	1	0	1	0	1	0	1	1	1	1	0	0	0	0	0	0	0	0	0	0	0	0	0	1	0	0	1	1	0	0	0	0	1	1	1	0	1	0	0	0	1	1	0	0	0	0	0	0	0	0	0	1	0	0	0	0	0	1	0	1	1	0	1	1	1	0	1	1	1	0	1	1	1	1	0	1	0	0	0	0	0	0	0	0	0	1	1	1	0	0	0	0	0	0	1	1	1	1	1	1	0	1	0	0	1	0	1	1	0	0	0	0	0	0	0	0	0	0	0	0	1	1	1	1	0	0	1	1	0	1	0	0	0	0	0	0	0	0	0	0	0	1	1	0	0	1	0	1	0	0	0	1	1	1	1	0	0	0	1	0	0	1	0	1	0	1	0	0	0	0	0	0	0	0	0	0	1	1	0	0	0	1	0	0	1	1	0	0	2	0	1	1	0	0	1	1	1	2	0	0	0	0	0	0	1	0	1	0	1	0	0	0	1	0	1	0	0	1	0	0	0	1	0	1	0	0	1	0	0	1	0	0	0	0	1	1	0	0	0	1	0	0	0	0	1	0	0	1	1	0	0	2	1	2	0	1	1	1	1	1	0	0	0	1	0	0	1	0	1	0	0	1	1	1	0	1
chr4.s_128321494	0	1	1	1	1	2	2	1	1	1	0	1	2	1	2	0	0	0	1	1	0	0	0	0	0	0	0	0	0	0	1	1	0	0	0	0	0	0	0	0	0	0	1	0	2	0	0	0	1	1	1	1	0	0	1	1	0	0	0	0	0	0	1	1	0	0	0	1	1	2	0	1	1	0	1	0	1	2	1	1	1	0	0	0	0	0	0	0	1	1	0	0	1	0	0	0	0	1	1	1	1	0	0	2	1	0	0	0	1	1	2	1	1	1	1	1	0	0	0	0	0	0	0	0	1	1	1	0	0	1	0	0	0	0	0	1	1	1	0	0	0	0	0	0	0	0	0	1	0	2	0	1	1	1	0	0	1	1	0	0	1	1	0	1	1	0	0	0	0	0	1	2	2	0	0	1	0	0	1	1	1	1	0	0	1	0	2	0	0	0	0	0	0	0	1	2	1	1	1	0	0	0	1	0	0	1	2	1	0	0	1	0	1	1	2	1	1	0	0	0	1	0	2	0	1	1	0	0	1	0	0	1	0	0	0	1	0	0	1	1	0	2	0	0	1	0	1	2	2	1	0	1	0	0	1	0	0	1	0	0	0	0	0	0	0	1	0	0	1	0	1	0	0	0	1	0	0	0	1	1	1	2	1	0	1	0	0	1	1	1	0	1	0	1	0	0	0	0	0	1
chr5.s_182050495	0	2	1	1	1	1	1	1	0	1	2	1	1	1	1	0	1	2	1	0	1	2	2	1	1	0	1	0	1	0	2	2	1	2	1	0	0	0	1	1	1	1	0	0	0	2	2	2	2	2	1	1	1	2	2	1	0	1	2	0	1	0	2	1	2	1	0	1	1	1	1	1	0	0	0	2	2	1	0	1	0	2	1	1	1	1	2	2	1	2	1	1	1	1	2	1	1	2	1	1	0	0	0	1	0	0	1	1	1	1	0	0	1	1	0	1	2	1	0	0	0	1	1	2	0	1	0	0	0	1	2	2	1	0	1	1	0	0	1	1	1	0	0	1	1	1	2	1	1	1	1	0	0	2	0	0	0	0	0	0	1	1	1	0	0	1	1	0	1	1	1	0	2	2	2	1	0	1	2	1	1	1	0	1	1	2	0	2	1	1	1	1	1	1	1	1	0	0	0	2	1	1	2	1	0	2	1	0	2	2	2	0	1	1	0	0	2	2	1	1	0	0	2	1	1	1	1	1	0	1	0	0	2	0	1	2	1	1	1	0	1	0	1	1	1	1	0	0	0	1	1	1	1	1	0	1	1	0	0	1	1	0	1	0	1	1	0	1	1	1	0	1	0	0	1	1	0	2	0	2	1	1	0	2	2	0	0	2	2	0	1	1	2	2	1	2	0	0	2	0
chr5.s_201367676	1	2	1	2	2	1	2	1	1	2	2	0	1	1	0	1	2	2	0	0	1	1	0	0	1	1	1	1	1	1	1	2	1	1	0	1	1	2	1	2	2	1	2	1	1	2	2	1	2	2	1	1	1	2	2	2	1	1	1	1	1	0	2	1	2	1	0	2	2	1	1	1	1	1	1	1	2	0	0	1	2	1	1	1	1	1	1	1	2	2	1	1	1	1	2	1	1	2	1	1	2	1	1	2	1	0	1	1	0	0	0	0	0	0	1	2	2	1	0	0	0	0	1	1	0	0	0	0	1	1	2	2	1	1	1	1	1	2	0	2	1	1	2	1	0	0	1	1	0	1	0	0	0	2	0	1	0	1	2	2	1	1	1	0	0	1	1	1	2	1	2	1	1	1	1	0	1	1	1	1	1	2	1	1	1	2	0	1	0	1	1	2	2	2	2	1	0	0	0	2	1	1	2	0	1	2	2	0	1	1	2	1	1	2	0	1	0	2	1	1	0	1	2	0	1	1	1	0	1	0	1	0	0	1	1	0	1	0	1	0	1	0	2	0	2	2	0	0	1	1	0	1	1	0	1	0	1	1	0	0	2	0	2	1	1	0	1	0	1	1	2	0	1	1	1	0	1	2	0	1	0	1	1	1	2	1	2	2	2	0	1	0	2	1	1	2	1	1	2	0
chr9.s_126277931	2	2	1	1	0	1	1	1	1	2	1	0	1	2	1	2	1	1	0	0	1	2	2	1	1	0	1	1	2	1	0	2	1	2	1	0	0	0	1	1	1	1	1	1	0	2	2	0	0	0	0	0	1	1	0	0	1	1	2	1	2	0	1	0	2	2	1	0	0	0	0	0	0	0	1	1	1	1	2	1	0	1	1	0	1	1	1	1	0	1	2	2	1	1	1	2	2	1	0	1	0	1	1	0	0	0	0	0	0	0	0	1	1	1	2	1	1	1	2	1	2	2	0	1	1	2	1	0	1	1	1	2	1	1	1	1	1	1	1	1	1	1	0	0	2	1	2	2	0	0	2	2	2	1	1	1	1	1	0	0	1	0	0	1	1	0	0	1	2	1	0	1	1	1	0	0	2	2	1	0	0	1	2	2	1	2	0	2	1	1	0	1	0	0	0	0	0	0	0	2	1	2	1	1	1	2	0	0	1	1	0	1	1	1	0	1	0	1	0	0	1	0	1	1	2	1	1	1	1	2	0	2	2	0	2	1	2	0	1	0	1	0	0	0	1	1	1	0	1	1	1	1	1	2	1	1	0	1	1	1	0	1	0	0	1	1	0	0	0	1	1	2	0	0	0	1	1	2	1	0	0	0	1	1	2	1	1	1	0	0	1	1	1	1	1	1	1	1	0	2
chr9.s_13682531	0	0	0	0	0	0	0	0	0	1	1	1	1	0	0	0	1	1	1	0	0	0	0	0	0	0	0	0	0	0	1	0	0	0	0	0	0	0	0	0	0	0	0	1	1	1	1	1	0	0	1	1	0	1	1	0	0	0	0	1	1	0	1	0	0	0	0	0	0	0	0	0	0	1	0	1	0	0	0	0	0	1	1	0	0	0	0	0	1	1	0	1	0	1	0	0	0	0	0	0	0	0	0	0	0	0	1	0	0	1	1	1	0	0	0	1	1	0	0	0	0	0	0	0	0	0	0	0	0	1	0	0	0	0	0	0	0	0	1	1	0	0	1	2	0	0	0	0	0	2	1	0	1	0	0	0	0	0	1	1	1	0	1	1	0	1	0	0	1	1	0	1	0	1	1	0	0	0	0	0	0	1	0	1	0	0	0	0	0	0	0	0	0	0	0	0	1	1	0	1	0	0	0	0	0	0	0	0	0	0	1	0	0	0	1	0	1	2	0	0	0	0	0	0	0	0	0	0	0	1	0	1	0	0	2	0	0	0	0	0	0	2	0	1	0	1	1	2	0	0	1	0	0	0	0	0	0	0	0	0	0	0	0	0	0	0	0	0	1	1	0	0	0	0	2	0	0	0	0	0	0	1	0	1	1	0	0	0	1	0	0	0	0	0	0	1	0	0	1	0
chr8.s_117176119	1	1	1	1	0	1	1	0	0	0	0	1	0	0	0	0	0	0	2	1	0	0	1	1	1	1	1	0	0	0	0	1	1	1	1	0	0	0	1	1	1	1	1	1	1	0	1	0	1	1	0	0	0	0	0	0	0	0	0	1	1	1	0	0	0	1	1	1	1	1	1	1	0	0	0	0	1	1	1	0	1	2	1	1	1	1	0	0	1	0	0	1	0	1	0	1	1	1	1	1	0	1	1	1	1	1	0	0	1	0	0	1	1	1	1	1	1	1	0	0	1	1	1	1	0	0	0	0	0	2	0	0	0	1	0	0	0	0	0	0	0	1	0	1	1	1	1	1	1	0	0	1	2	0	0	0	1	1	0	0	0	0	0	1	1	1	1	1	1	1	1	0	0	2	2	1	1	1	1	1	1	1	1	1	0	0	1	0	0	1	1	0	0	0	1	1	0	0	0	1	0	0	1	1	1	0	0	1	0	1	1	0	0	0	0	0	2	0	0	0	0	1	2	0	0	0	0	1	0	2	1	1	1	1	1	1	0	1	1	1	1	0	0	0	2	0	1	1	0	1	1	1	0	1	0	1	0	0	1	1	1	1	0	0	0	1	0	1	0	1	0	0	0	0	1	0	0	1	1	1	1	0	1	0	1	1	0	1	1	0	0	1	0	2	0	0	0	0	0	1
chr2.s_191756537	0	1	1	0	1	0	0	1	0	1	1	0	0	0	1	0	1	2	0	0	1	1	0	0	1	1	1	1	1	0	1	0	0	0	0	1	1	1	1	1	1	1	0	0	0	1	2	1	1	1	1	0	0	1	2	1	1	0	0	0	0	1	2	1	0	1	1	1	1	1	1	1	0	0	0	1	1	0	0	1	0	0	0	1	0	0	1	1	1	2	1	0	0	1	1	1	1	1	1	0	0	0	1	1	0	0	0	0	0	0	0	1	1	0	0	1	2	0	0	0	0	0	1	1	0	0	0	1	0	1	1	0	0	0	0	0	0	0	0	2	1	1	1	1	0	0	1	1	0	1	0	0	0	0	0	0	0	0	1	1	0	1	1	0	0	1	1	1	2	1	0	1	1	0	0	0	0	0	0	0	0	2	1	0	0	0	1	0	0	0	0	0	0	0	0	0	0	0	0	2	1	0	0	0	0	1	1	1	0	0	2	0	1	1	0	1	0	2	1	1	0	0	0	0	0	0	0	1	0	1	0	1	0	0	0	0	1	0	1	0	0	0	0	0	1	0	0	0	1	0	0	1	1	0	0	1	1	0	0	0	1	0	1	1	1	1	1	1	0	0	0	0	1	1	1	0	1	0	0	1	0	0	0	0	2	0	0	0	2	0	0	0	1	1	0	2	1	0	2	0
chr7.s_28755712	0	0	0	0	0	0	0	0	0	1	2	0	0	1	0	2	1	0	0	0	0	0	0	0	0	0	0	0	0	0	0	0	1	0	0	0	0	0	0	0	0	1	0	0	0	2	2	0	0	0	0	0	1	1	0	0	0	0	0	0	0	0	0	0	0	0	0	0	0	0	1	1	1	1	0	0	0	0	1	0	0	0	1	0	0	0	0	0	0	0	0	1	1	0	0	0	0	0	0	0	0	0	0	0	0	0	1	1	0	0	0	0	0	0	1	0	0	0	0	0	0	0	0	0	0	0	0	1	0	0	0	1	1	0	0	0	0	0	0	1	1	0	0	0	0	0	1	0	0	1	0	0	0	0	0	0	0	0	0	0	0	0	0	0	0	0	0	1	2	1	0	0	0	0	0	1	0	0	0	0	0	0	0	0	0	0	0	0	0	0	0	1	1	1	0	0	1	0	0	1	0	0	1	0	0	0	0	0	1	0	0	1	0	0	0	0	0	1	0	0	0	0	0	1	1	1	0	0	0	0	0	0	1	0	0	0	0	0	0	0	1	1	1	1	1	0	1	0	0	0	0	0	0	0	0	0	0	1	0	0	0	0	0	0	0	0	0	1	0	1	0	1	0	0	0	0	0	0	0	0	0	0	0	0	1	0	1	0	0	1	0	0	0	0	1	0	0	1	0	0
chr8.s_165992321	0	0	0	0	1	0	0	1	0	0	0	1	0	0	0	0	0	0	0	0	0	0	0	0	0	0	0	0	0	0	0	0	1	0	0	0	0	0	0	0	0	0	0	0	0	0	0	0	0	0	0	0	0	0	0	0	0	0	0	0	0	1	0	0	0	1	1	1	1	1	0	0	0	0	0	0	0	0	0	0	0	0	1	0	0	0	0	0	1	0	0	0	0	0	0	0	0	0	0	0	0	0	1	0	0	0	0	0	0	0	0	0	0	1	1	1	0	0	0	0	0	0	1	1	0	0	0	1	0	0	0	0	0	0	0	0	0	0	0	0	0	1	0	0	0	0	0	0	0	0	0	0	0	0	0	0	0	0	0	0	0	0	0	0	0	0	0	0	0	0	0	0	0	1	1	0	0	0	1	1	1	0	0	1	1	1	0	0	0	1	1	0	0	0	0	0	0	0	0	0	0	0	0	0	0	0	0	0	0	0	1	0	1	0	0	0	0	0	0	0	0	1	0	0	0	0	0	0	0	0	1	0	0	0	0	0	0	0	0	0	0	0	0	0	0	0	0	0	0	0	1	0	0	0	0	0	0	0	0	1	0	0	0	0	0	0	0	0	0	0	0	0	0	0	0	0	0	0	0	0	0	0	0	0	0	0	0	0	0	0	0	0	0	0	0	0	0	0	0	0
chr8.s_174627218	1	1	2	1	1	2	2	2	2	1	0	1	2	2	1	1	0	0	1	0	1	2	1	1	1	1	1	1	1	1	1	0	1	0	1	1	1	0	1	0	1	2	1	0	1	1	1	1	2	2	2	1	1	1	0	1	1	1	2	1	1	2	1	2	1	1	2	0	1	1	1	1	1	0	1	1	2	2	2	1	1	1	1	0	0	1	2	2	2	1	1	0	1	1	1	1	1	1	2	2	0	0	2	1	2	2	1	2	2	1	2	2	2	2	1	0	1	1	0	0	0	1	0	1	1	1	1	1	1	0	1	0	1	1	1	1	2	2	0	0	2	2	1	1	0	0	1	1	2	1	1	2	1	0	1	0	2	2	1	2	1	1	0	1	2	1	2	1	0	0	2	1	2	1	1	0	0	1	1	1	1	1	1	0	1	0	1	0	1	1	1	1	0	1	1	1	1	0	1	0	2	0	2	1	1	1	1	1	1	1	1	1	1	1	1	0	1	0	1	0	0	1	2	1	1	2	0	1	2	0	2	1	1	1	0	1	0	2	1	2	0	1	0	0	1	0	1	1	1	1	1	2	2	1	1	2	1	1	0	2	0	1	1	0	1	2	1	1	2	0	1	1	0	1	0	0	1	0	2	2	0	1	1	1	1	1	1	0	0	2	1	1	0	1	1	1	1	1	0	0
chr1.s_21686389	1	1	1	1	1	1	1	2	1	0	0	1	1	0	0	0	1	1	2	2	1	1	1	2	0	1	1	1	1	0	0	1	1	1	2	0	1	0	1	0	0	0	1	1	1	0	1	0	1	1	1	1	0	2	1	1	1	0	0	2	2	0	0	1	0	1	1	1	1	1	0	0	1	1	0	1	2	1	1	0	1	1	1	1	0	1	1	2	1	1	1	2	1	2	1	1	1	0	0	2	0	0	1	0	1	2	0	1	1	0	1	2	1	1	0	1	1	2	0	0	1	1	1	1	2	2	1	0	0	2	1	0	0	1	1	1	0	0	1	0	0	2	1	1	1	1	0	1	2	0	0	1	2	0	0	0	2	1	1	1	1	1	1	1	2	1	2	1	0	0	2	1	0	2	2	0	1	1	0	1	0	1	1	2	1	1	1	1	1	0	1	0	0	0	0	0	0	0	1	1	1	0	1	1	2	0	0	2	1	1	1	1	1	0	1	0	2	0	1	0	2	2	2	1	0	1	1	1	1	2	1	1	1	1	2	1	0	2	1	1	0	1	0	0	1	1	1	2	0	1	1	1	0	1	0	1	1	0	2	1	1	2	1	0	2	1	1	1	1	1	0	2	1	0	2	0	0	0	2	1	2	1	0	0	1	1	1	0	1	0	1	0	0	2	1	1	0	1	1	1
chr1.s_301477684	0	0	0	0	0	0	0	0	0	0	0	1	1	0	0	0	0	0	1	0	0	0	0	0	0	0	0	0	0	0	0	0	0	0	0	0	0	0	1	1	1	1	0	0	1	0	0	0	1	1	1	1	0	0	0	0	0	0	0	1	1	0	0	0	1	0	0	0	0	0	0	0	0	0	1	1	2	0	0	1	0	1	1	0	0	0	0	0	0	0	0	1	1	0	0	0	0	0	0	0	0	0	0	0	0	0	0	0	0	0	1	1	0	0	0	0	0	0	1	1	0	0	0	0	0	0	0	0	0	0	0	0	0	0	0	0	1	1	0	0	0	0	0	1	0	0	0	0	0	0	1	0	0	0	0	0	0	0	0	0	0	0	0	0	0	0	0	0	0	0	1	1	0	1	1	0	0	0	0	0	0	1	1	0	0	0	1	0	0	0	0	0	0	0	0	0	0	0	0	1	0	1	1	0	0	0	0	0	0	0	0	0	0	0	1	1	2	0	0	0	0	0	1	0	0	0	0	0	0	0	0	0	0	0	0	0	0	0	0	0	0	1	0	0	1	0	1	2	0	2	0	0	0	0	1	0	0	0	0	0	0	0	0	0	0	0	0	0	1	0	0	0	0	0	1	1	0	0	0	0	1	1	0	0	0	0	0	0	0	0	0	0	0	2	0	0	0	0	0	1
chr8.s_5483804	0	1	2	0	0	1	1	1	1	1	1	1	1	1	2	2	2	2	1	1	1	0	0	0	0	0	0	1	1	1	1	0	0	0	1	1	1	0	1	0	0	1	0	0	1	1	1	1	1	1	1	1	1	1	1	0	1	1	0	0	0	1	2	1	0	0	1	0	0	0	0	0	1	1	0	1	1	2	2	2	0	1	1	1	1	0	0	0	1	1	0	1	1	1	0	0	0	0	1	1	1	1	0	0	1	2	0	1	1	1	1	1	1	1	1	1	2	0	2	2	2	1	1	0	1	1	2	1	0	2	0	0	1	1	0	0	1	1	0	1	1	1	0	1	1	1	0	0	0	1	0	0	1	1	1	0	2	1	0	0	0	0	0	1	2	0	1	1	1	1	1	2	1	1	1	1	1	0	0	0	1	2	1	1	1	0	2	0	1	1	1	1	1	1	0	0	1	0	1	2	0	1	1	1	1	0	0	0	1	0	1	1	1	0	1	1	2	1	1	2	2	1	2	1	1	1	0	1	0	1	1	1	0	1	2	1	2	1	1	1	0	1	0	0	1	0	2	2	1	1	1	2	1	0	2	1	2	2	2	1	0	1	0	1	1	0	1	0	1	1	0	1	1	1	2	1	0	0	2	1	2	2	0	1	2	1	1	0	1	2	1	2	1	1	1	1	0	1	2	2
chr9.s_131627780	1	0	0	0	0	0	0	0	0	0	0	1	1	1	0	0	0	0	0	0	0	1	1	0	1	0	0	0	0	0	0	0	0	1	1	0	0	0	0	0	0	0	0	0	0	0	0	1	1	0	0	0	0	0	0	0	0	0	1	0	0	1	0	0	0	0	0	0	0	0	0	0	0	0	0	0	0	0	0	0	0	0	1	1	0	0	1	0	0	0	0	1	1	0	0	0	0	1	1	0	1	0	0	0	0	0	0	0	0	1	1	0	0	0	0	0	0	0	0	0	0	1	0	1	0	0	0	0	0	0	1	0	0	0	0	0	0	0	0	0	0	0	0	0	0	0	1	1	0	1	0	0	0	0	0	0	0	0	0	0	0	0	0	0	0	0	0	0	0	0	0	0	1	0	1	0	0	1	1	0	1	0	0	0	0	0	0	0	0	0	0	0	1	1	0	0	0	1	1	0	0	0	0	0	0	1	0	0	1	0	0	0	0	1	1	0	0	0	0	0	0	0	0	0	1	0	0	0	0	0	0	0	0	0	0	0	0	0	0	0	0	1	0	0	0	0	1	0	0	0	0	0	0	0	0	0	0	1	0	0	1	0	0	0	0	0	1	0	0	0	0	0	0	0	0	0	1	0	0	0	0	0	0	0	0	0	0	0	0	0	0	1	0	0	0	0	0	0	0	0
chr1.s_266044878	0	0	1	0	0	1	1	0	0	0	0	0	0	1	0	2	1	0	1	0	0	0	0	0	0	0	0	0	0	0	0	1	0	0	0	1	0	0	0	0	0	0	1	0	1	0	0	0	0	0	0	1	2	0	0	0	0	0	0	0	0	0	1	0	0	0	1	1	1	2	0	1	1	0	1	0	0	0	1	0	0	1	1	0	0	0	0	0	0	0	0	0	0	0	0	0	0	0	1	0	1	0	1	2	1	0	0	0	0	0	0	0	0	0	1	0	1	0	0	0	0	0	0	0	0	0	0	0	0	0	0	0	1	0	0	1	1	1	0	0	1	0	0	1	0	0	0	0	0	0	0	0	0	1	1	0	0	0	0	0	1	2	1	0	0	0	0	0	0	0	0	0	0	1	1	0	0	0	1	1	0	0	0	0	0	0	0	0	1	0	0	0	1	1	0	1	0	0	0	0	0	0	0	1	0	0	1	0	1	0	0	1	0	0	0	0	1	0	0	0	0	0	0	0	2	0	0	1	0	0	1	0	0	0	1	0	1	0	0	1	0	0	0	0	0	0	1	0	1	0	0	1	2	0	0	1	0	2	0	0	0	0	0	0	0	1	0	0	0	0	1	0	0	0	0	0	0	0	0	0	0	1	0	0	1	1	0	0	1	1	1	0	0	0	0	0	0	0	0	0
chr8.s_104885782	1	0	0	1	0	0	1	2	2	2	1	1	0	0	1	0	0	1	2	1	0	0	0	1	0	1	0	2	1	0	1	0	2	0	1	1	2	1	1	0	0	0	2	1	2	2	2	1	1	0	0	1	1	1	1	1	1	0	0	1	0	0	0	1	1	0	0	0	0	0	1	2	1	1	1	1	1	0	0	0	1	2	2	0	1	2	1	1	1	1	1	1	1	1	2	1	0	0	0	2	1	0	0	2	1	1	0	1	2	1	1	0	0	0	0	0	0	0	1	1	0	0	1	1	1	0	0	1	1	0	1	1	1	0	0	1	1	2	0	2	0	0	1	2	0	0	1	1	2	0	0	0	0	2	1	1	1	0	0	0	1	0	0	0	1	1	2	1	1	0	0	1	1	1	2	1	0	0	1	2	1	0	0	1	1	2	0	0	0	1	1	0	1	1	1	1	1	0	1	1	1	1	1	0	0	2	2	1	1	1	1	1	1	1	0	0	2	1	0	0	0	1	0	1	1	1	0	0	2	0	1	0	0	0	1	0	0	2	0	0	0	0	0	0	0	1	1	1	2	0	0	0	1	0	0	1	1	1	0	1	0	1	1	1	2	1	2	2	1	0	1	0	1	1	1	1	1	1	1	1	1	1	1	1	1	0	1	1	1	1	0	0	1	1	0	1	1	1	0	1
chr7.s_147359565	1	2	1	0	2	0	0	2	2	2	1	0	1	1	0	1	1	1	0	1	1	0	1	1	1	1	2	0	1	1	0	1	1	2	1	0	0	0	1	1	2	1	0	1	0	1	1	1	1	1	2	1	1	2	1	0	1	2	1	0	1	1	0	2	2	1	0	1	2	1	2	1	1	2	0	1	1	0	1	0	0	0	0	2	1	0	1	2	1	0	0	1	1	2	2	1	1	1	0	0	0	0	2	0	0	1	1	1	1	0	1	2	1	0	1	1	1	1	2	2	1	0	1	0	1	2	2	1	0	2	2	1	0	1	2	1	0	0	2	1	2	1	0	0	2	2	0	0	0	0	0	0	1	1	0	0	0	1	0	1	1	0	1	1	1	2	2	1	1	0	0	1	0	1	1	1	1	0	1	1	2	0	0	2	2	2	1	1	0	2	0	1	0	1	2	1	1	1	1	1	1	2	0	1	0	1	0	0	1	1	0	0	2	0	1	1	0	1	2	2	2	2	0	0	1	2	1	1	1	2	1	1	1	0	1	1	1	1	1	0	0	1	0	1	0	2	1	1	0	0	0	2	0	1	1	0	2	1	1	2	1	0	1	1	1	0	1	1	1	1	0	1	1	1	1	1	1	1	1	1	1	1	0	0	2	0	0	2	1	0	1	1	2	0	0	2	0	1	2	1
chr8.s_82097157	1	0	0	0	0	0	0	0	0	0	0	0	0	0	0	0	0	0	0	0	0	0	0	0	0	0	0	0	0	0	0	0	0	0	0	0	0	0	0	0	0	0	0	0	0	0	0	0	1	1	0	0	0	0	0	0	0	0	0	0	0	0	0	0	0	0	0	0	0	0	0	0	0	0	1	0	1	0	0	0	0	0	0	0	0	0	0	0	0	0	0	0	0	0	0	0	0	0	0	0	0	0	0	0	0	0	0	0	0	0	0	0	0	0	0	0	0	0	0	0	0	0	0	0	0	0	0	0	0	0	0	0	0	0	0	0	0	0	0	0	0	0	0	0	0	0	0	0	0	0	0	0	0	0	0	0	0	0	0	0	0	0	0	0	0	0	0	0	0	0	1	0	0	1	0	0	0	0	0	0	0	0	0	0	0	0	0	0	0	0	0	0	1	1	0	0	0	0	0	0	0	0	1	0	0	0	0	0	1	0	0	0	0	0	0	0	0	0	0	1	0	0	1	0	0	0	0	0	0	0	0	0	0	0	0	0	0	0	0	0	0	0	0	0	1	0	0	0	0	2	0	0	0	0	0	0	1	0	0	0	0	0	0	0	0	0	0	0	0	0	0	0	0	0	0	0	0	0	0	0	0	0	0	0	0	0	0	0	0	0	1	0	1	1	0	0	0	0	1	0
chr2.s_237887277	1	1	0	0	1	0	0	1	0	0	0	0	0	0	0	1	1	1	0	0	0	1	1	0	2	1	1	0	0	0	1	1	0	1	0	1	1	1	0	0	0	0	0	0	0	1	0	0	0	0	0	0	0	0	0	0	1	0	1	0	0	1	0	0	1	1	0	1	1	1	1	1	0	0	1	0	0	0	0	0	1	0	0	0	0	0	1	0	0	1	1	1	1	0	0	0	1	2	1	0	0	0	0	0	0	0	0	0	1	0	0	0	0	0	0	0	0	0	0	0	0	1	0	1	1	1	1	0	0	0	1	2	1	1	0	0	0	0	0	0	0	0	0	0	0	0	2	1	0	0	0	1	1	0	0	0	1	1	0	0	0	1	1	0	0	0	0	0	0	0	0	0	0	0	0	0	0	1	1	0	0	1	1	0	0	0	0	1	0	1	0	0	0	0	0	0	0	0	0	1	0	1	1	0	0	0	0	0	0	1	0	1	1	0	0	0	1	0	0	0	1	0	0	1	0	0	0	0	0	0	0	0	1	0	1	0	0	0	0	0	1	0	0	0	0	0	0	0	0	1	0	1	1	0	0	0	0	0	1	0	0	1	0	0	1	0	1	1	0	0	0	0	1	1	0	0	1	1	1	0	1	0	1	0	1	0	1	1	0	0	0	0	0	1	1	1	1	0	0	0
chr4.s_161033870	0	0	0	0	0	1	1	0	0	0	0	0	0	0	0	0	0	1	1	0	0	0	0	0	0	0	0	1	1	0	1	0	0	1	1	0	0	0	0	0	0	0	1	1	0	0	0	1	1	0	0	0	0	0	0	0	0	1	1	1	1	0	1	1	0	0	0	0	0	0	0	0	1	1	0	0	0	0	0	1	0	1	1	0	1	1	1	1	2	1	0	1	0	2	1	0	0	0	0	0	0	0	0	1	0	0	1	1	0	0	0	0	0	0	0	0	0	1	0	0	0	0	1	1	0	0	0	0	0	2	1	0	0	0	1	1	0	0	1	0	1	0	1	2	1	1	0	0	0	1	0	0	1	0	1	1	0	0	1	1	0	0	0	0	0	1	1	0	0	0	0	0	0	2	1	1	0	0	1	1	1	1	0	2	1	1	0	0	0	1	0	0	0	0	1	1	1	1	1	0	1	0	0	1	0	0	0	0	0	0	2	0	0	0	1	0	2	0	0	0	0	1	1	0	0	0	1	0	0	1	1	1	1	0	1	0	0	0	1	0	1	0	0	0	0	0	0	0	0	0	0	0	0	0	0	0	0	0	0	1	0	0	1	0	0	0	0	0	0	1	0	0	0	0	0	0	0	0	0	1	1	0	0	1	0	0	0	1	1	1	0	0	0	0	0	0	0	1	0	0
chr5.s_100021967	1	0	0	1	0	1	0	1	1	1	2	0	2	2	1	2	2	1	2	1	0	0	0	1	0	1	0	1	0	1	1	0	2	0	1	0	1	0	2	1	1	1	1	1	0	1	2	1	1	2	2	2	2	2	1	0	0	1	1	2	1	0	0	2	2	0	0	0	0	1	0	0	2	1	1	2	2	1	2	0	0	2	2	1	1	2	0	0	0	0	1	0	1	0	1	1	0	1	1	2	1	1	0	0	0	1	0	1	1	2	2	1	0	0	1	1	2	0	0	0	1	1	0	0	1	0	0	1	1	1	1	1	1	1	0	0	2	1	0	2	2	0	0	1	0	0	0	1	1	0	1	2	1	2	0	0	2	1	1	1	0	2	1	1	2	1	2	2	2	2	2	2	1	2	2	1	0	0	1	2	1	1	2	1	2	2	2	0	0	1	1	1	1	1	1	2	1	1	2	2	2	0	1	0	1	2	0	2	1	0	0	2	0	1	2	0	2	2	1	0	0	0	1	2	2	2	0	0	1	0	0	0	1	0	0	0	0	1	2	1	1	1	1	1	2	2	1	1	1	2	1	0	0	1	0	0	1	2	1	1	1	2	0	1	1	1	1	1	2	1	1	1	0	1	1	0	1	1	2	1	1	2	1	1	1	0	1	1	1	1	1	1	1	2	1	2	1	2	1	0
chr3.s_119836500	1	1	2	1	1	0	0	0	1	1	0	1	0	0	2	1	1	1	1	0	0	0	1	1	1	1	1	1	1	1	1	0	1	1	1	2	1	1	0	0	1	1	0	1	0	0	0	1	1	1	1	0	0	0	0	0	1	1	1	1	1	2	0	1	1	1	2	0	1	0	2	1	1	2	0	0	0	2	1	1	1	2	1	1	1	1	0	0	0	0	0	1	2	0	1	2	1	0	1	1	1	0	2	0	1	1	2	1	0	0	0	1	2	2	0	0	0	1	1	1	1	1	1	1	0	0	1	2	1	1	1	1	2	1	2	1	1	1	2	0	1	1	0	1	1	1	0	1	1	1	1	1	1	1	2	1	1	2	0	1	1	0	1	2	1	2	1	0	0	0	1	1	1	2	1	1	0	0	1	1	2	0	0	1	2	2	2	0	1	0	1	2	1	2	2	1	1	2	1	0	0	1	0	2	1	1	0	0	1	1	1	1	0	0	1	1	2	0	1	0	0	0	0	1	0	1	1	2	1	1	1	0	1	1	0	2	0	1	1	1	1	1	0	2	0	2	0	0	1	0	1	2	2	1	2	1	0	1	0	0	1	0	0	0	0	0	0	1	0	0	0	0	1	2	0	0	0	1	1	2	1	0	1	1	1	1	1	1	0	1	0	1	1	0	1	1	1	1	0	0
chr3.s_135857749	1	0	0	1	0	0	0	1	1	2	2	0	1	1	1	0	0	1	2	1	1	1	0	0	1	1	1	1	1	0	2	0	1	1	1	0	0	0	0	0	0	0	0	0	0	1	1	2	1	1	1	0	0	0	0	0	1	1	1	0	0	0	1	1	0	0	0	0	0	0	0	0	0	0	0	1	0	1	1	0	0	2	2	0	0	0	0	0	1	1	0	1	2	0	0	0	0	1	1	1	0	0	0	1	0	0	1	1	1	2	1	0	0	0	1	1	0	1	1	1	1	1	0	0	0	0	0	0	0	0	1	0	0	0	1	1	1	1	0	1	1	0	1	2	1	1	0	1	0	2	1	0	0	0	1	1	1	1	1	1	1	0	0	1	1	1	1	0	1	1	0	1	1	2	2	1	0	0	1	1	1	1	0	1	2	1	2	0	0	1	1	0	0	0	1	1	0	0	0	2	0	1	0	1	1	1	0	0	0	0	1	0	1	1	0	1	1	1	1	1	0	0	0	0	0	1	1	0	1	0	0	0	0	0	0	0	0	0	0	0	0	1	1	1	0	0	0	0	1	0	1	0	1	0	1	1	1	0	0	1	0	0	0	0	0	1	0	0	1	1	0	1	0	0	0	0	0	1	1	1	0	0	0	1	1	0	0	1	1	0	0	0	1	1	0	1	0	0	1	0
chr2.s_153924698	1	0	0	0	0	0	0	0	0	1	1	1	0	0	1	1	1	1	0	0	0	0	0	1	0	1	0	1	0	0	0	0	0	0	0	0	0	0	0	0	0	0	0	0	0	1	1	0	0	0	0	0	0	0	0	0	0	0	0	1	0	0	0	0	0	0	0	1	1	1	0	0	0	0	0	0	0	1	0	1	0	1	0	0	0	1	1	1	0	0	0	0	0	1	1	0	0	1	1	0	0	0	0	0	0	0	0	0	0	0	0	0	1	1	0	0	0	0	0	0	0	0	0	0	1	0	0	0	0	1	0	0	0	0	0	0	0	0	0	1	0	0	0	0	0	0	0	0	1	0	0	0	0	0	0	0	0	0	0	0	0	0	0	0	0	0	0	1	2	1	0	0	1	0	0	1	0	0	1	2	0	0	0	0	0	0	0	0	0	1	0	0	0	0	1	1	1	0	0	1	0	0	0	0	0	0	0	1	0	0	0	2	0	0	0	0	0	1	0	0	0	0	0	1	0	0	0	0	1	0	0	0	0	0	1	1	0	0	1	0	0	0	0	0	1	0	0	0	0	0	0	0	0	0	0	0	0	0	0	1	0	1	1	0	0	0	0	1	0	0	0	1	0	1	0	0	0	1	0	1	0	0	0	0	1	0	0	1	0	1	0	1	0	0	0	0	0	0	0	0
chr3.s_161006455	0	0	0	0	0	0	0	0	0	0	0	0	0	0	0	0	0	0	0	0	0	0	0	1	1	2	1	1	0	0	0	0	0	0	0	0	0	0	0	0	0	0	0	0	1	0	0	0	0	1	1	0	0	0	0	0	1	0	0	1	0	0	0	1	0	0	0	0	0	0	0	0	0	0	0	0	0	0	0	1	0	0	0	1	0	1	1	1	0	0	0	0	0	0	0	0	0	0	0	0	0	1	0	0	0	0	0	0	0	0	0	0	0	1	0	0	0	0	0	0	0	0	0	0	1	0	0	1	0	0	1	0	0	1	1	1	0	0	0	0	0	0	0	0	1	1	1	1	1	0	0	0	0	0	0	0	0	0	0	0	0	0	0	0	0	0	0	1	1	1	0	0	0	0	0	0	0	0	1	2	1	1	1	1	1	1	0	0	0	0	0	0	0	0	0	0	0	0	0	0	1	0	0	0	0	0	0	1	0	0	0	1	0	0	0	0	0	0	1	1	0	0	0	1	0	0	1	0	1	0	0	0	0	0	0	0	0	0	0	0	0	0	0	0	1	0	0	1	0	0	1	0	0	0	0	0	1	0	1	0	1	2	1	0	0	0	0	1	0	0	0	0	0	0	1	0	0	0	0	0	0	0	0	0	0	0	1	0	0	0	0	0	1	1	0	0	0	0	1	0
chr4.s_242393156	0	1	1	0	1	1	1	0	0	0	0	0	0	0	1	0	1	1	0	0	0	0	0	0	0	0	0	0	0	0	0	0	1	0	0	0	0	0	1	1	1	1	0	0	0	0	0	0	0	0	0	0	0	1	2	1	0	0	0	1	1	0	1	1	0	0	0	1	1	1	0	0	0	0	0	0	0	0	0	1	0	0	0	0	0	0	0	0	0	0	0	0	1	0	0	0	0	0	0	0	0	0	0	0	0	0	0	0	0	0	0	0	0	0	1	2	2	0	0	0	1	1	1	1	0	0	0	0	0	1	0	0	0	0	1	1	0	0	0	1	0	0	1	1	0	0	0	0	1	1	0	0	0	1	0	0	0	0	0	0	0	0	0	1	1	0	0	1	1	1	0	1	0	1	0	0	1	1	1	1	1	1	1	1	2	1	1	1	1	1	0	0	0	0	1	1	0	0	0	0	0	0	0	0	1	0	1	0	0	1	1	0	0	0	0	0	0	0	0	0	0	0	1	0	0	1	1	0	0	0	0	0	0	0	0	0	1	1	1	0	0	1	0	0	1	0	0	0	1	0	0	1	0	0	0	0	0	0	0	1	0	0	0	1	0	0	0	0	0	0	0	0	0	0	1	1	0	0	0	0	0	1	0	1	1	1	0	1	1	0	0	0	0	0	0	1	0	0	1	1
chr6.s_122696422	0	2	1	0	1	1	1	1	1	1	1	1	2	1	1	1	1	1	1	1	0	0	1	1	1	1	1	1	1	1	1	1	2	2	1	1	1	1	0	0	0	0	0	0	1	1	1	1	1	1	1	1	0	0	0	0	1	0	0	1	1	1	0	1	2	2	1	1	1	1	0	0	1	1	0	2	2	0	0	0	1	0	0	1	0	0	0	0	1	1	1	1	2	0	1	2	2	2	1	0	0	1	1	1	0	0	1	1	1	1	1	2	1	1	1	1	0	1	1	1	1	1	1	1	0	0	0	1	0	1	1	2	1	0	1	1	1	1	1	1	0	1	0	0	1	1	1	0	1	1	1	0	0	1	0	0	0	0	1	1	1	1	1	0	0	1	1	1	1	2	2	2	1	1	0	1	1	1	1	1	1	1	1	1	2	2	1	2	1	2	1	1	0	0	1	1	1	1	1	1	0	2	2	1	1	2	0	1	0	2	1	1	1	1	2	1	1	0	0	1	0	1	2	1	1	1	1	0	1	0	1	1	0	0	1	1	0	1	1	0	0	2	1	0	2	2	1	2	1	1	2	1	1	1	0	1	1	0	0	1	1	0	0	1	1	1	1	0	1	1	1	1	1	1	1	1	1	1	0	1	1	1	1	2	1	1	1	2	1	1	0	0	2	2	1	1	1	1	1	1
chr3.s_147678922	0	1	1	0	2	0	0	1	1	0	0	1	0	0	0	1	1	0	0	0	1	1	1	1	1	1	1	1	1	0	1	0	0	0	1	0	1	0	1	0	1	1	0	0	0	0	0	1	0	0	0	0	0	1	0	0	0	1	1	2	2	1	1	0	1	0	0	1	2	1	2	1	1	1	0	2	1	0	0	0	1	0	0	1	2	2	1	1	1	1	0	0	0	0	0	0	0	0	0	1	1	0	1	0	0	1	0	1	1	1	0	0	0	1	0	0	0	0	1	1	1	1	2	2	1	1	0	1	0	1	0	0	0	1	1	0	0	0	1	0	0	0	0	0	1	1	1	2	1	1	0	0	0	0	1	1	1	1	0	1	0	0	0	0	1	0	1	1	0	1	1	0	0	0	1	1	1	1	1	1	0	1	0	0	0	0	0	0	0	0	1	2	1	2	1	0	0	1	2	0	0	0	0	0	0	0	0	1	2	0	2	2	1	0	1	1	1	0	0	1	0	0	0	2	0	1	0	1	1	1	0	1	2	0	0	0	1	1	1	0	1	0	0	0	0	1	0	0	0	0	2	1	0	0	0	0	1	1	0	1	0	1	0	1	1	0	1	2	0	0	0	1	0	0	0	1	0	0	1	0	1	0	1	1	1	0	0	0	0	0	1	0	0	0	1	0	0	1	0	1
chr4.s_62377230	0	1	1	1	0	0	0	1	1	1	0	0	2	1	1	0	0	0	0	0	0	0	0	0	0	0	0	0	0	0	1	1	0	1	1	0	0	0	1	1	1	0	1	1	1	1	1	0	1	1	1	1	0	0	1	1	0	0	0	0	0	0	0	1	1	0	0	1	1	1	0	0	0	0	1	1	2	1	1	1	1	0	0	0	0	0	0	0	0	0	0	0	1	0	0	0	0	1	1	1	1	1	0	0	0	0	0	0	0	0	1	1	0	0	1	1	0	0	0	0	1	1	1	1	1	1	1	1	0	1	0	0	0	1	1	1	0	0	0	0	0	0	0	0	0	0	1	1	0	1	1	1	1	1	1	1	1	1	0	0	1	1	1	1	1	0	0	1	1	1	2	2	1	1	0	1	0	0	0	0	1	1	1	1	2	1	2	0	0	0	0	1	0	0	1	1	1	1	1	1	0	0	2	0	1	1	1	1	0	0	1	0	1	1	2	1	0	0	0	0	1	0	1	0	1	1	1	1	1	1	0	1	0	0	0	0	0	0	1	0	0	2	0	0	2	0	1	2	1	2	0	1	0	0	0	1	0	1	1	0	0	1	0	0	0	1	0	0	1	0	0	1	0	0	1	1	0	0	1	0	0	2	1	0	1	0	0	1	0	1	0	0	0	1	0	1	0	0	0	1
chr5.s_175253109	0	1	2	1	1	2	2	1	1	1	1	0	2	2	0	2	2	2	1	0	0	0	1	1	0	0	0	0	0	1	1	0	1	1	1	1	0	1	0	1	0	1	2	1	1	1	1	1	1	1	1	1	1	1	1	1	0	0	0	0	0	0	2	0	2	0	1	2	1	2	1	2	2	1	1	1	1	0	1	1	1	1	1	0	1	1	0	0	1	1	0	0	0	0	1	1	0	0	1	0	1	1	0	1	1	1	1	2	1	1	1	1	0	0	1	1	1	2	1	1	0	0	1	1	0	0	0	0	0	0	0	0	1	0	1	2	1	1	1	1	1	1	1	1	1	1	0	0	1	1	0	0	0	1	1	1	0	0	2	1	2	1	0	0	1	0	1	2	2	2	1	1	0	2	1	0	0	0	1	1	0	1	0	1	1	2	0	0	1	1	0	1	1	0	0	1	0	0	1	1	0	1	1	2	1	1	1	0	0	1	2	1	0	1	1	0	1	1	0	0	0	0	2	1	1	0	2	2	0	1	1	0	0	1	1	1	1	2	0	1	1	1	1	0	2	1	1	1	1	1	1	1	1	1	1	2	1	1	0	1	1	0	1	0	1	2	0	1	1	0	2	0	0	0	1	0	0	0	1	0	0	1	0	1	2	1	1	0	1	1	1	0	1	1	2	1	0	1	1	0
chr3.s_36028249	0	1	1	1	1	1	1	1	1	1	1	1	1	2	0	2	2	1	1	1	1	1	1	1	1	1	1	1	1	1	0	1	0	0	0	0	0	1	0	1	1	1	0	0	1	2	2	0	0	0	0	1	2	1	2	1	0	1	1	2	2	1	0	0	0	1	1	1	1	0	2	1	0	0	1	0	0	0	1	0	0	0	0	1	2	2	1	1	1	1	1	0	0	0	0	1	1	0	0	0	2	1	2	0	1	2	0	1	1	0	0	1	1	1	1	1	1	0	0	1	0	1	2	2	2	2	1	1	1	1	1	1	1	2	1	0	0	0	1	2	1	1	1	1	0	1	2	2	1	0	1	0	0	1	1	2	0	1	1	1	1	0	0	0	1	0	1	1	1	0	1	0	0	0	0	1	1	2	1	1	0	1	1	0	0	0	0	1	1	0	0	1	2	2	1	0	1	1	2	1	0	0	1	0	0	0	1	2	2	0	1	2	1	1	1	1	1	1	0	1	1	1	1	2	2	0	1	1	1	1	1	0	2	2	0	0	0	1	1	1	2	0	1	0	0	1	2	1	0	1	1	1	1	0	0	0	1	2	1	1	1	2	1	2	2	0	1	2	0	0	1	1	0	0	2	1	1	0	1	0	1	1	0	1	2	1	1	0	1	1	0	1	0	0	1	1	0	0	1	1
chr5.s_142107479	0	1	1	1	2	1	2	1	1	1	0	1	1	0	1	1	1	1	0	0	0	0	1	1	1	1	1	1	1	1	1	1	0	1	1	1	1	2	0	1	1	1	2	2	2	1	1	2	1	0	1	2	1	0	1	2	1	0	0	1	1	1	0	1	0	1	1	2	2	1	2	2	0	1	2	1	0	0	0	0	2	0	0	0	1	1	1	1	0	1	1	2	2	2	1	1	1	1	1	0	2	1	2	1	2	1	2	1	0	1	1	1	0	1	0	0	0	2	0	0	0	0	1	1	0	0	1	1	1	2	0	0	0	1	2	2	1	2	2	0	0	2	2	1	1	1	1	0	1	1	1	0	1	1	1	2	0	1	2	2	2	0	1	1	0	1	0	0	0	1	0	2	0	0	1	0	1	1	0	0	1	1	1	1	1	0	1	0	0	0	1	1	1	1	1	0	1	1	0	1	0	0	1	1	1	0	2	1	0	1	1	1	1	1	1	0	1	0	0	1	0	0	1	0	0	1	2	1	1	2	0	1	1	2	2	1	0	1	1	1	2	2	1	1	0	0	1	2	2	1	2	2	1	1	1	0	1	1	0	0	1	0	2	0	1	0	1	1	1	1	1	0	1	1	1	0	1	0	0	0	1	2	1	2	1	1	2	0	0	0	1	0	1	1	1	0	1	0	1	1
chr10.s_119977181	1	1	0	0	1	0	0	0	0	0	0	0	0	0	0	1	1	0	0	1	2	2	1	1	2	2	2	1	1	0	0	2	0	1	0	1	1	1	1	1	1	1	0	0	0	0	0	1	1	2	1	0	0	0	0	0	2	2	2	1	1	0	1	1	0	1	0	1	1	1	0	0	0	0	0	1	1	0	0	0	0	0	0	1	1	1	1	1	0	0	1	0	1	0	0	0	1	1	0	0	0	0	0	1	0	0	0	0	0	1	0	0	0	0	0	0	0	0	1	1	1	1	2	2	1	1	0	0	1	1	1	2	1	0	0	0	0	0	0	0	0	0	0	0	1	1	1	1	1	0	1	1	0	0	1	1	0	0	0	0	0	0	0	0	0	0	0	0	0	1	1	0	0	0	1	1	1	1	1	1	0	1	2	0	1	0	2	1	0	1	0	0	0	0	0	0	0	0	0	1	1	1	1	0	0	0	0	2	1	1	1	2	1	0	0	1	0	0	2	1	1	1	1	1	0	1	0	0	1	0	0	0	1	0	0	0	2	0	2	0	0	0	0	0	1	0	0	0	0	1	1	0	0	1	0	1	0	0	1	1	0	1	0	1	0	1	1	1	1	0	0	1	2	1	0	2	2	1	0	0	1	0	1	1	0	0	1	1	1	0	1	0	0	2	0	0	2	1	0	1
chr5.s_153729802	0	0	0	2	1	0	0	1	2	2	2	0	2	1	1	0	0	1	0	0	1	1	0	0	0	0	0	1	1	1	0	0	1	0	0	0	0	1	1	2	2	2	1	2	0	1	2	0	0	1	2	2	1	1	0	0	0	1	1	0	0	0	1	0	1	0	0	1	1	0	2	1	1	2	0	1	1	1	1	0	0	1	1	1	1	1	0	0	0	0	0	1	1	0	0	0	0	1	1	1	2	2	1	1	0	1	1	1	1	1	2	1	0	0	0	0	1	0	0	0	1	1	0	0	1	1	1	1	0	1	1	0	0	2	1	0	1	1	1	2	1	0	0	0	0	0	0	0	0	0	1	1	1	0	0	1	1	2	1	1	0	0	1	2	2	1	1	1	1	0	1	2	1	0	0	1	1	1	0	0	1	1	1	1	1	1	1	1	1	1	1	1	2	2	2	1	2	2	2	2	0	0	0	0	1	1	0	1	1	0	0	0	0	2	2	0	0	2	1	0	1	0	0	0	1	1	1	0	1	0	0	0	0	1	0	0	1	1	1	0	1	1	2	1	0	1	0	1	1	0	0	0	0	0	0	0	1	1	1	1	2	1	1	1	1	0	0	1	2	1	1	1	0	1	0	1	0	1	2	0	0	1	0	1	1	1	1	1	1	1	0	1	0	1	0	1	0	1	0	0
chr8.s_166840439	0	0	0	0	0	0	0	0	1	2	1	1	1	1	0	1	1	1	1	1	1	1	0	0	0	0	0	1	1	1	1	0	0	0	0	0	0	0	1	1	1	1	0	0	1	1	2	0	0	0	0	0	0	1	0	0	0	0	0	1	1	1	0	0	0	0	0	0	0	0	0	0	0	0	1	1	1	1	1	0	0	1	0	0	1	1	0	0	0	1	1	1	1	0	0	0	0	1	1	0	0	0	0	1	1	1	0	0	1	1	1	0	0	0	0	0	1	0	1	1	0	0	0	0	1	1	1	0	0	0	0	1	1	1	0	0	1	1	0	2	0	0	0	0	0	0	0	1	0	1	0	1	1	0	1	1	1	1	0	0	0	0	0	1	1	0	0	1	2	1	1	0	1	0	0	0	0	0	0	0	0	1	1	0	0	0	0	0	0	0	0	0	0	0	0	0	0	0	0	2	0	1	0	0	0	1	0	0	0	0	0	1	0	1	0	0	1	2	0	1	1	0	0	0	1	1	0	0	1	0	0	1	0	1	1	0	0	0	0	1	0	1	0	0	1	1	1	1	0	1	0	0	0	0	1	0	1	0	1	0	0	1	0	1	1	0	0	0	1	0	1	0	0	0	1	1	0	1	1	0	1	0	0	1	1	0	1	0	1	0	0	1	1	1	0	1	0	0	1	1
chr6.s_168835812	1	0	0	1	0	1	1	1	1	1	1	1	0	0	1	0	1	1	0	0	0	0	1	1	0	0	0	0	0	1	0	1	0	1	1	0	0	0	0	0	0	0	1	1	1	0	0	0	0	1	1	0	0	1	1	0	0	1	1	0	0	1	0	0	1	0	0	0	0	1	1	2	1	1	1	1	1	1	0	1	0	1	0	0	0	0	0	0	0	0	0	1	0	1	0	1	1	0	0	1	0	0	0	1	1	0	1	0	0	0	0	0	1	1	0	1	2	1	0	0	0	0	0	0	0	0	1	1	0	1	0	0	0	0	0	1	1	1	2	1	0	1	0	0	1	1	0	1	0	1	0	0	1	0	0	0	0	0	0	0	1	1	1	1	0	1	0	0	0	0	0	0	1	1	1	0	0	0	0	0	2	0	0	2	1	1	1	0	0	1	1	0	0	0	1	2	1	1	0	0	0	0	0	1	0	0	1	0	0	0	0	0	1	0	0	0	0	0	1	0	0	0	0	0	0	0	0	1	1	2	0	1	0	0	1	2	0	0	0	1	0	1	1	1	0	0	0	0	1	0	0	1	0	1	1	0	0	0	0	1	0	0	0	1	0	1	0	1	0	2	1	0	0	1	1	0	0	1	0	1	0	0	0	0	0	0	0	1	1	0	0	1	0	0	0	1	0	0	1	0
chr9.s_152625992	0	0	1	0	0	0	0	0	0	0	0	0	1	0	0	0	0	0	0	0	0	0	0	0	0	0	0	0	0	0	0	0	0	0	0	1	0	0	0	0	0	0	0	0	0	0	0	0	1	1	1	2	1	0	0	0	0	0	0	0	0	0	0	0	0	0	1	0	0	0	0	0	0	0	0	0	1	0	0	0	1	0	0	0	0	0	0	0	0	0	0	0	0	0	0	0	0	0	1	0	0	0	0	0	0	0	0	0	0	0	1	1	0	0	0	0	0	0	0	0	0	0	0	0	0	0	0	0	1	0	0	0	1	0	0	0	0	0	0	0	0	0	0	0	0	0	0	1	0	0	0	0	0	1	1	0	0	0	0	0	0	0	0	0	0	0	0	0	0	0	1	1	0	0	1	0	0	0	0	0	0	0	0	0	0	0	1	0	1	0	0	0	0	0	0	0	0	0	0	0	0	0	1	1	0	0	0	0	0	0	0	0	0	0	1	0	0	0	0	0	0	0	1	0	0	0	0	1	0	0	1	0	0	0	0	0	0	0	0	0	0	1	0	0	1	0	0	1	0	1	0	0	1	0	0	1	0	0	0	0	0	0	0	0	0	0	0	0	1	0	0	0	0	0	0	0	0	0	0	0	0	2	1	0	0	1	0	0	0	1	1	0	0	1	0	0	0	0	0	0
chr1.s_232183998	0	0	0	0	0	0	0	0	0	0	0	0	2	1	0	1	1	0	0	0	0	0	1	1	0	0	0	0	0	0	1	1	0	1	1	0	0	0	0	0	0	0	0	0	0	0	0	2	1	0	1	1	0	1	0	0	0	0	0	0	0	0	1	0	0	0	0	0	0	0	0	0	0	0	0	1	0	0	0	1	0	0	1	0	0	0	1	1	2	1	0	0	0	0	0	0	0	0	0	0	1	1	0	1	0	0	0	0	0	2	2	1	0	0	0	0	0	0	0	0	1	1	0	0	0	0	0	0	0	0	1	1	1	0	1	1	1	1	0	0	1	0	0	0	1	1	0	0	0	1	0	0	0	0	1	1	0	0	0	0	0	0	0	0	0	1	1	0	0	1	0	1	1	0	0	0	0	0	0	0	0	1	0	0	0	0	0	0	0	0	0	0	0	0	0	0	0	0	0	1	0	0	0	0	1	1	0	0	0	0	1	1	0	1	1	1	0	1	0	1	0	1	0	0	1	1	1	1	0	1	1	0	0	0	0	1	0	0	0	0	0	1	0	0	0	0	0	1	0	0	1	0	0	1	1	0	1	1	0	0	0	0	1	0	0	0	0	0	2	0	0	0	0	1	0	0	0	0	0	1	0	1	0	2	0	0	1	0	1	0	0	1	1	0	0	0	0	0	1	1
chr1.s_47794339	0	0	0	0	1	1	1	0	1	1	1	1	1	1	0	1	0	0	0	0	0	0	0	0	0	0	0	0	0	1	1	1	1	0	0	1	1	1	0	0	0	1	0	0	0	0	0	0	0	0	1	2	2	0	1	1	1	0	0	1	1	1	0	0	0	1	1	1	1	1	1	1	0	0	1	0	0	1	2	0	0	1	0	1	1	1	0	0	1	0	0	0	0	0	0	1	1	1	1	0	1	0	1	1	0	0	0	0	0	0	1	1	0	1	2	1	1	0	0	0	0	0	1	1	0	0	0	0	1	1	0	0	0	1	0	0	0	0	0	0	2	1	0	0	0	0	0	0	1	0	1	1	1	1	1	1	1	1	0	0	0	1	1	1	1	0	0	0	0	0	1	1	0	0	1	1	0	0	0	0	0	0	0	0	0	0	0	0	0	0	0	1	0	0	0	0	1	1	1	0	0	0	0	0	0	0	1	1	0	1	1	0	0	0	2	0	1	0	0	0	0	1	1	1	1	0	0	0	1	0	1	1	0	0	0	0	0	1	1	0	0	1	1	0	0	0	1	1	0	1	1	0	0	0	0	0	0	2	1	0	1	1	0	0	0	0	1	1	1	1	1	0	1	1	0	1	1	1	1	0	1	2	0	1	0	0	0	0	1	1	0	0	0	1	1	1	1	0	0	1
chr10.s_76303734	1	1	1	0	2	1	1	1	1	1	0	0	1	0	0	1	1	1	0	0	1	1	1	1	1	1	1	1	1	1	1	1	1	1	1	1	1	1	1	1	2	2	1	1	1	1	1	1	1	1	2	2	1	0	1	1	1	1	1	1	1	1	1	1	0	1	1	1	2	1	1	0	1	1	1	0	0	0	0	0	1	1	1	1	1	1	1	1	1	1	1	1	1	1	1	1	1	0	0	0	1	1	2	1	0	0	1	1	0	0	1	2	1	1	1	1	1	1	0	0	1	1	1	1	0	0	0	1	1	1	1	1	1	1	2	1	0	0	0	1	1	1	1	1	1	1	1	1	1	1	1	0	0	1	0	0	0	1	1	2	1	1	1	0	0	1	1	1	1	1	1	1	0	0	0	1	1	1	0	0	1	1	1	0	0	0	0	1	1	1	0	1	1	2	2	1	1	1	1	1	1	0	1	1	1	0	1	1	1	1	1	1	1	0	2	0	1	0	1	1	0	1	1	1	0	0	1	1	1	1	1	1	0	0	0	1	1	1	1	0	0	2	0	0	1	1	1	2	0	1	1	1	1	1	0	1	1	1	0	1	1	0	1	1	1	1	1	0	2	0	1	0	1	1	1	1	1	1	0	1	1	2	1	1	1	1	1	1	1	1	0	1	1	1	1	1	1	1	1	0
chr2.s_104172445	2	1	1	0	1	0	0	1	1	0	0	1	0	0	0	0	0	1	0	0	1	1	1	1	1	1	1	1	1	1	0	1	0	1	2	0	1	0	1	0	0	0	0	0	0	0	0	0	0	0	0	0	0	0	0	0	0	0	0	0	0	1	1	2	0	1	1	1	1	1	1	1	1	1	0	0	0	0	0	0	0	0	0	0	1	1	1	1	0	0	1	1	2	1	1	1	1	0	0	1	0	0	1	0	1	2	0	1	1	0	0	1	1	1	0	0	0	1	0	0	0	0	1	1	0	0	0	1	1	0	0	0	0	0	1	1	0	0	1	1	0	1	1	1	1	1	0	1	0	0	1	1	0	0	0	0	1	0	1	1	1	0	0	0	1	0	1	1	0	0	0	0	0	0	0	0	0	0	0	0	0	0	1	0	1	0	1	0	0	0	2	0	0	0	0	0	0	0	1	1	2	0	0	1	0	0	0	0	0	0	1	0	0	0	0	0	0	1	0	0	0	0	0	0	0	1	1	1	0	1	0	1	1	1	1	1	1	1	1	1	1	0	0	0	0	0	0	0	0	0	1	1	1	2	0	1	1	0	0	0	0	0	1	1	1	1	1	1	1	0	1	1	0	1	0	0	1	0	1	0	0	0	1	1	1	0	0	0	0	0	0	1	0	0	0	0	1	2	0	0
chr2.s_140422752	1	0	1	1	0	1	1	0	0	0	0	0	0	0	0	0	0	0	1	0	0	0	1	1	0	0	1	0	1	0	2	1	0	1	1	1	0	0	0	0	0	1	0	0	1	0	0	0	0	0	0	1	1	0	1	1	0	0	0	0	1	0	2	1	0	0	1	0	0	0	0	0	0	0	1	0	0	0	0	0	0	1	1	0	1	1	0	1	1	1	1	0	1	0	0	0	0	0	1	0	1	0	0	0	1	1	1	1	0	0	0	0	0	0	0	0	0	1	0	0	0	0	0	0	0	1	0	0	1	0	0	1	2	0	1	1	0	0	1	0	0	0	0	1	1	1	0	0	0	1	2	1	0	1	1	0	0	0	0	0	0	0	0	0	0	0	0	1	1	1	0	0	0	1	1	1	0	0	0	0	0	1	1	0	1	0	1	1	2	0	1	1	0	0	1	1	0	0	0	0	1	0	0	2	0	0	1	1	1	0	1	0	0	0	0	0	1	0	0	0	0	0	1	0	0	1	1	1	0	0	1	1	1	1	0	1	1	0	1	1	0	0	0	0	1	0	0	1	0	1	0	0	1	2	0	1	0	1	0	1	0	0	0	0	0	0	0	0	0	0	0	1	0	0	1	1	1	0	0	0	0	1	1	0	0	1	1	1	0	1	1	0	0	0	0	0	1	1	0	1
chr10.s_128286130	0	0	0	0	0	0	1	0	0	1	1	1	0	0	1	0	0	0	0	0	0	0	0	0	0	0	0	0	0	0	0	0	0	0	0	0	0	0	1	1	1	0	1	1	1	1	1	0	0	0	0	0	0	0	0	0	0	1	1	0	0	0	0	0	0	0	0	0	0	0	0	1	0	1	1	0	0	1	0	1	0	0	0	0	0	0	0	0	0	0	0	0	0	0	0	0	0	0	0	0	0	0	0	1	1	0	1	0	0	0	0	0	1	1	0	0	0	0	0	0	0	0	0	0	0	0	0	0	0	0	0	0	0	0	0	1	0	1	1	1	0	0	0	0	0	0	0	0	0	0	0	0	0	0	0	0	0	0	0	0	1	0	1	1	0	1	0	0	1	0	0	0	1	0	0	0	0	0	0	0	0	0	0	0	0	0	0	0	0	0	0	0	0	0	0	0	1	1	0	1	0	0	0	0	0	0	1	0	0	0	0	0	0	0	0	0	0	1	0	0	0	0	0	0	0	0	0	0	0	0	0	0	0	0	0	1	0	0	0	0	0	0	0	1	0	0	0	0	1	0	0	0	0	0	0	0	0	0	0	0	0	0	0	0	0	0	0	0	0	0	1	0	0	0	0	0	0	0	0	1	0	0	0	0	1	0	0	0	0	0	0	1	0	0	0	0	0	0	0	0
chr1.s_246562290	1	1	1	1	1	1	2	1	1	2	1	2	1	0	1	0	0	1	0	0	0	0	0	0	1	1	1	1	1	2	2	0	1	0	0	1	1	1	1	1	2	2	2	2	1	2	2	2	1	0	1	1	0	0	0	1	1	0	0	1	1	2	2	1	1	1	1	0	1	0	1	1	1	2	2	1	0	2	1	2	2	1	0	1	1	1	1	1	2	2	1	1	1	1	2	2	1	0	0	1	0	0	2	1	1	0	1	0	1	1	1	2	2	2	1	1	1	1	0	0	0	0	1	1	1	1	2	1	0	1	1	0	0	1	1	1	1	2	2	1	1	2	1	0	0	0	1	1	1	1	0	1	1	1	0	0	1	2	0	1	1	1	2	2	1	2	1	1	2	2	0	1	1	0	1	0	0	0	1	1	2	2	1	0	0	1	0	1	1	1	1	1	0	1	2	1	2	1	0	2	1	0	1	0	1	1	1	1	0	1	2	0	1	0	1	1	0	2	0	0	1	1	1	1	0	0	0	0	1	0	1	1	0	0	0	1	1	1	1	0	0	1	0	1	1	1	0	1	1	1	2	2	1	0	2	1	0	0	0	1	1	0	1	0	1	1	1	0	1	0	2	0	1	2	0	0	1	1	1	2	0	1	1	2	2	0	1	1	0	1	1	2	1	1	2	1	1	1	0	1
chr3.s_200572340	0	0	0	2	2	1	1	0	1	1	0	0	0	0	0	0	0	1	0	0	0	0	0	0	0	0	0	1	1	1	0	0	0	0	0	1	1	2	1	2	2	1	0	1	1	0	0	0	1	2	1	0	0	1	0	0	0	1	1	1	1	0	0	1	0	0	0	2	2	1	1	0	0	1	1	0	1	0	0	0	0	0	0	0	0	0	0	0	0	0	0	1	1	0	0	0	0	0	0	1	1	2	1	0	0	0	1	0	0	0	0	0	0	0	0	0	1	0	0	0	1	1	1	1	0	0	0	1	0	1	1	0	0	1	1	0	0	0	1	0	0	0	1	1	0	0	0	1	1	0	1	0	0	0	1	2	0	1	2	2	0	1	2	1	0	1	0	0	0	0	2	0	0	1	1	0	1	1	1	1	1	1	1	1	1	1	1	1	1	1	1	2	2	2	2	1	1	1	0	1	1	0	1	0	1	0	0	1	1	1	1	0	0	1	0	0	1	1	1	1	0	0	2	0	0	1	1	0	1	0	0	0	0	1	0	0	0	1	1	0	1	0	1	1	1	0	1	1	0	2	0	0	0	0	0	1	1	0	0	1	1	0	1	0	0	1	0	0	0	0	1	0	1	0	1	0	0	0	0	0	1	0	0	1	0	1	0	1	0	0	0	1	1	1	0	0	1	0	1	1
chr10.s_146118154	0	0	0	0	1	0	0	0	0	0	0	0	0	0	0	0	0	0	0	0	0	0	0	1	0	1	0	1	0	0	0	0	0	0	0	0	0	0	0	0	1	1	0	0	0	0	0	0	0	0	0	0	0	0	0	0	0	0	0	1	0	0	0	0	0	0	0	0	1	0	1	0	0	0	0	0	0	0	0	0	0	0	0	0	0	1	0	0	0	0	0	0	0	0	0	0	0	0	0	0	0	0	1	0	0	0	0	0	0	0	0	0	0	0	0	0	0	0	0	0	0	0	0	0	1	0	0	0	1	0	0	0	0	1	2	1	0	0	0	0	0	0	0	0	0	0	0	0	1	0	0	0	0	0	0	0	0	1	0	1	1	0	0	0	0	0	0	0	0	0	1	0	0	0	0	0	0	0	0	1	0	0	0	0	0	0	0	0	0	0	0	1	1	2	1	0	0	0	0	0	0	0	0	0	0	0	1	1	1	0	0	1	0	0	0	0	0	0	0	1	0	0	0	1	0	0	1	0	1	0	0	1	0	0	0	0	0	0	0	0	0	0	0	0	0	1	0	0	0	0	0	0	0	0	0	0	1	0	0	0	0	1	0	0	0	0	0	1	0	0	0	1	0	0	0	0	0	0	0	0	0	0	0	1	0	0	0	0	0	0	0	0	1	0	0	0	0	0	1	0
chr6.s_128047231	0	0	0	0	1	0	0	1	1	1	0	1	0	0	0	0	1	2	1	1	0	0	0	0	1	1	1	1	1	0	1	0	1	0	0	1	1	1	0	0	0	0	0	0	1	1	1	1	0	0	0	0	0	1	1	0	1	0	0	0	0	1	0	0	0	0	0	1	1	1	0	0	0	0	0	1	0	0	0	0	1	0	0	1	0	0	0	0	1	0	0	1	1	0	0	1	1	0	0	0	0	1	1	1	0	0	0	0	1	1	0	1	1	1	1	2	1	0	0	0	1	1	1	1	0	0	0	1	0	1	0	0	0	0	0	0	0	0	0	1	0	0	0	0	0	0	1	0	0	1	1	0	0	0	0	0	0	0	1	1	0	0	0	0	0	1	1	0	0	1	0	0	0	0	0	1	0	0	0	0	0	1	1	0	0	0	1	0	0	0	0	0	0	0	0	0	0	0	0	1	0	0	1	0	1	0	0	1	0	0	1	0	1	0	0	0	0	0	0	0	0	1	0	0	0	0	0	0	1	0	1	0	0	0	0	0	0	0	1	0	0	1	0	0	0	0	1	1	0	0	2	0	1	0	0	1	0	0	0	0	1	0	0	1	0	1	1	0	0	0	0	1	1	1	2	0	1	0	0	1	0	0	1	1	0	0	0	0	2	0	0	0	0	1	0	2	1	0	1	0
chr5.s_219434431	1	1	1	0	0	1	0	0	0	1	2	1	2	1	1	1	1	1	1	1	1	1	0	0	1	1	1	1	1	0	0	0	2	0	0	1	1	1	1	1	1	0	0	0	1	1	1	0	0	1	2	1	0	1	0	0	1	1	1	1	1	1	1	0	1	0	0	0	0	1	0	0	2	1	1	1	1	1	1	1	1	0	1	1	1	1	0	0	0	0	0	2	1	1	1	1	0	0	0	0	0	1	0	0	0	0	1	1	1	1	2	2	1	1	1	1	1	1	1	1	1	1	1	1	1	1	1	0	1	2	0	1	1	1	0	0	2	1	0	2	1	0	1	1	0	0	0	1	0	0	1	1	2	1	1	1	1	1	0	0	1	2	1	1	1	0	0	0	1	0	1	2	1	0	0	1	0	0	0	0	0	0	0	1	0	1	1	0	0	0	0	1	1	1	0	1	0	1	1	2	0	1	0	1	1	2	0	0	1	0	1	1	0	1	2	1	0	1	1	0	1	0	0	1	1	1	0	0	0	1	0	2	1	0	2	0	1	0	1	1	1	1	1	1	0	1	1	2	1	1	1	1	0	0	1	1	0	0	1	0	1	1	0	1	0	2	1	0	2	2	0	1	1	1	1	1	1	0	1	0	0	1	1	0	2	0	1	0	0	0	1	1	1	0	1	0	1	1	0	1
chr1.s_223702675	1	1	0	1	1	0	1	0	1	1	1	1	0	0	1	0	0	1	1	1	1	1	1	1	2	2	2	2	2	1	1	2	2	1	0	1	1	1	1	1	1	1	2	1	1	0	1	1	2	1	0	0	0	0	0	0	2	1	1	2	2	0	0	1	1	1	0	1	1	1	0	1	0	0	2	0	1	1	1	1	1	2	1	2	1	1	2	2	0	0	0	2	1	2	2	1	1	1	0	1	0	1	0	1	1	0	0	0	1	0	0	0	0	0	1	1	1	0	2	2	1	1	2	2	1	1	0	0	0	2	2	1	0	1	0	1	0	1	0	1	1	0	1	2	1	1	2	2	2	1	0	1	2	2	0	0	1	1	1	1	1	1	1	0	0	1	1	1	1	1	1	1	0	1	2	1	1	1	1	1	1	0	0	1	0	1	1	2	1	2	1	1	1	1	1	1	1	0	0	0	1	2	1	0	0	1	1	2	2	2	1	1	1	0	0	1	1	0	1	1	1	1	1	2	0	0	0	0	2	1	0	2	1	0	2	0	1	1	1	0	0	1	1	0	2	1	1	0	2	2	0	1	1	0	1	1	0	0	2	2	1	2	1	2	0	1	1	1	0	2	2	2	2	1	0	1	1	2	1	1	1	1	1	1	1	0	0	2	0	1	1	1	1	1	1	1	1	0	0	2
chr4.s_238718871	2	2	2	1	1	2	2	1	0	0	1	0	0	0	0	0	0	1	0	0	0	1	1	0	1	0	1	1	2	1	0	1	1	1	0	1	0	0	1	1	1	1	2	1	1	0	0	1	0	1	1	1	1	0	1	1	0	1	2	0	1	1	1	0	1	2	2	1	1	2	1	2	1	0	2	2	1	0	0	0	0	0	1	1	0	0	1	1	0	0	1	2	1	1	0	1	2	2	2	1	1	0	1	2	2	1	0	0	0	1	0	1	1	1	1	1	0	0	0	0	0	1	0	1	0	1	0	1	2	2	1	1	1	0	1	2	1	1	0	1	1	1	1	1	0	0	1	2	0	1	2	1	1	1	2	1	0	0	0	0	2	2	1	0	0	0	0	0	0	1	1	0	0	1	0	1	0	1	2	1	1	0	1	2	1	1	0	1	1	2	1	1	0	0	1	2	1	1	1	0	1	1	0	1	0	0	2	1	1	1	0	0	1	0	1	0	0	1	1	0	0	0	1	0	0	0	1	1	0	1	1	2	2	1	1	0	1	0	2	2	1	1	1	0	0	0	0	0	1	1	2	1	1	1	0	1	0	1	0	2	1	0	0	1	0	1	0	1	0	2	2	2	0	1	0	1	1	1	0	0	0	1	1	2	1	1	0	2	1	2	0	1	0	1	0	1	1	1	0	1
chr1.s_262555017	0	0	0	1	0	0	0	1	1	1	0	0	0	0	0	0	0	1	0	0	0	0	1	1	1	1	1	1	1	1	2	0	1	1	1	0	0	0	1	1	1	0	0	0	1	0	0	0	0	0	0	0	0	0	0	0	1	0	0	0	0	1	1	0	0	1	1	0	0	0	0	0	0	0	0	0	0	1	1	0	1	1	0	1	0	0	0	0	2	1	0	0	0	0	0	1	1	0	0	1	0	0	1	0	0	0	0	0	1	0	0	1	1	1	1	1	0	1	0	0	0	0	0	0	1	1	1	0	0	1	0	0	0	1	0	0	0	0	0	1	0	1	1	1	1	1	0	0	0	2	0	1	1	0	0	0	1	1	0	0	1	0	0	1	1	0	0	0	0	0	0	0	0	0	1	0	0	0	1	1	1	1	0	1	1	1	1	0	0	0	1	0	0	0	1	1	0	0	0	0	0	0	0	1	0	0	0	0	0	0	1	0	1	0	0	0	0	0	0	0	1	1	0	1	0	0	0	1	1	1	1	1	0	0	0	1	0	0	1	0	0	1	0	0	0	0	1	1	0	0	1	0	0	1	0	0	0	0	1	0	1	1	0	1	0	0	1	0	0	0	1	0	0	0	1	0	1	1	1	0	0	0	1	0	0	0	0	1	0	0	0	0	0	1	1	1	0	0	0	0
chr9.s_143975231	1	0	0	0	0	0	0	0	0	0	0	0	0	0	1	0	0	0	0	0	0	0	0	0	1	1	1	0	0	0	0	0	0	0	0	1	1	1	0	0	0	0	0	0	0	0	0	2	1	1	1	0	0	0	0	0	1	0	0	0	0	0	0	1	0	0	0	0	0	0	1	1	0	0	0	1	0	0	0	0	0	0	0	1	1	1	1	1	1	0	0	0	0	1	1	1	1	0	0	0	0	0	0	0	0	0	0	0	1	2	1	0	0	0	0	0	0	0	0	0	0	0	0	0	0	0	0	0	0	0	1	0	0	0	0	0	0	0	0	1	1	0	1	1	0	0	0	0	1	0	0	0	0	0	0	0	0	0	0	0	0	1	1	0	0	0	0	0	0	1	0	1	1	0	0	1	0	0	0	0	0	0	0	0	0	0	0	0	0	0	1	0	1	1	0	0	0	1	1	0	1	0	0	0	0	1	0	0	1	1	0	0	0	1	1	0	0	1	1	0	0	1	0	0	0	0	0	0	0	0	1	0	0	0	0	0	0	1	0	0	0	0	0	0	0	0	0	0	1	0	1	0	0	0	0	0	0	0	0	0	1	0	1	1	0	0	1	1	0	0	0	0	1	1	0	1	1	0	0	0	0	0	0	1	0	0	0	0	0	0	0	0	0	0	0	0	1	0	0	0
chr2.s_50140529	0	0	0	0	0	2	1	0	0	0	1	0	1	1	0	0	0	0	1	0	0	0	0	0	1	1	1	0	0	1	0	0	0	0	0	0	0	0	0	0	0	0	0	0	0	0	0	0	0	0	0	1	1	0	0	0	1	0	0	0	0	1	0	1	0	0	0	0	0	1	0	0	1	0	1	0	0	1	1	0	0	1	2	1	0	0	0	0	1	0	0	0	0	0	0	0	0	0	0	0	1	1	0	0	0	0	0	0	0	1	1	0	0	0	1	1	0	0	0	0	0	0	0	0	0	0	1	1	0	0	0	0	0	1	0	0	1	0	0	0	0	0	1	2	0	0	0	0	0	1	0	1	1	1	0	0	1	1	0	0	0	1	0	0	0	0	0	0	0	0	0	0	1	1	1	0	1	1	0	0	1	0	0	0	0	0	0	1	1	0	0	0	0	0	0	1	0	0	0	0	1	0	0	0	0	1	0	0	0	0	0	0	0	1	0	0	2	0	0	1	0	1	1	0	1	0	0	0	0	0	1	0	0	0	0	0	0	0	0	1	0	1	1	0	0	1	0	0	0	1	0	1	0	0	1	0	1	1	1	0	1	1	0	0	0	1	1	0	0	1	0	1	0	2	0	1	1	0	1	0	1	1	0	0	0	1	0	0	0	0	0	1	1	0	0	0	0	0	1	0
chr1.s_37389801	1	1	0	0	0	0	0	1	1	0	0	0	0	0	1	0	0	0	1	2	1	1	1	1	1	1	1	1	1	1	0	2	1	1	1	0	1	0	1	0	0	0	0	0	1	0	0	1	0	0	0	1	1	0	0	0	1	1	1	2	2	1	0	0	1	1	0	0	0	0	0	0	0	0	0	1	0	0	0	1	0	0	1	1	1	1	1	1	0	0	1	0	0	0	1	1	1	1	0	1	1	0	0	0	1	2	0	1	1	1	0	0	0	0	0	0	0	1	2	2	2	2	1	1	1	1	1	1	1	0	1	1	0	0	0	0	0	0	1	0	0	0	0	0	2	2	1	1	2	0	1	1	0	1	0	0	1	0	0	0	0	0	0	0	1	0	1	2	1	2	0	1	0	1	0	1	1	1	1	1	1	0	1	1	1	2	1	2	1	1	1	0	0	0	0	0	0	0	1	0	1	2	0	1	1	1	0	1	1	2	0	1	1	0	0	1	0	1	1	1	1	1	0	1	0	0	0	1	1	1	0	0	1	1	0	0	1	2	1	1	0	0	0	1	1	1	1	1	1	0	1	2	0	1	2	0	1	1	1	1	0	1	0	1	1	0	1	1	0	0	0	1	1	1	1	1	1	1	1	0	1	0	1	1	1	0	0	1	0	0	1	0	1	0	0	0	1	1	0	2
chr8.s_142376547	0	1	1	1	0	1	1	1	0	0	0	1	1	0	0	0	0	0	0	0	0	0	0	0	1	1	1	0	0	0	0	0	0	1	1	0	0	0	0	0	0	0	0	0	1	0	0	0	0	0	1	1	0	0	0	0	0	0	0	0	0	0	1	0	1	0	0	0	0	0	1	1	0	0	0	0	0	0	0	0	0	1	0	1	1	1	0	0	1	0	0	0	0	0	0	0	0	0	0	1	0	0	0	0	0	0	0	0	0	0	1	1	0	0	1	1	0	1	0	0	0	0	1	1	0	0	0	0	0	0	0	0	0	0	0	0	0	0	1	0	0	0	0	0	0	0	0	1	1	0	0	0	0	1	0	0	0	0	0	0	0	0	0	0	0	1	1	0	0	0	0	1	0	0	1	1	0	0	1	1	0	0	0	0	0	0	1	0	0	1	0	0	0	0	0	0	1	0	0	0	0	0	0	1	0	0	0	0	0	1	1	0	1	0	1	0	0	0	0	0	0	1	1	0	0	0	0	1	0	1	1	0	1	0	0	0	1	1	0	0	1	1	0	0	0	0	0	2	0	0	0	0	0	0	0	1	0	0	0	1	1	0	0	0	0	1	0	1	1	0	0	0	0	0	1	0	0	1	0	1	0	2	0	0	0	0	0	0	0	1	0	0	0	1	0	0	0	0	0	0
chr1.s_29049415	1	2	1	0	0	1	1	1	1	0	0	0	0	1	0	1	1	2	1	1	1	1	1	1	2	2	2	2	2	0	0	1	0	1	1	1	2	1	1	0	0	0	1	0	1	0	0	2	2	2	1	1	2	1	2	2	2	2	2	1	1	0	0	1	1	1	0	0	0	1	0	1	1	0	1	1	1	0	1	0	1	1	2	2	1	1	2	2	0	0	1	0	0	1	1	0	1	1	0	2	1	0	0	1	1	1	0	1	1	1	0	0	0	0	2	2	1	2	1	1	1	1	1	1	1	1	0	1	2	0	2	1	0	0	0	1	1	1	0	0	2	1	1	1	1	1	1	1	2	0	1	1	0	1	0	0	1	0	0	0	1	1	0	0	1	0	1	1	0	1	2	0	0	2	1	1	1	1	1	1	0	0	1	1	1	1	0	1	0	1	2	1	0	0	0	1	1	1	2	0	2	1	1	1	1	0	2	1	1	2	0	1	1	0	1	1	1	0	2	1	1	1	1	1	1	0	0	1	1	1	0	1	1	0	0	0	1	2	1	1	0	0	0	0	1	0	1	0	1	1	1	1	0	1	0	0	1	2	1	1	1	1	1	1	1	1	2	1	0	0	1	1	2	1	1	1	2	1	1	0	1	1	1	2	1	0	1	1	1	1	2	1	0	2	1	1	2	1	1	1
chr5.s_69658516	0	0	0	0	0	0	0	0	1	1	0	1	0	0	0	0	0	0	1	1	0	0	0	0	1	1	1	0	0	0	0	0	0	0	0	1	1	1	0	0	0	0	0	0	0	0	0	1	1	0	0	0	0	0	0	0	1	0	0	0	0	1	0	2	1	0	0	0	0	0	0	0	0	0	0	1	1	0	0	0	0	1	0	1	0	0	1	1	0	0	0	0	1	1	1	0	0	0	0	1	0	0	0	1	0	0	0	0	0	0	0	0	0	1	0	0	1	0	0	0	0	0	0	0	0	0	0	0	0	0	1	0	0	0	0	0	0	0	0	0	1	0	0	0	0	0	0	0	0	0	0	0	0	0	0	0	0	0	1	1	0	0	0	0	0	1	1	1	1	1	0	0	0	0	0	0	0	0	0	0	1	0	0	1	2	1	2	0	0	1	0	0	0	0	1	1	0	0	0	0	1	0	0	0	0	0	0	0	0	0	0	0	0	0	0	0	0	1	0	0	0	0	0	0	0	1	0	0	1	0	0	0	0	0	0	0	0	0	0	0	0	0	0	1	1	0	0	0	0	0	1	0	0	0	0	0	0	0	0	1	1	0	1	0	0	0	1	0	0	0	0	0	1	1	0	0	1	1	0	1	0	0	0	0	0	0	0	1	1	0	0	0	0	0	0	1	1	0	0	0
chr7.s_84828353	0	0	0	0	0	0	0	0	0	0	0	0	0	0	0	0	0	0	0	0	0	0	1	1	1	1	1	0	0	1	0	0	0	1	1	1	1	1	0	0	0	0	0	0	0	0	0	1	1	0	0	0	0	0	1	1	1	0	0	0	0	0	1	1	1	0	0	0	0	0	0	0	0	0	0	1	1	0	0	1	0	0	0	0	0	0	1	1	0	0	0	0	0	1	1	0	0	0	0	0	1	0	0	0	0	0	0	0	0	0	0	0	0	0	0	0	0	0	0	0	0	0	0	0	0	0	0	0	1	0	1	0	0	0	0	0	0	0	0	0	0	0	0	0	1	1	0	0	0	0	0	0	0	0	1	1	0	0	1	1	0	0	0	0	0	0	0	0	0	0	0	0	0	0	0	0	0	0	1	1	1	0	0	0	0	0	0	0	0	1	1	0	0	0	1	1	1	0	0	1	1	0	0	0	0	0	1	1	0	0	0	0	0	0	0	1	0	0	0	0	0	0	0	0	0	0	0	1	0	1	0	1	0	0	0	1	1	0	0	0	0	0	0	0	0	0	0	0	0	0	0	0	0	1	0	1	0	1	0	1	0	0	1	0	0	1	1	0	0	0	1	0	1	0	0	0	1	0	0	0	0	0	0	0	0	0	0	1	0	1	0	1	0	0	0	0	1	0	0	0
chr8.s_102969951	1	1	0	0	0	1	0	0	0	0	0	0	0	0	0	0	0	0	0	1	1	1	1	1	1	1	1	1	1	0	1	1	0	1	1	0	1	0	1	0	0	0	0	0	0	0	0	1	1	1	0	0	0	0	0	1	1	1	1	2	2	0	1	1	0	1	0	0	0	1	0	0	1	0	1	1	1	0	0	0	1	0	0	1	1	1	1	1	1	1	1	1	1	1	0	0	1	1	0	1	0	0	0	0	0	0	0	0	0	1	0	0	0	0	0	0	0	1	1	1	1	1	1	1	1	1	0	0	1	1	1	1	0	0	0	0	1	0	0	0	0	1	1	0	1	1	1	1	1	1	1	1	1	0	0	0	1	0	0	0	0	2	1	0	0	0	0	0	0	1	1	0	0	0	0	1	1	1	1	1	0	1	1	1	1	0	1	1	0	1	1	0	0	0	0	1	0	0	0	0	1	1	1	0	1	0	0	1	1	1	1	1	1	0	0	1	0	0	1	1	1	1	1	1	0	1	0	0	1	1	0	1	1	0	1	0	1	0	1	1	0	0	0	0	1	0	0	0	0	2	1	0	0	1	0	0	0	0	1	1	0	1	0	1	0	1	1	1	0	1	0	1	1	0	0	1	1	1	0	0	1	0	1	1	0	0	1	1	0	0	2	0	0	1	1	0	1	1	0	1
chr4.s_213509620	0	0	0	0	0	0	0	0	0	1	1	0	0	0	1	0	0	0	0	0	0	0	0	0	0	0	0	0	0	1	0	0	0	0	0	0	0	0	0	0	0	0	0	0	0	1	1	0	0	0	0	0	0	0	1	1	0	0	0	0	0	1	1	0	0	1	1	0	0	0	0	0	0	0	1	1	1	0	0	0	0	0	0	0	1	1	0	0	0	0	0	1	0	1	0	0	0	0	0	0	0	0	1	1	0	0	0	0	0	0	0	0	0	1	0	0	0	0	0	0	0	0	0	0	0	0	1	2	1	1	0	0	0	0	0	0	1	1	0	1	0	1	0	0	0	0	0	0	0	0	0	0	1	1	0	0	0	0	0	0	0	0	0	0	0	0	0	0	1	0	0	0	0	1	0	0	0	0	0	0	1	1	1	2	1	1	0	1	1	0	1	1	0	0	0	0	0	0	0	1	0	0	0	0	0	0	1	1	0	0	0	0	0	0	0	0	0	1	0	0	0	0	0	0	0	0	0	0	0	1	0	1	0	0	1	0	1	0	0	0	0	0	0	1	0	0	0	0	1	1	1	1	0	0	1	0	0	0	0	0	0	0	0	0	0	0	0	0	0	1	0	0	0	1	0	1	0	0	0	0	0	1	0	0	1	0	0	0	1	0	0	0	0	0	0	0	0	0	0	0
chr8.s_1588434	0	1	0	0	0	0	0	0	1	2	1	1	1	0	0	1	1	0	0	0	0	0	0	0	0	0	0	0	0	0	1	1	0	1	0	0	0	0	0	0	0	0	0	0	0	1	1	0	0	0	1	1	0	0	0	0	0	0	0	0	0	0	0	0	0	1	0	0	0	0	0	0	0	0	0	0	0	0	0	0	0	0	0	0	0	0	0	0	0	0	0	0	0	0	0	0	1	2	1	0	0	0	0	0	0	0	0	0	0	1	2	1	0	1	0	0	0	0	0	0	0	0	0	0	0	0	0	0	0	0	1	1	0	0	0	0	0	0	0	1	1	0	0	0	0	0	0	0	0	0	0	0	0	0	1	1	0	0	0	0	0	0	0	1	1	1	1	0	1	0	0	1	0	0	0	0	0	0	0	0	0	1	1	0	0	0	0	1	0	1	0	0	0	0	0	0	0	0	0	1	0	1	0	0	0	0	0	0	0	1	0	1	0	0	1	0	0	1	0	0	0	0	0	0	0	0	0	0	1	0	0	0	0	0	0	0	0	0	0	0	0	1	0	0	0	0	0	1	0	0	1	0	0	0	0	0	0	0	0	0	0	0	0	0	0	0	0	0	1	0	0	0	0	0	0	1	0	1	0	1	0	1	0	0	1	0	0	1	0	0	0	0	0	0	0	0	0	0	0	0
chr2.s_223372056	0	0	1	2	1	1	1	0	1	2	1	1	2	1	1	0	1	1	0	0	1	1	0	0	0	0	0	0	0	1	2	1	1	0	0	1	0	1	0	1	1	2	0	1	0	1	1	2	1	1	2	2	1	1	2	1	0	1	1	0	0	1	2	2	1	0	1	1	1	0	1	0	0	1	1	1	0	0	0	1	0	1	1	0	1	1	1	1	2	1	0	0	1	1	2	1	0	0	1	1	2	1	1	1	0	0	1	0	1	2	2	1	0	0	0	1	2	0	1	1	1	1	0	0	1	1	2	2	1	0	1	0	1	2	1	0	1	1	1	1	1	0	0	0	0	0	0	0	0	1	1	0	0	2	1	1	0	1	1	1	0	0	1	1	0	2	1	1	2	2	0	2	1	1	1	1	0	0	1	1	2	1	0	1	2	2	2	0	1	1	1	1	2	2	2	1	2	2	1	1	1	1	0	1	1	2	1	1	1	0	1	0	0	2	2	1	0	1	1	0	1	1	1	0	1	1	1	1	1	0	2	0	0	1	1	0	1	0	0	0	1	1	1	2	1	1	0	1	1	1	1	1	1	0	2	1	0	1	1	1	1	1	2	0	0	0	0	0	2	0	0	1	0	1	1	1	0	1	0	1	0	2	0	1	1	1	0	1	2	2	0	1	1	1	0	2	0	0	1	0
chr7.s_28862686	1	1	1	1	2	1	1	0	0	0	0	0	2	2	1	1	1	2	0	1	0	0	1	1	0	0	0	1	1	0	0	0	0	1	1	0	0	1	1	2	2	1	1	1	0	0	0	1	1	2	2	1	1	1	1	0	1	0	0	0	0	0	0	1	0	0	0	2	2	1	1	0	0	0	0	1	1	0	1	0	0	0	0	0	0	0	0	0	0	0	1	0	1	0	0	0	0	0	0	0	1	1	1	1	0	0	0	0	0	2	2	1	0	0	1	1	2	0	1	1	0	0	1	1	1	1	1	0	1	1	0	0	0	1	1	0	1	1	0	1	1	0	1	1	1	1	0	0	0	0	1	1	0	0	0	1	0	1	1	1	0	1	1	0	0	0	0	0	0	1	2	2	1	1	0	0	1	1	1	1	1	1	2	1	2	1	2	1	1	0	1	1	1	1	2	1	0	1	1	0	1	1	1	0	0	1	0	0	0	0	1	0	0	2	2	0	0	0	2	1	2	1	2	0	2	1	1	1	0	1	0	0	0	1	1	1	0	0	2	0	1	1	1	0	1	1	1	1	1	1	1	1	0	2	1	0	1	1	1	0	1	0	1	1	0	0	0	0	2	0	0	0	1	0	1	0	1	0	0	0	1	1	1	1	1	1	0	1	2	0	0	0	1	2	0	1	1	1	2	0
chr9.s_66689137	1	1	2	2	1	1	0	0	0	0	1	1	0	0	2	0	0	0	2	1	0	0	1	2	1	2	1	1	0	1	1	1	1	1	2	2	2	2	1	1	1	1	1	2	1	0	1	1	2	1	0	1	1	1	1	1	0	0	0	1	0	2	1	1	0	1	2	1	1	1	2	1	1	1	1	0	1	1	0	1	1	2	2	1	0	1	1	1	1	2	1	2	1	2	1	1	1	1	2	2	2	2	2	0	0	0	2	1	0	1	1	1	2	2	0	0	0	1	1	1	1	1	0	0	1	0	1	1	0	1	1	0	1	1	1	0	2	1	2	1	0	1	1	2	1	1	1	0	1	2	1	0	1	1	2	2	1	1	2	2	1	2	2	1	0	1	0	0	0	0	2	1	1	2	1	1	1	1	1	2	2	1	0	2	1	1	1	0	1	1	2	1	2	2	2	2	1	2	1	0	1	1	1	2	1	0	1	1	1	0	1	1	0	1	1	0	1	1	0	1	0	0	1	1	0	1	1	1	1	1	1	1	0	1	2	2	0	0	0	1	1	1	2	2	1	1	1	1	1	2	1	2	2	1	2	1	1	1	0	1	2	1	2	1	1	1	2	2	1	2	0	0	1	1	1	0	1	1	0	1	0	1	1	0	1	2	0	1	0	1	1	2	1	1	0	0	1	0	1	1
chr10.s_86917272	0	0	1	1	0	1	1	0	0	1	1	1	0	1	1	1	0	0	1	0	0	0	0	0	0	0	0	0	0	2	0	0	1	0	1	1	1	1	1	1	0	0	1	1	1	1	1	0	0	0	0	0	1	1	0	1	0	0	0	0	0	1	0	0	1	0	1	1	0	1	0	1	1	1	1	0	0	1	1	1	1	1	2	0	0	0	0	0	0	0	0	0	0	1	2	1	0	0	1	1	2	1	0	1	1	0	1	0	0	0	0	0	1	1	1	0	0	1	1	1	0	0	0	0	0	0	1	1	1	0	0	0	1	0	0	1	1	1	1	1	1	1	1	1	1	1	1	0	0	0	0	0	0	1	2	2	1	0	1	0	1	1	1	1	0	1	0	0	1	0	0	1	1	1	1	0	0	0	0	0	1	0	0	0	0	1	0	0	1	0	2	1	2	1	0	1	1	1	0	1	0	1	0	1	1	1	1	0	1	0	0	0	0	1	0	1	1	1	0	1	0	0	0	0	1	1	1	1	0	0	1	0	0	1	0	1	0	0	0	1	1	0	1	2	0	1	1	0	1	0	0	1	1	0	2	1	1	2	0	0	1	0	1	0	0	1	1	0	0	0	2	0	0	1	0	0	0	0	0	1	0	0	0	0	1	1	1	0	0	1	0	1	2	0	1	0	0	0	1	0
chr3.s_185585016	0	0	1	0	0	0	0	0	0	0	0	0	0	1	0	2	1	1	2	1	0	0	0	0	1	1	1	1	1	0	0	0	0	0	0	2	1	1	1	1	1	0	0	0	0	0	0	1	2	2	1	0	1	1	0	0	0	1	1	0	0	0	0	1	0	0	1	0	0	0	0	0	0	0	0	0	1	0	1	0	0	1	1	0	0	0	1	1	0	0	0	0	0	1	1	0	0	0	1	0	0	1	0	1	1	1	0	0	0	0	0	0	0	0	1	0	1	0	0	0	1	1	0	0	0	0	0	0	0	1	1	1	2	0	0	0	0	0	0	0	2	0	0	1	0	0	0	0	0	0	0	0	0	0	1	0	0	0	0	0	0	0	0	0	0	1	1	0	0	0	1	0	0	1	1	1	0	0	0	0	1	0	0	0	0	0	0	0	1	0	1	0	0	0	0	0	0	0	0	0	1	0	1	1	1	0	0	0	0	0	0	1	0	0	0	0	1	0	1	1	0	0	1	1	1	1	0	1	0	0	1	0	0	1	0	0	0	0	1	1	0	0	0	1	1	0	1	0	0	1	0	1	1	0	0	1	1	1	0	0	0	0	1	0	0	0	1	0	0	0	0	0	1	1	0	0	1	0	0	1	0	0	0	0	1	1	1	0	1	1	1	0	1	1	1	0	1	0	1	0
chr3.s_150292076	1	2	1	1	2	1	0	2	1	1	1	1	1	1	0	2	2	1	0	1	2	2	1	1	1	1	1	1	1	0	0	2	1	1	1	0	1	1	2	2	2	1	0	0	0	1	1	0	1	1	1	1	1	2	1	0	1	1	1	2	2	1	0	0	2	1	0	1	1	1	1	0	2	1	0	0	1	0	1	1	1	0	0	1	2	2	1	1	0	0	1	0	0	0	1	1	1	1	0	1	2	1	1	0	0	1	0	1	1	0	1	1	0	1	1	1	1	0	2	2	1	1	2	2	1	1	0	0	2	1	1	1	0	1	1	0	1	0	1	1	1	0	0	0	1	1	1	1	1	0	2	1	0	1	1	2	1	1	1	1	0	1	0	0	1	0	1	1	1	0	2	1	0	0	0	2	2	2	1	1	0	1	2	0	0	1	0	2	1	1	1	2	2	2	1	1	1	1	2	1	1	2	1	0	0	1	0	1	2	1	1	2	2	1	2	2	1	1	1	2	1	1	1	2	1	1	1	1	1	1	0	1	2	1	0	0	1	1	2	1	2	1	1	1	1	2	1	1	0	1	1	1	0	1	0	0	2	2	1	1	1	1	1	1	1	1	1	1	1	0	0	2	1	0	1	1	1	1	1	0	2	1	2	0	2	1	0	1	1	1	1	1	2	1	1	2	1	2	2	1
chr9.s_90618503	1	1	1	0	0	0	0	0	0	0	0	0	1	0	0	0	0	0	0	0	0	0	0	0	0	0	0	0	0	1	0	1	1	0	0	1	1	1	0	0	0	0	0	0	0	0	0	0	1	1	1	2	1	0	0	0	0	0	0	0	0	1	0	1	1	0	0	0	0	0	0	0	0	0	0	1	2	0	0	0	0	0	1	0	0	0	1	1	0	0	0	1	1	0	1	2	1	1	1	0	0	0	0	1	0	0	0	0	0	0	1	1	0	0	0	0	0	0	0	0	0	0	0	0	0	0	1	1	0	0	0	0	0	0	0	0	0	0	0	1	0	0	0	0	0	0	0	0	0	0	0	0	0	2	0	0	0	0	0	0	0	0	0	0	0	0	0	0	0	0	2	2	1	0	0	0	0	0	1	1	2	0	0	0	0	1	0	0	0	0	0	0	0	0	0	0	0	0	0	0	1	0	1	0	0	2	0	0	0	0	0	0	0	1	1	0	0	0	0	0	0	0	1	0	0	0	0	0	0	0	0	0	1	0	0	0	0	0	0	0	1	1	0	0	1	1	0	1	0	1	0	1	0	0	2	0	0	0	0	0	0	0	1	1	0	0	1	0	1	0	0	0	1	1	0	1	1	0	0	0	0	2	0	0	0	0	0	0	1	0	0	0	1	1	0	0	1	0	0	0
chr1.s_152040208	1	1	1	2	1	0	0	0	0	1	1	1	1	0	0	0	1	1	1	2	2	1	0	0	1	1	1	0	0	0	0	0	2	0	1	1	2	2	2	2	1	0	0	0	1	2	1	0	1	2	2	2	1	1	1	0	1	2	1	0	0	0	0	0	2	1	1	2	1	1	0	0	0	0	0	1	2	0	0	0	1	0	1	2	2	1	0	0	0	1	1	0	0	0	1	2	1	0	0	1	2	1	0	0	0	0	0	0	1	0	1	1	0	1	0	1	2	0	1	1	1	0	2	1	0	0	0	1	1	0	0	0	0	0	0	0	1	1	0	1	0	0	0	0	1	1	1	1	0	0	1	0	0	1	0	1	1	0	2	1	0	1	1	0	0	0	0	0	1	0	2	1	0	1	1	1	1	0	1	1	1	0	0	1	1	2	1	1	1	0	2	1	1	0	1	1	0	0	0	1	0	0	2	0	0	1	0	1	0	0	1	0	1	1	1	1	0	2	2	2	1	1	1	0	0	0	1	0	0	0	0	0	0	1	1	0	1	0	0	0	1	1	1	1	1	1	1	2	0	1	1	1	1	0	0	1	1	1	1	0	2	0	1	1	1	1	1	0	1	0	0	0	2	0	2	1	0	0	0	0	1	1	1	0	2	0	0	1	1	0	2	0	2	1	0	1	1	0	2	2
chr8.s_172045507	0	2	1	1	0	1	2	0	0	0	0	0	0	0	0	1	1	1	0	0	1	1	0	1	0	1	0	2	1	0	1	2	0	1	0	0	0	0	0	0	0	0	1	0	1	1	1	1	1	1	1	1	1	0	0	1	1	1	1	1	0	0	1	1	0	1	0	0	0	0	0	1	0	0	1	0	0	0	0	0	1	1	0	0	0	1	1	1	1	1	0	1	0	2	1	0	1	1	0	0	1	0	0	1	1	0	0	0	0	0	0	0	0	0	0	0	0	1	0	0	0	0	0	0	2	1	1	0	1	1	2	2	1	1	0	1	0	1	0	0	1	1	1	0	0	0	0	1	2	1	0	0	1	1	0	0	0	0	1	1	1	0	0	0	0	1	1	0	0	0	0	0	0	0	0	0	0	0	0	1	0	1	0	1	0	0	0	1	0	1	0	0	0	0	0	0	1	0	0	0	1	1	1	0	1	0	1	1	0	2	1	2	0	0	0	0	0	0	1	1	1	0	1	2	0	0	0	0	1	1	0	1	0	0	1	0	0	1	0	0	0	0	0	0	0	0	0	0	1	0	0	0	0	0	0	0	1	1	1	0	0	2	1	0	0	0	0	1	0	1	1	0	0	0	0	1	0	2	0	1	0	1	0	0	0	0	1	1	0	1	0	0	1	0	2	0	0	0	1	0
chr5.s_188089118	1	1	1	1	1	0	1	1	0	0	1	0	2	1	0	1	2	2	0	0	0	0	0	0	1	1	1	1	1	1	1	1	0	0	0	0	0	0	1	1	2	1	1	1	1	1	1	0	0	0	1	2	1	2	2	2	0	0	0	0	0	1	0	1	1	0	0	0	1	0	2	2	1	2	1	1	1	0	0	0	1	1	1	1	0	0	1	1	1	1	1	2	1	2	1	0	0	1	1	1	1	1	1	2	1	0	1	0	1	1	2	1	0	0	1	2	2	1	0	0	1	1	1	1	0	0	1	2	0	2	1	1	1	1	1	1	0	1	1	0	0	1	1	0	0	0	1	0	1	0	1	0	1	1	0	0	0	1	0	1	1	1	2	1	0	2	1	0	0	0	1	1	1	0	1	1	1	1	1	1	2	0	0	1	0	0	0	1	1	0	1	2	0	1	2	1	2	1	0	1	1	0	1	0	2	1	2	0	0	1	1	1	1	1	1	0	0	1	0	0	0	1	0	1	1	1	0	0	0	1	1	1	1	0	1	0	0	1	1	0	1	1	1	2	0	0	0	1	1	0	0	1	1	0	1	1	0	1	0	0	1	0	1	0	1	1	0	1	2	2	1	1	0	1	1	1	0	1	0	1	0	2	0	1	0	1	2	1	2	1	1	0	0	0	2	2	0	1	1	0
chr7.s_41067694	0	0	0	1	1	1	1	0	0	0	0	0	2	1	1	0	1	2	0	0	0	0	0	0	0	0	0	1	1	0	0	0	1	0	0	0	0	1	0	1	1	1	1	1	0	0	0	1	0	0	1	1	0	1	1	0	0	0	0	0	0	0	0	0	1	0	0	1	1	0	1	0	1	1	0	1	0	1	1	0	0	0	0	0	0	0	0	0	0	0	0	1	1	0	1	1	0	0	0	0	1	1	1	1	0	0	0	0	0	2	2	1	0	0	0	1	1	0	1	1	0	0	0	0	1	1	1	0	0	0	0	0	0	1	1	0	1	1	0	1	0	0	1	1	0	0	0	0	0	0	0	1	1	1	0	1	1	2	1	1	0	1	1	1	1	0	0	0	0	1	1	2	1	1	0	0	1	1	0	0	0	1	1	1	1	2	1	1	1	0	0	1	2	2	1	0	0	1	1	0	0	1	0	0	0	2	0	0	1	0	0	0	0	2	2	0	0	0	0	1	1	0	1	0	1	0	1	0	0	0	0	0	0	1	0	0	0	0	0	0	1	1	1	0	0	2	0	1	1	0	1	0	0	0	1	0	1	0	0	0	1	0	1	1	0	0	0	0	2	0	0	0	0	0	1	0	0	0	1	0	0	1	0	1	0	1	0	0	2	0	1	0	2	1	0	1	0	1	2	0
chr7.s_11465832	1	0	0	0	0	0	0	1	0	0	0	1	0	0	0	0	0	0	1	1	0	0	0	0	1	1	1	0	0	0	0	0	0	0	0	0	0	0	0	0	0	0	0	0	1	0	0	0	1	1	0	0	0	0	0	0	0	0	0	0	0	0	0	0	0	0	0	0	0	0	0	0	1	1	1	0	1	1	1	0	1	0	0	0	0	0	0	0	0	0	0	0	0	0	0	0	0	0	0	0	0	1	1	0	0	0	0	0	0	0	0	1	1	1	1	1	0	0	0	0	1	1	0	0	1	1	1	0	0	0	0	0	0	1	0	0	0	0	0	0	0	1	0	0	0	0	0	0	0	0	0	1	1	0	0	0	1	1	0	0	0	0	0	0	0	0	0	0	0	0	1	0	0	0	0	0	0	0	0	0	0	0	0	0	0	0	0	0	0	0	0	0	0	0	0	0	0	0	0	0	0	0	1	0	1	0	0	0	0	0	0	0	1	0	0	0	1	0	0	0	1	0	1	0	0	0	0	0	0	0	0	0	0	0	0	0	0	0	0	0	0	0	0	0	1	0	0	1	0	2	1	0	0	0	0	0	0	0	1	0	0	1	0	0	0	0	0	0	0	0	0	0	0	0	1	0	0	0	1	0	1	0	1	1	0	0	0	0	0	0	0	0	0	1	0	0	0	1	0	1
chr9.s_25602842	0	0	1	0	0	0	0	2	2	1	0	0	0	0	0	0	0	0	1	0	0	0	0	1	0	1	0	1	0	1	2	0	1	1	2	1	1	0	1	0	0	1	0	0	0	0	0	0	1	1	0	0	0	0	0	0	0	0	0	1	0	1	1	1	1	0	1	0	0	0	0	0	0	0	0	0	1	0	0	0	1	1	1	0	0	1	0	0	2	1	0	1	1	1	1	1	0	0	1	1	1	0	0	0	0	1	0	1	2	0	0	0	0	0	0	0	0	0	0	0	0	0	0	0	1	0	1	1	0	1	0	0	1	0	0	0	0	0	0	0	0	0	0	1	1	1	0	0	1	1	0	0	1	1	1	0	1	0	0	0	0	0	0	0	1	1	2	1	0	0	1	1	0	1	1	0	0	0	0	1	1	1	0	1	1	1	1	0	1	0	1	0	0	0	0	0	0	0	1	0	0	0	1	1	0	1	0	1	0	0	1	1	1	0	0	0	1	0	0	0	0	1	1	1	0	1	0	1	2	1	2	1	0	0	1	0	0	1	0	0	0	0	0	0	1	1	0	0	0	1	0	1	1	0	1	1	1	1	0	0	0	1	0	0	1	0	1	1	0	1	0	1	0	1	0	1	0	0	1	1	0	0	1	0	0	1	0	0	0	1	0	0	1	1	0	1	0	0	0	0
chr1.s_4251833	0	0	0	1	1	1	0	0	0	1	2	2	0	0	1	0	0	0	0	0	0	0	0	0	0	0	0	0	0	1	0	0	0	1	1	0	0	0	1	1	2	2	1	1	0	1	1	1	1	0	0	0	0	0	0	0	0	0	0	0	0	1	1	1	0	0	0	0	1	1	2	1	1	0	0	0	0	2	1	1	0	0	1	0	0	0	1	1	0	0	0	0	0	1	1	0	0	0	0	1	0	0	1	1	1	1	0	0	1	0	0	0	1	2	1	1	0	1	0	0	1	1	0	0	1	1	1	1	0	0	1	0	0	2	2	1	1	0	0	1	0	0	1	1	1	1	0	0	0	1	0	1	1	0	0	0	1	2	0	1	0	1	0	1	1	0	0	0	1	0	0	0	1	0	0	0	1	1	0	0	0	0	0	0	0	0	0	0	0	0	0	1	0	1	1	1	0	0	0	1	1	0	0	1	1	0	0	1	0	0	0	0	0	0	0	0	1	1	0	0	1	0	0	0	0	0	1	1	0	1	0	0	0	1	0	1	1	0	0	2	0	1	1	0	0	1	0	0	0	0	1	0	0	0	0	0	0	0	1	0	0	1	1	0	0	1	0	1	0	1	1	0	0	0	0	0	0	0	1	1	1	0	0	0	1	1	0	0	1	0	0	1	0	0	0	0	0	0	0	0
chr3.s_227502307	0	0	0	0	0	0	0	0	0	0	0	0	0	0	0	1	1	0	0	0	0	0	0	0	0	0	0	0	0	1	0	1	0	0	0	0	0	0	0	0	0	0	0	0	0	0	0	0	0	0	0	0	0	0	0	0	0	0	0	0	0	0	0	0	0	0	0	0	0	0	0	0	0	0	0	0	0	0	0	0	1	0	0	0	0	0	0	0	0	0	0	0	0	0	0	0	0	0	0	1	0	0	0	0	0	0	0	0	0	1	1	0	0	0	0	0	0	0	0	0	0	0	0	0	0	0	0	0	0	0	0	1	1	1	1	1	0	0	1	0	0	0	1	1	0	0	1	0	1	0	0	0	0	0	0	0	0	0	0	0	1	0	0	0	0	0	0	0	0	0	0	0	0	0	0	0	0	0	1	1	0	0	0	0	0	0	0	0	0	0	0	0	0	0	0	0	0	1	1	0	0	0	0	0	0	0	0	0	0	1	0	1	0	0	1	0	0	1	0	0	0	0	0	1	0	0	1	1	0	1	0	0	0	0	0	0	0	1	0	0	0	0	0	0	0	0	0	0	0	0	0	0	0	0	0	0	0	0	1	0	0	1	0	0	0	0	0	0	1	0	1	0	0	0	0	0	0	0	0	0	0	0	1	1	0	0	1	0	0	0	0	0	0	1	1	0	0	0	0	0
chr5.s_219930357	1	0	0	0	2	2	2	0	0	0	0	1	0	1	1	1	0	0	1	0	1	1	2	1	1	0	1	0	1	2	0	1	0	1	2	0	1	0	2	1	2	2	2	2	1	0	0	1	0	0	0	1	2	0	1	2	0	1	1	0	1	1	0	0	0	0	0	1	2	2	2	2	1	1	1	1	0	1	1	1	1	1	1	1	1	0	1	1	0	0	1	1	0	1	0	0	0	1	1	1	1	0	1	1	1	0	1	0	0	1	0	0	1	1	1	0	0	1	0	1	0	1	1	1	0	1	1	2	1	2	0	0	0	1	2	2	1	1	2	0	1	1	1	1	1	2	1	1	1	0	1	1	1	1	0	0	1	1	0	1	1	2	2	1	0	1	0	1	1	2	0	0	1	2	1	1	0	1	2	1	2	0	1	2	1	1	0	0	0	0	2	2	0	1	1	1	2	1	0	0	1	0	0	0	1	0	2	1	1	1	0	0	1	0	0	1	1	1	0	1	0	0	1	0	1	0	1	1	0	2	0	1	1	0	1	2	0	1	2	1	0	0	0	1	1	1	1	0	1	0	1	1	0	2	2	0	0	2	0	1	0	0	0	1	0	1	1	1	0	1	2	1	0	1	0	1	1	0	0	1	0	1	1	2	0	0	1	0	0	1	0	1	0	1	1	0	1	1	0	0
chr6.s_128051427	0	0	0	0	0	2	2	0	0	0	0	1	0	0	0	0	1	1	2	1	0	0	0	0	0	0	0	0	0	0	1	0	0	0	0	0	0	0	0	0	0	0	1	1	1	1	1	1	0	0	0	0	0	1	1	1	0	0	0	0	0	1	1	0	0	0	0	0	0	1	0	1	1	1	1	1	0	0	0	0	1	1	1	0	0	0	0	0	1	2	1	0	0	0	0	1	1	1	1	0	0	0	0	1	1	0	1	0	0	1	0	1	1	1	0	1	1	1	0	0	0	0	0	0	1	1	1	0	0	0	0	0	0	0	0	1	1	1	1	0	0	1	1	1	0	0	0	0	1	1	0	0	0	0	0	0	0	0	0	0	1	1	1	1	0	1	0	1	1	2	0	0	0	1	1	0	0	0	0	0	0	1	0	0	0	0	0	0	0	0	0	0	0	0	0	1	1	1	0	0	0	0	1	0	1	0	1	0	0	1	1	0	0	0	0	0	2	0	0	1	1	0	1	0	0	0	0	0	0	0	0	0	0	0	0	0	0	1	0	1	0	0	0	1	1	1	0	0	1	0	2	0	1	0	0	0	1	0	0	0	0	0	0	0	1	1	0	0	0	0	1	0	0	0	1	0	0	0	0	0	1	0	0	1	0	0	1	0	1	0	0	0	1	0	1	1	0	0	2	0
chr2.s_5876720	0	0	0	1	1	0	0	0	0	0	0	1	1	0	0	1	1	0	1	0	1	1	0	0	0	0	0	0	0	1	0	0	0	0	0	0	0	0	0	0	1	1	0	0	1	1	1	0	1	1	1	1	0	1	0	0	0	1	1	0	0	0	0	0	0	1	1	0	1	0	2	1	0	0	1	0	1	0	0	0	1	1	1	0	1	1	0	0	0	0	0	1	0	1	0	1	1	0	0	1	0	1	1	1	0	0	0	0	1	0	1	1	0	0	1	1	1	0	0	0	1	1	0	0	0	0	0	1	0	1	0	1	1	1	1	0	0	0	0	0	0	0	0	1	0	0	0	0	1	0	0	0	1	0	0	0	0	1	0	1	0	0	0	0	0	0	0	0	0	0	1	1	0	2	2	0	1	1	1	1	1	1	1	2	1	1	1	0	0	1	0	2	0	1	2	1	1	0	0	0	0	0	2	0	1	0	0	1	0	1	0	1	0	0	1	0	1	0	0	0	0	0	1	1	0	1	0	0	0	1	0	2	0	0	1	0	0	1	0	0	0	1	0	0	1	0	1	2	0	2	0	0	0	0	0	1	0	0	0	1	0	0	0	0	0	1	0	1	1	1	1	1	0	0	1	0	0	0	0	0	0	1	1	1	0	1	1	1	1	1	1	0	0	2	1	0	0	0	0	0
chr3.s_197611692	1	1	1	1	2	1	1	1	0	0	0	0	1	0	0	0	0	0	0	0	0	0	0	0	0	0	0	0	0	0	1	0	1	0	0	0	0	1	0	1	1	1	0	1	0	0	0	0	0	0	1	2	1	0	1	1	0	0	0	0	0	0	0	0	0	0	0	2	2	1	2	1	0	1	0	0	0	1	1	0	1	0	0	0	0	0	0	0	0	0	0	0	0	0	0	0	0	1	1	0	2	1	1	1	0	0	1	0	0	0	1	2	1	1	1	1	0	0	0	0	0	0	1	1	1	1	1	0	1	1	0	0	0	1	1	0	0	0	1	1	0	0	0	0	0	0	0	0	0	1	0	1	1	1	0	1	1	2	1	1	0	0	1	2	1	1	0	0	0	0	0	1	0	0	0	0	1	1	0	0	0	0	0	0	0	0	0	0	0	0	0	1	1	1	1	0	2	1	0	0	0	0	0	0	0	0	1	0	0	0	1	0	1	1	1	0	0	0	0	0	1	0	1	0	0	0	1	0	0	0	0	1	0	1	0	0	0	0	1	0	1	2	1	1	0	0	0	1	0	0	1	1	0	0	0	0	0	1	0	0	1	0	1	1	0	0	0	1	1	0	0	0	0	0	0	0	0	0	1	0	0	2	1	1	1	1	0	0	1	1	1	0	0	0	0	1	0	0	0	0
chr1.s_27577113	0	0	0	0	0	0	0	1	0	0	0	0	0	1	0	1	0	0	0	0	1	1	1	1	0	0	0	0	0	0	0	0	0	1	1	0	0	0	1	1	1	0	0	0	0	0	0	0	0	0	0	0	1	0	1	1	0	0	0	0	0	0	0	0	0	0	0	0	0	0	0	0	0	0	0	0	0	0	1	0	0	0	0	0	0	0	0	0	1	0	0	1	0	1	0	0	0	0	0	1	0	0	0	0	0	0	0	0	0	0	0	0	0	0	2	1	0	1	0	0	0	0	0	0	0	0	0	0	1	1	0	0	0	0	1	1	0	0	1	0	1	0	0	0	0	0	0	0	0	0	0	0	1	0	0	0	0	0	0	0	1	0	0	0	0	1	1	0	0	0	1	0	0	0	0	0	0	0	0	0	0	0	0	1	0	0	0	0	0	0	0	1	0	0	0	0	1	0	0	0	0	0	0	1	0	0	0	1	0	0	0	0	1	0	0	0	0	0	0	0	0	1	0	0	1	0	1	1	0	2	1	1	0	0	1	1	0	0	0	0	0	0	0	0	0	0	1	0	0	0	0	0	0	1	0	0	0	1	0	0	0	0	0	0	0	0	0	0	0	1	0	0	0	0	0	0	0	0	0	1	0	0	0	0	0	0	0	0	0	1	0	1	0	0	0	0	0	0	0	0
chr2.s_106907552	2	1	1	0	1	0	0	1	1	0	0	1	0	1	0	1	0	1	0	0	1	1	1	1	1	1	1	1	1	1	1	1	0	1	2	0	1	0	1	0	0	0	0	0	0	0	0	1	0	0	0	0	1	0	0	0	0	0	0	0	0	1	2	1	0	1	1	1	1	1	1	1	1	1	0	1	0	0	1	0	0	0	0	0	1	1	1	1	1	1	1	1	1	1	1	1	1	0	0	1	0	0	1	0	1	2	0	1	1	1	0	1	1	1	1	0	0	1	0	0	0	0	1	1	0	0	0	1	1	0	0	0	0	0	1	1	0	0	1	1	1	1	1	1	1	1	0	1	0	1	1	1	0	0	0	0	1	0	1	1	1	0	0	0	1	0	1	1	0	1	0	0	0	0	0	0	0	0	0	0	0	1	1	0	0	0	0	0	0	0	2	0	0	0	0	0	0	0	1	1	2	0	0	1	0	0	0	0	0	0	2	0	0	0	0	0	0	1	0	0	0	0	0	0	1	0	1	1	0	1	0	1	1	1	1	1	1	1	1	1	1	0	0	0	0	0	1	0	0	0	2	1	1	2	0	1	1	1	0	0	0	0	1	1	1	1	1	1	1	0	1	1	0	1	0	0	1	0	1	0	0	0	1	2	1	0	0	0	0	0	0	1	0	0	0	0	1	2	0	0
chr5.s_40689539	1	0	0	1	1	0	0	1	1	1	1	0	1	0	0	0	1	1	1	1	1	1	0	0	0	0	0	0	0	0	1	0	1	0	0	1	1	1	1	1	1	0	0	0	0	1	1	0	0	0	1	2	1	1	1	0	0	0	0	0	0	0	1	0	0	0	0	1	1	1	0	0	0	0	0	0	0	0	0	0	1	1	1	1	0	0	0	0	0	1	1	0	0	0	0	0	0	0	0	1	1	0	0	0	0	0	0	0	1	0	1	1	0	1	0	1	2	0	0	0	0	0	1	1	0	0	0	0	0	0	0	1	1	0	0	0	0	0	0	0	0	0	0	0	0	0	0	0	0	0	0	0	0	0	0	0	0	0	1	1	0	0	0	0	0	0	0	1	1	1	0	1	0	1	1	1	0	0	1	1	1	1	1	1	1	1	0	0	0	0	0	0	0	0	1	1	0	0	0	1	0	0	1	0	0	0	0	1	0	0	1	0	1	0	1	0	1	0	0	0	0	0	0	0	0	0	0	0	1	0	0	0	0	0	0	0	1	0	0	0	0	1	1	1	1	0	0	1	0	0	1	0	1	0	0	0	0	1	0	0	1	0	0	0	1	0	0	0	1	1	0	0	1	0	1	1	0	1	0	0	1	1	1	0	0	0	0	1	1	0	0	0	0	1	0	2	1	0	1	1
chr3.s_154381635	1	1	0	1	0	1	0	1	0	0	0	0	0	0	0	0	1	1	0	1	2	1	0	0	0	0	0	0	0	0	0	2	1	1	0	0	0	1	0	1	0	0	0	0	0	0	0	0	0	0	0	0	0	1	1	0	1	1	0	0	0	0	0	0	0	1	0	1	0	1	1	1	1	0	0	0	0	0	0	0	0	0	0	1	1	0	0	0	0	0	1	0	0	0	0	0	1	1	0	0	1	1	0	1	0	0	0	0	1	0	0	0	0	0	0	1	1	0	0	1	0	0	1	0	0	0	0	1	1	0	1	1	0	0	0	0	1	0	0	0	0	0	0	0	0	1	0	0	0	0	1	1	0	0	0	1	0	0	1	0	0	1	0	0	0	0	0	0	0	0	0	0	0	0	0	1	1	1	0	0	0	1	2	0	0	0	0	2	1	1	0	0	1	0	0	1	1	0	0	0	1	1	0	0	0	0	0	0	0	1	0	0	2	1	0	1	0	0	1	1	1	1	0	0	0	0	1	0	0	0	0	0	0	1	0	0	0	0	1	1	1	0	1	0	0	0	0	0	0	0	0	0	0	1	0	1	0	0	1	0	1	0	1	1	0	2	0	1	0	0	0	1	1	0	1	1	1	1	0	0	1	0	1	0	0	1	0	1	2	1	0	1	0	0	0	2	1	1	1	0
chr7.s_163524710	1	0	0	1	0	1	1	0	0	1	1	1	2	1	1	1	1	0	1	1	1	0	0	0	0	0	0	0	0	0	0	0	1	0	0	0	0	1	0	1	0	1	2	1	2	1	1	1	1	1	2	1	0	0	0	1	0	2	1	0	0	0	0	2	2	0	0	1	0	1	0	1	2	1	1	1	1	0	0	1	2	0	0	2	2	1	1	1	1	1	1	1	1	1	1	1	0	0	0	0	2	1	0	2	1	0	0	0	0	1	2	1	0	0	0	0	1	1	2	2	1	0	1	0	0	0	0	1	0	1	1	0	0	0	0	1	2	2	0	1	1	2	1	0	1	1	1	1	0	0	1	0	1	1	0	1	0	0	1	0	1	1	0	0	0	1	1	0	1	0	1	1	1	0	0	1	1	0	0	0	0	0	0	1	1	1	1	0	0	0	0	1	1	0	0	1	0	1	1	1	1	1	0	0	1	2	1	0	0	0	0	1	1	2	2	1	1	1	1	1	0	1	0	0	0	1	1	0	0	1	1	1	0	1	1	0	1	0	0	1	1	1	1	0	0	1	1	2	2	0	0	0	0	0	0	0	0	1	0	0	2	0	2	1	1	1	1	0	1	1	1	0	0	0	1	1	1	0	0	1	1	1	1	1	1	0	2	0	1	0	1	0	1	0	1	1	0	1	0	2
chr6.s_134492383	0	0	0	0	0	0	0	0	0	0	0	0	0	0	0	1	1	0	0	0	0	0	1	1	0	0	0	0	0	0	0	0	0	1	1	0	0	0	0	0	0	0	0	0	0	0	0	0	0	0	0	0	0	0	0	0	0	0	0	0	0	0	0	0	0	1	1	0	0	0	0	0	0	0	0	0	0	1	1	0	0	0	0	0	0	0	0	0	0	0	0	0	0	0	0	0	0	1	1	0	0	0	1	0	1	1	0	0	0	0	0	0	0	0	0	0	0	1	0	0	0	0	0	0	1	1	1	0	0	0	0	1	1	1	0	0	0	0	1	0	0	1	0	0	1	1	0	0	1	0	0	1	1	0	0	0	1	1	0	0	1	0	0	1	1	0	0	1	1	1	0	0	0	0	0	0	0	0	0	0	0	0	0	0	0	0	0	0	0	0	0	1	1	1	0	0	1	0	0	0	0	0	0	1	0	0	0	0	1	1	0	1	0	0	0	0	0	0	0	1	1	0	0	1	0	0	0	1	0	1	0	0	0	1	0	1	0	1	0	1	0	0	0	0	1	1	0	0	0	0	0	0	0	1	0	0	1	0	1	0	0	1	0	0	0	0	0	0	0	0	0	0	0	0	0	0	0	0	1	0	0	0	0	0	0	0	1	0	0	1	0	0	1	0	1	0	0	0	1	0
chr5.s_19095131	0	0	0	0	0	1	1	1	0	0	0	0	0	0	0	1	1	1	1	0	1	1	0	0	0	0	0	1	1	0	1	0	1	0	0	0	0	0	1	1	1	0	1	1	0	0	1	1	1	0	0	0	0	1	0	0	1	0	0	0	0	0	0	1	1	0	0	1	1	1	0	0	0	0	0	0	0	0	0	0	0	1	1	1	0	0	1	1	0	1	1	1	0	1	1	1	0	0	0	0	1	1	0	1	0	0	0	0	0	0	0	0	0	0	1	1	0	0	0	0	0	0	1	1	1	1	1	1	0	2	1	1	1	0	0	0	0	0	0	1	0	0	0	1	0	0	0	0	0	0	0	0	1	1	0	0	0	0	1	1	0	0	0	0	0	0	0	0	0	0	0	0	0	1	2	0	0	0	0	0	0	1	1	1	0	1	0	0	0	0	0	0	0	0	0	0	1	0	0	1	1	0	0	0	0	1	1	1	0	0	1	1	1	0	0	0	2	0	0	0	1	0	1	0	0	1	0	0	0	1	0	2	0	0	1	0	0	0	1	0	0	0	0	0	0	1	0	0	0	0	0	0	1	0	0	1	0	1	0	0	1	0	1	1	1	1	1	0	0	1	0	0	0	1	0	0	1	0	0	0	1	0	0	0	0	0	0	0	1	1	0	0	1	1	0	0	0	0	0	0
chr1.s_196236258	0	1	2	1	0	0	0	2	2	1	1	0	1	1	0	1	1	0	0	0	0	0	1	1	0	0	0	0	0	1	0	0	1	1	1	1	0	0	1	1	1	0	0	0	0	0	0	0	0	0	0	0	0	1	1	1	0	0	0	1	1	0	0	0	0	0	1	0	0	0	0	0	1	1	0	0	0	1	1	0	1	0	1	0	0	0	0	0	0	0	0	0	0	0	0	0	0	0	1	1	1	0	0	0	1	2	0	1	2	1	1	0	0	0	0	0	0	1	0	0	0	0	0	0	1	1	1	1	1	0	0	0	1	1	1	1	0	0	1	0	0	0	0	0	1	1	0	1	0	0	0	1	1	1	2	1	1	1	1	1	1	0	0	1	2	0	1	1	0	0	1	0	1	1	0	1	0	0	0	0	0	0	0	1	1	1	0	0	1	0	0	1	0	0	0	0	0	1	2	0	0	0	0	2	0	1	1	0	0	0	0	1	1	1	1	0	1	1	0	1	1	0	0	1	1	1	1	2	1	1	1	1	1	1	0	1	0	1	0	1	1	0	1	0	0	1	0	0	0	0	0	0	1	1	0	1	2	1	1	0	0	1	0	0	1	0	0	0	1	1	1	0	0	0	0	1	0	0	2	0	1	1	1	1	0	1	1	0	0	1	0	0	1	0	1	1	0	1	1	0
chr2.s_50617424	1	1	1	0	1	0	0	0	1	2	2	1	1	1	0	0	0	0	1	0	0	0	1	1	1	1	1	0	0	0	2	0	1	1	2	0	1	0	2	1	1	1	0	0	0	1	1	0	1	2	1	0	0	1	1	1	1	1	1	0	0	1	1	2	2	0	0	1	1	1	0	0	1	1	0	1	2	1	1	0	0	1	2	1	1	1	0	0	2	1	0	2	2	1	1	1	0	1	1	1	0	1	0	1	1	1	0	0	0	1	1	0	0	0	1	1	1	1	0	0	1	1	1	1	1	1	1	0	1	2	0	0	0	1	0	0	1	1	1	1	0	0	1	2	1	1	0	0	1	2	0	1	2	1	1	1	2	1	0	0	1	0	0	1	1	0	0	0	1	0	1	0	1	1	1	1	0	0	1	1	0	2	1	1	1	1	2	0	0	0	1	1	1	1	0	0	0	1	1	1	1	0	1	1	1	2	1	0	1	1	2	0	0	1	1	0	2	1	1	1	1	1	1	0	1	2	0	0	1	1	1	1	1	1	1	1	0	1	1	1	1	1	1	1	1	2	0	0	0	1	0	1	1	1	0	0	1	0	1	0	1	1	0	0	0	0	2	0	0	2	0	1	0	1	0	0	1	0	1	0	1	0	0	0	2	0	0	0	1	0	1	1	2	1	0	1	0	1	1	0
chr7.s_149767442	1	1	1	0	0	1	0	0	0	0	1	1	0	1	2	1	0	1	0	1	2	1	0	0	0	0	1	1	2	0	2	1	0	1	0	1	0	0	0	0	0	0	0	0	0	0	0	2	2	1	0	0	1	0	1	1	1	1	0	0	1	0	1	0	0	1	1	0	0	1	0	0	1	0	0	1	1	1	1	2	1	1	0	1	1	0	0	1	1	1	1	2	1	1	0	1	2	1	1	0	1	0	1	0	0	0	0	0	0	1	0	0	1	1	2	1	0	0	2	2	1	0	1	0	0	1	0	0	1	1	1	1	1	0	0	0	2	1	0	0	1	0	0	0	1	1	0	0	1	1	1	1	1	0	2	1	0	0	1	1	0	1	0	0	0	0	0	1	1	2	1	1	1	1	0	1	1	0	0	0	1	1	1	2	1	1	0	1	1	1	1	0	1	1	1	2	0	0	0	1	1	2	1	1	0	0	1	0	2	2	1	0	1	0	0	2	0	1	1	1	1	1	1	0	1	0	0	1	0	1	1	2	2	0	1	1	1	1	1	1	1	0	1	0	2	0	1	0	1	1	1	0	1	1	1	2	0	2	1	1	0	0	0	1	0	2	0	0	0	2	0	2	1	0	0	1	1	2	0	1	1	0	2	1	0	1	0	2	0	1	2	2	0	2	0	0	1	1	0	1
chr1.s_45017352	0	0	0	0	0	0	0	0	0	0	0	0	0	0	0	0	0	0	0	0	0	0	0	0	0	0	0	0	0	0	0	0	0	0	0	0	0	0	0	0	0	0	0	0	0	0	0	0	0	0	0	0	0	0	0	0	0	0	0	0	0	0	0	0	0	0	0	0	0	0	0	0	0	0	0	0	0	0	0	0	0	0	0	0	0	0	0	0	0	0	0	0	0	0	0	0	0	0	0	0	0	0	0	0	0	0	0	0	0	0	0	0	0	0	0	0	0	0	0	0	0	0	0	0	0	0	0	0	0	0	0	0	0	0	0	0	0	0	0	0	0	0	0	0	0	0	0	0	0	0	0	0	0	0	0	0	0	0	0	0	0	0	0	0	0	0	0	0	0	0	0	0	0	0	0	0	0	0	0	0	0	1	1	0	0	0	0	0	0	0	0	0	0	0	0	0	0	0	0	0	0	0	0	0	0	0	0	0	0	0	0	0	0	0	0	0	0	0	0	0	0	0	0	0	0	0	0	0	0	0	0	0	0	0	0	0	0	0	0	0	0	0	0	0	0	0	0	0	0	0	0	0	0	0	0	0	0	0	0	0	0	0	0	0	0	0	0	0	0	0	0	0	0	0	0	0	0	0	0	0	0	0	0	0	0	0	0	0	0	0	0	0	0	0	0	0	0	0	0	0
chr10.s_142979037	2	1	1	0	0	0	0	1	1	1	1	1	0	1	1	2	1	0	1	1	1	0	0	1	0	1	1	1	1	0	1	2	1	1	0	1	0	0	0	0	0	0	1	2	0	1	1	1	0	0	0	0	1	0	0	0	1	1	0	1	1	1	1	2	2	2	2	0	0	0	1	1	0	1	1	2	1	0	1	1	0	1	1	1	1	1	0	1	1	1	1	1	1	1	1	2	2	1	1	0	0	0	1	0	0	1	1	1	1	2	1	0	0	1	2	1	0	0	2	2	1	0	1	0	1	1	0	1	1	1	1	2	2	0	0	0	0	0	1	2	1	1	0	1	1	1	0	0	1	1	1	1	1	1	1	0	0	0	1	1	0	0	1	1	1	1	1	1	1	1	0	1	0	1	2	1	1	0	0	1	0	1	1	1	1	1	2	2	2	1	1	1	0	0	0	0	2	1	1	1	2	2	0	1	0	1	0	1	1	1	1	2	1	0	0	1	1	1	1	1	1	1	0	2	1	1	0	1	1	1	1	2	2	0	2	0	1	1	1	0	1	0	0	1	0	1	1	0	1	1	2	0	2	1	1	1	1	1	1	1	0	1	0	2	1	0	0	2	1	1	0	1	1	0	0	1	1	1	1	0	1	0	1	1	1	1	1	1	0	2	2	0	1	0	1	0	1	1	0	1
chr1.s_250297539	1	0	0	2	0	2	2	1	1	1	0	2	0	0	1	0	0	1	2	1	0	1	1	0	2	1	2	1	2	1	1	0	0	0	1	1	2	2	2	2	1	1	2	1	2	1	1	2	2	1	0	1	1	0	0	0	1	0	1	1	2	1	0	2	0	1	1	1	0	1	0	1	1	0	2	1	1	2	1	1	1	2	1	1	1	1	2	2	1	1	2	1	2	1	1	1	1	0	0	2	2	1	1	1	1	0	1	1	1	2	1	1	2	2	1	1	1	0	0	0	0	1	0	1	1	2	1	0	2	0	1	0	0	1	0	1	2	2	1	0	1	1	0	1	0	0	2	1	1	0	1	2	1	1	0	1	2	1	2	1	1	1	0	1	1	1	1	1	1	2	1	0	1	2	1	0	1	2	2	1	1	0	1	1	2	1	1	1	1	1	2	1	2	1	1	2	1	0	0	1	2	0	2	0	0	0	1	0	2	1	0	0	1	1	0	0	1	1	0	0	1	1	2	1	0	1	1	0	1	0	1	1	1	1	1	1	0	1	1	1	1	0	1	1	2	0	1	1	1	2	2	0	1	1	1	1	0	1	1	2	2	1	2	0	1	2	2	0	0	0	2	1	1	1	1	0	2	1	1	2	0	1	2	2	0	1	0	1	0	1	0	2	0	1	1	1	2	1	0	1
chr2.s_120545070	0	0	1	1	1	1	1	1	1	2	2	1	1	2	1	1	1	1	1	0	0	0	0	0	0	0	0	0	0	1	1	0	1	0	0	2	1	2	1	2	2	2	2	2	1	2	2	2	1	1	1	0	1	2	1	1	1	1	1	0	0	1	0	0	1	0	1	1	1	1	1	1	1	1	1	1	0	2	2	1	1	1	2	1	0	0	0	0	1	1	1	1	0	1	1	1	0	1	2	0	1	1	1	2	2	1	2	1	1	2	1	0	1	1	2	2	2	1	0	0	0	0	0	0	1	1	2	1	1	2	1	0	1	2	1	1	2	2	1	1	2	1	1	1	0	0	1	0	1	0	0	1	2	1	1	1	1	2	1	1	1	2	2	2	1	2	1	0	1	1	1	0	2	1	1	0	1	1	0	0	1	1	1	1	0	1	1	0	1	0	0	1	2	2	1	1	1	2	1	1	0	0	1	1	1	2	1	1	1	1	0	0	1	2	1	0	2	1	1	1	1	1	0	0	2	1	1	1	1	1	2	1	0	2	1	1	0	1	1	2	1	0	2	1	0	2	1	0	1	0	1	1	1	0	1	1	1	1	1	0	2	1	1	0	1	1	1	0	0	2	1	0	1	1	1	0	1	0	1	2	1	0	0	1	1	2	1	0	2	1	0	1	2	1	1	2	1	0	2	0
chr5.s_8807725	0	2	1	0	0	0	1	0	0	0	1	0	0	0	0	1	2	1	1	1	1	1	1	0	1	0	1	0	1	0	0	1	1	1	0	0	0	0	0	0	0	1	1	0	2	0	0	0	0	0	0	1	1	1	2	1	1	1	1	0	1	0	0	1	0	1	0	0	0	0	0	1	0	0	1	0	0	1	1	0	0	1	2	1	1	0	1	1	0	0	0	1	1	1	0	0	1	1	0	0	1	0	0	1	2	1	0	0	0	0	0	0	0	0	0	1	1	0	1	1	1	1	1	1	1	2	1	0	1	1	1	1	0	0	0	1	0	1	0	1	0	0	1	2	1	1	1	1	1	1	0	1	2	1	0	0	1	1	1	1	1	0	0	1	1	0	0	1	1	1	0	0	0	2	1	1	1	1	2	1	1	0	0	2	2	1	1	1	0	2	0	0	0	0	1	1	0	1	1	0	0	1	0	0	0	0	2	0	1	2	0	1	1	0	1	1	1	0	1	1	2	1	0	0	0	1	0	0	0	1	0	1	1	1	1	0	1	1	0	1	0	1	1	0	1	0	1	1	1	0	0	0	0	0	0	0	0	1	1	2	0	0	0	2	0	0	0	0	0	2	1	1	1	0	2	2	0	1	1	0	1	1	0	0	0	0	0	2	1	0	2	1	0	0	0	1	0	0	1	2
chr10.s_117296337	0	1	1	1	0	0	0	1	1	1	1	1	2	1	0	0	0	0	0	0	0	0	0	0	0	0	0	0	0	0	1	0	0	0	0	0	0	0	0	0	0	0	0	0	0	0	0	1	1	0	1	2	1	0	1	1	0	0	0	0	0	0	0	2	1	0	0	0	0	0	0	0	0	0	0	1	1	0	0	0	1	1	0	1	0	0	1	1	1	0	0	0	1	1	1	0	0	0	0	1	0	0	0	0	0	0	0	0	0	1	2	1	0	0	0	0	0	0	0	0	0	0	0	0	0	0	0	0	1	0	1	0	0	0	0	0	0	0	0	0	1	0	0	0	0	0	1	1	0	0	0	0	0	1	0	0	0	0	0	0	0	0	0	0	0	1	1	0	0	0	0	1	1	1	1	1	1	1	1	1	0	0	0	1	2	1	1	0	0	0	0	0	0	0	0	0	0	0	0	0	1	0	0	0	0	1	1	0	0	0	0	0	1	1	1	0	1	0	0	0	0	1	0	0	1	1	0	0	1	0	1	0	0	0	0	0	0	0	0	0	0	1	1	0	0	0	0	1	0	0	0	1	0	0	0	0	0	0	0	0	1	0	1	0	0	0	0	0	1	1	0	0	0	0	0	0	0	1	0	1	1	2	1	0	1	1	0	0	0	0	1	1	0	0	0	1	0	0	0	0
chr8.s_45258028	2	1	0	0	0	1	0	0	0	0	0	0	0	0	0	0	0	0	1	1	1	1	1	0	1	0	0	0	0	0	1	1	0	1	0	0	0	0	0	0	0	0	0	0	0	0	0	0	0	0	0	0	0	0	0	1	1	1	1	0	0	0	1	0	0	1	0	0	0	1	0	0	1	0	1	0	0	0	0	0	2	1	2	1	1	0	1	0	1	1	1	0	0	0	0	0	1	1	0	0	0	1	0	0	0	0	0	0	0	0	0	0	0	0	0	0	0	1	1	1	2	2	1	1	0	0	0	0	1	0	1	1	0	0	0	0	1	0	0	0	0	1	1	1	1	1	1	1	1	1	1	1	0	0	1	1	0	0	0	0	0	1	0	0	0	0	0	0	0	0	0	0	0	1	1	1	2	2	1	0	0	1	1	1	1	1	1	2	1	1	0	1	1	1	0	1	0	0	0	0	1	1	0	0	2	0	0	0	1	2	1	0	1	0	0	1	1	0	1	1	1	1	0	0	0	0	0	0	0	0	0	0	0	0	0	0	1	1	1	1	0	0	0	0	0	0	0	0	0	1	0	0	0	1	0	0	0	0	1	0	0	0	0	1	0	1	0	0	0	0	0	0	1	0	0	1	1	1	0	0	1	0	2	0	0	1	1	1	0	0	1	0	0	0	1	0	1	1	0	1
chr1.s_172837307	1	1	0	0	0	0	0	1	1	1	0	1	0	0	0	0	0	0	1	1	0	1	2	2	2	2	2	1	1	0	1	1	0	2	1	0	0	0	0	0	0	0	0	0	1	0	0	2	1	0	0	0	0	0	0	0	1	0	1	1	1	0	1	1	0	2	1	0	0	0	0	0	1	1	0	1	0	0	0	0	0	0	0	0	1	2	1	1	1	0	1	0	0	1	1	1	2	1	0	0	0	0	0	0	0	0	0	0	0	1	0	1	1	1	0	0	1	0	0	0	0	1	0	1	1	1	0	0	1	0	2	1	0	0	1	1	1	1	1	0	1	0	0	0	1	1	1	1	2	0	1	1	0	0	0	0	0	0	1	1	0	0	0	0	0	1	1	0	0	1	0	0	0	0	1	1	0	1	2	2	1	0	1	0	0	0	0	2	1	1	0	0	0	0	1	1	0	1	1	0	2	1	0	0	0	0	0	2	1	2	0	1	1	0	1	0	1	0	0	0	0	1	0	1	0	0	1	1	2	1	1	0	1	0	0	1	1	1	1	0	0	0	0	0	0	0	1	1	0	0	2	0	0	2	0	0	0	0	0	1	0	1	0	0	0	0	1	1	0	0	0	1	0	1	1	0	2	1	0	1	1	0	1	1	0	0	0	2	0	0	0	0	0	0	0	1	1	2	0	0
chr1.s_215117812	0	1	2	0	1	1	2	1	1	0	1	1	2	2	1	2	2	2	0	0	1	1	1	1	0	0	0	0	0	0	1	1	1	1	1	1	0	0	0	0	0	1	2	1	1	1	1	0	0	1	2	2	2	2	2	1	0	1	1	0	0	1	2	1	2	1	2	1	1	1	1	2	1	1	1	1	1	1	1	2	0	0	1	0	1	1	0	0	1	2	1	1	1	1	1	2	1	1	2	0	1	1	1	2	1	1	1	2	1	1	2	2	2	1	2	2	1	0	0	0	1	1	1	1	0	0	0	1	1	2	0	1	2	0	1	2	1	2	0	0	1	1	0	0	1	1	1	0	1	1	0	0	1	1	2	1	0	0	1	1	1	0	0	0	1	0	1	1	0	0	1	1	2	0	0	1	0	0	0	0	0	2	1	1	1	1	2	1	2	0	0	1	1	1	0	0	0	1	2	1	0	0	1	1	1	2	2	0	1	1	2	1	0	1	2	1	1	0	1	1	0	0	1	0	2	2	1	2	0	2	1	1	1	0	2	2	1	2	1	0	1	1	1	0	0	2	1	1	1	0	0	1	2	1	0	2	2	2	0	0	0	0	0	0	2	1	0	1	2	2	1	1	0	0	1	1	0	0	1	1	1	1	0	0	1	1	1	0	2	1	0	2	2	1	0	1	0	1	2	0
chr6.s_92079508	0	0	0	0	0	0	0	0	0	0	0	0	0	0	0	0	0	0	0	0	0	0	0	0	0	0	0	0	0	0	0	0	0	0	0	0	0	0	0	0	0	0	0	0	0	0	0	0	0	0	0	0	0	0	0	0	0	0	0	0	0	0	0	0	0	0	0	0	0	0	0	0	0	0	0	0	0	0	0	0	0	0	0	0	0	0	0	0	0	0	0	0	0	0	0	0	0	0	0	0	0	0	0	0	0	0	0	0	0	0	0	0	0	0	0	0	0	0	0	0	0	0	0	0	0	0	0	0	0	0	0	0	0	0	0	0	0	0	0	0	0	0	0	0	0	0	0	0	0	0	0	0	0	0	0	0	0	0	0	0	0	0	0	0	0	0	0	0	0	0	0	0	0	0	0	0	0	0	0	0	0	0	0	0	0	0	0	0	0	0	0	0	0	0	0	0	0	0	0	0	0	0	0	0	0	0	0	0	0	0	0	0	0	0	0	0	0	0	0	0	0	0	0	0	0	0	0	0	0	0	0	0	0	0	0	0	0	0	0	0	0	0	0	0	0	0	0	0	0	0	0	0	0	0	0	0	0	0	0	0	0	0	0	0	0	0	0	0	0	0	0	0	0	0	0	0	0	0	0	0	0	0	0	0	0	0	0	0	0	0	0	0	0	0	0	0	0	0	0	0
chr2.s_21851538	1	1	1	0	0	0	0	0	1	1	0	0	1	0	0	1	1	1	1	1	0	1	1	1	1	1	1	2	2	0	1	1	0	1	0	1	0	0	0	0	0	0	1	1	0	0	0	1	0	0	1	1	0	0	0	0	0	0	1	1	1	0	0	0	0	1	1	0	0	0	0	0	0	0	0	1	0	0	0	0	0	0	0	0	1	2	1	1	1	0	1	0	0	0	0	0	1	1	1	0	0	0	0	0	0	0	0	0	0	1	1	1	0	0	0	0	0	0	0	0	0	1	0	1	2	2	1	0	1	0	1	2	2	0	0	0	0	0	0	0	0	0	0	0	0	0	1	1	1	0	2	1	0	0	2	1	0	0	0	0	0	0	0	0	0	0	0	0	0	1	0	1	0	0	0	1	0	1	1	1	0	0	1	0	0	0	1	1	1	1	0	1	0	0	0	0	0	0	0	0	1	1	0	1	0	0	0	2	1	1	0	2	0	0	1	0	0	0	0	0	1	1	0	2	0	0	0	1	2	0	2	0	1	0	0	0	0	0	1	0	0	1	0	1	0	0	0	1	0	0	1	0	1	1	0	2	0	0	0	1	0	1	0	0	0	1	0	1	1	0	0	1	0	0	0	0	1	1	0	0	0	1	1	2	0	1	1	1	0	1	0	0	0	0	1	1	1	1	0	0
chr1.s_287590321	0	1	1	0	1	0	0	0	0	1	1	0	0	0	0	0	0	1	1	0	0	0	0	0	0	0	0	1	1	0	1	1	1	0	0	0	0	0	0	0	0	0	0	0	0	1	2	0	0	0	0	1	1	0	1	1	0	0	0	0	0	0	1	1	2	0	0	1	1	1	1	1	1	1	0	0	0	1	1	0	0	1	1	0	0	0	0	0	1	2	1	1	1	1	1	1	0	1	1	0	1	0	0	0	1	1	1	1	0	0	0	0	0	0	1	1	0	0	0	0	0	0	1	1	0	0	0	1	1	2	0	0	0	1	1	1	0	0	0	1	0	0	0	1	0	0	0	0	0	1	0	1	2	2	0	0	1	1	1	1	1	0	0	1	1	0	0	1	2	1	1	0	0	1	1	1	0	0	0	0	0	2	1	1	1	1	1	1	1	0	1	0	1	1	0	0	0	1	1	1	0	0	0	0	0	1	1	0	1	0	2	0	0	0	1	0	1	1	0	0	0	0	0	0	0	1	1	0	0	1	0	2	0	1	2	0	0	0	1	1	0	0	0	0	1	1	0	0	0	0	0	1	1	0	0	0	0	1	1	0	0	1	0	0	1	0	0	1	0	1	0	0	0	0	0	0	0	0	1	0	0	1	0	1	2	0	0	0	0	0	0	1	1	0	0	0	0	1	0	0
chr5.s_218090271	2	1	1	0	0	0	1	0	0	1	1	1	0	1	0	2	2	2	1	2	2	2	2	1	2	1	2	1	2	1	0	0	1	1	1	1	1	1	0	0	0	0	1	0	1	2	2	1	0	1	1	0	1	1	1	1	2	2	2	1	2	2	1	0	1	0	0	0	0	0	0	1	0	0	2	2	1	1	2	0	2	0	1	1	1	0	1	1	0	0	1	2	1	1	1	1	0	0	0	0	0	0	0	2	1	0	0	0	1	2	1	1	1	1	2	2	2	2	1	1	1	1	2	2	1	2	2	1	1	1	0	0	0	1	1	2	0	1	1	2	2	1	1	0	2	2	2	2	1	0	1	2	2	1	1	1	1	1	1	1	2	1	1	1	1	0	0	1	2	2	1	0	1	0	1	1	1	1	1	0	1	0	1	1	0	1	0	0	0	1	0	0	0	0	0	0	1	1	1	2	1	0	1	1	1	2	1	0	1	1	1	1	1	1	1	1	0	1	2	1	2	1	0	0	2	0	1	1	0	2	0	2	1	0	2	1	2	1	1	0	0	0	0	0	1	1	2	0	1	1	2	2	0	2	1	1	0	1	2	2	0	1	0	2	0	1	1	0	0	1	1	2	2	2	1	2	2	0	1	0	1	0	2	2	2	0	2	0	2	1	2	0	1	0	1	1	2	1	1	2
chr2.s_198091025	1	0	1	0	0	0	0	0	0	0	1	1	1	0	0	0	0	1	1	1	0	0	1	1	0	0	0	1	1	0	1	0	0	1	1	1	0	0	1	1	1	1	0	0	0	1	1	0	1	1	1	1	0	0	0	0	0	0	0	0	0	0	1	0	0	1	2	0	0	0	1	1	1	1	1	0	1	0	0	0	0	0	0	0	0	0	0	0	1	2	1	1	0	1	0	1	1	1	2	0	0	0	1	1	0	0	1	1	0	0	1	2	1	0	1	1	0	1	0	0	0	0	1	1	0	0	0	0	0	1	0	0	1	0	1	1	0	0	1	0	0	1	0	0	1	1	1	0	0	1	1	0	1	0	1	0	0	0	0	0	1	0	0	0	0	0	0	0	0	0	2	1	0	0	0	0	0	0	0	0	0	2	1	1	0	0	0	0	1	0	0	0	0	0	0	0	0	0	0	0	0	0	2	2	0	0	0	1	0	0	2	0	0	0	1	0	0	1	0	0	0	0	1	0	0	0	1	1	0	1	1	2	1	0	2	1	0	0	0	0	1	1	1	0	1	0	0	1	0	2	0	1	1	1	0	2	0	0	0	0	0	0	0	0	1	1	0	1	1	2	0	0	0	0	0	0	0	0	0	0	0	1	0	0	1	1	0	0	1	1	0	0	0	2	0	0	0	1	0	1
chr2.s_101600457	1	1	1	0	1	0	0	1	1	0	0	1	0	0	0	0	0	1	0	0	1	1	1	1	1	1	1	1	1	1	0	1	0	1	2	0	1	0	1	0	0	0	0	0	0	0	0	0	0	0	0	0	0	0	0	0	0	0	0	0	0	1	1	1	0	1	1	1	1	1	1	1	1	1	0	0	0	0	0	0	0	0	0	0	1	1	1	1	0	0	0	1	1	1	1	1	1	0	0	1	0	0	1	0	1	2	1	2	1	0	0	1	1	1	0	0	0	1	0	0	0	0	1	1	0	0	0	1	0	0	0	0	0	0	1	1	0	0	1	1	0	1	1	1	1	1	0	1	0	0	0	0	0	0	0	0	1	0	1	1	1	0	0	0	1	0	1	1	0	0	0	0	0	0	0	0	0	0	0	0	0	0	0	0	0	0	0	0	0	0	2	0	0	0	0	0	0	0	1	1	1	0	0	1	0	0	0	0	0	0	1	0	0	0	0	0	0	1	0	0	0	0	0	0	0	0	1	1	0	1	0	1	1	1	1	1	1	1	0	1	1	0	0	0	0	0	0	0	0	0	1	1	1	1	0	1	1	0	0	0	0	0	1	1	1	1	1	1	1	0	1	1	0	1	0	0	0	0	1	0	0	0	0	1	1	0	0	0	0	0	0	1	0	0	0	0	0	1	0	0
chr7.s_22609981	0	0	0	0	2	1	2	1	1	0	0	0	1	1	0	1	0	1	0	0	0	1	1	0	1	0	0	1	1	1	0	0	0	0	1	0	1	0	1	0	1	1	1	1	1	0	0	0	1	1	1	1	1	1	0	0	0	0	1	1	1	1	0	1	0	0	0	1	2	1	2	2	1	2	1	0	1	0	1	0	0	0	0	0	0	0	1	0	0	0	0	1	1	1	0	0	0	0	0	1	0	0	1	1	1	1	1	1	1	0	1	1	0	0	1	0	1	0	0	0	0	1	1	2	0	0	1	1	0	2	0	0	0	1	1	1	0	1	1	1	1	0	1	1	0	0	1	1	0	0	0	0	1	0	0	0	1	1	0	1	1	0	1	1	1	1	1	1	0	0	2	1	0	0	0	0	1	2	1	0	1	0	0	1	1	0	1	0	0	0	1	2	1	2	1	0	1	2	2	0	0	0	1	0	0	0	1	0	1	0	1	0	0	0	2	0	0	0	0	0	0	0	2	0	1	2	0	0	0	1	0	1	0	0	2	0	0	1	1	0	0	1	0	1	1	0	1	1	1	1	0	1	0	0	1	0	1	1	0	0	0	0	0	1	1	0	1	1	1	1	1	1	0	1	0	0	0	0	1	0	0	1	0	0	0	1	0	0	0	0	1	0	0	1	0	0	0	1	0	0
chr7.s_23235293	1	1	1	1	1	0	1	1	1	0	0	0	2	1	1	0	1	1	0	1	1	1	1	1	1	1	1	1	1	2	1	1	0	1	1	1	1	1	2	2	2	1	2	2	1	0	0	0	0	1	2	1	0	1	1	0	1	1	1	1	1	1	1	0	0	1	1	1	1	0	1	1	0	1	1	0	0	0	0	0	0	0	0	1	1	1	1	1	1	1	1	1	0	1	0	0	1	1	1	1	1	1	1	2	2	2	1	1	1	1	2	1	0	0	0	1	2	1	2	2	1	1	1	1	1	1	1	1	1	1	1	1	1	1	2	2	1	2	1	1	0	0	1	1	1	1	1	1	1	1	1	1	1	0	1	1	1	1	1	1	2	1	2	1	1	1	1	1	0	0	1	2	1	1	1	1	2	2	1	1	1	2	2	2	1	1	1	2	2	1	1	1	1	1	1	0	1	2	2	0	1	2	0	2	0	1	1	1	1	1	1	1	1	2	2	1	0	0	2	2	1	1	0	1	1	0	2	1	1	1	1	1	1	2	1	0	1	1	1	1	1	1	1	1	0	1	0	1	2	0	0	1	1	1	2	1	2	0	1	1	1	1	1	2	1	0	1	1	2	1	2	1	1	1	1	1	1	1	1	0	1	1	1	0	0	2	0	1	2	1	1	0	1	0	0	1	1	1	2	1
chr10.s_102474644	1	1	1	1	1	1	1	2	2	1	1	1	2	1	1	0	1	2	0	0	1	1	1	1	0	0	0	1	1	2	1	1	1	1	1	0	0	0	0	0	0	0	1	1	1	1	1	1	2	2	2	1	0	1	1	0	0	0	0	1	1	2	1	2	1	1	1	1	1	1	1	1	1	1	1	1	2	0	0	1	1	1	1	1	1	1	1	1	1	1	1	1	2	1	1	1	1	1	1	1	1	1	1	0	0	1	1	2	2	1	2	2	1	1	1	2	1	1	1	1	1	1	1	1	0	0	1	2	0	1	1	0	0	0	1	1	1	1	1	1	1	1	1	1	1	1	1	1	1	1	1	0	0	0	0	0	0	0	0	0	1	1	1	0	1	1	2	1	0	0	2	2	1	1	1	1	0	0	1	1	2	1	1	1	2	1	2	1	1	1	1	0	1	1	1	1	0	1	2	0	1	1	2	1	1	1	0	1	1	1	1	0	1	1	2	1	1	1	1	1	0	1	2	1	1	1	1	1	1	1	1	1	1	0	1	1	1	2	1	0	1	2	1	0	1	1	1	2	1	2	1	2	1	1	2	1	2	1	0	1	1	0	1	1	2	1	0	1	1	1	1	0	0	1	2	1	0	1	1	1	1	1	1	1	1	0	0	1	1	0	1	1	1	2	1	2	0	1	2	1
chr2.s_62338800	0	0	0	1	0	1	1	0	0	0	1	0	1	2	0	1	0	0	1	1	0	0	0	0	0	0	0	0	0	0	0	1	0	0	0	1	1	1	1	1	1	0	1	1	0	0	0	0	0	0	0	0	1	1	0	0	1	1	1	0	0	0	1	0	1	0	0	0	0	0	0	0	0	0	0	1	1	1	2	0	1	0	1	0	0	0	0	0	1	0	0	0	0	0	0	0	0	0	0	0	1	0	0	1	0	0	0	0	1	1	1	0	0	0	2	1	0	0	0	0	1	1	0	0	1	1	1	0	0	0	1	0	0	1	0	0	1	1	0	0	1	0	0	0	0	0	0	0	1	1	0	1	1	1	0	0	1	1	0	0	0	0	0	1	1	0	0	0	0	0	0	0	1	0	1	0	1	1	0	0	0	0	0	1	1	1	0	0	0	1	1	0	0	0	0	0	1	0	0	0	0	0	0	0	1	1	0	0	0	1	0	0	0	1	0	0	1	1	0	0	1	1	1	0	1	1	0	0	0	0	1	1	0	0	1	0	1	1	0	0	0	1	1	1	0	1	1	0	0	0	0	0	0	0	1	0	0	2	1	1	0	1	0	0	0	0	1	0	0	1	0	0	1	0	0	0	1	0	1	0	1	1	1	0	0	1	1	0	1	1	1	1	0	0	0	0	1	0	0	0
chr8.s_132436290	0	1	0	0	0	1	0	0	0	0	0	0	0	0	0	0	1	1	0	1	2	1	0	0	0	0	1	0	1	0	0	1	0	1	0	0	0	0	0	0	0	1	0	0	0	1	0	0	0	0	0	0	0	2	2	2	1	1	0	0	1	0	0	1	1	1	0	0	0	1	0	0	1	0	1	1	1	0	0	0	1	0	0	1	1	0	0	1	0	0	0	1	2	0	0	0	1	2	1	0	0	0	0	0	0	0	0	0	0	1	1	0	0	0	0	1	1	1	0	1	0	0	1	0	1	2	1	0	0	0	1	1	0	0	0	0	1	0	0	0	0	1	2	1	0	1	1	0	0	0	0	0	0	0	0	0	0	0	0	0	0	1	0	0	0	0	0	0	0	0	0	0	0	0	0	1	0	0	0	0	0	0	0	0	1	0	2	1	0	1	0	0	0	0	0	1	0	1	1	0	0	1	1	0	1	0	1	0	1	1	0	0	1	0	1	1	0	0	1	1	2	1	0	0	0	2	0	0	0	0	0	1	1	0	0	0	0	0	0	1	0	0	0	0	0	0	0	0	0	1	0	0	0	0	0	0	0	0	1	1	0	0	0	1	0	1	0	0	1	0	0	2	1	0	1	1	0	1	0	0	1	0	0	0	0	0	1	1	1	0	1	0	0	0	1	1	0	0	1	0
chr4.s_193469499	0	0	1	0	0	0	0	1	0	1	1	1	0	0	1	0	0	1	0	0	0	0	1	1	1	1	1	1	1	2	0	0	0	1	1	1	0	0	0	0	0	0	0	0	0	1	1	1	0	1	1	1	1	0	0	1	1	1	1	0	0	1	0	2	0	1	2	0	0	0	0	0	1	1	1	1	0	0	0	0	2	0	0	0	0	0	1	1	0	1	1	2	2	1	0	1	1	0	1	0	1	1	1	0	0	0	0	0	0	2	1	1	1	1	0	0	1	2	0	0	0	0	0	0	0	0	1	1	1	1	0	0	1	0	0	0	1	1	1	1	1	2	1	0	1	1	0	0	0	0	0	0	1	0	1	0	0	0	0	0	1	1	1	0	0	0	0	0	1	1	0	1	1	0	0	0	0	0	0	0	1	0	0	1	1	0	2	1	2	0	0	0	0	0	0	0	0	0	0	2	1	0	0	2	1	1	0	0	0	0	0	0	1	1	0	1	1	1	1	0	0	0	0	0	0	1	0	2	0	2	1	1	1	0	1	1	0	0	0	0	1	0	0	0	0	0	0	0	1	1	2	1	2	1	2	2	0	1	0	0	0	0	1	0	1	1	0	0	1	1	1	0	0	2	0	0	0	0	0	0	1	0	1	1	1	1	1	0	0	1	0	0	0	0	1	1	0	1	0	0
chr2.s_117418828	1	1	1	0	1	0	0	1	1	0	0	1	1	0	0	0	0	1	0	0	1	1	1	1	1	1	1	1	1	1	0	0	0	1	2	0	1	0	1	0	0	0	0	0	0	0	0	0	0	0	1	1	0	0	0	0	0	0	0	0	0	1	1	1	0	1	1	1	1	1	1	1	1	1	0	0	0	0	0	0	0	0	0	0	1	1	1	1	0	0	1	1	1	1	1	1	1	0	0	1	0	0	1	0	1	2	0	1	1	0	1	2	1	1	0	0	0	1	0	0	0	0	1	1	0	0	0	1	1	0	0	0	0	0	1	1	0	0	1	1	0	1	1	1	1	1	0	1	0	0	1	1	0	0	0	0	1	0	1	1	1	0	0	0	1	0	1	1	0	0	0	1	0	0	0	0	0	0	0	0	0	0	1	0	0	0	0	0	0	0	2	0	0	0	0	0	0	0	1	1	2	0	0	1	0	0	0	0	0	0	1	0	0	0	1	0	0	1	0	0	0	0	0	0	0	0	1	1	0	1	0	1	1	1	1	1	1	1	1	1	1	1	0	0	0	0	0	1	0	0	1	1	1	2	0	0	1	0	0	0	0	0	1	1	1	0	1	1	2	0	1	1	0	1	0	0	1	0	1	0	0	1	1	1	1	0	0	0	0	0	0	1	0	0	0	0	1	2	0	0
chr1.s_186776476	0	0	1	1	0	1	1	1	1	1	1	0	1	0	1	1	2	1	0	0	0	0	0	0	0	0	0	0	0	1	1	0	1	0	0	1	0	0	0	0	0	0	1	1	0	1	1	0	0	0	1	2	1	1	2	1	0	0	0	0	0	0	1	1	0	0	1	0	0	0	0	0	0	0	0	0	0	0	0	0	0	1	0	0	0	0	0	0	1	1	0	1	1	1	0	0	0	0	1	0	0	0	0	0	0	1	0	1	1	0	1	1	0	0	0	1	1	1	1	1	0	0	0	0	0	0	0	0	1	1	0	1	2	0	0	0	0	0	0	1	0	0	0	0	0	0	0	1	0	1	0	1	2	1	1	0	0	0	0	0	1	1	1	0	1	0	1	1	1	0	1	2	0	0	0	0	0	0	0	0	0	2	1	1	1	0	1	0	1	0	0	0	0	0	0	0	0	0	1	2	0	1	0	2	0	0	1	0	0	0	1	1	0	0	1	0	0	1	0	0	0	0	1	1	0	1	0	1	0	1	1	1	0	0	1	0	0	1	0	0	0	1	0	0	0	1	0	1	1	0	0	0	1	0	1	1	1	0	0	0	0	0	0	0	1	0	0	0	1	1	1	0	0	1	1	0	0	1	1	0	0	2	0	1	1	1	1	0	1	1	1	0	0	0	1	1	0	0	1	0
chr5.s_2167348	0	0	0	0	0	0	0	0	0	0	0	0	0	0	0	0	0	0	0	0	0	0	0	0	0	0	0	0	0	0	0	0	1	0	0	0	0	0	0	0	0	0	1	1	1	0	0	1	0	0	0	0	0	0	0	0	0	0	0	0	0	0	0	0	1	0	0	0	0	0	0	0	0	0	0	2	1	0	0	0	0	0	0	0	0	0	0	0	0	0	0	0	0	0	0	0	0	0	0	0	0	1	0	0	0	0	0	0	0	1	0	0	0	0	0	0	0	0	0	0	0	0	0	0	0	0	0	0	0	0	0	0	0	0	0	0	0	0	0	0	0	0	0	0	0	0	0	0	0	0	0	0	0	0	0	0	0	0	0	0	0	0	0	0	0	0	0	0	0	1	0	0	0	0	0	0	0	0	0	0	0	0	0	0	0	0	0	0	0	0	0	0	0	0	0	0	0	0	0	0	0	0	0	0	0	0	0	0	0	0	0	0	0	0	0	0	0	0	0	0	0	0	0	0	0	0	0	0	0	0	0	0	0	0	0	0	0	0	0	0	0	0	0	1	0	0	1	1	0	0	1	0	0	0	0	1	0	0	0	0	0	0	0	0	0	1	0	0	0	0	0	0	0	0	1	0	0	0	0	0	0	0	0	1	0	0	0	0	0	0	1	0	0	0	0	0	0	0	0	1
chr9.s_143577705	1	1	0	1	0	1	0	0	0	0	0	1	0	0	0	0	0	0	0	1	2	2	1	0	2	1	2	0	1	0	1	1	0	1	0	1	1	1	0	0	0	0	0	0	0	0	0	1	1	1	1	1	1	0	1	2	2	1	1	1	2	0	1	2	0	1	0	0	0	1	0	0	1	0	1	0	0	1	1	0	2	1	0	2	1	0	2	2	1	0	1	1	2	1	1	0	1	2	1	1	1	0	0	0	0	0	0	0	1	1	1	0	0	0	0	0	0	1	1	1	1	1	1	1	0	1	0	0	1	0	2	1	0	1	0	0	1	0	0	0	1	1	1	0	1	1	1	1	1	0	1	1	0	1	0	0	0	0	0	0	0	2	1	0	0	1	1	1	1	1	1	0	1	0	1	2	1	1	2	1	1	0	1	0	1	0	1	1	0	2	0	1	0	0	1	2	1	1	1	0	2	1	0	0	1	1	1	0	1	2	0	0	1	1	1	1	0	0	2	2	1	2	0	0	0	1	0	0	0	0	1	0	1	0	0	0	2	1	1	1	0	0	0	0	1	0	0	0	0	1	0	0	0	1	0	0	1	1	2	2	1	1	1	1	0	1	1	0	0	0	0	1	2	1	0	1	2	2	0	1	1	1	2	0	0	0	1	2	0	1	1	0	1	0	1	1	2	1	1	1
chr10.s_148997154	1	0	0	0	1	1	1	0	0	0	0	2	1	0	1	0	0	0	1	0	0	0	0	0	0	0	0	0	0	0	0	0	0	0	0	0	0	0	0	0	1	1	1	1	1	0	0	0	1	1	1	1	0	0	0	1	0	0	0	0	0	0	0	1	0	0	0	0	1	1	2	2	1	1	1	0	1	1	0	1	1	1	1	0	1	1	0	0	0	0	0	1	1	1	0	0	0	0	0	0	0	0	1	1	1	0	1	0	0	0	1	1	1	1	0	0	0	1	0	0	0	0	0	0	0	0	0	0	0	1	0	0	0	1	1	1	1	1	1	0	0	1	1	1	0	0	0	0	0	0	0	0	1	0	0	0	0	1	0	1	2	2	2	1	0	1	0	1	1	1	1	1	1	1	2	0	1	1	0	0	0	0	0	1	1	0	1	0	0	0	0	1	0	1	1	1	1	1	0	0	0	0	1	0	1	0	1	0	0	0	0	0	0	0	1	0	1	0	0	1	0	0	1	0	0	1	0	0	0	1	0	2	0	0	1	1	0	0	0	1	0	1	0	1	2	1	0	1	1	1	0	0	0	0	0	0	1	0	0	0	0	0	0	0	0	1	0	1	1	1	1	0	0	0	0	0	0	0	0	1	0	1	0	0	0	1	1	0	0	0	0	2	1	1	1	0	0	0	1	0
chr4.s_180169790	0	0	1	1	0	1	1	0	0	1	2	2	0	0	2	0	0	1	2	1	1	2	2	2	1	1	1	2	2	1	0	0	1	0	1	1	1	1	1	1	0	0	1	0	1	2	2	1	2	2	1	0	0	1	0	1	1	1	2	2	2	1	0	0	1	0	1	1	0	1	0	1	2	1	2	0	1	2	1	2	1	2	1	0	0	1	2	2	0	1	1	2	1	2	2	1	0	0	1	1	1	2	0	1	1	0	0	0	0	0	0	0	1	1	0	0	1	1	1	1	1	2	0	1	1	1	1	2	1	1	1	0	1	1	0	1	2	2	1	1	1	1	1	1	0	0	2	1	1	0	0	1	2	1	2	2	2	1	1	0	2	1	0	1	1	0	0	0	1	0	1	1	1	1	1	0	1	2	1	1	1	1	1	2	1	2	1	1	2	0	1	1	1	0	0	1	0	0	0	2	0	1	2	1	2	1	1	1	1	0	0	1	0	1	0	1	2	2	1	0	0	0	1	1	0	1	1	1	1	1	1	1	2	1	2	2	0	0	0	1	2	0	2	1	1	1	0	0	2	2	0	1	2	1	2	2	0	0	1	1	1	2	2	0	1	2	2	1	0	2	1	1	0	2	0	1	1	1	1	1	1	0	0	1	1	2	1	0	0	1	1	1	1	1	1	0	0	1	0	0
chr1.s_175982391	0	0	0	0	0	1	1	1	1	1	1	1	1	1	1	0	1	2	2	1	0	0	1	1	1	1	1	0	0	1	2	1	0	1	1	0	0	0	0	0	0	1	0	0	1	1	1	2	1	0	0	0	0	2	1	0	1	0	0	1	1	0	2	1	0	1	1	0	0	0	0	0	1	1	1	1	0	0	0	1	0	1	1	0	1	1	0	0	2	2	1	1	1	2	1	1	1	1	1	0	0	0	0	0	0	0	1	1	0	2	1	1	1	1	1	2	2	1	1	1	0	0	0	0	0	0	0	0	0	1	1	1	1	0	1	1	1	1	1	0	1	0	0	1	1	1	1	0	1	1	0	0	1	0	0	0	0	0	0	0	1	0	0	0	0	1	1	1	1	2	0	1	1	1	2	1	0	0	1	1	1	2	1	1	1	0	1	0	0	0	0	0	1	1	1	1	0	1	1	1	0	1	1	1	0	1	0	1	1	1	1	0	1	1	1	1	2	1	0	0	0	1	1	0	1	2	1	1	1	2	1	2	1	0	2	1	1	1	0	0	1	0	1	0	1	0	1	1	1	1	2	0	1	1	1	1	0	0	0	0	0	0	0	0	1	1	1	0	1	2	1	1	0	1	2	1	1	0	0	1	1	0	0	1	0	0	0	1	1	0	0	0	0	1	0	2	0	1	1	0
chr5.s_124318139	1	2	2	1	2	1	0	0	0	0	0	1	0	0	2	1	2	1	1	1	1	1	2	1	1	0	1	0	1	0	0	1	1	2	1	1	0	1	0	1	1	1	1	2	0	0	1	0	1	1	0	1	1	1	1	0	1	1	1	1	2	1	0	0	1	1	1	2	2	2	2	1	1	1	1	0	1	1	0	2	0	1	1	1	2	1	1	1	0	0	0	0	0	0	1	1	1	2	2	0	2	1	1	1	0	0	1	0	0	0	0	1	2	1	0	1	1	1	1	1	1	1	2	2	0	1	0	0	0	0	1	1	1	1	2	1	2	1	2	0	0	1	0	1	2	2	1	1	1	0	1	0	0	2	1	1	0	1	2	2	1	1	1	1	0	1	0	0	0	0	1	1	1	1	2	1	2	2	1	0	0	1	1	0	0	1	0	1	1	1	1	2	1	1	1	1	1	1	0	1	0	1	1	2	0	1	0	1	1	2	1	1	1	1	0	2	2	0	1	2	1	1	1	0	0	0	2	2	0	1	1	0	1	1	0	2	1	1	0	1	1	0	1	1	1	1	0	0	1	2	0	1	1	1	1	1	1	1	1	1	1	0	1	1	0	1	0	1	0	0	0	1	1	0	1	1	0	1	0	1	2	1	0	0	1	2	1	1	2	1	1	1	2	2	0	1	0	0	2	1
chr8.s_24798798	0	0	0	0	0	1	1	0	0	0	0	0	0	0	1	1	1	0	0	0	0	0	0	0	0	0	0	0	0	0	0	0	0	0	0	0	0	0	0	0	0	0	0	0	0	0	0	0	0	0	0	0	0	0	0	0	0	0	0	1	1	0	0	0	0	1	1	0	0	0	0	0	0	0	0	0	0	0	0	0	0	0	0	1	0	0	0	0	0	0	0	0	0	0	0	0	0	0	0	0	0	0	0	0	0	0	0	0	0	0	0	0	0	0	0	0	0	0	0	0	0	0	0	0	0	0	0	0	0	0	0	0	0	0	0	0	0	0	0	0	0	0	0	0	0	0	0	0	0	0	0	0	0	0	0	0	0	0	0	0	0	0	0	0	0	0	0	0	0	0	1	0	0	0	1	0	0	0	1	1	1	0	0	0	0	0	0	0	0	1	1	0	0	0	0	0	0	0	0	0	0	0	0	0	0	0	0	0	0	0	0	1	0	0	0	0	0	0	0	0	0	0	1	0	0	0	0	0	0	0	0	0	0	0	0	0	0	0	0	0	0	0	0	0	0	0	0	0	1	0	0	0	0	0	1	0	0	0	0	1	1	0	0	0	0	0	0	0	0	0	0	0	0	0	0	1	0	0	0	0	0	0	0	0	0	0	1	0	0	0	0	0	0	0	0	0	0	0	0	0
chr5.s_222514220	1	1	0	1	0	1	0	0	0	1	1	1	0	0	0	0	1	1	1	0	0	1	1	0	1	0	1	0	1	0	1	1	0	1	0	0	0	1	0	1	0	0	0	0	0	2	2	0	0	0	0	0	0	1	1	1	0	0	1	0	1	0	0	2	0	1	0	1	0	1	0	0	1	0	0	0	0	0	0	0	1	2	1	1	0	0	2	2	1	1	2	0	1	1	1	1	2	1	0	0	1	1	1	0	0	0	0	0	0	0	0	0	0	0	0	1	1	1	0	0	0	1	0	1	0	1	0	0	1	0	2	1	0	0	0	0	1	0	0	1	1	2	1	1	0	0	2	1	0	0	1	1	0	0	0	1	0	0	1	0	0	1	0	0	0	1	1	0	1	0	0	0	0	2	2	0	0	1	1	0	0	1	2	0	1	0	1	1	0	1	0	0	1	0	1	2	0	0	0	1	2	1	1	0	1	0	0	0	1	1	0	0	0	1	0	0	1	1	0	1	0	1	0	0	0	1	1	0	0	0	1	0	1	1	0	0	0	0	1	1	1	0	1	0	0	0	0	0	0	0	0	0	1	1	0	0	1	0	0	1	2	0	2	0	1	1	0	0	0	0	0	1	0	0	1	1	1	2	0	1	0	0	1	0	1	0	1	2	1	0	0	0	1	0	1	2	1	1	2	0
chr7.s_179047563	1	1	1	1	0	0	0	0	0	1	1	0	0	1	0	1	1	2	1	2	0	1	1	0	1	0	1	1	2	0	0	2	1	1	0	1	0	0	0	0	0	1	1	1	1	1	2	0	0	0	0	0	1	2	2	1	1	0	1	0	1	0	1	1	1	1	1	0	0	0	0	0	0	0	1	0	0	1	2	0	0	0	0	0	0	0	1	1	0	1	2	2	2	1	1	1	1	2	2	0	1	1	0	1	1	1	0	0	0	1	1	0	0	0	2	2	2	0	0	0	1	2	0	1	1	2	1	0	1	1	1	1	1	1	0	0	0	0	0	1	1	0	0	0	0	0	1	1	0	1	2	2	2	1	2	1	1	1	0	0	0	0	0	1	1	0	0	0	1	0	1	0	1	1	0	1	0	1	2	1	1	0	1	2	2	2	1	1	1	2	1	1	0	0	1	1	0	0	0	1	1	1	0	1	1	2	1	0	1	1	0	0	0	1	0	0	1	1	1	0	2	1	0	0	1	2	0	1	0	1	1	2	1	1	2	0	1	0	1	1	0	1	0	0	0	1	2	1	0	1	0	0	1	1	0	1	0	2	2	2	0	1	0	0	1	0	0	0	0	1	0	2	1	0	2	1	1	1	1	0	2	0	1	0	1	1	0	2	2	1	0	1	1	0	0	1	1	1	1	0
chr2.s_188912209	0	0	0	0	0	0	0	0	0	0	0	0	1	1	0	0	1	1	1	0	0	0	0	0	0	0	0	0	0	0	0	0	0	0	0	0	0	0	0	0	0	0	1	1	0	0	0	0	0	0	0	0	0	1	1	0	0	0	0	0	0	0	0	0	0	0	0	0	0	0	0	0	0	0	0	0	0	1	1	0	0	1	1	0	0	0	0	0	0	0	0	0	0	0	0	0	0	0	0	0	0	0	0	0	0	0	0	0	1	1	1	0	0	0	1	2	1	0	1	1	0	0	0	0	1	1	1	0	0	0	0	0	0	1	0	0	1	1	0	0	0	0	0	1	0	0	0	0	0	0	0	1	1	0	0	0	1	1	0	0	0	0	0	1	1	0	0	0	0	0	0	0	0	1	2	0	0	0	0	0	0	0	0	0	0	0	0	0	0	0	0	0	1	1	0	0	0	0	0	0	0	1	0	0	0	0	0	0	1	0	0	0	0	0	0	0	2	0	0	1	1	0	0	0	1	0	0	0	0	0	0	0	0	0	0	0	0	0	0	0	0	0	0	0	0	1	0	0	0	0	0	0	0	0	1	0	1	0	1	0	0	1	0	0	0	0	0	0	0	0	0	0	0	0	1	0	0	0	1	0	1	0	0	1	0	0	0	0	1	0	0	0	1	0	0	1	0	0	2	0
chr5.s_37797705	1	0	0	0	0	0	0	0	0	0	0	0	0	0	0	0	0	0	0	0	0	0	0	0	0	0	0	0	0	0	0	0	0	0	0	0	0	0	0	0	0	0	0	0	0	0	0	0	0	0	0	0	0	0	0	0	0	0	0	0	0	0	0	0	0	0	0	0	0	0	0	0	0	0	0	0	0	0	0	0	0	0	0	0	0	0	0	0	0	0	0	0	0	0	0	0	0	0	0	0	0	0	0	0	0	0	0	0	0	0	0	0	0	0	0	0	0	0	0	0	0	0	0	0	0	0	0	0	0	0	0	0	0	0	0	0	0	0	0	0	0	0	0	0	0	0	0	0	0	0	0	0	0	0	0	0	0	0	0	0	0	0	0	0	0	0	0	0	0	0	0	0	0	0	0	0	0	0	0	0	0	0	0	0	0	0	0	0	0	0	0	0	0	0	0	0	0	0	0	0	0	0	0	0	0	0	0	0	0	0	0	0	0	0	0	0	0	0	0	0	0	0	0	0	0	0	0	0	0	0	0	0	0	0	0	0	0	0	0	0	0	0	0	0	0	0	0	0	0	0	0	0	0	0	0	0	0	0	0	0	0	0	0	0	0	0	0	0	0	0	0	0	0	0	0	0	0	0	0	0	0	0	0	0	0	0	0	0	0	0	0	0	0	0	0	0	0	0	0	0
chr6.s_87793251	0	0	0	0	0	0	0	2	2	1	0	1	1	2	1	1	0	1	0	1	1	0	0	0	1	1	1	1	1	0	0	1	1	0	1	1	2	1	1	0	0	1	1	1	0	0	0	1	1	1	1	0	1	0	0	0	2	2	1	0	0	1	0	1	0	1	1	0	0	0	1	1	0	0	1	1	1	0	1	1	1	0	1	1	1	0	1	1	1	0	0	2	1	2	1	0	0	0	0	1	0	0	1	0	0	1	0	1	2	0	0	1	1	1	2	1	1	0	1	1	1	0	1	0	0	0	0	0	0	1	1	0	0	0	0	0	1	1	0	1	2	1	1	1	1	1	0	0	1	1	0	0	1	0	0	0	1	0	0	0	0	1	1	0	1	0	1	2	1	1	1	1	0	1	0	1	2	1	1	1	1	1	1	2	1	1	1	0	0	0	2	0	0	0	1	1	0	0	1	1	1	0	0	0	0	0	0	0	0	1	0	0	2	0	0	2	0	0	2	1	1	2	0	0	2	0	0	0	1	1	1	2	0	0	2	0	1	2	0	0	0	1	0	0	1	0	1	0	1	1	1	0	0	0	0	1	1	1	1	0	0	0	1	2	1	1	2	1	0	1	0	0	2	1	0	2	1	0	1	0	1	0	1	0	0	1	0	1	0	0	1	1	0	0	0	0	1	0	0	1
chr1.s_194780927	0	1	2	1	0	1	1	1	1	1	1	1	1	0	1	0	1	2	0	0	0	0	0	0	1	1	1	1	1	1	2	1	1	0	0	2	1	1	0	0	0	0	1	1	1	2	2	2	2	2	2	2	1	2	1	0	1	1	1	1	1	0	1	2	1	0	1	0	0	0	0	0	0	0	0	1	1	1	1	1	1	1	0	1	1	1	1	1	2	2	1	1	2	1	1	0	0	0	1	1	0	1	1	1	0	1	1	2	2	1	1	1	0	1	0	1	2	1	1	1	1	1	0	0	1	1	1	0	0	0	1	1	2	1	0	0	1	1	0	2	1	1	1	1	0	0	1	0	1	2	1	1	1	0	2	1	1	1	1	1	1	1	1	1	2	1	2	1	1	1	2	2	0	1	1	0	0	0	1	1	1	2	1	1	2	1	2	1	2	0	1	1	0	0	1	1	1	0	1	2	1	1	2	2	1	0	0	1	0	1	1	0	0	0	1	1	0	1	1	1	1	1	2	0	0	2	0	1	0	0	2	1	1	0	0	0	0	2	0	0	1	2	0	0	1	0	1	2	1	1	2	0	2	0	1	2	2	0	1	0	1	1	1	1	2	1	1	0	1	0	1	1	1	1	2	1	1	1	2	1	0	1	1	1	1	1	1	1	2	2	0	0	1	1	0	1	1	0	2	1
chr4.s_194400472	0	0	0	1	0	0	1	2	1	1	1	1	1	1	2	0	0	0	1	2	1	0	0	1	0	1	0	1	0	2	0	0	0	0	1	0	1	1	1	1	0	0	2	1	1	1	1	1	0	0	0	0	0	0	0	0	1	1	0	2	1	1	0	0	0	0	0	1	0	0	0	1	0	0	1	1	0	2	1	1	1	0	0	1	1	1	0	0	0	0	0	0	0	0	0	1	1	0	0	1	1	1	0	1	2	2	1	2	1	1	0	0	1	1	0	0	0	0	2	2	1	0	1	0	2	1	2	1	0	0	0	0	0	1	0	1	1	2	0	2	0	0	0	0	1	1	1	1	1	0	1	1	1	0	0	1	2	1	1	0	2	0	0	1	2	0	1	2	2	2	1	1	1	1	0	1	1	0	0	1	1	1	1	1	1	1	0	1	1	0	1	0	1	0	0	0	0	0	1	1	0	1	0	0	0	0	1	1	0	0	0	1	2	1	0	2	1	1	1	2	2	1	0	1	1	0	1	0	1	0	0	0	0	2	0	1	1	1	0	1	1	0	1	1	1	1	0	0	2	0	1	1	0	0	2	0	2	0	2	0	1	2	1	2	1	0	1	1	0	0	2	0	1	1	0	1	0	0	2	1	2	0	1	2	1	0	0	0	0	0	2	2	1	0	0	0	0	0	1	1
chr9.s_25063817	0	0	0	0	0	2	2	0	0	1	1	0	1	1	0	2	2	2	1	0	1	1	1	1	0	0	0	1	1	1	0	1	1	1	1	0	0	0	1	1	1	1	1	0	2	2	1	2	2	2	2	2	2	2	2	2	1	1	1	1	1	0	1	0	1	0	0	1	1	2	0	1	2	1	2	1	1	1	2	1	1	1	1	0	1	1	0	0	0	0	0	0	0	0	1	1	0	0	0	0	1	1	0	2	2	1	0	0	0	1	1	1	0	0	2	2	2	2	0	0	1	1	1	1	1	1	1	1	1	1	0	1	1	1	1	2	1	1	1	1	2	1	1	1	1	1	0	1	1	0	1	1	1	2	0	0	1	1	0	0	2	2	1	1	1	0	0	1	2	2	1	1	1	2	2	0	0	0	0	0	0	1	1	1	1	2	0	1	1	1	0	1	0	0	0	1	1	0	0	2	0	0	2	1	2	2	2	1	0	1	1	1	0	1	1	1	2	2	1	1	1	0	2	1	1	1	1	1	0	1	0	1	1	1	1	1	1	1	1	2	1	1	0	0	2	1	2	2	1	2	1	0	0	1	0	1	1	2	1	1	0	1	0	0	0	2	0	0	1	0	2	1	0	1	2	0	0	0	1	0	1	2	0	2	1	0	2	0	2	1	0	0	2	2	2	1	0	1	2	1
chr1.s_261082687	2	0	0	1	0	1	1	2	2	1	0	1	2	2	1	2	1	1	1	0	1	1	1	1	1	1	1	1	1	0	1	0	2	1	1	0	0	0	1	1	1	0	0	0	1	0	0	0	1	1	1	1	1	1	1	1	1	0	0	1	1	1	0	1	1	1	1	0	0	0	0	0	0	0	1	0	1	2	2	2	1	2	2	1	0	0	0	0	1	0	1	1	2	0	1	2	1	1	1	1	1	1	1	0	0	1	0	1	2	1	2	2	2	2	2	1	0	0	0	0	1	1	0	0	1	1	1	0	2	0	0	1	1	0	0	0	0	0	1	1	1	1	0	1	1	1	0	1	0	1	1	2	1	2	0	0	1	1	0	0	1	0	0	1	2	0	1	2	1	1	1	1	2	1	2	0	0	0	1	1	0	0	1	1	2	2	1	0	0	1	1	0	0	0	1	1	1	0	1	0	1	0	1	0	1	2	1	0	0	0	0	1	1	1	1	0	1	0	0	0	1	1	2	1	2	2	0	0	1	0	1	0	0	0	0	2	0	1	1	0	0	2	0	0	2	2	2	2	0	2	1	0	0	2	0	0	1	2	0	1	1	0	0	1	1	0	1	0	1	0	0	0	0	0	1	0	2	1	2	1	0	2	2	0	0	0	1	1	0	1	0	2	1	2	1	1	1	1	0	1
chr6.s_86737537	0	0	0	0	0	1	1	2	2	1	1	1	1	2	1	1	1	2	0	1	1	0	1	1	1	1	1	1	1	1	1	1	1	0	1	1	2	1	2	1	1	1	1	1	1	1	0	1	1	1	1	1	2	1	2	1	2	2	1	0	0	1	0	1	1	1	1	0	0	0	1	1	0	0	1	1	1	0	1	1	1	1	1	2	2	1	1	1	1	0	0	1	1	1	1	0	0	0	0	1	1	0	0	0	0	1	1	2	2	1	1	1	1	1	2	2	2	1	1	1	1	0	1	0	0	0	0	0	1	0	1	0	0	0	1	1	1	1	0	1	2	1	1	1	1	1	1	1	1	1	1	0	0	1	0	0	1	0	0	0	0	1	1	0	1	0	1	1	0	0	0	1	1	1	1	2	2	1	1	1	1	1	1	1	1	1	1	1	1	1	2	1	1	1	1	1	0	1	2	1	1	0	1	1	0	1	1	1	1	1	0	0	2	1	1	2	0	0	2	1	1	2	1	1	2	0	1	1	1	1	1	1	0	0	1	1	1	2	0	0	0	1	1	0	0	0	2	1	1	1	1	1	1	1	0	1	1	2	1	1	1	0	1	2	1	1	2	1	1	1	1	0	2	0	2	2	1	1	1	0	1	1	1	0	1	1	0	1	1	0	1	1	0	0	1	2	1	0	1	1
chr6.s_95884935	0	1	0	0	0	1	1	0	0	0	0	0	0	0	0	0	1	1	0	0	0	0	1	2	0	1	0	1	0	0	0	1	1	1	0	0	0	0	0	0	0	0	1	0	2	0	0	0	0	0	0	0	0	1	1	0	0	0	0	1	0	0	0	1	1	1	0	0	0	1	0	1	1	0	1	0	0	0	0	0	0	0	0	0	0	1	0	0	0	0	0	0	0	0	1	1	1	1	0	0	0	0	0	1	1	0	0	0	1	0	0	0	0	0	0	1	1	1	1	1	1	1	0	0	2	1	1	0	1	0	2	2	1	0	0	1	1	1	0	0	1	0	0	0	0	0	1	1	1	0	0	0	0	2	0	0	0	0	0	0	1	2	1	0	0	0	0	0	0	0	0	0	0	0	1	0	0	0	0	1	0	0	0	0	0	1	0	2	1	1	0	0	1	1	0	1	0	1	1	0	1	2	0	1	1	1	1	1	1	1	0	1	0	0	1	1	0	0	0	0	1	0	0	1	0	0	0	0	1	0	0	0	0	0	1	1	0	0	0	1	0	0	0	0	0	1	0	1	1	0	0	1	1	1	1	0	0	0	0	0	0	1	0	0	0	1	0	1	0	0	1	0	0	0	2	0	0	1	0	0	0	1	0	0	1	0	0	1	1	0	1	0	1	0	0	1	0	0	1	0
chr9.s_101270263	1	1	0	0	1	2	2	0	0	0	0	0	0	0	1	1	2	2	1	1	1	1	2	1	1	0	1	1	2	1	0	1	0	1	0	0	0	0	0	0	0	1	2	1	2	1	0	0	1	1	0	1	1	1	2	2	2	1	1	1	2	0	1	0	1	1	0	1	1	2	0	1	1	0	1	1	2	0	0	1	2	1	1	1	2	1	1	1	0	0	1	1	0	1	0	0	1	2	1	0	1	1	0	1	1	0	0	0	0	0	0	0	0	0	1	2	1	2	2	2	2	2	2	2	1	2	1	0	2	2	1	2	1	1	0	1	2	2	1	0	1	1	2	2	1	1	1	1	1	0	2	2	2	1	0	0	1	1	0	0	1	2	1	1	1	0	0	1	1	1	2	1	0	2	1	1	1	1	2	1	0	1	2	2	1	1	1	2	1	2	0	1	1	1	0	1	1	0	0	1	1	2	2	1	2	0	2	0	2	2	1	1	1	0	0	2	2	1	1	2	2	1	2	0	0	0	0	0	0	1	0	2	1	0	2	1	2	1	2	1	0	0	0	0	2	1	1	1	2	1	0	0	0	2	1	1	1	1	2	2	0	1	0	1	0	2	0	0	0	1	2	2	1	1	2	1	1	1	1	0	2	1	2	1	0	0	2	1	1	1	1	1	1	1	1	1	1	1	2	2
chr1.s_3484264	1	1	1	0	1	1	1	1	1	1	0	0	1	1	1	2	1	1	1	0	1	1	0	1	0	1	0	2	1	0	1	1	1	0	1	1	2	1	1	0	0	0	0	0	1	0	1	1	0	1	2	2	2	1	1	1	1	1	1	2	1	0	0	1	1	1	1	1	1	1	0	0	0	0	1	2	1	0	1	1	1	2	1	0	1	2	0	0	0	0	0	2	2	1	0	1	1	0	0	1	0	1	1	0	0	0	1	1	1	1	1	2	1	0	1	0	1	0	1	1	0	0	1	1	1	0	0	0	1	2	0	1	1	0	0	0	1	1	0	0	1	1	0	1	0	0	0	0	1	0	0	0	1	1	1	1	1	0	0	0	0	0	0	0	0	1	1	0	0	1	0	2	1	2	1	1	0	0	1	2	1	1	1	2	2	1	2	1	1	1	2	0	1	1	1	1	1	0	0	1	0	1	0	0	0	1	1	1	1	0	1	2	1	1	1	1	1	0	1	1	0	0	1	2	1	2	0	0	2	1	0	2	1	0	1	0	0	0	1	0	1	1	0	0	0	0	2	2	1	1	1	1	1	0	1	1	1	1	0	1	0	1	0	0	0	1	2	1	1	1	0	1	1	1	1	1	1	1	0	1	0	2	1	2	1	0	1	1	0	1	0	1	1	1	1	1	1	0	1	1
chr4.s_120380814	0	1	1	1	1	0	0	1	1	1	0	0	2	1	0	0	0	0	1	1	0	0	0	0	0	0	0	0	0	0	1	1	0	0	0	0	0	0	0	0	0	0	0	0	1	0	0	0	0	0	1	1	0	0	1	1	0	0	0	0	0	0	1	0	0	0	0	1	1	1	0	0	0	0	0	0	0	1	1	0	1	0	0	0	0	0	0	0	1	1	0	0	0	0	0	0	0	0	0	1	1	0	0	0	0	0	0	0	0	0	1	1	0	0	0	0	0	0	0	0	0	0	0	0	1	1	1	0	0	1	0	0	0	0	0	0	0	0	0	0	0	0	0	0	0	0	0	1	0	2	0	1	1	1	0	0	1	1	0	0	0	0	0	1	1	0	0	0	0	0	0	1	1	1	0	1	0	0	1	1	1	1	0	1	1	1	1	0	0	1	0	0	0	0	1	1	1	1	1	0	0	0	0	0	0	1	1	0	0	0	1	0	1	1	2	0	1	0	0	0	1	0	0	0	1	0	0	0	1	0	0	0	0	0	0	0	0	0	1	0	0	2	0	1	0	0	1	2	0	0	0	1	0	0	0	0	0	1	0	1	0	0	0	0	0	0	0	0	1	0	0	0	0	0	1	0	0	0	1	0	1	2	1	0	1	0	0	1	0	1	0	0	0	0	0	0	0	0	0	1
chr5.s_223165128	0	0	1	0	1	0	1	1	1	0	0	1	0	1	1	1	0	0	0	0	0	0	1	1	0	0	0	1	1	2	0	1	0	0	0	2	1	1	0	0	1	1	1	1	1	0	0	0	1	1	0	0	1	1	0	0	0	0	0	0	0	1	0	0	0	0	1	0	1	0	2	2	0	1	1	1	2	1	1	1	0	0	1	0	0	0	0	0	0	0	0	1	0	1	0	1	1	1	2	0	0	0	2	1	2	2	1	1	1	0	0	0	1	1	1	0	0	0	0	0	0	0	0	0	1	1	2	2	0	1	0	0	1	2	1	1	0	1	1	0	2	0	0	0	0	0	0	0	0	1	0	0	1	0	1	0	0	1	0	1	1	0	1	1	1	1	1	1	0	0	1	0	1	0	1	0	1	1	0	0	1	0	0	1	0	0	0	1	2	1	0	1	0	1	1	0	1	1	1	0	0	0	1	1	0	0	1	1	0	0	0	0	0	0	0	0	0	0	0	1	1	0	1	0	1	1	0	1	0	1	1	2	0	1	1	2	0	1	0	1	0	1	0	1	1	1	1	0	1	1	0	1	1	1	1	1	2	1	1	1	0	1	0	0	1	0	0	1	0	1	2	0	1	2	0	0	0	0	1	1	0	0	0	0	0	2	0	0	0	1	1	1	1	2	0	0	1	0	1	0
chr7.s_71975886	0	0	0	0	0	0	0	0	0	0	0	0	0	0	0	0	0	0	0	0	0	0	0	0	1	1	1	0	0	1	0	0	0	0	0	1	1	1	0	0	0	0	0	0	0	0	0	1	2	1	0	0	0	0	1	1	1	0	0	0	0	0	1	1	1	0	0	0	0	0	0	0	0	0	0	1	2	0	0	1	0	0	0	0	0	0	1	1	0	0	0	0	0	1	1	0	0	0	0	0	1	0	0	0	0	0	0	0	0	0	0	0	0	0	0	0	0	0	0	0	0	0	0	0	0	0	0	0	1	0	1	0	0	0	0	0	0	0	0	0	0	0	0	0	0	0	0	0	0	0	0	0	0	0	1	1	0	0	1	1	0	0	0	0	0	0	0	0	0	0	1	0	0	0	0	0	0	0	0	0	0	0	0	0	0	0	0	0	0	0	0	0	0	0	0	0	0	0	0	1	1	0	1	0	0	0	1	1	0	0	0	0	0	0	0	1	0	0	0	0	0	0	1	0	0	0	0	0	0	0	0	0	0	0	0	0	1	0	0	0	0	0	0	0	1	0	0	0	0	1	0	0	0	0	0	1	0	1	0	0	0	0	1	0	0	1	1	0	0	0	1	0	1	0	0	0	1	0	0	0	0	0	0	0	0	0	0	0	0	0	0	1	0	1	0	0	1	0	0	0
chr5.s_66765002	0	1	0	1	1	1	0	0	0	1	1	0	1	1	0	0	1	1	0	1	1	1	1	0	1	0	1	0	1	1	0	1	1	1	0	0	0	1	0	1	1	1	0	1	0	1	1	0	0	0	0	0	0	2	1	1	1	1	1	0	1	0	0	0	1	1	0	1	1	1	1	0	1	1	0	0	0	1	1	0	1	0	0	1	1	0	1	1	0	0	0	0	0	0	1	1	1	1	0	0	1	2	1	0	1	1	1	0	0	1	1	0	0	0	0	1	1	1	1	1	2	2	1	1	1	2	1	0	0	0	1	1	0	1	1	0	1	0	1	1	0	1	1	0	1	1	1	2	0	0	1	1	1	1	0	1	1	2	2	2	0	2	2	2	1	1	0	0	1	0	1	0	1	0	0	1	1	1	1	0	0	0	0	0	0	1	0	1	0	1	0	2	1	1	1	1	2	1	0	1	0	1	0	0	2	2	0	0	1	1	0	0	1	2	0	1	0	1	1	1	2	1	0	1	1	1	1	0	0	0	0	0	1	2	0	0	1	0	0	2	1	0	1	1	0	2	0	0	0	0	0	0	0	0	0	0	0	0	1	1	1	0	1	1	0	1	0	0	1	0	1	1	1	0	1	1	0	1	1	0	1	0	0	0	1	0	2	1	1	1	1	0	1	0	2	1	0	0	1	1
chr1.s_90185989	1	1	1	1	1	1	2	1	1	2	2	0	2	1	1	0	0	1	1	1	0	0	1	1	1	1	1	1	1	1	1	1	2	1	1	0	0	1	0	1	0	1	1	0	2	1	1	1	1	0	1	2	1	1	1	1	1	0	0	1	1	1	1	2	1	1	1	2	1	1	1	2	1	1	2	0	0	1	1	1	0	1	1	0	0	0	1	1	0	0	0	1	2	0	1	2	1	1	1	0	2	2	0	1	1	0	1	1	0	1	2	1	0	1	1	1	0	1	1	1	1	1	1	1	1	1	1	1	1	1	1	1	1	1	1	2	0	1	1	2	1	0	1	1	1	1	1	0	1	1	1	1	1	2	1	2	1	1	2	1	2	1	1	1	1	0	0	1	2	1	1	2	1	0	0	1	0	0	0	0	0	1	1	0	1	1	2	0	0	1	0	1	2	1	0	0	1	1	1	2	1	1	0	1	1	2	2	0	1	1	1	0	1	2	2	1	1	2	0	1	1	0	1	1	1	2	2	1	1	1	0	1	1	1	1	1	1	1	1	0	2	2	2	1	1	2	1	2	2	1	1	1	1	1	1	1	1	1	1	1	1	1	2	1	0	1	1	1	2	1	2	1	0	1	1	1	1	1	1	0	1	2	0	1	2	0	0	0	0	1	0	1	2	1	1	1	0	1	1	1
chr4.s_179103732	0	0	0	1	0	0	0	1	1	1	2	0	0	1	0	1	0	0	2	1	1	2	1	1	1	1	1	1	1	2	1	0	1	0	1	0	1	1	1	1	0	0	0	0	0	1	1	1	0	0	0	0	1	0	0	0	0	0	1	1	1	1	1	0	1	0	0	1	0	0	0	0	1	1	1	1	0	0	1	0	0	2	1	0	0	1	1	1	1	1	0	1	0	1	1	1	0	1	1	1	1	2	0	0	0	1	0	1	1	1	0	1	1	0	1	0	1	0	0	0	0	1	0	1	1	1	1	1	1	1	0	0	0	0	0	0	0	0	0	1	1	0	0	1	0	0	1	1	1	1	0	0	1	1	0	1	1	0	1	0	0	1	1	0	1	0	1	1	1	1	0	0	0	1	1	0	1	2	1	1	1	1	0	2	1	2	0	1	1	0	1	1	1	0	0	0	0	0	1	2	0	0	0	0	0	1	0	1	1	0	1	1	0	1	0	0	1	1	0	0	0	0	0	1	1	0	1	0	1	1	0	1	1	1	2	0	0	1	0	0	1	0	2	1	0	1	1	0	0	1	1	1	1	0	1	0	1	1	0	1	1	1	1	0	1	0	1	1	0	2	1	1	0	1	0	1	0	1	1	0	0	0	0	1	1	1	0	0	0	0	1	0	1	0	0	0	0	1	0	0
chr10.s_2601497	0	1	0	0	0	1	0	0	0	0	0	0	0	0	0	0	0	1	0	0	0	1	1	0	1	0	0	0	0	0	1	1	0	1	0	0	0	0	0	0	0	1	0	0	0	0	0	0	1	1	0	0	0	1	0	0	0	0	1	0	0	0	2	0	0	1	0	0	0	1	1	1	1	0	0	0	1	0	0	0	0	0	0	0	0	0	1	0	1	1	0	1	1	0	0	0	1	1	0	0	0	1	0	0	0	0	0	0	0	0	0	0	0	0	0	0	0	0	0	0	1	2	0	1	1	1	1	0	0	0	1	1	0	0	0	0	1	0	0	0	0	0	0	0	0	0	1	1	0	1	0	1	1	0	0	0	0	0	0	0	0	1	0	1	1	1	1	1	1	1	2	0	0	1	0	0	0	1	1	0	1	2	1	1	1	1	1	2	1	2	0	0	1	1	1	2	0	0	0	0	0	1	1	0	1	0	0	0	1	1	1	0	0	0	0	0	0	0	0	0	1	0	1	0	0	1	0	0	0	0	0	0	0	0	0	0	1	0	0	1	0	0	0	0	2	0	0	0	0	1	0	0	0	0	0	0	0	0	0	1	0	0	0	0	0	1	0	1	0	0	0	0	0	0	0	0	0	1	0	1	0	0	0	0	0	0	0	2	0	0	1	0	0	1	0	0	0	0	0	0
chr7.s_72477328	0	0	0	0	0	0	0	0	1	1	0	0	0	0	0	0	0	0	0	0	0	0	0	0	1	1	1	0	0	1	0	0	0	0	0	1	1	1	0	0	0	0	0	0	0	0	0	1	2	1	0	0	0	0	1	1	1	0	0	0	0	0	1	1	1	0	0	0	0	0	0	0	0	0	0	1	2	0	0	1	0	0	0	0	0	0	1	1	0	0	0	0	0	1	1	0	0	0	0	0	1	0	0	0	0	0	0	0	0	0	0	0	0	0	0	0	0	0	0	0	0	0	0	0	0	0	0	0	1	0	1	0	0	0	0	0	0	0	0	0	0	0	0	0	0	0	0	0	0	0	0	0	0	0	1	1	0	0	1	1	0	0	0	0	0	0	0	0	0	0	1	0	0	0	0	0	0	0	0	0	0	0	0	0	0	0	0	0	0	0	0	0	0	0	0	0	0	0	0	1	1	0	1	0	0	0	1	1	0	0	0	0	0	0	0	1	0	0	0	0	0	0	1	0	0	0	0	0	1	0	0	1	0	0	0	0	1	0	0	0	0	0	0	0	1	0	0	0	0	1	0	0	1	0	0	1	0	1	0	0	0	0	1	0	0	1	1	0	0	0	1	0	1	0	0	0	1	0	0	0	0	0	0	0	0	0	0	0	0	0	0	1	0	1	0	0	1	0	0	0
chr4.s_14945595	0	0	0	0	0	1	1	0	0	1	1	1	0	0	0	0	0	1	1	0	0	0	0	0	0	0	0	0	0	0	0	0	2	0	0	0	0	0	0	0	0	0	1	1	0	1	1	1	0	0	0	1	1	0	1	1	0	0	0	0	0	0	0	0	1	0	0	0	0	0	0	0	0	0	1	1	0	0	0	0	0	1	1	0	0	0	0	0	0	0	0	1	0	1	1	1	0	0	0	0	1	0	0	1	0	0	0	0	1	1	0	0	0	0	0	0	0	0	0	0	0	0	0	0	0	0	0	0	0	1	0	0	0	0	0	0	0	0	0	1	0	0	0	1	0	0	0	0	0	0	0	0	1	2	1	1	0	0	0	0	0	0	0	0	0	0	0	1	2	2	1	0	0	1	2	1	0	0	0	0	0	0	0	1	0	1	0	0	0	0	0	1	1	1	0	0	0	1	1	1	0	0	0	0	0	1	1	1	1	0	0	0	0	0	1	0	2	1	0	1	0	0	1	0	0	0	0	0	0	1	0	1	0	0	1	0	0	0	0	0	0	0	0	0	1	1	0	0	0	1	1	0	0	0	0	0	1	1	0	0	0	0	0	0	0	0	0	0	0	1	0	0	0	0	0	1	0	0	0	0	1	1	0	1	1	0	0	0	1	0	0	0	2	1	0	0	0	0	1	0
chr1.s_127342047	0	0	0	0	0	2	2	0	0	0	0	0	0	0	0	1	1	0	0	0	0	0	0	0	0	0	0	1	1	0	0	1	0	0	0	0	0	0	0	0	0	0	2	1	1	0	1	0	0	0	0	0	0	0	1	2	0	0	0	0	0	1	0	0	0	0	0	0	0	1	1	2	1	0	1	0	0	1	1	0	1	1	0	0	0	0	0	0	0	0	0	1	1	0	0	0	0	0	0	0	0	0	0	2	1	0	0	0	0	0	0	1	1	0	0	0	0	1	0	0	0	0	0	0	1	1	1	0	0	1	0	1	1	1	0	1	1	1	0	1	0	1	2	1	0	0	0	0	0	1	0	1	1	1	1	1	1	1	0	0	1	1	0	1	1	0	0	0	0	0	0	0	0	0	0	0	0	0	0	0	0	0	0	0	0	0	0	0	0	0	0	0	1	1	0	1	0	0	0	0	0	0	0	0	1	0	2	0	1	0	0	1	0	0	0	0	1	0	0	0	1	0	1	0	0	0	0	0	0	0	0	0	0	0	0	0	0	0	1	1	0	1	0	0	0	1	0	0	1	0	0	0	0	0	0	0	0	0	1	0	0	1	0	1	0	1	0	1	0	0	1	0	0	0	0	0	0	1	1	0	1	1	0	1	0	0	2	0	1	0	0	0	0	0	1	0	0	0	0	0
chr7.s_81054683	1	1	0	2	0	2	2	1	1	1	0	2	1	1	1	0	1	2	2	2	2	1	0	0	0	0	1	1	2	0	1	2	1	1	0	0	0	1	1	2	1	0	1	0	2	0	0	1	1	1	0	0	0	1	1	1	1	1	0	0	1	1	0	0	1	1	0	1	0	1	0	1	1	0	2	1	1	2	1	1	2	1	1	1	2	1	0	1	1	1	2	2	1	1	1	1	1	1	0	1	1	1	0	1	1	0	0	0	1	1	0	0	1	2	0	1	1	1	1	1	1	0	1	0	1	2	1	0	1	1	1	1	0	0	0	1	1	1	0	1	0	1	2	2	1	1	0	1	1	0	2	2	2	1	0	1	1	1	1	0	1	2	1	1	1	1	1	0	0	1	2	0	2	2	1	1	1	0	0	0	0	1	2	2	1	2	1	2	1	1	0	0	1	0	0	1	0	1	1	0	1	1	1	0	1	2	1	0	1	2	0	0	2	2	1	1	1	0	1	1	2	2	2	0	1	0	1	0	1	1	1	1	1	1	1	1	1	1	1	1	1	0	1	0	1	1	1	1	1	2	2	0	0	1	0	0	0	0	1	1	1	0	1	2	1	1	0	0	0	1	1	2	1	0	2	2	1	1	1	2	1	0	2	1	0	0	1	1	1	0	1	1	1	2	1	2	1	1	1	1
chr1.s_215125037	0	1	2	0	1	1	2	2	2	1	1	1	2	2	1	2	2	2	0	0	1	1	1	1	0	0	0	0	0	1	1	1	1	1	1	1	0	0	0	0	0	1	2	1	1	1	1	1	1	1	2	2	2	2	2	1	0	1	1	1	1	1	2	1	2	1	2	1	1	1	1	2	1	1	1	1	1	1	1	2	0	0	1	0	1	1	0	0	2	2	1	1	1	1	1	2	1	1	2	0	1	1	1	2	1	1	1	2	1	1	2	2	2	1	2	2	1	0	0	0	1	1	1	1	0	0	0	1	1	2	0	1	2	0	1	2	1	2	0	0	1	1	0	0	1	1	1	0	1	1	1	0	1	1	2	1	0	0	1	1	1	0	0	0	1	1	2	1	0	0	1	1	2	0	0	1	0	0	0	0	1	2	1	1	1	1	2	1	2	1	0	1	1	1	1	1	0	1	2	1	0	0	1	1	1	2	2	0	1	1	2	1	1	1	2	1	1	1	1	1	0	1	1	0	2	2	1	2	1	2	2	1	1	0	2	2	1	2	1	0	1	1	1	0	0	2	2	1	1	0	0	1	2	1	0	2	2	2	0	1	0	0	0	0	2	1	0	1	2	2	2	1	0	1	1	1	0	0	1	2	1	1	0	0	1	1	1	1	2	1	0	2	2	1	0	1	0	1	2	1
chr1.s_14322527	0	0	1	1	2	1	1	1	1	1	2	1	0	0	1	1	1	0	2	2	0	0	0	1	0	1	1	1	1	1	0	1	0	0	1	2	2	2	2	2	2	1	1	1	2	1	2	0	1	2	1	1	1	1	0	1	1	1	1	1	1	1	0	1	0	0	1	2	2	2	1	1	2	2	1	0	1	1	0	2	2	2	1	0	0	1	0	1	0	1	1	1	1	1	0	0	0	0	1	1	2	1	1	1	2	2	1	1	2	0	0	0	1	1	0	0	1	1	0	0	0	0	1	1	1	1	1	1	0	2	0	1	2	2	1	1	1	1	1	1	0	1	1	1	0	0	1	1	1	0	0	0	1	1	1	1	1	1	1	1	1	2	2	2	2	1	1	1	1	0	1	0	1	2	1	0	1	1	0	1	1	1	1	2	2	1	1	1	2	0	1	1	1	1	2	2	1	1	1	2	0	0	1	1	1	0	1	1	1	0	1	2	0	1	0	1	1	2	2	0	1	1	1	1	0	2	1	1	1	1	1	1	1	2	1	1	0	1	1	2	1	0	2	2	1	0	1	1	1	1	0	1	1	0	1	2	1	1	2	1	1	2	1	0	2	2	1	1	1	2	1	2	2	1	1	1	0	1	1	1	1	1	1	0	1	2	2	1	0	1	0	1	0	1	1	0	1	1	0	1
chr1.s_9639126	0	0	1	0	0	0	0	1	1	0	0	0	1	1	0	0	0	0	0	0	1	1	0	0	0	0	0	1	1	0	0	0	0	0	0	1	0	0	0	0	0	0	0	0	0	1	1	0	1	1	0	1	1	0	1	1	0	0	0	0	0	0	0	1	1	1	2	0	0	0	0	0	0	0	0	1	2	0	0	0	0	0	0	0	1	1	0	0	0	1	1	1	2	0	0	1	1	0	1	0	1	0	1	1	0	1	1	2	1	0	0	0	0	0	1	1	0	0	0	0	0	0	0	0	0	0	0	0	1	0	0	0	1	0	0	0	1	1	0	1	0	1	1	1	0	0	1	1	0	1	0	0	0	1	2	1	0	0	0	0	0	1	1	0	1	0	1	1	0	0	1	0	1	0	0	1	0	0	1	1	1	0	0	0	1	0	2	0	1	1	0	1	0	0	1	1	1	0	1	0	0	0	2	1	0	1	1	0	0	0	0	0	0	1	0	0	0	1	0	0	0	0	1	0	1	1	0	1	0	0	1	1	1	0	0	0	0	1	0	0	1	1	0	0	1	0	0	0	0	1	0	0	1	0	0	1	1	1	0	1	0	0	0	1	2	0	1	0	1	0	0	1	0	0	0	0	1	0	1	0	0	1	0	0	0	1	0	1	1	2	0	0	0	1	0	0	0	0	0	0
chr1.s_194118185	1	1	2	0	1	0	0	2	2	1	1	0	1	1	0	0	0	1	1	0	1	1	0	0	0	0	0	1	1	1	2	1	2	0	0	1	0	0	0	0	0	1	1	1	0	1	1	1	1	1	0	0	0	1	0	0	0	0	0	0	0	1	2	1	1	1	2	1	1	1	1	1	1	1	1	1	1	1	1	0	0	1	2	0	0	0	0	0	2	2	1	1	2	0	1	1	0	1	2	0	0	1	0	1	1	2	0	1	2	2	1	1	1	0	1	1	0	1	0	0	1	1	1	1	1	1	1	1	0	1	1	0	1	1	0	0	1	1	0	0	0	0	0	1	0	0	1	0	0	1	0	1	1	1	2	1	1	1	1	1	1	0	0	1	2	0	1	2	1	2	1	0	1	2	1	1	0	0	0	0	0	1	0	1	2	2	2	1	2	0	0	1	1	1	0	0	1	1	2	0	0	0	2	2	1	2	0	0	1	0	2	0	1	1	1	1	2	1	0	0	1	1	1	0	1	2	0	1	1	0	2	1	1	1	1	0	1	1	1	1	1	0	1	0	2	1	0	0	0	2	1	1	2	0	0	2	1	0	1	0	0	1	0	0	2	1	0	1	1	1	1	1	0	0	0	1	0	0	2	0	1	0	0	1	1	1	1	0	1	2	1	1	1	2	0	1	0	1	0	1
chr7.s_180322484	0	1	1	1	2	1	1	1	1	1	0	0	1	0	1	0	0	0	1	0	0	0	0	0	1	1	1	0	0	1	1	1	1	0	0	1	1	1	1	1	2	2	2	2	2	1	1	2	2	2	2	2	1	0	0	0	1	1	1	0	0	0	2	2	1	0	0	1	2	2	1	1	1	1	1	2	2	1	1	0	1	1	1	1	0	0	0	0	1	1	0	0	1	0	0	0	0	1	1	1	1	0	1	1	1	0	1	0	1	2	2	1	0	0	0	0	0	0	1	1	0	0	1	1	0	0	0	0	0	1	0	0	0	2	1	1	1	1	1	1	1	0	0	1	0	0	1	0	0	1	1	1	1	0	0	0	1	2	0	1	1	1	1	2	1	1	0	1	1	2	1	1	0	1	1	1	0	0	1	1	1	2	1	1	2	1	1	0	0	1	1	1	0	1	2	2	1	2	1	0	1	1	2	0	0	0	2	0	0	0	2	0	1	0	2	0	2	0	1	0	0	0	1	0	0	1	0	0	1	0	0	0	1	0	1	0	1	0	1	1	1	1	0	2	2	1	1	2	2	1	1	1	1	0	1	0	0	1	1	1	1	1	0	1	0	1	1	0	1	0	2	0	1	0	1	0	1	0	1	0	1	1	1	1	1	0	0	1	0	0	1	1	0	1	0	1	1	0	0	1
chr8.s_138776985	1	1	1	0	0	1	1	0	0	0	0	1	0	1	0	1	0	0	1	1	1	1	1	1	1	1	1	0	0	0	0	1	2	1	1	1	1	1	0	0	0	1	1	1	1	0	0	0	1	1	0	1	2	0	1	2	1	0	0	0	0	1	0	1	1	0	0	0	0	0	0	0	0	0	1	1	2	1	2	0	1	0	0	1	1	1	0	0	0	0	0	1	2	0	1	1	0	1	1	0	1	0	0	1	0	0	0	0	0	1	1	0	0	1	1	0	0	2	0	0	0	0	1	1	1	1	1	1	1	0	0	0	0	1	0	0	0	0	1	0	1	1	2	1	1	1	1	0	1	0	0	1	1	2	0	0	1	1	0	0	1	1	1	1	1	0	0	0	0	0	1	0	0	1	1	1	0	0	1	1	1	0	0	1	2	2	2	0	0	1	1	1	1	1	1	1	1	1	1	0	0	0	1	1	1	1	1	0	1	1	1	0	0	0	1	0	0	0	0	1	1	0	2	0	2	1	0	1	0	1	0	1	0	0	0	1	0	1	0	0	0	0	0	1	1	1	2	1	0	2	1	1	1	1	0	0	1	2	1	1	1	1	0	0	0	0	1	0	1	0	0	1	1	0	1	0	1	0	1	0	0	1	0	0	1	0	1	1	1	1	0	0	2	2	1	0	1	0	1	1
chr7.s_152386523	0	1	1	1	0	0	0	0	0	1	1	0	0	0	0	1	1	0	1	1	0	0	0	0	0	0	0	0	0	0	0	0	1	0	0	0	0	0	0	0	0	0	0	0	1	1	1	1	0	0	0	1	1	1	0	0	0	0	0	0	0	0	0	0	1	0	0	0	0	0	0	0	0	0	0	1	0	0	0	0	0	1	0	0	1	1	0	0	0	0	0	0	0	0	1	1	0	0	0	1	0	0	0	0	0	0	1	1	1	1	0	0	0	0	0	0	0	0	0	0	0	0	1	1	0	0	0	0	1	1	0	1	1	0	0	0	0	0	0	1	0	0	0	0	0	0	0	0	0	0	1	0	0	2	0	0	0	0	0	0	0	0	0	0	0	0	0	0	1	1	0	0	0	0	0	1	0	0	0	0	0	0	0	0	0	1	0	0	0	0	0	0	0	0	0	0	0	1	1	1	0	0	0	0	0	1	0	0	0	0	1	1	0	0	1	0	0	1	0	1	0	0	0	0	0	1	0	0	0	0	0	0	0	0	0	0	0	0	1	0	0	0	0	0	0	1	1	1	0	0	1	0	0	0	0	0	1	0	0	0	0	0	0	0	0	0	0	0	0	0	0	0	0	0	1	0	0	1	0	0	0	1	0	1	1	0	1	0	0	0	0	0	2	0	0	0	0	0	1	1
chr9.s_31242315	1	1	1	1	0	0	1	0	0	0	1	1	0	0	0	0	0	0	0	0	0	0	0	0	0	0	0	0	0	0	0	1	0	0	0	0	0	0	0	0	0	0	1	0	1	0	1	1	0	0	0	0	0	0	0	1	0	0	0	0	0	1	0	0	0	0	0	0	0	0	1	2	0	0	1	1	0	0	0	0	2	1	1	0	0	0	0	0	0	1	1	1	1	0	0	0	0	0	0	1	0	0	0	1	1	0	0	0	1	2	1	0	0	0	0	0	0	1	0	0	0	0	0	0	0	0	0	0	0	0	0	0	0	0	0	1	0	1	0	1	0	1	1	0	0	0	1	0	0	1	0	0	0	0	1	1	0	0	1	1	1	0	0	0	0	0	0	0	0	1	1	0	0	0	0	1	0	0	1	1	1	0	0	0	0	0	1	0	0	0	1	0	0	0	1	1	0	1	1	0	0	0	0	0	1	0	1	0	0	0	0	0	0	0	1	0	0	0	0	0	0	0	0	0	0	0	0	0	0	0	0	0	0	0	0	0	0	0	0	0	0	1	1	0	0	0	0	0	1	0	1	1	1	0	0	0	0	0	0	0	0	0	0	1	1	0	0	1	1	1	1	0	0	0	0	0	0	1	0	0	0	0	1	1	1	0	1	1	0	0	0	0	0	0	1	0	0	0	0	0
chr2.s_145111036	0	0	0	1	0	0	0	1	1	2	1	0	0	0	1	0	0	0	1	1	0	0	0	0	0	0	0	0	0	0	0	0	1	0	0	0	0	0	0	0	0	1	0	0	1	1	1	0	1	2	1	0	0	1	0	0	0	0	0	1	1	0	0	0	0	0	0	0	0	0	0	0	0	0	0	0	1	0	0	1	1	1	0	0	0	0	0	0	0	0	0	0	0	0	0	0	0	1	1	1	0	1	0	0	0	0	0	0	0	0	0	0	0	0	0	0	1	0	0	0	1	1	0	0	0	0	0	0	1	1	0	0	0	0	0	0	0	0	0	1	0	0	0	0	0	0	0	0	0	1	1	0	0	0	0	0	0	0	0	0	0	0	0	0	0	0	0	0	1	0	1	1	0	1	0	1	0	0	1	1	1	1	1	1	1	1	1	0	0	1	0	0	1	1	1	1	1	1	1	1	0	0	1	0	1	0	0	1	1	0	0	0	1	0	1	1	0	1	1	0	0	0	1	0	0	1	0	0	1	0	0	0	0	0	0	0	0	0	1	0	0	1	0	1	1	0	1	1	1	1	0	0	0	0	1	0	0	0	0	1	0	0	0	0	0	0	0	0	0	0	0	0	0	0	1	0	0	1	0	0	0	0	1	0	1	0	0	1	0	1	0	0	0	1	0	1	0	0	0	1
chr6.s_385242	1	1	1	2	0	0	1	1	1	1	0	1	2	1	0	1	1	0	0	1	1	1	2	2	1	1	1	1	1	1	1	2	1	2	1	1	0	1	1	2	1	1	1	0	1	1	1	0	0	0	1	1	0	1	0	1	1	2	2	1	1	2	2	0	1	1	1	1	0	0	1	2	1	1	2	1	1	0	0	1	2	0	0	1	1	1	1	1	1	1	1	1	0	1	1	1	1	1	1	1	1	2	0	1	2	1	0	0	1	1	2	1	0	0	0	0	1	2	1	1	2	2	1	1	1	1	1	2	1	1	1	2	2	0	1	2	1	2	1	0	0	1	1	0	2	2	2	2	1	1	1	1	1	1	1	1	0	0	1	0	2	1	1	0	0	0	0	1	1	1	1	1	0	1	1	1	2	2	1	1	1	2	2	2	1	2	0	2	2	1	0	1	2	1	0	0	0	0	0	1	1	1	1	2	2	1	1	1	2	1	1	2	2	1	1	2	1	0	1	1	1	1	0	1	1	1	2	1	2	1	1	1	1	2	2	1	2	0	1	1	1	1	1	0	1	1	0	1	1	1	0	1	2	2	1	1	0	0	1	1	1	1	1	1	0	0	0	2	2	1	1	2	1	1	0	2	1	1	0	0	2	1	2	1	0	2	2	1	0	1	1	0	1	1	1	0	1	2	0	1
chr5.s_78931394	1	0	1	0	0	0	0	0	0	0	0	1	1	1	1	1	0	0	1	0	0	0	0	1	0	1	0	1	0	0	0	0	0	0	1	1	1	0	1	0	0	0	0	0	0	0	0	0	1	1	1	1	1	0	0	0	0	0	0	1	0	0	1	1	1	0	1	0	0	0	1	1	0	0	0	1	2	1	1	1	0	1	1	0	0	1	0	0	0	0	1	1	1	1	0	0	0	0	1	1	0	0	0	1	0	0	0	0	1	0	1	1	1	1	2	1	0	0	0	0	0	0	0	0	1	0	0	0	1	1	0	0	1	0	0	0	0	0	0	0	1	0	0	1	0	0	0	0	1	0	1	1	1	0	1	0	1	0	0	0	0	0	0	0	0	0	0	1	1	1	1	1	1	2	1	0	0	0	1	2	1	0	1	2	2	1	2	1	2	1	1	1	1	1	1	1	1	0	0	0	1	0	1	1	0	0	0	1	1	0	0	1	0	0	1	0	1	0	0	0	0	0	1	1	1	1	0	1	1	1	1	2	0	0	1	1	1	0	1	0	0	1	0	0	2	0	1	1	0	1	0	0	1	1	0	2	0	1	0	1	0	1	0	0	0	1	1	2	1	1	0	1	0	0	0	1	1	0	0	1	0	1	1	0	0	1	0	1	1	2	0	1	0	1	0	0	1	1	0	0
chr6.s_169962610	0	1	1	1	2	1	1	0	0	0	1	1	2	2	1	2	1	0	1	1	1	1	1	1	1	1	1	0	0	0	1	1	1	1	1	1	1	1	0	0	1	2	1	1	1	1	1	1	2	2	2	2	2	1	1	1	1	1	1	1	1	1	1	1	0	1	1	1	2	1	2	1	1	1	1	1	2	1	2	1	1	1	1	1	0	0	1	1	1	1	1	2	1	2	1	0	0	1	1	1	1	0	2	1	1	1	1	1	1	1	2	2	1	1	1	0	1	1	1	1	1	1	1	1	0	0	0	0	1	2	1	0	0	1	2	1	1	1	1	0	2	0	0	0	1	1	1	1	1	0	1	1	2	1	1	1	1	2	0	1	1	0	0	0	0	1	1	1	1	1	2	2	1	0	1	1	0	0	1	1	1	1	1	1	0	0	1	1	1	0	0	2	0	1	2	1	0	1	1	1	1	1	2	1	1	1	1	1	0	1	1	1	0	1	2	1	1	0	1	0	0	1	2	0	2	1	1	1	0	2	1	1	1	1	2	1	1	1	1	1	1	1	1	1	2	0	2	2	1	2	1	1	1	1	1	1	0	2	0	0	1	0	1	0	1	1	1	1	2	2	0	0	1	1	1	1	1	1	1	1	1	2	1	1	1	0	1	1	1	0	1	1	0	2	0	0	1	1	0	1
chr8.s_71631832	0	0	0	1	0	2	1	0	0	0	0	0	1	1	0	0	0	0	2	1	0	0	0	0	0	0	0	0	0	0	1	0	2	0	0	0	0	0	1	1	1	1	1	1	0	0	0	0	0	0	0	0	0	1	0	1	0	0	0	1	1	1	1	0	1	1	1	0	0	1	0	0	1	0	0	1	1	1	1	0	2	2	1	0	1	1	0	0	2	1	0	0	0	0	1	2	1	1	1	1	0	1	1	1	0	0	0	0	1	1	1	1	1	1	0	0	0	1	0	0	1	1	0	0	1	1	1	0	1	0	0	0	0	1	0	0	1	0	0	1	0	2	2	2	0	0	0	1	1	1	0	1	1	1	1	1	1	1	0	0	0	1	0	1	1	1	1	1	1	1	0	0	1	1	1	0	1	1	0	0	0	1	0	1	1	2	0	1	1	0	0	0	1	1	0	1	1	0	0	1	0	0	0	0	2	2	1	0	1	1	1	0	0	1	0	0	2	0	0	0	1	1	1	0	1	1	0	0	0	0	1	0	1	0	0	0	0	1	0	1	1	0	0	0	1	1	0	0	0	0	1	0	0	0	0	1	0	0	1	0	0	1	0	1	0	2	0	0	1	0	0	0	0	0	0	1	0	1	1	1	1	0	1	0	0	1	1	0	1	1	1	1	1	0	1	0	0	0	0	0
chr1.s_261824061	0	1	1	0	1	1	0	1	1	1	2	2	1	0	2	0	1	1	0	0	0	0	0	0	0	0	0	0	0	1	1	1	0	0	0	1	1	1	0	0	0	0	0	0	0	1	1	1	1	0	1	1	0	1	1	0	0	0	0	0	0	1	2	1	0	0	0	1	1	2	0	0	2	1	0	0	0	1	0	1	0	0	0	0	0	0	1	1	1	2	1	0	0	1	1	0	0	0	0	0	0	0	0	1	0	1	0	1	1	0	1	1	1	1	0	1	2	0	0	0	0	0	1	1	0	0	1	1	0	0	1	0	0	0	1	1	2	1	0	1	1	0	0	0	0	0	0	0	1	1	0	0	0	0	1	1	0	0	1	1	0	2	1	0	1	1	2	1	1	0	0	2	1	0	0	0	1	1	0	0	1	1	0	0	0	0	0	0	0	0	0	1	1	1	0	1	0	0	1	2	1	0	0	0	0	0	0	0	1	1	2	0	0	0	1	0	0	2	0	0	0	0	0	0	0	0	1	0	0	0	0	0	0	0	1	1	1	2	0	1	0	1	1	0	0	0	0	1	1	0	0	2	1	0	2	1	1	0	0	0	0	0	1	0	2	2	0	0	1	1	0	0	1	2	1	0	0	0	1	2	0	1	0	1	2	1	0	0	2	0	0	1	0	0	0	1	1	1	1	0
chr3.s_13772222	0	1	0	0	0	0	0	0	0	1	1	0	0	0	0	0	0	0	0	1	0	0	0	0	0	0	0	1	1	0	0	2	0	1	0	0	0	0	0	0	0	0	0	0	0	1	1	1	1	1	0	0	0	0	0	0	1	0	0	0	0	0	0	0	0	1	0	1	1	1	0	0	1	1	0	1	1	0	0	0	0	0	0	0	0	0	0	0	0	1	1	0	0	0	0	0	1	1	0	0	0	0	0	0	0	0	0	0	0	1	0	0	0	0	0	0	0	0	1	0	1	0	1	1	0	0	0	0	1	0	1	1	0	1	0	0	0	0	0	1	0	0	0	0	1	0	1	0	0	0	0	0	0	0	0	0	0	0	0	0	0	0	0	0	0	0	0	0	1	1	1	0	0	0	0	1	1	0	1	1	1	0	0	0	0	0	1	1	0	2	0	0	0	0	1	1	0	0	0	1	0	1	1	0	0	0	0	1	0	1	1	0	0	0	0	0	0	2	1	0	1	1	1	0	0	0	0	0	0	0	0	0	0	0	1	0	1	0	0	0	0	0	0	0	1	0	0	0	0	1	1	0	1	0	0	0	0	0	2	1	0	1	0	0	1	0	0	0	0	0	0	0	1	0	0	0	0	1	0	0	1	0	0	1	1	0	0	2	0	0	1	0	0	1	0	0	0	1	0	2
chr10.s_137661030	1	1	1	2	2	1	0	1	0	1	2	1	1	1	0	1	1	1	0	0	1	1	0	0	1	1	1	1	1	1	0	1	1	0	0	1	1	2	1	2	2	2	0	0	0	1	1	0	1	1	0	0	0	0	0	1	0	0	0	1	1	2	1	0	1	1	1	1	1	1	2	1	1	0	0	0	1	1	1	0	2	1	1	0	0	0	0	0	0	0	0	1	1	0	1	2	1	0	0	1	2	1	1	0	0	0	1	1	0	1	1	0	0	0	0	0	0	1	1	1	0	0	1	1	1	1	2	1	0	1	0	1	1	2	1	0	1	0	0	1	0	2	1	0	0	0	0	1	0	0	0	1	1	1	1	2	1	2	2	2	0	2	1	1	1	0	0	1	2	1	2	0	1	0	0	1	0	0	1	1	2	1	1	1	1	2	0	0	0	1	1	1	1	1	2	2	1	0	0	2	0	1	1	0	1	2	0	0	0	0	1	1	1	2	0	0	0	2	0	1	1	0	1	0	1	0	1	0	0	0	0	0	1	1	1	0	1	0	1	1	2	0	2	1	2	1	0	0	0	1	0	1	0	0	2	1	1	1	1	1	1	1	1	0	0	2	0	1	1	1	0	0	1	1	0	1	0	1	1	0	0	0	1	0	1	0	2	1	0	1	0	1	2	2	1	0	1	0	1	1
chr8.s_13774820	0	0	0	0	0	0	0	0	0	0	0	0	0	0	1	0	0	0	1	0	1	1	0	0	0	0	0	0	0	0	0	0	0	0	0	0	0	0	1	1	1	1	1	1	1	0	0	1	0	0	0	0	0	0	0	1	0	0	0	0	0	0	0	0	0	0	0	0	0	0	0	0	0	0	1	1	0	0	0	1	2	1	1	0	1	1	0	0	0	0	0	1	0	1	0	0	0	0	0	0	0	0	0	1	0	0	0	0	0	1	0	0	0	0	0	0	0	1	1	1	0	0	0	0	0	0	0	0	0	1	0	0	0	0	0	0	0	0	0	0	0	1	1	1	0	0	0	0	1	0	0	0	1	0	0	0	0	0	0	0	0	0	0	0	0	0	0	1	1	2	0	1	0	2	2	1	0	0	1	1	1	0	0	2	1	1	0	0	0	1	0	0	1	1	1	1	0	1	1	0	0	1	0	0	1	0	0	0	1	1	0	0	0	0	1	1	1	1	0	0	0	0	0	0	0	0	0	0	0	1	0	1	0	0	1	0	0	1	0	0	0	0	0	1	1	0	1	1	1	1	1	0	0	0	1	0	0	0	0	1	0	0	0	0	0	0	0	0	0	1	0	0	0	0	1	1	0	0	0	0	0	0	1	1	0	0	1	1	1	0	0	0	0	1	1	0	0	0	0	1
chr6.s_159017337	1	0	1	0	0	0	0	1	1	1	1	2	0	1	1	1	0	1	1	1	1	1	1	0	2	1	2	1	2	0	1	0	1	0	1	1	1	0	1	0	0	0	0	0	1	1	1	0	0	1	1	0	1	0	0	0	1	2	2	1	2	0	1	1	1	0	1	0	0	0	1	1	0	0	1	1	1	1	1	2	0	1	2	2	1	0	1	1	1	1	0	2	1	1	0	0	0	0	1	1	0	0	1	0	1	2	0	1	1	0	0	0	1	1	2	1	0	0	2	2	1	1	2	2	1	2	1	0	0	1	1	0	1	0	1	1	1	1	0	2	2	0	1	2	1	1	1	1	1	2	0	1	2	0	2	1	2	1	0	0	1	1	1	0	1	0	1	2	2	1	0	0	1	2	2	1	1	1	2	1	1	1	0	2	1	1	1	1	2	0	2	0	0	0	1	1	0	1	2	1	1	1	0	1	0	0	0	0	1	1	2	0	1	0	1	2	2	1	2	2	2	1	0	0	1	0	1	1	0	1	1	2	1	1	1	1	1	2	0	1	0	1	0	0	1	1	2	1	0	1	0	1	1	0	0	1	2	1	1	1	1	0	0	2	1	0	1	1	0	1	0	1	1	1	1	1	0	0	2	1	2	0	0	1	2	1	0	1	0	1	1	1	1	0	0	0	0	0	1	2
chr5.s_184308251	0	0	0	0	1	1	1	0	0	0	0	0	0	0	0	0	0	0	1	0	0	0	0	0	0	0	0	0	0	0	0	0	0	1	1	0	0	0	0	0	0	1	0	0	0	0	0	0	0	0	0	0	0	0	0	0	0	0	0	0	0	0	1	0	0	0	0	1	1	1	0	0	0	0	0	0	0	0	0	0	0	1	1	0	0	0	0	0	0	0	0	0	0	0	0	0	0	0	0	0	0	0	0	0	0	0	0	0	1	0	0	0	0	0	0	0	0	1	0	0	0	0	0	0	0	0	0	0	0	0	0	0	0	0	0	0	0	0	0	0	0	0	0	1	1	1	0	0	0	0	0	0	0	0	0	0	0	0	0	0	0	0	0	0	0	0	0	1	1	1	0	0	0	2	1	0	0	0	0	0	0	0	0	0	0	0	0	0	0	0	0	0	0	0	0	0	1	0	0	0	0	0	0	1	0	0	0	0	0	0	0	0	0	0	0	0	1	0	0	0	0	0	1	0	0	0	0	1	0	1	0	0	0	0	1	0	1	0	0	0	0	0	0	0	1	0	0	0	0	0	0	1	0	0	0	0	0	0	0	0	0	0	0	0	0	0	0	0	0	0	0	0	0	0	0	0	0	0	0	0	0	0	0	0	1	0	0	0	0	1	0	0	0	0	0	0	0	0	0	0
chr10.s_28422307	1	1	1	0	1	1	1	1	1	1	0	0	0	0	1	1	1	0	0	0	1	1	0	0	1	1	1	0	0	0	2	0	0	0	0	1	1	1	0	0	0	1	0	0	0	0	0	0	1	2	1	0	0	1	0	0	1	1	1	0	0	0	1	1	0	0	0	1	1	1	1	1	0	0	0	0	1	1	1	1	1	1	0	1	1	1	1	1	2	1	0	0	0	1	1	0	0	0	0	0	0	1	0	0	0	0	1	1	0	0	0	0	0	1	0	0	1	0	1	1	1	1	1	1	1	1	1	0	0	0	1	1	1	1	0	0	1	1	0	0	1	1	0	0	0	0	1	1	0	1	0	1	1	0	0	0	1	1	1	1	0	0	0	1	1	1	1	0	0	0	1	1	0	1	1	1	1	1	1	1	1	2	1	1	1	1	1	1	1	0	1	0	0	0	1	1	0	0	0	1	1	1	1	0	1	0	0	0	0	0	2	1	1	0	0	0	1	0	1	0	1	1	2	1	0	1	0	0	1	0	1	0	1	0	1	0	0	0	0	0	1	0	0	0	1	0	0	0	1	1	1	1	0	0	1	1	0	0	1	0	1	1	1	0	0	1	1	1	1	0	0	1	1	1	0	0	1	1	1	1	1	0	1	0	1	1	1	1	0	0	0	0	0	2	1	1	1	0	0	1
chr5.s_63626815	1	1	1	0	0	1	1	0	0	0	0	0	0	1	1	1	0	1	0	0	0	0	1	2	0	1	0	2	1	1	0	1	0	1	2	0	1	0	2	1	1	0	1	1	1	1	0	0	0	0	0	0	1	0	1	1	0	0	0	1	0	1	0	0	0	0	0	0	0	0	0	0	0	0	1	0	0	0	1	0	0	0	0	0	0	1	0	0	0	1	2	1	1	0	0	0	0	0	0	1	0	0	0	0	0	0	0	0	0	0	0	0	0	0	1	0	0	1	1	1	0	0	0	0	1	0	1	1	2	0	0	0	0	0	1	1	1	1	1	1	1	0	1	1	1	1	1	0	2	1	1	1	0	1	1	1	1	0	0	0	1	0	0	0	0	0	0	0	0	0	0	1	0	0	0	0	0	0	1	2	1	0	1	0	0	0	1	1	1	0	2	0	1	1	0	0	0	0	0	0	1	1	1	1	0	0	1	1	1	1	0	1	0	0	0	0	0	0	0	1	0	0	1	1	1	0	1	1	1	1	0	0	0	0	1	1	0	1	1	0	0	1	0	0	0	0	2	1	1	1	0	2	0	2	1	0	1	1	0	0	0	1	0	1	1	0	1	1	0	0	0	1	0	1	1	0	1	0	0	0	0	1	1	0	1	0	0	0	0	0	1	1	1	0	0	0	1	1	1	1
chr1.s_43085039	0	0	0	0	1	0	0	0	0	0	0	2	0	0	1	0	0	1	2	2	0	0	0	0	0	0	0	1	1	1	1	0	1	0	0	0	0	0	0	0	1	1	0	1	1	0	0	0	0	0	0	1	1	0	1	1	1	0	0	1	1	1	1	0	1	0	0	0	1	0	1	0	0	1	0	1	1	2	1	1	0	1	1	0	0	0	0	0	1	1	0	1	1	0	1	1	0	0	0	0	1	0	1	0	0	0	1	0	0	0	0	0	1	1	1	1	0	0	0	0	0	0	0	0	0	0	1	2	1	0	0	0	0	2	1	0	0	0	1	1	0	0	1	2	0	0	0	0	0	2	0	1	1	2	0	0	1	2	0	1	0	0	1	2	1	1	0	0	0	0	0	0	1	1	2	0	1	1	0	0	1	1	0	0	0	1	0	0	0	0	0	1	0	1	1	0	2	2	1	0	0	0	0	0	0	1	1	1	0	0	1	0	0	0	1	0	1	0	1	0	1	1	0	1	0	0	0	0	0	0	0	1	0	0	0	1	0	0	0	0	0	1	0	1	0	1	1	1	0	0	0	1	0	0	1	0	0	1	2	0	0	1	0	1	0	0	0	0	0	0	0	1	1	1	1	0	0	0	1	1	1	1	0	1	0	1	0	0	0	1	0	1	1	0	1	0	0	0	0	0
chr7.s_123417737	1	0	0	1	0	0	1	1	1	1	1	0	1	1	0	0	1	2	0	0	1	1	0	0	1	1	1	1	1	1	0	0	1	0	0	1	1	2	0	1	0	1	2	1	1	0	0	0	0	1	1	1	1	2	2	1	1	1	1	0	0	0	1	1	1	1	1	1	0	0	1	2	0	0	1	0	0	1	1	0	0	1	1	1	0	0	1	1	0	0	0	1	1	1	1	1	1	1	1	0	2	2	1	1	1	0	0	0	0	1	1	1	1	0	1	2	1	0	0	0	1	1	1	1	0	0	0	1	1	1	1	0	0	0	1	2	0	1	1	1	1	1	1	1	0	0	0	0	1	1	0	1	1	1	1	2	1	1	2	1	1	1	1	1	1	0	0	1	1	1	1	0	1	0	1	0	1	1	0	0	0	1	1	1	1	1	1	1	1	0	0	0	1	0	0	0	1	1	1	1	1	0	0	0	1	1	2	1	0	1	1	0	1	2	1	0	0	0	1	0	0	0	0	0	1	1	2	0	1	0	0	1	0	1	0	0	1	1	1	0	1	1	2	0	1	0	0	0	1	0	0	0	0	0	0	1	0	1	0	0	2	0	2	1	0	1	1	1	1	1	2	0	1	1	1	1	1	1	1	0	0	1	0	1	0	1	0	0	1	1	0	1	0	1	0	2	1	0	1	0
chr7.s_46378585	1	1	0	1	0	1	1	0	0	1	2	1	1	2	1	2	2	2	1	1	1	0	0	0	1	1	2	1	2	1	1	1	1	1	0	1	1	2	0	1	0	1	0	0	0	1	1	1	2	1	0	0	1	1	2	1	2	1	0	0	1	0	2	1	1	1	0	1	0	0	1	1	0	0	0	1	2	2	2	2	0	1	2	1	1	0	1	2	1	1	1	2	1	2	1	0	1	1	0	0	2	2	1	0	0	0	0	0	0	0	0	0	1	1	2	2	1	0	2	2	1	0	1	0	1	2	1	1	2	1	2	2	1	0	0	0	0	0	0	2	1	0	1	2	1	1	0	0	0	2	1	2	2	0	1	2	1	1	2	1	1	1	1	1	1	0	0	1	2	1	2	0	2	2	1	2	1	0	0	0	0	2	2	2	1	1	1	2	1	1	0	1	2	1	0	0	1	1	1	2	2	2	1	0	0	1	1	1	2	1	1	1	1	2	1	2	1	1	1	2	2	1	2	1	2	0	1	0	0	1	0	2	1	1	1	1	2	0	1	0	1	1	2	1	2	0	1	0	0	1	0	0	0	1	0	1	1	2	1	1	1	0	2	2	0	1	1	1	1	2	1	1	2	0	1	1	2	1	1	1	1	0	1	0	1	0	1	1	1	1	2	2	1	2	1	1	2	1	2	1
chr4.s_67744376	0	1	1	1	1	0	0	1	1	1	0	0	0	0	0	0	0	0	0	0	0	0	0	0	0	0	0	0	0	0	2	0	0	1	1	0	0	1	1	2	1	0	0	0	0	1	1	0	1	1	0	0	0	0	1	1	0	0	0	0	0	0	1	0	1	0	0	2	1	1	1	1	0	0	1	1	2	1	1	0	0	0	0	0	0	0	0	0	1	1	0	1	0	1	0	0	0	0	0	0	2	1	0	0	1	1	0	0	0	0	0	0	0	0	0	0	1	0	0	0	1	1	1	1	1	1	1	1	0	2	0	0	0	1	1	1	0	0	0	0	0	0	0	0	0	0	1	1	0	1	0	1	2	1	1	2	1	1	1	0	1	1	1	1	1	0	0	1	1	1	2	0	0	0	0	0	0	0	0	0	0	2	1	1	0	0	0	1	1	0	0	1	1	0	0	0	0	0	0	1	0	0	2	0	1	0	1	0	0	0	2	0	1	1	0	0	0	1	0	0	1	0	1	0	0	0	2	0	1	1	0	1	0	2	1	0	0	0	1	1	1	0	1	0	2	0	0	0	0	2	0	1	1	0	0	1	0	1	1	0	1	1	1	0	0	1	0	1	0	1	0	1	0	0	0	1	0	0	1	0	0	1	0	0	1	0	0	0	0	0	0	0	0	1	0	1	0	0	0	0
chr2.s_237082747	0	1	0	1	0	0	0	0	1	2	2	0	1	1	0	0	0	1	1	1	1	1	0	0	0	0	1	1	2	2	0	2	1	1	0	0	0	1	0	1	0	1	1	1	1	1	1	0	0	1	1	1	1	1	0	0	0	1	1	1	2	1	0	1	1	2	1	1	0	0	1	1	1	1	0	1	1	0	0	0	0	1	1	0	0	0	0	1	0	0	0	1	2	0	1	2	2	2	1	0	2	2	1	1	0	0	1	1	0	1	1	1	1	1	0	0	1	0	0	0	1	1	0	0	1	2	2	2	1	0	1	1	0	1	0	0	0	0	0	1	0	1	0	0	0	0	0	0	1	0	1	1	1	1	1	2	1	1	2	1	0	0	0	1	1	0	0	1	2	1	1	0	1	1	1	1	1	1	1	1	2	0	0	1	2	2	1	1	0	2	1	1	2	1	1	1	1	1	1	1	0	1	0	0	1	2	1	1	2	2	0	0	0	2	1	0	0	1	1	0	1	0	0	1	1	2	1	0	1	0	0	0	1	1	0	0	0	1	0	0	1	0	2	1	1	1	1	1	0	0	1	1	0	0	1	0	0	1	1	2	1	1	1	0	0	0	0	1	1	1	1	2	0	1	1	0	0	2	1	0	0	0	0	0	1	1	0	2	1	1	0	0	1	0	1	0	0	1	0	1
chr9.s_148133219	0	0	0	0	1	1	1	0	0	0	0	1	2	2	1	1	0	0	1	1	0	0	1	2	1	2	1	1	0	1	0	0	0	0	0	1	1	1	0	0	1	2	1	0	1	0	0	2	1	0	1	2	2	0	1	2	2	0	0	1	0	1	1	1	0	0	0	0	1	1	1	1	1	0	1	1	0	0	1	0	1	1	1	1	1	2	1	1	1	0	0	0	0	0	0	0	0	0	0	0	1	0	1	1	1	0	1	1	1	2	2	1	0	0	1	0	0	2	1	1	0	0	0	0	1	0	1	1	0	1	1	0	0	1	2	2	1	1	0	0	2	1	2	2	0	0	0	0	2	0	0	0	0	0	0	0	0	1	0	1	2	1	0	0	0	1	1	0	0	1	0	2	1	1	2	1	1	1	0	1	1	0	0	0	0	0	0	0	0	1	0	2	0	1	2	2	0	1	1	0	1	1	0	1	1	1	2	2	0	1	0	1	0	1	2	0	1	0	1	0	1	2	0	2	1	0	1	1	1	1	1	0	0	0	0	1	1	1	1	1	0	1	0	0	0	0	1	1	2	0	1	2	0	1	2	0	0	2	1	1	1	1	1	0	0	1	1	1	1	0	1	0	2	2	0	0	1	0	0	1	1	1	0	1	1	1	1	1	0	0	1	0	0	0	2	0	1	0	0	0
chr9.s_6454324	0	2	1	0	0	2	2	0	0	1	1	1	1	1	1	0	1	2	0	1	2	2	1	1	1	1	1	1	1	0	0	2	1	1	0	0	0	0	0	0	0	0	2	1	1	2	2	1	1	1	1	1	1	2	2	1	1	2	2	2	2	0	0	0	0	1	0	0	0	1	0	1	2	1	2	1	1	0	0	1	0	0	0	2	1	1	1	1	0	1	1	1	1	0	0	0	1	1	0	0	1	1	0	2	1	0	0	0	0	0	0	0	0	0	0	1	2	0	2	2	2	2	2	2	1	1	0	0	1	0	1	1	0	0	0	1	1	1	0	1	0	0	0	0	1	1	2	1	1	1	0	0	0	1	1	1	0	0	1	1	1	2	1	0	0	0	0	0	1	0	1	1	0	0	0	1	1	1	1	1	0	1	1	0	0	0	0	1	0	1	0	1	1	1	0	1	0	0	0	2	0	2	1	0	1	0	2	2	2	1	1	1	1	0	0	1	1	2	2	1	1	1	1	2	1	1	0	0	1	0	0	0	1	0	0	0	1	0	0	1	0	1	0	0	0	1	0	0	2	1	0	0	0	0	1	1	0	1	1	1	1	1	0	1	1	2	0	1	0	0	1	2	1	1	1	2	0	1	0	0	2	1	0	0	1	0	0	1	2	0	2	0	0	0	1	1	0	1	1	1
chr9.s_137788713	1	0	1	2	1	0	1	1	1	0	0	2	1	1	1	1	0	1	1	2	2	1	0	1	0	1	0	2	1	1	1	0	1	0	1	1	1	1	1	1	1	1	1	1	1	0	0	0	0	0	1	2	2	0	1	2	1	1	0	2	1	2	1	1	0	0	1	1	1	0	2	2	0	1	2	0	0	1	1	1	2	1	0	1	1	1	0	0	0	0	0	2	2	1	0	0	0	1	2	2	2	1	1	1	2	2	1	1	2	0	1	1	1	1	1	0	0	1	1	1	1	0	1	0	1	0	1	2	0	1	0	0	1	1	1	1	0	1	1	0	1	1	1	0	1	1	0	0	2	1	0	0	1	1	1	1	1	1	1	1	1	1	2	1	1	2	2	1	0	0	1	1	1	0	1	1	1	0	1	2	2	0	0	1	1	0	2	0	1	1	2	1	1	1	2	1	2	1	1	0	0	0	0	1	1	0	2	1	0	1	0	1	1	1	1	1	1	1	1	2	1	1	0	1	1	1	1	1	1	1	1	1	0	2	1	1	2	2	0	1	1	2	1	2	0	1	1	1	1	1	0	1	1	0	1	1	2	2	1	1	1	1	1	1	1	0	1	2	1	1	1	0	1	1	0	1	0	1	1	2	2	2	1	0	0	1	1	1	0	2	2	2	1	0	1	0	0	0	1	1
chr9.s_110793997	1	0	0	1	0	1	2	1	1	1	1	1	0	1	0	1	0	1	0	0	0	0	1	1	1	1	1	1	1	0	1	1	1	0	0	1	1	1	0	0	0	0	1	0	2	1	1	1	2	1	0	1	2	1	1	2	0	0	0	0	0	1	1	2	0	0	0	0	0	0	1	2	1	1	1	0	1	0	1	0	2	1	1	0	0	0	1	1	1	1	1	1	2	1	1	0	0	0	0	1	1	0	0	1	1	0	0	0	1	1	1	0	0	0	2	1	0	2	0	0	0	0	0	0	0	0	0	0	0	0	1	0	0	0	1	2	0	1	1	1	2	1	1	0	0	0	1	0	0	1	1	0	0	1	1	1	0	0	1	1	1	0	0	0	0	1	1	0	0	0	2	0	0	0	1	1	0	0	0	0	1	0	0	0	1	0	2	0	0	0	1	0	0	0	1	1	0	1	1	0	1	0	2	1	1	0	2	0	0	0	0	0	1	0	1	0	0	1	0	1	0	1	2	0	1	2	1	0	1	0	1	0	0	0	1	1	1	0	0	0	0	1	1	0	1	0	2	1	1	1	0	0	1	1	0	0	1	2	0	0	0	0	1	1	1	0	1	1	1	1	1	0	1	1	1	1	1	1	0	1	0	1	1	1	0	0	1	1	0	0	1	0	1	2	1	1	1	1	1	0
chr9.s_1002730	0	0	0	0	0	0	0	0	0	0	1	0	0	0	0	0	0	0	0	0	1	1	1	1	0	0	0	0	0	1	0	0	0	0	0	0	0	0	0	0	0	0	0	0	0	0	0	1	0	0	0	0	0	0	0	0	0	0	0	0	0	0	0	0	0	0	0	0	0	0	0	0	0	0	0	1	0	0	0	0	0	0	0	0	0	0	0	0	0	0	0	0	0	0	0	0	0	0	0	1	0	0	0	0	0	0	0	0	0	2	1	0	0	0	0	0	0	0	0	0	0	0	0	0	0	0	0	0	0	0	0	0	0	0	1	1	0	0	0	0	0	0	0	0	1	1	0	0	0	0	0	0	0	0	0	0	0	0	0	0	0	0	0	0	0	0	0	0	0	1	0	0	0	0	0	1	0	0	1	1	0	0	0	0	0	0	0	0	0	0	0	0	0	0	0	0	0	0	0	0	0	0	0	0	0	0	0	0	0	0	0	0	0	0	0	0	0	0	0	0	0	0	0	1	0	0	1	0	0	0	0	0	0	0	0	1	0	0	0	0	0	0	1	0	0	0	0	0	0	0	1	0	0	1	0	0	0	0	0	0	0	0	0	0	0	0	0	0	0	1	1	0	0	0	0	0	0	0	0	0	0	0	0	1	0	0	0	0	0	0	0	0	0	0	1	0	0	0	0	0
chr4.s_194541090	0	0	0	1	0	0	0	2	1	1	1	1	1	2	2	1	1	1	1	2	1	0	0	1	0	1	0	1	0	2	1	0	0	0	1	0	1	1	1	1	0	0	1	1	0	2	1	1	1	1	0	0	1	2	1	1	1	2	1	2	1	1	1	1	0	0	0	1	0	0	0	0	0	0	0	1	1	2	2	1	2	0	0	1	1	1	0	0	1	2	1	1	2	0	0	0	0	0	0	1	2	1	1	0	1	2	1	2	1	1	0	0	1	1	1	1	1	1	2	2	2	1	1	0	2	1	2	2	0	0	0	0	0	1	0	0	1	1	0	2	1	1	1	0	1	1	1	1	1	1	1	1	1	0	0	1	2	1	1	0	0	0	0	1	2	0	1	2	2	2	2	1	1	1	0	1	1	0	0	1	1	2	1	1	2	1	1	1	1	0	1	1	1	0	0	0	0	0	1	1	0	1	2	0	2	0	1	1	0	0	1	1	2	1	0	2	1	1	1	2	2	1	1	1	2	2	1	0	1	0	0	0	0	2	0	1	1	1	0	1	1	0	1	0	2	1	1	0	1	1	1	1	0	0	2	0	2	2	2	0	1	2	1	2	2	0	1	1	0	0	1	1	1	1	1	1	0	0	2	1	2	0	1	2	1	0	1	0	1	0	2	2	1	1	1	1	0	0	2	1
chr1.s_7566632	0	1	1	0	1	0	1	0	0	0	0	0	0	1	0	2	1	0	0	1	1	0	0	1	0	1	1	1	1	0	0	0	0	0	1	0	1	0	1	0	0	0	1	0	1	0	0	0	0	0	0	0	1	0	0	1	1	1	0	1	1	0	0	0	0	0	0	1	1	1	0	1	0	0	1	0	0	0	1	0	1	0	0	1	1	1	0	1	0	0	0	0	0	0	0	0	0	0	0	1	0	0	0	1	1	0	0	0	0	0	0	0	0	0	1	0	0	1	1	1	1	0	2	1	1	1	0	0	1	1	0	1	1	0	0	1	0	1	0	0	1	1	1	0	1	1	0	0	1	0	0	0	0	0	0	0	1	0	0	0	1	0	0	0	0	0	0	0	0	0	0	1	0	1	0	1	1	0	0	1	0	0	0	1	1	1	0	1	1	0	2	0	0	0	0	0	1	0	0	0	0	0	0	0	1	0	1	1	1	0	1	2	1	0	0	1	0	0	1	1	1	1	0	1	1	0	0	0	1	0	0	0	1	0	1	0	1	0	1	0	0	0	0	0	0	0	1	0	1	0	0	1	0	0	1	0	0	1	1	1	0	1	0	1	0	0	1	1	0	0	1	1	1	0	0	1	0	0	0	0	1	0	0	0	1	0	2	0	0	1	1	0	0	0	1	0	0	0	0	1
chr1.s_234388480	1	1	0	0	0	0	0	0	0	0	0	0	0	1	0	1	1	1	0	1	1	1	1	1	1	1	1	1	1	1	0	1	1	1	1	0	1	0	1	0	0	0	0	1	0	0	0	0	1	1	0	0	1	1	1	1	1	1	1	1	1	1	0	0	1	1	0	0	0	0	0	0	0	1	0	0	1	0	1	1	1	0	0	1	1	1	2	2	0	0	1	1	0	1	1	1	1	1	0	1	0	0	0	0	0	0	1	0	0	0	0	0	0	0	1	1	1	1	1	1	1	1	1	1	1	1	1	1	1	1	2	1	0	0	0	0	1	1	1	0	2	1	1	0	1	1	1	1	1	0	1	1	1	1	0	0	1	0	0	0	0	0	1	1	0	2	1	0	0	0	1	0	0	0	0	1	1	1	1	1	1	0	1	1	0	1	0	1	0	1	1	0	0	0	0	0	1	1	0	1	1	1	1	0	1	1	1	1	1	1	0	1	1	0	0	1	0	1	1	1	1	1	1	1	1	0	0	0	1	1	0	1	1	0	1	0	1	0	1	0	0	0	0	1	1	1	1	0	0	1	0	1	0	1	2	0	0	1	1	1	0	1	1	1	0	0	1	1	0	1	0	1	1	1	1	1	1	1	0	1	1	0	1	1	0	0	1	1	1	0	2	0	1	1	1	1	1	1	1	1
chr7.s_177851813	2	2	1	0	1	1	1	0	0	1	1	0	1	1	0	1	2	1	1	1	0	0	0	0	1	1	2	0	1	0	0	2	0	1	0	1	1	1	0	0	0	0	1	0	1	2	1	2	2	1	0	1	1	1	1	1	2	1	1	0	1	0	0	1	1	2	1	1	1	2	0	1	1	0	2	1	1	1	1	0	1	1	1	1	0	0	1	2	1	0	1	0	0	1	1	0	1	1	0	0	0	0	1	1	1	0	0	0	0	2	1	1	1	1	0	1	1	1	0	0	0	0	1	1	1	2	1	0	2	1	2	1	0	1	0	1	1	1	0	2	1	1	2	2	0	0	0	0	1	1	2	2	1	1	0	0	0	0	0	0	1	1	0	0	0	1	1	0	1	1	1	0	0	2	2	1	1	1	1	1	1	1	2	1	1	1	0	2	1	2	1	0	0	0	0	1	1	1	1	1	2	1	2	0	1	0	1	0	1	2	1	1	0	0	1	0	1	1	1	1	2	2	1	0	0	0	0	0	0	0	1	0	1	0	1	0	0	1	2	1	0	1	0	1	1	0	0	0	1	2	2	1	1	1	0	0	1	0	2	2	1	1	1	1	0	1	1	0	0	0	1	1	2	1	1	1	2	1	0	1	1	1	1	1	2	1	1	1	1	1	1	0	1	2	1	1	2	1	2	0
chr6.s_170662956	0	0	0	1	1	0	0	0	0	0	1	0	0	0	0	1	2	2	0	1	2	2	2	1	1	0	1	1	2	0	1	1	0	1	2	0	1	0	1	0	1	2	1	1	0	0	0	0	0	0	0	0	0	1	1	1	1	1	1	0	1	0	2	1	0	0	0	0	1	0	1	0	0	0	0	0	0	0	0	0	2	1	0	1	1	0	1	1	1	1	0	0	1	0	0	0	0	0	0	2	0	0	1	0	0	0	1	1	0	1	1	0	0	0	0	1	1	2	1	1	1	1	2	2	0	1	0	1	0	1	0	1	1	1	2	1	0	0	1	0	0	1	1	0	2	2	1	2	1	1	0	0	0	0	1	1	1	1	0	1	0	1	1	0	0	0	0	0	0	0	0	0	1	0	0	2	1	1	1	0	0	1	0	0	1	0	1	0	0	0	1	1	0	1	1	0	1	0	0	0	0	0	0	1	1	1	0	0	1	1	2	1	1	1	0	1	0	1	1	1	1	1	0	1	0	1	1	1	0	1	0	0	2	0	0	1	2	1	1	0	1	0	1	1	0	0	0	0	0	0	0	0	0	1	0	0	0	0	1	1	0	0	0	1	0	0	1	0	1	1	0	1	1	0	1	1	0	1	0	0	1	0	1	0	0	0	2	0	1	1	1	1	0	1	2	1	0	0	1	1
chr6.s_124706826	2	0	1	1	0	0	0	1	1	1	1	1	0	1	1	2	1	0	1	2	2	2	1	1	1	1	1	1	1	0	1	1	0	1	2	1	1	0	2	1	1	1	1	1	0	2	2	2	1	1	1	1	2	1	1	1	1	2	2	1	1	1	2	1	0	1	2	0	0	0	1	1	1	1	1	1	0	2	2	2	0	1	1	1	2	2	2	2	1	2	2	1	0	2	1	1	1	1	2	2	1	0	1	0	0	1	1	2	1	2	1	1	2	2	1	0	1	0	1	1	1	1	1	1	1	1	0	0	2	1	1	1	2	1	0	0	0	0	0	1	2	1	1	1	1	1	2	2	1	1	1	2	2	1	2	1	2	1	0	0	0	0	0	1	2	0	1	1	1	1	0	0	1	0	1	2	1	1	1	1	0	1	1	1	0	0	0	0	1	0	1	1	0	0	0	0	0	0	1	1	2	0	1	1	0	0	1	1	1	0	1	2	1	0	0	2	0	2	2	1	1	1	0	2	1	1	0	1	1	1	1	1	2	0	1	1	2	1	1	0	1	0	0	0	0	0	1	0	0	1	2	1	2	1	1	1	1	2	2	1	0	2	1	1	2	0	1	2	1	1	0	1	1	0	0	1	1	1	2	1	1	1	1	1	2	1	1	0	0	1	1	2	0	0	1	0	1	2	0	1
chr4.s_41553726	0	1	1	0	2	2	2	1	1	2	1	2	0	1	1	2	1	0	0	0	0	0	0	0	0	0	0	0	0	0	2	0	1	1	1	0	0	0	1	1	2	1	2	2	1	2	2	0	1	1	0	1	2	0	1	1	0	0	0	0	0	0	2	0	0	0	0	1	2	2	1	1	1	1	2	0	1	2	2	1	0	1	0	0	0	0	0	0	1	2	1	0	0	0	0	0	0	0	0	0	1	1	1	2	2	1	2	1	0	0	0	0	1	1	1	0	0	0	0	0	1	1	1	1	1	1	1	1	1	1	0	1	1	2	2	2	1	1	1	1	1	0	0	0	0	0	1	1	0	1	0	1	1	1	1	1	1	2	0	1	2	2	2	2	1	1	0	1	2	1	2	0	1	0	0	0	1	1	0	0	0	2	1	0	0	0	1	0	0	1	0	2	0	1	1	1	1	1	0	2	0	0	2	0	1	0	2	0	0	0	2	1	1	0	0	0	0	1	0	1	1	0	2	1	1	0	1	1	1	1	0	0	0	1	0	1	1	0	1	2	0	0	0	1	2	1	1	0	1	2	0	1	1	0	0	1	1	2	1	1	0	1	0	0	1	2	0	0	0	0	1	1	0	0	0	1	0	1	1	1	0	1	0	0	2	1	1	0	1	0	1	1	1	2	1	1	0	0	1	0
chr1.s_306288257	1	0	0	0	0	0	0	0	1	2	2	0	1	1	0	0	0	0	0	0	0	0	1	1	0	0	0	0	0	0	2	1	0	1	1	0	0	0	0	0	0	1	0	0	0	1	2	1	1	0	0	0	0	0	0	0	1	1	1	0	0	1	1	1	0	0	0	0	0	0	0	0	0	0	0	0	0	0	0	0	1	0	1	0	0	0	0	0	2	2	1	0	0	0	0	0	0	0	0	0	0	0	0	0	0	0	0	0	0	1	1	0	0	1	0	0	0	1	0	0	0	0	0	0	0	0	0	0	0	0	0	0	0	0	0	0	0	0	1	1	0	0	1	1	1	1	1	0	0	2	0	0	0	0	0	0	0	0	0	0	1	0	0	0	0	1	1	0	1	0	0	0	1	0	0	0	0	0	0	0	0	1	0	0	0	0	0	0	0	0	0	0	0	0	0	0	1	0	0	1	1	0	0	1	0	1	0	1	0	0	1	0	0	1	0	0	0	1	0	0	0	1	0	0	1	0	0	1	1	1	1	0	0	0	0	1	0	0	0	0	0	1	1	0	0	0	0	0	0	0	1	0	0	1	0	1	0	0	0	0	0	0	0	0	1	1	1	0	0	1	0	0	0	0	0	0	1	0	0	1	0	0	1	1	1	0	0	0	0	1	0	0	0	0	0	1	0	0	0	0
chr5.s_84711915	0	1	0	1	0	0	0	0	0	0	0	0	0	0	0	0	0	0	1	2	2	2	1	0	2	1	2	0	1	0	0	1	1	1	0	1	1	1	0	0	0	0	0	0	0	0	0	1	0	0	0	0	0	1	0	0	1	1	1	0	1	0	1	1	0	1	0	0	0	0	0	0	0	0	0	1	0	0	0	0	0	0	0	2	1	0	1	1	1	0	0	0	0	0	0	0	1	1	0	1	0	1	0	1	0	0	0	0	0	1	0	0	0	0	0	0	0	0	1	1	1	1	1	1	0	1	0	0	0	0	2	1	0	0	0	0	0	0	0	0	1	0	0	0	1	1	1	1	0	0	0	0	0	0	0	0	0	0	1	1	0	0	0	0	0	1	1	0	0	1	0	0	0	0	1	1	1	1	1	0	0	0	0	0	0	0	1	1	0	1	0	1	0	0	0	0	0	0	0	0	1	1	0	0	0	0	0	0	1	1	0	0	1	0	0	1	0	1	1	1	1	2	0	0	0	1	0	0	0	0	1	0	1	0	0	0	2	0	0	0	0	0	0	0	0	0	0	0	0	0	1	0	0	0	0	0	0	0	1	1	1	0	0	1	0	0	0	0	0	0	0	1	2	1	0	2	0	1	0	1	1	0	0	1	0	0	0	1	1	0	2	0	0	0	0	0	1	0	0	1
chr3.s_48205574	1	0	0	0	0	0	0	0	1	1	1	1	0	1	0	1	0	0	0	0	0	0	0	0	1	1	1	0	0	0	1	0	1	0	0	0	0	0	0	0	0	0	0	0	0	0	0	0	0	0	0	0	1	0	0	0	0	1	1	0	0	0	0	0	2	0	0	0	0	0	0	0	0	0	0	1	1	1	2	1	1	1	0	1	0	0	0	0	0	0	0	0	0	0	1	1	0	0	0	0	0	1	0	1	0	0	0	0	1	1	1	0	0	0	1	0	0	1	0	0	0	0	0	0	0	0	0	0	0	0	0	0	0	0	1	1	0	0	0	0	1	0	0	0	1	1	0	0	1	1	0	1	1	1	0	0	1	1	1	1	0	0	0	0	0	0	0	0	0	0	0	0	0	0	0	0	0	0	1	1	0	0	0	1	1	2	0	0	0	1	0	0	0	0	0	0	0	0	0	1	0	0	0	1	0	1	0	0	0	1	0	0	0	0	0	1	0	0	0	0	0	0	0	0	2	0	1	0	1	0	0	0	0	0	1	0	0	1	0	0	0	1	1	0	0	1	1	0	0	0	0	0	0	0	1	0	0	1	0	1	1	0	0	0	0	0	0	0	1	1	0	0	0	0	0	0	0	1	1	0	0	0	1	0	0	0	0	0	1	0	0	0	1	0	0	1	0	0	0	0
chr3.s_208699841	0	0	0	0	0	0	0	0	0	1	1	0	0	0	0	0	1	1	1	0	0	0	1	1	0	0	0	0	0	0	0	0	0	0	0	0	0	0	0	0	0	0	0	0	0	1	1	0	0	0	0	0	0	1	1	1	0	0	0	0	0	0	0	0	1	1	1	0	0	0	0	0	1	1	0	1	1	0	0	0	2	1	2	0	1	1	0	0	0	0	0	1	1	0	0	1	1	0	0	0	0	0	1	0	0	0	0	0	1	1	1	1	1	0	0	1	1	2	0	0	0	0	0	0	0	0	0	0	0	0	0	0	0	0	1	1	0	0	1	1	0	2	1	1	0	0	0	0	0	0	0	0	0	0	0	0	0	0	0	0	1	0	0	0	0	0	0	1	2	1	0	0	0	1	1	0	0	0	0	0	0	0	0	0	0	0	0	0	0	0	0	0	0	0	0	0	0	0	0	1	0	0	0	1	1	0	0	0	0	0	0	0	0	0	0	0	1	1	0	0	0	0	0	0	0	0	1	1	0	1	0	0	0	0	0	1	0	0	0	0	0	0	0	0	1	1	0	0	0	0	0	0	0	1	0	0	0	0	0	0	0	0	0	0	0	0	0	0	1	0	0	0	0	0	1	0	0	0	0	0	0	0	1	0	1	0	1	0	1	0	0	0	0	0	1	1	0	1	1	0
chr5.s_220602346	0	0	0	1	0	1	1	1	0	0	0	0	1	1	0	1	0	0	1	0	0	0	0	0	0	0	0	0	0	0	1	0	0	0	0	0	0	1	0	1	0	0	1	0	1	0	0	1	1	1	1	1	1	0	0	1	0	0	0	0	0	0	0	0	0	0	0	1	0	1	0	1	1	0	1	1	1	0	1	0	1	1	1	0	0	0	0	0	1	0	0	1	0	1	0	1	1	0	0	0	1	1	1	1	1	0	0	0	0	1	1	1	0	0	1	0	0	1	0	0	0	0	0	0	0	0	0	0	0	1	0	0	0	0	0	1	1	1	0	0	1	2	1	1	0	0	0	0	0	0	0	0	1	0	0	1	0	0	1	0	1	1	0	0	0	1	1	0	0	1	1	1	0	1	2	0	1	1	0	0	0	0	0	1	0	0	1	0	0	1	0	0	1	0	0	1	0	0	0	0	0	0	1	0	1	0	1	0	0	0	0	0	1	1	1	0	1	0	0	0	0	1	1	0	1	0	1	0	0	1	1	1	0	1	1	0	0	0	0	1	1	1	1	0	1	0	1	1	1	1	1	0	0	0	0	0	0	1	0	1	1	0	1	0	0	1	0	0	1	1	1	0	0	0	0	0	0	0	0	1	0	1	0	1	0	1	1	0	0	0	1	0	0	1	1	1	0	0	0	0
chr7.s_167549560	1	1	1	0	1	1	1	1	1	1	0	0	0	0	0	0	0	0	0	0	0	0	0	0	0	0	0	0	0	0	1	0	0	0	0	0	0	0	0	0	0	1	1	1	0	1	0	0	0	0	0	0	0	1	0	0	0	0	0	1	1	0	1	0	0	0	0	1	1	1	0	0	0	0	0	0	0	1	1	0	0	1	0	0	0	0	0	0	0	0	0	0	0	0	0	0	0	0	0	0	0	0	0	0	1	1	0	0	0	0	0	0	0	0	0	0	0	0	0	0	0	0	0	0	0	0	0	0	1	1	0	0	0	1	0	0	0	0	0	0	0	0	0	0	0	0	0	0	0	0	0	1	1	1	0	0	1	1	0	0	0	0	0	1	1	0	0	0	0	0	0	0	0	1	1	0	0	0	1	1	1	0	0	1	1	1	0	0	0	0	0	0	0	0	0	0	1	0	0	0	0	0	1	0	0	0	0	0	0	0	0	0	1	0	0	0	0	0	0	0	0	0	1	0	0	1	0	0	1	0	0	0	0	1	0	0	1	0	1	1	0	0	0	0	0	0	0	0	0	0	0	1	0	0	0	0	0	0	1	0	0	1	0	0	0	0	0	0	0	0	0	0	0	0	0	1	0	1	1	0	0	1	0	0	1	0	0	0	0	1	0	0	0	0	0	0	0	0	0	0
chr2.s_199417326	0	0	0	0	0	0	0	0	0	0	0	0	0	0	0	0	0	0	0	1	0	0	0	0	0	0	0	0	0	0	0	0	0	0	0	0	0	0	0	0	0	0	0	0	0	0	0	1	1	0	0	0	0	0	0	0	1	1	1	0	0	0	0	0	0	0	0	0	0	0	0	0	0	0	0	0	0	0	0	0	0	0	0	0	0	0	0	0	0	0	0	0	0	0	0	0	0	0	0	0	0	0	0	0	0	0	0	0	0	0	0	1	1	0	0	0	0	0	1	0	1	0	0	0	0	0	0	0	0	0	0	0	0	0	0	0	0	0	0	0	0	0	0	0	1	0	0	0	0	0	0	0	0	0	0	0	0	0	0	0	0	0	0	0	0	0	0	0	0	0	0	0	0	0	0	0	1	0	0	0	0	0	0	0	0	0	0	0	0	0	0	0	0	0	0	0	0	0	0	0	0	0	0	0	0	0	0	0	0	0	0	0	0	0	0	0	0	0	1	1	1	1	0	0	0	0	0	0	0	0	0	0	0	0	0	0	1	0	0	0	0	0	0	0	0	0	0	0	0	0	0	0	0	0	0	0	1	0	1	0	0	0	0	0	0	0	0	0	0	0	0	0	1	0	0	0	0	0	0	0	1	0	0	0	0	0	0	0	0	0	1	0	1	0	0	0	0	0	1	1
chr5.s_10715699	0	1	1	1	0	0	0	0	1	1	0	0	0	0	0	0	0	0	1	1	0	0	0	0	0	0	0	0	0	0	0	0	0	0	0	0	0	0	0	0	0	0	0	0	0	1	0	0	0	0	0	0	0	1	0	0	0	0	0	0	0	0	0	0	0	0	0	0	0	0	0	0	0	0	0	1	1	0	0	0	1	0	0	0	0	0	0	0	0	1	1	1	1	0	0	1	1	0	0	1	0	1	0	0	1	1	0	0	0	0	0	0	0	0	0	0	0	0	0	0	0	0	0	0	0	0	0	0	0	0	0	0	0	0	0	0	0	0	0	0	0	1	0	0	0	0	0	1	0	0	1	0	0	0	0	0	0	0	0	0	0	0	0	1	1	1	1	0	0	0	0	0	0	0	0	1	0	0	0	0	0	0	0	0	0	0	0	0	0	0	0	0	0	0	0	0	0	0	0	0	0	0	1	0	0	0	0	0	0	0	0	0	0	0	0	0	0	0	0	0	0	0	0	0	0	1	0	0	1	0	0	0	0	1	0	0	0	0	0	1	0	0	0	0	0	0	1	0	0	0	0	0	0	0	0	0	0	0	0	0	0	0	0	0	1	0	0	0	0	0	0	0	0	0	0	0	0	0	0	1	0	0	1	0	0	0	0	0	0	0	0	1	0	0	0	1	0	0	0	1
chr4.s_69662246	0	0	0	0	1	0	0	0	0	0	1	0	1	0	0	0	0	1	0	0	0	0	1	1	0	0	0	1	1	1	1	0	0	0	0	0	0	0	0	0	1	1	0	1	0	0	0	1	1	1	2	1	0	0	0	0	0	1	1	1	1	0	1	0	0	0	0	0	1	0	1	0	1	2	0	0	0	0	0	0	0	0	1	0	1	1	1	1	2	1	0	0	0	1	1	0	0	0	0	0	0	0	1	1	0	0	1	0	0	0	1	1	0	0	0	0	0	1	0	0	0	0	0	0	0	0	0	0	0	0	1	0	0	1	1	0	1	1	2	1	0	0	1	1	1	1	0	0	1	1	0	0	0	0	0	0	0	1	1	2	0	0	1	1	0	2	1	0	0	0	0	1	0	0	0	0	1	1	0	0	0	1	0	0	0	0	1	0	0	0	0	1	0	1	1	0	1	1	0	0	0	0	0	1	0	0	0	0	0	1	1	0	0	0	1	0	0	0	1	0	0	1	0	0	0	0	0	0	0	0	1	0	1	0	1	1	0	1	0	0	1	1	1	1	0	0	0	1	0	0	0	0	0	1	1	0	0	0	0	0	0	0	1	1	0	0	0	0	1	1	1	0	0	0	0	0	0	0	0	1	0	1	0	1	0	1	0	0	1	0	0	0	0	0	0	0	0	1	0	0
chr3.s_235261758	1	1	0	0	0	1	0	0	0	0	0	0	1	1	0	1	0	0	0	0	0	1	1	1	1	1	0	1	0	0	0	1	0	1	0	0	0	0	0	0	0	0	0	1	0	0	0	1	0	0	1	1	1	0	0	1	0	0	1	1	0	0	0	0	0	1	0	0	0	1	0	0	1	1	0	1	0	0	1	0	1	0	0	0	0	1	1	0	0	0	1	0	0	0	0	0	1	1	0	0	0	0	0	0	0	0	1	0	0	1	1	1	0	0	1	0	0	1	0	0	0	1	0	1	1	0	0	0	1	0	1	1	0	0	0	0	1	0	1	0	1	1	1	0	0	0	1	1	1	0	1	1	0	0	0	0	0	0	0	0	0	1	1	1	0	1	0	0	0	1	0	1	0	0	0	0	0	1	2	2	0	0	1	0	0	0	1	1	0	1	0	0	1	1	0	1	2	1	0	0	1	1	0	0	1	0	0	1	1	1	0	1	0	0	1	0	1	0	0	0	0	0	0	1	1	0	0	0	1	0	0	0	0	0	0	0	0	0	1	1	0	1	0	1	0	0	1	1	0	0	1	0	0	1	0	0	0	1	0	0	0	1	0	0	0	1	0	1	1	0	0	0	0	0	0	0	1	1	0	0	1	1	1	1	0	0	1	1	0	1	1	0	0	0	1	0	1	1	0	0
chr7.s_165807034	1	0	0	1	1	0	0	0	0	0	0	0	2	1	1	1	1	0	1	1	0	0	1	1	1	1	1	0	0	1	0	0	1	1	1	1	1	2	1	2	2	2	1	2	0	0	0	1	1	1	2	1	0	0	0	0	1	1	1	0	0	1	0	1	1	0	0	1	1	0	1	0	1	2	1	0	0	0	0	0	1	0	1	1	0	0	1	1	1	0	0	1	0	2	1	0	0	1	1	0	1	1	1	1	0	0	2	1	0	0	1	1	0	0	0	0	1	1	1	1	0	0	1	1	1	1	2	1	0	2	1	1	1	1	1	0	1	1	2	1	1	0	1	1	1	1	0	0	1	0	0	0	1	0	0	1	0	1	1	1	0	0	1	1	0	2	1	0	0	0	0	2	0	0	0	0	1	1	0	0	1	1	1	1	0	0	0	1	1	1	1	2	2	2	1	0	1	1	0	0	1	1	0	1	0	0	0	1	1	1	1	1	0	1	1	0	1	1	1	0	1	1	0	0	1	0	1	1	0	2	1	1	1	1	2	1	0	1	1	0	2	1	1	2	0	1	0	1	1	1	0	2	0	1	2	0	0	0	0	1	2	0	2	1	0	0	1	0	2	1	0	0	1	2	0	1	1	0	0	1	1	1	1	1	1	1	1	0	1	0	0	0	0	1	0	1	1	1	0	0
chr9.s_155560985	1	1	2	2	1	1	1	2	1	1	1	2	1	1	1	2	2	1	1	1	0	1	2	1	1	0	1	0	1	1	1	0	1	1	2	2	2	2	2	2	2	1	2	2	1	1	1	1	2	2	2	2	2	1	1	1	1	0	1	1	2	1	1	1	1	1	2	1	1	1	2	2	1	1	1	1	2	1	1	1	2	0	0	1	0	0	1	1	0	0	0	0	0	0	1	1	0	1	2	2	2	1	1	2	1	1	1	1	2	0	1	1	1	2	1	1	1	2	0	0	0	1	0	1	0	1	1	1	1	0	1	1	2	1	2	2	1	1	2	1	1	1	1	0	1	1	1	2	1	0	0	1	1	2	1	1	1	1	1	1	2	1	1	1	1	2	2	1	1	0	1	1	1	0	0	1	1	2	1	0	1	0	0	0	0	1	1	0	1	0	1	2	1	1	1	1	1	2	2	1	1	0	1	2	1	1	1	0	1	1	0	1	1	1	2	0	1	1	1	1	0	0	1	1	1	0	2	2	0	1	1	0	1	1	0	2	1	2	0	1	1	1	1	2	1	1	1	1	1	1	1	1	1	1	1	1	2	2	0	1	2	0	1	0	1	1	2	1	1	0	1	1	1	2	1	1	1	0	1	2	1	2	1	0	1	2	1	0	2	1	0	1	2	1	2	2	1	0	2	0
chr4.s_186588428	1	1	2	1	1	0	0	1	1	1	1	0	0	0	0	0	0	0	1	0	1	1	0	0	0	0	0	0	0	0	2	1	0	0	0	1	0	0	0	0	0	0	0	0	0	1	1	0	0	0	0	0	0	0	0	0	0	0	0	1	1	1	1	1	0	1	2	1	1	1	0	0	0	0	0	1	1	0	0	0	0	1	2	0	1	1	0	0	2	2	1	0	1	0	0	1	1	0	1	1	0	0	1	1	0	0	0	0	0	0	0	1	1	1	0	0	0	0	0	0	0	0	1	1	1	1	1	0	0	1	0	0	1	0	0	0	0	0	0	0	0	1	0	1	0	0	1	1	0	1	1	0	0	0	1	0	0	0	0	0	0	0	0	0	0	0	0	0	0	0	1	0	0	2	1	1	0	0	1	1	1	1	0	0	1	0	1	0	1	1	1	1	0	0	1	1	1	1	1	0	0	0	1	1	0	0	0	0	0	0	2	0	1	0	1	0	1	0	0	1	1	1	0	0	0	1	0	1	1	0	2	0	0	0	0	0	0	0	1	0	0	0	1	0	0	1	0	0	0	0	1	1	2	0	0	1	1	0	0	1	0	0	0	0	1	0	0	0	0	1	0	1	0	0	0	0	0	0	0	0	0	0	0	1	1	1	0	1	1	2	0	1	1	1	0	1	0	0	1	1
chr3.s_127743116	1	0	0	1	1	0	1	0	1	1	0	0	0	0	1	0	0	1	0	0	0	0	0	0	1	1	1	1	1	1	1	0	1	1	1	1	1	1	0	0	0	1	2	2	1	0	0	1	1	1	1	0	0	0	0	1	1	1	1	0	0	1	1	0	1	0	0	1	1	1	0	1	0	1	1	0	0	1	1	0	1	1	0	1	0	0	0	0	0	0	0	2	1	1	1	1	0	0	0	1	0	0	0	1	1	0	2	1	0	0	0	0	0	0	0	0	1	2	1	1	1	1	0	0	0	0	1	1	0	1	1	0	0	0	1	2	1	2	1	0	1	1	1	0	1	1	0	0	1	1	1	1	2	1	1	1	1	1	0	0	2	1	2	2	1	2	1	0	0	0	0	1	0	1	1	1	0	0	1	1	2	0	0	2	1	2	1	0	0	1	1	1	0	0	1	1	1	1	0	0	0	1	0	1	2	1	1	0	0	1	0	0	0	0	0	0	0	1	1	0	0	0	0	0	0	0	1	0	1	1	0	1	0	0	2	0	1	1	0	0	0	1	0	2	0	1	0	0	2	0	0	1	1	0	2	0	0	0	0	1	1	0	0	0	0	0	0	0	0	1	1	0	1	2	0	1	0	1	1	1	0	0	0	0	0	0	1	1	0	0	1	0	1	1	1	0	1	0	0	0
chr8.s_93324624	1	0	0	1	0	1	1	0	0	0	1	1	1	1	0	0	0	0	1	1	1	1	0	0	1	1	1	0	0	0	0	0	1	0	0	0	0	0	1	1	1	0	1	1	1	0	0	0	0	1	1	0	0	0	0	0	0	1	1	1	1	1	1	1	0	1	1	0	0	0	1	1	0	0	1	0	0	1	1	0	1	1	1	1	1	1	0	0	1	0	0	2	2	1	0	1	1	1	1	1	0	0	1	1	0	0	0	0	1	0	0	1	1	1	1	1	1	0	0	0	0	0	1	1	0	0	0	1	0	1	0	0	0	1	0	0	0	0	0	1	1	1	0	0	0	0	0	1	1	1	0	1	2	0	1	1	1	1	0	0	0	1	1	1	1	1	1	1	1	1	0	0	1	1	1	1	0	0	1	1	1	1	1	2	2	1	2	0	0	1	1	1	1	1	1	1	0	0	0	1	0	0	0	0	0	1	0	1	1	1	1	0	0	1	0	0	1	0	1	0	0	1	1	0	1	1	0	0	0	1	1	1	1	0	1	0	1	1	0	0	1	1	1	0	1	0	1	1	0	1	1	0	0	0	0	1	0	0	1	1	1	1	0	1	0	1	0	1	0	2	0	0	0	0	1	0	0	1	1	1	1	0	1	0	0	0	0	1	1	0	1	1	0	1	0	0	0	0	0	1
chr8.s_26152148	1	1	1	2	2	1	2	0	0	0	1	0	0	0	1	1	2	1	1	1	1	1	0	0	1	1	1	0	0	2	1	0	0	0	0	1	1	2	1	2	2	2	2	2	2	0	0	1	0	0	0	0	0	2	1	0	0	0	0	0	0	2	1	1	1	1	1	2	2	1	2	2	0	1	2	2	1	1	1	1	0	1	0	1	1	1	0	0	2	1	0	1	2	0	0	1	1	1	1	1	1	1	2	1	2	1	1	0	1	2	1	1	1	1	1	2	1	0	0	0	0	0	0	0	0	0	1	2	0	1	0	1	1	2	2	2	0	1	2	0	0	1	0	0	0	0	0	1	0	2	1	1	1	0	1	2	1	2	2	2	1	1	2	2	1	2	1	1	1	2	1	0	0	0	1	1	0	0	1	1	2	1	0	0	1	0	2	0	0	1	1	1	1	1	2	1	2	2	1	1	0	0	0	0	0	0	1	1	0	0	1	1	0	1	1	1	1	0	0	0	0	1	1	1	0	2	2	0	0	0	1	1	1	2	0	0	0	0	1	1	2	1	2	2	1	1	1	1	2	1	2	2	0	0	2	1	0	0	1	1	2	1	1	0	0	1	0	1	0	1	2	1	1	1	2	1	0	1	1	1	1	0	0	2	1	0	1	1	1	1	1	1	0	1	1	1	1	0	1	1
chr10.s_70581103	1	1	0	0	0	1	1	1	1	0	0	1	0	0	1	0	1	2	1	1	1	1	2	2	1	1	1	2	2	1	1	2	1	2	1	0	0	0	0	0	0	0	2	1	2	1	0	1	1	1	0	0	0	1	1	1	1	1	1	2	2	0	2	1	0	2	1	0	0	1	0	1	2	1	2	1	1	1	0	1	1	1	2	1	1	1	1	1	1	2	2	2	2	1	0	1	2	2	1	0	1	1	0	1	1	1	0	1	2	1	0	1	2	1	1	2	1	2	1	1	2	2	1	1	1	1	0	1	1	1	1	1	0	0	1	2	1	1	0	1	0	2	2	2	2	2	1	1	2	2	2	1	1	0	0	0	0	0	0	0	2	2	1	0	1	0	1	1	0	1	2	0	1	1	1	1	1	1	1	1	0	1	1	1	1	0	1	1	0	1	0	0	1	1	0	1	1	1	2	0	1	1	2	1	2	0	1	1	2	2	1	1	1	0	1	1	1	1	1	2	1	1	1	1	0	1	1	0	1	1	0	2	1	0	1	2	2	2	1	1	0	1	0	0	1	1	1	1	1	2	1	0	1	2	0	0	2	1	1	1	0	1	0	2	2	1	0	1	0	1	2	1	1	0	2	2	1	1	1	1	1	0	1	2	0	0	1	1	1	1	2	2	1	1	1	1	1	2	2	1
chr2.s_45577834	1	2	1	1	2	1	1	2	2	1	0	2	1	1	2	1	1	1	0	1	1	1	1	1	1	1	1	1	1	1	0	1	0	1	1	0	1	1	1	1	1	1	1	1	1	1	0	0	1	1	1	1	1	1	1	1	1	1	1	1	1	2	0	1	0	1	0	2	2	2	1	1	2	2	1	0	1	1	1	1	1	0	0	1	1	1	1	1	0	0	1	1	2	0	0	0	1	1	0	1	1	1	1	1	1	1	2	2	1	0	1	1	1	1	1	1	2	1	1	1	2	2	2	2	1	1	1	1	1	1	1	1	0	1	1	1	1	1	1	0	1	1	1	0	1	1	1	1	1	0	2	1	0	0	1	2	1	1	1	1	1	1	1	1	1	2	2	1	0	0	1	1	1	0	1	2	2	2	2	2	1	0	1	0	1	0	1	1	0	1	1	1	1	1	1	1	1	1	1	0	1	1	2	0	2	0	1	1	1	1	1	1	2	1	1	1	0	1	1	1	1	1	1	1	1	1	1	0	2	0	0	0	2	1	1	1	1	1	2	1	2	1	1	2	1	0	1	1	2	1	0	2	1	1	1	0	1	1	1	1	1	1	1	1	1	1	1	1	1	0	1	1	1	1	1	1	1	1	1	2	1	1	1	0	1	1	1	1	1	0	2	1	0	1	1	1	1	2	1	1
chr5.s_16328894	1	0	0	0	1	1	1	0	0	0	1	1	0	0	0	0	0	1	0	0	0	0	0	0	0	0	0	0	0	0	0	0	0	0	0	0	0	0	0	0	0	0	0	0	1	0	1	1	1	0	0	1	1	0	1	1	0	0	0	0	0	0	0	0	0	0	0	0	0	0	1	1	1	1	0	0	0	1	1	0	1	0	0	1	0	0	1	1	0	1	1	0	0	1	1	0	0	1	1	0	1	0	0	0	0	0	0	0	1	0	0	0	0	0	1	1	0	0	0	0	0	0	1	1	0	0	0	0	0	1	1	1	1	0	0	0	0	0	0	0	0	0	0	0	0	0	0	0	0	1	0	0	0	1	1	1	1	1	0	0	0	1	1	1	1	0	0	1	1	1	0	0	0	0	0	0	0	0	0	0	0	0	0	0	0	0	0	0	0	1	1	0	0	0	0	0	0	1	1	0	0	0	0	0	0	0	0	1	0	0	1	0	0	0	1	0	1	0	0	0	0	0	1	0	0	0	0	0	0	0	0	1	0	0	0	0	0	0	1	0	0	1	1	0	1	0	0	1	0	0	0	0	1	0	0	0	0	1	0	1	1	0	1	0	1	0	1	1	0	1	0	0	0	0	1	0	1	0	1	0	1	1	1	0	0	0	0	0	0	0	0	1	0	1	0	0	0	1	0	0
chr3.s_182853330	1	0	0	1	1	2	2	2	2	2	2	2	1	1	2	0	0	0	0	0	1	2	2	1	1	0	1	0	1	0	1	1	1	1	2	1	2	1	1	0	1	2	2	2	1	2	2	0	0	0	0	0	0	0	0	1	1	0	1	1	2	1	1	0	2	1	1	0	1	1	2	2	1	1	1	1	1	2	1	2	2	1	0	0	0	0	1	1	1	1	2	0	0	0	1	2	1	1	1	2	0	0	2	2	1	1	1	1	2	1	1	0	1	2	0	0	0	2	1	1	0	1	0	1	0	1	0	0	1	1	0	0	0	1	2	2	2	2	2	1	0	2	1	0	1	1	2	1	1	0	2	2	1	1	1	1	2	2	1	2	2	2	2	2	2	2	2	2	2	1	0	1	2	0	0	1	1	2	1	0	0	0	1	0	0	1	0	0	0	0	1	2	0	1	1	1	1	2	2	1	1	1	1	1	1	2	1	1	1	1	0	0	1	1	1	1	0	1	0	0	0	1	1	0	1	0	1	1	1	1	1	0	2	0	1	2	1	2	2	1	1	0	1	2	1	2	0	0	2	0	1	0	1	2	1	0	1	0	0	1	0	0	0	0	2	1	1	1	0	1	1	2	1	0	0	0	1	1	2	2	0	0	2	0	1	1	1	0	1	0	0	2	1	1	1	1	2	1	0	0
chr9.s_40936461	1	1	1	2	1	1	1	0	0	0	1	1	0	0	2	0	0	0	1	1	0	0	1	1	0	0	0	0	0	1	1	1	0	1	1	0	0	1	0	1	1	1	2	2	2	0	1	0	1	1	0	0	0	0	0	1	0	0	0	0	0	1	1	1	0	0	0	1	1	1	2	2	1	1	2	0	1	1	0	1	2	1	1	0	0	0	0	0	1	2	1	1	2	0	0	0	0	0	0	1	1	1	1	1	1	0	2	1	1	1	1	0	1	1	0	0	0	2	1	1	0	0	0	0	0	0	1	1	0	0	0	0	0	1	1	1	2	2	2	1	0	1	2	1	1	1	1	0	0	2	1	0	0	0	1	2	0	1	2	2	1	1	1	1	0	1	0	0	0	0	2	1	1	1	0	1	1	1	1	1	2	1	0	1	2	1	1	0	0	1	1	1	2	2	2	2	1	2	1	0	0	1	1	1	1	0	1	0	1	0	1	0	0	1	1	0	0	1	0	1	0	0	1	0	0	1	1	0	0	0	0	0	0	1	0	2	0	0	0	1	1	1	2	2	1	1	1	1	2	2	0	2	1	1	2	0	1	0	0	1	1	0	1	1	1	1	0	1	1	1	1	0	0	1	1	0	0	1	0	1	0	0	1	0	1	1	1	1	0	0	0	2	1	1	1	0	0	0	1	1
chr8.s_10439440	0	0	0	1	0	1	1	0	0	0	0	1	1	0	1	0	0	1	0	0	0	0	0	0	0	0	0	1	1	0	0	0	1	0	0	1	1	2	0	1	0	0	0	0	1	0	0	1	1	1	2	2	1	0	0	0	1	1	1	0	0	0	0	1	1	0	0	1	0	0	0	0	1	1	0	0	0	1	0	1	0	0	0	0	0	0	1	1	0	0	0	0	0	1	2	1	0	0	0	0	2	1	0	0	0	0	0	0	0	0	1	1	1	1	0	0	1	0	0	0	0	0	0	0	0	0	0	1	0	0	1	0	0	0	0	0	1	1	0	0	1	0	0	0	0	0	0	0	0	0	0	0	0	2	0	1	0	0	1	0	0	0	0	0	0	1	1	0	0	0	0	1	1	0	1	0	0	0	0	0	0	0	0	0	0	1	1	0	0	0	0	1	1	0	0	0	0	0	0	0	1	0	0	0	0	1	0	0	0	0	0	0	0	1	1	0	0	0	1	0	0	0	1	0	0	0	1	0	0	0	0	0	0	1	0	1	0	0	0	0	1	1	1	0	0	1	1	2	0	0	0	0	0	0	0	1	0	1	0	0	1	0	2	0	0	1	1	0	1	0	0	0	1	1	1	0	1	0	0	2	0	2	0	0	0	0	0	0	0	0	0	1	1	0	0	0	1	1	0	1
chr3.s_203712406	0	0	0	1	1	0	0	0	1	2	2	1	1	1	0	0	1	1	0	0	0	0	0	0	1	1	1	1	1	1	2	1	0	0	0	1	1	2	1	2	2	1	0	1	1	1	2	1	2	2	1	0	0	1	2	1	1	1	1	1	1	0	2	1	0	0	0	1	1	0	1	0	0	1	0	0	1	0	0	1	0	1	0	1	0	0	1	1	2	2	1	1	2	1	1	0	0	0	0	1	1	1	1	1	0	0	2	1	0	0	0	0	0	0	0	1	1	0	0	0	1	1	0	0	0	0	0	1	0	0	1	0	0	2	1	0	1	1	1	1	1	0	0	0	0	0	1	0	1	1	1	0	0	0	1	2	0	1	2	2	0	1	2	1	0	1	0	0	1	0	2	1	1	1	0	0	1	1	1	1	1	1	0	1	2	1	1	1	1	1	1	2	2	2	2	1	1	1	0	2	0	0	1	0	1	1	1	1	1	1	1	0	0	2	0	1	1	1	1	1	0	1	1	0	1	1	1	0	1	0	1	0	0	1	1	0	1	1	0	0	1	0	2	1	1	0	1	1	0	1	0	0	0	0	1	1	1	0	1	1	2	1	2	0	1	1	0	0	0	1	1	1	1	1	2	0	0	1	0	0	1	0	0	0	1	1	0	1	2	0	0	0	1	1	0	1	1	0	2	1
chr5.s_27673890	1	0	0	0	1	0	0	0	0	0	1	0	0	0	0	1	2	1	0	0	1	1	0	0	1	1	1	0	0	0	0	0	1	0	0	1	1	1	1	1	1	0	1	1	0	0	1	1	1	0	0	1	1	1	1	0	1	0	0	0	0	0	0	1	1	0	0	1	1	1	0	0	0	0	0	0	0	0	0	0	0	0	1	1	0	0	1	1	0	1	1	0	0	1	2	1	0	0	0	0	1	0	0	0	0	0	0	0	0	0	0	0	0	1	1	2	1	0	0	0	0	0	1	1	0	0	0	0	0	1	1	1	1	0	0	0	0	0	0	0	1	0	0	0	0	0	0	0	0	0	0	0	0	1	0	0	0	0	1	1	0	0	0	0	0	1	1	0	0	0	0	0	0	0	0	0	0	0	0	0	0	1	1	0	0	1	0	0	0	1	0	0	0	0	0	0	0	0	0	1	1	0	0	0	0	1	0	1	0	0	1	1	0	0	0	0	1	0	0	0	0	0	0	1	0	0	0	0	0	0	0	1	0	0	0	0	0	0	1	0	0	0	1	0	0	1	0	0	0	0	1	0	1	0	0	1	0	1	0	1	1	0	1	0	1	1	0	0	0	1	0	0	1	1	1	0	0	0	0	1	1	0	0	0	0	0	1	0	1	0	0	0	1	1	1	1	1	0	1	0
chr3.s_54321278	1	0	0	1	0	0	0	0	0	0	0	0	2	1	0	0	1	1	1	1	0	0	0	0	0	0	0	0	0	1	1	1	0	0	0	0	0	1	0	1	0	0	0	0	1	1	1	1	1	0	1	2	1	1	2	1	0	0	0	0	0	0	1	1	0	0	0	1	0	0	0	0	0	0	0	0	0	0	0	0	0	0	0	0	0	0	1	1	2	2	1	0	0	1	1	0	0	0	0	0	1	1	0	0	0	0	0	0	1	0	1	1	0	0	0	1	1	0	0	0	0	0	0	0	1	1	1	0	0	0	1	0	0	1	0	0	0	0	0	1	0	0	1	1	0	0	1	0	0	1	1	0	0	1	0	1	0	0	2	1	0	0	0	0	0	0	0	0	0	0	0	1	0	0	0	0	1	1	0	0	0	2	1	0	0	0	0	1	1	0	0	0	1	0	0	0	1	0	0	0	1	0	1	0	0	0	1	1	0	0	1	0	0	1	1	0	0	0	0	1	1	1	0	0	0	0	1	0	0	0	1	0	0	1	0	0	0	0	0	0	1	1	1	0	0	0	1	2	0	0	0	0	0	0	0	0	1	0	1	0	1	1	2	1	1	0	1	0	1	0	1	0	0	0	2	0	1	0	0	0	0	2	0	0	0	1	0	0	1	1	0	1	1	0	0	1	0	0	2	1
chr9.s_31427043	0	0	0	0	0	0	0	1	1	1	0	1	0	0	0	0	0	0	0	0	0	0	0	0	0	0	0	0	0	0	1	0	1	0	0	0	0	0	0	0	0	0	0	0	0	0	0	0	0	0	0	0	0	0	0	0	0	0	0	0	0	0	0	0	1	0	0	0	0	0	0	0	0	0	0	0	0	0	0	0	0	0	0	0	0	0	0	0	1	0	0	0	0	0	1	1	0	0	0	0	0	0	0	0	0	0	0	0	0	0	0	0	0	0	0	0	0	0	0	0	0	0	0	0	0	0	0	0	0	0	0	0	0	0	0	0	0	0	0	0	0	0	0	0	0	0	0	0	0	0	0	0	0	1	0	0	0	0	0	0	0	0	0	0	0	0	0	0	0	0	0	0	0	0	0	0	0	0	0	0	0	0	0	0	0	1	0	0	0	0	0	0	0	0	0	0	0	0	0	0	0	0	0	0	0	1	0	0	0	0	0	0	1	0	0	0	0	0	0	0	0	1	0	0	0	0	0	0	1	0	1	0	0	0	0	0	0	0	0	0	0	0	0	0	0	1	0	0	0	0	0	0	0	0	0	0	0	0	0	0	0	0	0	0	0	0	0	0	0	0	0	0	0	0	0	0	0	0	0	0	0	0	0	0	0	0	0	0	0	0	1	0	1	0	0	1	0	0	0	0
chr8.s_102994466	0	0	0	1	0	0	0	0	0	1	1	0	1	1	0	0	0	0	0	0	0	0	0	0	0	0	0	0	0	0	0	1	0	0	0	0	0	0	0	0	0	0	0	0	0	1	2	0	0	0	0	0	0	1	1	1	0	0	0	0	0	0	0	0	0	0	0	0	0	0	0	0	0	0	0	1	1	0	0	0	0	1	0	0	1	1	0	0	1	0	0	0	0	0	0	0	0	0	0	1	0	0	0	0	0	0	0	0	0	1	1	0	0	0	0	0	0	0	0	0	0	0	0	0	0	0	0	0	1	0	0	0	0	0	0	0	0	0	0	1	0	0	1	1	0	0	0	1	0	0	0	0	0	0	1	1	0	0	0	0	0	0	0	0	0	1	1	0	1	0	0	0	1	0	0	0	0	0	0	0	0	0	0	0	0	0	1	0	0	0	0	1	1	1	0	0	1	0	0	1	0	0	0	0	0	1	1	0	1	0	0	0	0	1	0	0	1	1	0	0	0	1	0	0	1	1	0	0	0	0	1	0	0	0	0	0	0	0	0	0	0	0	0	0	0	0	0	0	0	0	0	0	0	0	0	1	0	0	0	0	0	0	0	0	0	1	0	0	1	0	0	0	0	0	0	0	0	1	0	1	1	0	0	0	1	0	0	0	0	1	0	0	0	0	0	0	0	0	0	0
chr10.s_141501755	0	0	0	0	0	1	1	0	0	0	0	1	0	0	1	0	0	1	0	0	0	0	0	0	1	1	1	1	1	0	0	0	0	0	0	1	1	1	0	0	0	0	1	1	0	0	0	0	0	0	0	0	0	0	0	0	1	0	0	1	1	0	0	0	0	0	0	0	0	0	0	0	0	0	0	0	0	1	1	0	0	0	0	0	0	0	0	0	0	0	0	1	1	0	0	0	0	1	1	0	0	0	0	0	0	0	1	1	0	0	0	0	0	0	0	0	0	0	1	1	0	0	0	0	1	1	1	0	0	0	0	0	0	1	0	0	0	0	0	0	0	0	0	0	0	0	0	1	0	0	0	1	1	0	0	0	1	1	1	1	0	0	0	1	1	0	0	0	0	0	0	1	0	1	0	1	0	0	1	1	1	0	0	1	1	1	0	0	0	1	1	0	0	0	1	1	1	0	0	0	0	1	0	0	0	0	0	0	0	0	0	0	0	0	0	0	0	1	0	0	1	0	1	0	0	0	0	0	0	0	0	0	1	0	0	0	0	0	0	0	1	0	0	0	0	0	0	0	1	0	0	0	0	0	1	0	0	0	1	1	0	1	0	0	0	0	1	0	0	0	0	0	1	0	0	0	1	0	1	0	0	0	0	0	0	0	0	1	0	1	0	0	0	0	0	0	1	0	0	0
chr10.s_148524073	0	0	0	0	0	1	1	0	0	0	0	1	1	1	1	0	0	0	0	0	0	0	0	0	1	1	1	0	0	1	0	0	0	0	0	1	1	1	0	0	0	0	1	0	1	0	0	0	0	1	1	0	0	0	0	1	0	0	0	0	0	0	0	1	0	0	0	0	0	1	0	1	1	0	1	0	0	1	0	1	1	0	0	1	0	0	1	1	1	0	0	1	0	1	0	0	0	0	0	0	0	0	0	1	1	0	0	0	0	0	0	0	1	1	0	0	0	1	1	1	0	0	0	0	0	0	0	0	0	1	0	1	1	0	0	1	1	1	0	0	0	1	1	0	0	0	1	0	0	0	0	0	1	0	0	0	0	0	0	0	1	1	0	0	0	0	0	0	0	0	0	0	1	0	0	0	0	0	0	0	0	0	0	1	0	0	0	0	0	0	0	0	0	0	0	1	0	0	0	0	1	1	0	0	1	0	1	0	0	0	0	0	0	0	0	0	0	0	1	0	0	1	0	0	1	0	0	0	0	1	1	1	1	0	1	1	0	0	0	1	1	0	0	0	0	0	0	0	1	0	0	0	0	0	0	0	0	0	0	0	1	0	1	0	0	1	0	0	0	1	2	0	1	0	0	0	0	0	0	1	0	0	0	0	0	0	2	0	0	0	0	1	0	0	1	0	1	0	0	0
chr2.s_190562702	1	0	1	1	0	1	2	0	1	1	1	1	2	1	0	1	1	0	2	1	0	0	1	1	0	0	0	0	0	1	2	1	2	1	1	1	0	0	0	0	0	0	2	1	2	0	0	1	0	0	1	2	1	1	0	1	0	0	0	1	1	0	2	1	1	1	2	0	0	0	1	2	1	1	2	1	0	1	1	0	2	2	2	0	1	1	0	0	2	1	0	1	2	0	1	1	0	0	1	1	1	1	1	1	2	1	1	1	1	2	2	2	1	0	1	1	0	2	1	1	1	1	0	0	1	1	1	0	0	0	0	1	2	1	1	2	1	2	1	0	0	2	1	1	1	1	0	0	1	2	1	1	1	2	2	1	1	1	0	0	2	0	0	1	1	1	1	0	0	1	1	1	0	2	1	1	0	0	1	1	1	1	0	1	2	2	1	1	2	1	1	0	1	1	1	1	0	1	1	0	0	1	0	2	2	1	1	0	1	1	1	1	0	0	2	0	2	1	0	1	1	1	1	1	1	2	1	1	1	0	2	0	1	1	1	1	1	1	0	1	1	2	1	1	0	2	1	2	1	1	1	0	1	1	1	2	1	1	1	1	0	1	0	0	0	1	0	1	1	1	2	1	0	0	1	1	0	1	1	1	1	2	1	2	0	1	2	1	0	1	1	1	2	0	2	0	0	1	1	1
chr6.s_149974278	0	0	1	0	0	0	0	1	1	0	0	1	0	1	1	2	1	0	0	0	0	1	1	0	1	0	0	0	0	0	0	0	0	0	1	1	1	0	1	0	0	0	0	0	0	0	0	1	1	1	0	0	1	0	0	0	0	0	1	0	0	0	0	0	0	1	2	0	0	0	0	0	0	0	0	1	1	1	1	1	0	0	0	0	0	0	1	0	0	0	0	0	0	0	0	0	0	0	1	1	0	0	1	0	0	1	0	1	1	1	0	1	2	1	1	0	0	0	1	0	1	1	0	1	0	0	0	0	0	0	0	1	2	0	0	0	0	0	0	0	1	0	0	0	1	0	1	1	0	0	0	0	0	0	1	0	1	0	0	0	0	0	0	0	1	0	1	1	0	1	1	0	1	0	0	0	1	1	1	0	0	0	0	0	0	0	0	0	1	1	1	1	0	0	0	0	0	0	1	0	0	0	1	1	0	0	0	0	0	0	0	1	0	0	0	0	0	0	0	0	0	0	1	0	1	0	0	1	0	0	1	0	0	0	0	1	1	1	0	0	0	0	0	1	1	0	1	0	0	1	1	0	1	0	0	1	1	1	0	1	0	0	0	0	1	0	1	0	0	0	0	0	0	0	0	0	0	0	1	1	0	0	0	1	0	1	1	0	0	1	1	1	0	1	0	0	0	0	0	1
chr2.s_26048108	0	1	2	1	2	1	1	2	2	2	1	1	2	2	0	1	1	2	2	1	0	0	0	0	1	1	1	0	0	1	1	1	1	0	1	1	1	1	2	2	2	2	1	2	0	1	1	0	0	1	2	2	2	1	2	2	1	1	1	0	0	1	2	1	1	0	1	2	2	1	2	1	1	2	1	1	1	1	2	0	1	1	2	1	0	0	0	0	1	1	0	1	2	0	1	1	0	1	2	1	2	1	1	0	1	2	2	2	1	0	1	1	0	0	1	1	2	1	0	0	0	0	1	1	0	0	1	2	1	1	0	0	1	1	2	1	0	0	1	1	1	1	1	1	0	0	0	0	0	1	0	0	0	2	1	1	1	1	1	1	0	1	2	1	1	1	1	2	2	1	0	1	1	1	2	0	1	1	0	0	2	2	1	0	1	1	2	1	2	0	1	1	2	2	2	1	1	2	2	1	0	0	0	1	1	2	1	0	1	0	2	0	1	2	2	0	1	2	1	1	0	0	1	0	2	1	2	1	1	0	1	0	1	2	1	0	1	1	1	1	2	1	1	1	1	1	1	1	0	1	0	2	2	0	1	2	2	2	0	0	2	0	1	0	1	1	2	1	2	0	0	1	0	1	1	1	1	0	1	0	0	2	0	0	2	2	1	1	1	1	0	1	2	1	1	2	0	1	2	0
chr4.s_202740357	1	0	0	0	1	0	0	0	0	0	0	1	2	1	0	0	0	1	0	0	0	0	0	0	0	0	0	1	1	0	1	0	1	0	0	0	0	0	0	0	1	1	0	1	0	0	0	1	1	0	1	2	1	1	0	0	1	0	0	0	0	0	1	1	1	0	0	0	1	0	1	0	0	1	0	0	0	0	0	0	0	0	0	0	0	0	1	1	1	1	1	0	0	1	2	1	0	0	0	0	1	1	1	0	0	0	1	0	0	1	2	1	0	0	0	0	1	0	0	0	1	1	0	0	0	0	0	0	1	0	1	0	0	1	1	0	0	0	1	0	0	0	0	0	0	0	0	0	0	1	1	1	0	1	0	0	0	1	0	1	0	0	1	1	0	2	1	0	0	0	0	1	1	0	0	0	1	1	0	0	0	1	1	0	0	1	0	0	0	0	0	1	1	2	1	0	2	1	0	1	2	0	0	0	1	2	0	0	1	0	1	0	0	1	1	0	0	0	0	0	0	0	0	0	0	1	0	0	0	0	0	0	0	0	1	0	0	0	1	0	0	1	0	1	0	1	0	1	0	0	0	0	0	1	0	0	0	1	0	0	0	0	1	0	0	0	0	0	2	0	0	0	0	0	0	0	1	0	0	1	0	1	1	0	0	1	0	0	0	1	0	0	1	0	0	0	1	1	0	0
chr1.s_193345582	0	1	1	1	1	0	0	0	0	0	0	0	0	0	0	1	1	0	2	1	0	0	1	1	0	0	0	1	1	1	0	0	1	1	1	0	0	1	1	2	2	1	0	1	0	0	0	1	1	1	0	0	0	1	1	1	0	0	0	0	0	2	0	0	0	1	1	1	1	0	2	1	0	1	0	1	1	1	1	0	0	1	1	0	0	0	0	0	0	0	0	2	1	1	0	0	0	0	0	0	2	1	1	1	0	0	2	1	1	1	0	1	1	0	0	0	0	1	0	0	0	0	0	0	1	1	2	1	1	1	0	0	0	2	2	1	0	0	2	1	0	0	1	2	1	1	0	1	0	1	1	1	2	1	1	2	1	2	1	1	1	0	1	2	1	1	0	0	0	1	1	0	0	2	1	0	1	1	0	0	1	0	0	2	1	1	0	0	0	0	0	2	1	1	1	0	2	1	0	0	0	0	1	1	0	0	1	0	0	0	0	1	0	1	0	0	1	0	0	0	1	0	1	1	0	1	2	1	0	2	0	1	1	1	1	1	0	0	0	0	2	1	1	2	1	1	0	0	0	1	1	1	0	1	1	0	0	1	1	0	1	1	1	1	0	0	0	1	0	1	0	0	0	1	0	0	0	0	1	0	0	1	0	2	0	1	0	0	1	1	1	0	0	1	1	0	0	0	0	1
chr5.s_31925209	0	0	0	1	1	1	1	1	1	2	1	1	2	1	1	0	0	0	0	0	0	0	0	0	0	0	0	0	0	2	0	0	1	0	0	0	0	0	0	0	1	1	1	1	1	1	1	1	0	0	1	1	0	1	0	1	0	0	0	0	0	1	0	0	0	0	0	0	1	1	1	1	2	2	1	1	0	1	0	1	1	0	0	0	0	0	0	0	0	0	0	0	0	0	0	0	0	0	0	1	0	0	1	1	1	0	1	0	0	2	2	1	1	1	0	0	1	1	0	0	0	0	0	0	0	0	1	1	0	0	0	0	0	1	1	1	1	1	1	1	0	1	1	0	0	0	0	1	0	0	0	0	0	0	0	0	0	1	1	2	1	1	1	1	0	1	0	1	2	2	1	1	2	1	1	1	0	0	1	1	2	0	0	1	1	1	0	0	0	0	0	1	0	1	2	2	2	1	0	1	0	0	0	0	1	1	1	0	0	0	0	0	1	1	1	0	1	2	0	0	0	0	0	0	1	1	0	0	1	0	0	0	1	0	0	1	0	0	0	1	1	1	0	2	1	1	0	1	1	0	1	1	0	0	1	0	0	0	0	0	0	0	0	0	0	1	0	0	2	0	2	0	0	1	0	1	0	0	0	1	1	1	0	1	1	0	1	1	0	1	0	1	0	0	1	1	0	1	0	1
chr1.s_306090310	1	1	1	0	0	0	0	1	1	0	0	0	1	2	0	1	1	1	0	1	1	1	1	1	1	1	1	1	1	1	1	1	0	1	1	1	1	0	1	0	0	1	0	0	0	0	1	1	1	1	0	0	1	1	1	1	1	1	1	1	1	1	1	0	0	1	1	0	0	0	0	0	0	0	0	1	1	0	1	0	1	0	0	1	1	1	1	1	1	2	2	0	0	1	1	0	1	1	1	1	0	0	0	0	0	1	0	1	1	2	1	0	0	0	1	1	1	1	1	1	1	1	1	1	1	1	1	1	1	0	1	1	1	0	0	0	0	0	0	0	1	1	1	0	1	1	2	1	1	1	1	1	0	0	1	0	1	0	0	0	0	0	0	0	1	0	1	1	0	1	1	0	1	0	0	1	1	1	1	1	1	1	1	0	0	0	0	1	1	1	1	0	0	0	0	0	0	0	1	0	1	1	1	1	1	1	0	1	1	1	1	1	1	1	0	1	0	0	1	1	1	1	1	1	2	0	0	1	1	0	1	0	1	0	0	0	1	1	1	0	0	0	0	0	1	0	1	0	0	1	1	1	1	1	1	2	1	1	1	1	0	1	0	1	2	1	1	1	0	0	0	1	1	1	1	1	1	1	1	0	1	0	1	2	0	1	1	1	1	1	2	0	0	1	1	1	1	1	1	1
chr7.s_180279185	1	0	1	1	0	0	0	1	1	0	1	1	1	1	1	0	0	1	1	2	1	2	2	2	1	1	0	2	1	1	1	0	1	1	2	1	1	1	1	1	0	0	0	0	0	0	0	0	0	0	0	0	0	1	0	0	1	0	1	2	1	2	0	0	1	0	1	1	0	0	0	0	0	0	0	0	0	1	0	1	0	0	1	0	1	2	1	0	0	0	1	2	1	1	1	2	1	1	2	1	1	2	1	1	0	1	1	2	1	0	0	0	1	2	0	0	1	1	0	0	1	2	0	1	2	1	2	2	1	1	0	1	2	0	1	1	0	0	1	0	0	1	0	0	1	1	1	2	1	0	1	1	1	1	2	2	1	0	2	1	1	1	1	0	1	0	1	1	0	0	1	0	2	0	0	0	0	1	1	1	1	0	1	1	0	1	1	0	1	0	1	1	1	0	0	0	0	0	1	1	1	0	0	2	1	2	0	2	0	0	0	1	0	2	0	0	0	1	1	0	2	1	0	2	1	1	2	2	1	2	1	2	0	1	1	2	0	1	1	0	1	0	2	0	0	1	0	0	0	0	1	1	1	2	1	2	1	0	1	0	1	1	1	0	1	1	1	1	1	2	0	1	1	1	0	0	1	0	1	1	1	0	1	1	0	1	1	0	1	1	0	1	1	0	1	0	1	1	0	0
chr4.s_23825786	0	0	0	0	0	2	2	0	0	0	0	0	1	2	1	1	1	1	0	0	1	1	0	0	0	0	0	0	0	0	0	0	0	0	0	0	0	0	0	0	0	0	1	0	1	0	0	0	0	0	0	0	1	1	1	0	0	0	0	0	0	1	0	0	0	1	1	0	0	1	0	1	1	0	1	0	0	0	1	1	0	0	0	0	0	0	0	0	0	0	0	0	0	0	0	1	1	0	0	0	0	0	1	1	1	0	0	0	1	1	1	1	1	1	1	1	1	0	0	0	0	0	0	0	0	0	0	0	0	0	0	0	0	0	0	1	1	1	0	0	1	1	0	0	0	0	0	0	0	0	0	0	0	0	0	0	0	0	0	0	1	1	0	0	0	0	0	0	0	0	0	1	1	0	0	0	0	0	1	1	1	0	0	0	0	0	0	0	0	1	1	0	0	0	1	2	1	0	0	0	0	0	0	0	0	1	1	1	0	0	0	0	0	1	0	1	0	0	0	0	0	0	1	0	2	0	0	0	0	0	0	1	0	0	0	0	0	0	0	1	0	0	0	0	0	0	1	0	2	0	1	0	0	0	0	0	0	1	0	1	0	0	0	0	0	1	0	0	1	0	1	0	0	0	1	0	0	0	0	0	0	0	0	0	0	0	0	1	1	1	0	0	0	0	0	1	0	0	1	0
chr4.s_198622627	0	1	0	1	0	0	0	1	0	1	1	1	1	2	1	1	0	1	2	1	0	1	1	0	2	1	2	1	2	2	0	1	0	1	0	0	0	1	0	1	0	0	1	1	0	2	2	1	2	1	0	1	2	0	0	0	1	0	1	0	1	1	0	1	0	1	0	1	0	0	0	0	1	1	0	0	1	0	1	0	0	1	1	0	0	0	2	2	0	1	1	1	1	1	1	0	1	1	0	0	2	1	0	0	0	0	1	1	1	1	1	0	0	0	1	0	1	0	0	0	0	1	0	1	0	1	1	1	0	0	2	1	0	0	0	0	1	1	0	1	1	0	0	1	0	0	2	1	0	0	0	0	0	0	0	1	0	0	1	0	0	0	0	0	0	0	0	0	1	0	1	1	1	1	2	0	0	1	1	0	1	1	1	1	1	1	0	2	1	1	0	0	2	1	0	0	1	0	0	2	1	1	2	0	0	1	0	1	2	1	0	0	1	2	0	0	2	1	0	0	0	0	1	0	1	0	1	0	0	0	0	0	1	1	1	0	0	0	0	0	1	0	1	1	1	0	1	0	1	1	0	1	1	0	1	1	0	2	0	1	1	0	2	0	1	1	0	0	1	0	1	1	0	1	0	1	0	1	0	0	1	0	0	0	1	0	0	1	0	1	0	0	0	1	0	0	0	1	0	0
chr5.s_175783904	2	0	0	0	0	0	0	1	0	1	1	1	0	0	1	0	0	0	0	0	1	1	0	1	1	2	2	1	1	0	0	0	0	0	1	1	2	1	1	0	0	0	0	0	1	1	1	1	1	1	0	0	0	0	1	1	1	0	0	2	2	1	0	1	0	1	1	0	0	0	0	0	0	0	1	1	1	0	0	0	1	0	0	0	0	1	0	1	0	0	1	1	1	1	0	1	1	0	0	1	0	0	1	0	1	1	0	0	0	1	0	1	1	1	1	1	0	0	0	0	0	0	0	0	2	2	1	1	2	1	0	0	0	1	0	0	1	1	0	2	0	1	1	1	0	0	0	1	1	1	1	1	1	0	1	1	1	0	0	0	0	1	1	0	0	0	0	0	1	1	1	1	0	0	0	0	0	0	0	1	0	0	1	1	1	0	2	1	1	0	1	0	1	1	0	0	0	1	1	1	1	0	1	0	0	0	1	2	2	0	0	1	1	0	1	1	0	1	0	1	1	0	1	1	0	1	0	0	1	1	0	2	1	1	1	0	0	0	1	1	0	1	0	0	1	0	1	1	1	2	2	0	0	1	0	0	1	0	1	1	0	2	0	1	0	0	2	1	0	1	0	1	1	0	1	1	2	0	0	0	0	0	2	1	1	0	0	0	0	0	0	0	1	1	0	0	2	1	1	1
chr7.s_163657109	0	0	0	2	0	1	1	1	1	0	1	0	1	2	0	2	2	1	0	0	0	1	1	1	1	1	0	1	0	0	1	0	0	0	1	1	2	2	1	1	0	0	1	0	1	0	0	0	1	1	0	1	2	1	1	0	0	0	1	2	1	0	0	0	0	0	0	1	0	1	0	1	1	0	2	0	1	0	1	0	1	0	0	0	1	2	1	0	0	0	0	0	0	0	0	0	0	1	1	1	1	1	0	1	1	1	1	2	2	1	1	0	0	0	2	2	1	0	1	1	0	1	0	1	2	1	1	0	0	0	1	1	1	0	0	1	2	2	0	0	2	1	0	0	0	0	1	2	2	0	0	0	0	0	1	2	1	0	2	1	1	2	1	0	1	1	2	2	1	1	1	1	1	0	0	1	1	2	1	1	0	1	1	0	0	0	0	1	1	0	1	1	2	1	0	1	0	1	2	1	0	1	1	0	0	1	1	2	1	1	0	2	0	2	1	0	0	0	0	1	1	0	1	1	2	0	1	0	1	0	0	1	0	1	1	0	0	2	0	1	1	0	2	1	2	0	1	0	1	2	0	0	0	0	1	1	2	1	0	0	1	1	1	0	1	2	1	1	1	1	1	0	1	0	1	1	0	0	1	1	0	0	1	0	0	1	1	0	1	0	1	0	1	1	0	1	1	0	2	0
chr6.s_120617359	0	0	0	0	0	1	1	0	0	0	0	1	0	0	0	0	0	0	1	0	0	0	0	0	0	0	0	0	0	0	0	1	0	0	0	0	0	0	0	0	0	0	0	0	0	0	0	0	0	0	0	0	0	1	0	0	0	0	0	0	0	0	1	1	0	0	0	0	0	0	1	1	0	0	0	0	0	1	1	1	0	1	1	0	0	0	0	0	0	0	0	0	1	0	0	1	1	1	1	0	0	0	0	0	0	0	0	0	0	0	0	0	0	0	0	0	0	0	0	0	0	0	0	0	0	0	0	0	0	0	0	0	0	1	0	0	0	0	0	0	0	0	0	1	0	0	0	0	1	0	0	0	0	0	1	1	0	0	0	0	0	0	0	1	1	0	0	1	1	1	0	0	0	1	1	0	0	0	0	0	0	0	0	0	1	0	1	0	0	0	0	0	0	0	0	0	0	0	0	0	0	0	0	0	0	0	0	0	0	1	0	0	0	0	0	0	2	0	0	1	0	0	1	0	0	2	0	0	0	0	0	0	1	0	0	0	1	1	0	0	1	0	0	0	1	1	0	0	0	0	0	0	0	0	1	0	1	0	1	0	0	1	0	0	0	0	0	1	0	0	0	0	0	0	0	0	0	0	0	0	1	0	0	0	0	0	0	0	0	0	0	0	1	0	0	0	0	0	1	0
chr6.s_61047763	1	0	0	1	1	1	0	0	0	0	0	2	1	2	1	2	2	1	0	0	1	1	1	1	0	0	0	0	0	0	0	1	0	1	1	0	0	0	0	0	0	1	1	2	0	0	0	0	1	2	1	1	2	2	2	2	0	1	1	1	1	1	1	1	0	0	0	1	1	2	1	1	1	1	1	1	2	2	2	1	1	1	0	0	1	1	0	0	0	1	1	1	2	0	0	1	1	1	1	0	1	1	0	0	1	1	1	0	0	0	0	0	1	2	1	1	2	2	1	1	1	1	1	1	1	1	1	1	1	1	0	1	1	1	1	1	2	1	2	0	1	1	1	0	1	1	0	0	1	0	0	1	1	1	1	1	1	1	1	1	1	1	1	2	1	1	0	1	1	1	2	0	1	1	0	0	1	1	0	0	0	1	1	1	2	1	2	1	1	0	0	1	1	1	0	1	2	1	0	1	0	1	1	1	2	0	1	0	1	1	1	1	0	0	0	0	1	0	1	1	1	0	1	1	2	2	1	1	0	1	0	0	1	1	1	2	1	1	1	2	1	0	0	1	2	1	1	0	0	2	1	0	0	1	1	1	1	2	1	0	0	1	0	0	1	2	0	1	0	0	0	1	0	0	1	1	0	1	1	1	1	1	0	0	0	1	2	0	1	1	0	2	1	2	2	1	0	0	2	0
chr1.s_277887	0	1	0	1	0	0	0	0	0	0	1	0	1	0	0	0	0	0	1	2	2	2	1	0	1	0	1	0	1	1	0	1	1	1	0	0	0	1	0	1	0	1	0	0	0	0	0	0	0	0	1	1	0	1	0	0	1	1	1	0	1	1	1	0	1	1	0	1	0	0	0	0	0	0	0	0	0	0	0	0	0	0	1	1	1	0	1	1	0	0	0	0	0	0	1	1	1	1	0	0	2	2	0	0	0	0	0	0	0	0	1	1	0	0	0	0	0	0	1	1	1	1	1	1	0	1	1	2	0	0	1	1	0	0	0	0	0	0	0	1	0	0	1	1	1	1	2	1	0	1	0	0	0	1	0	1	0	0	1	0	0	0	0	0	0	0	0	1	1	1	0	1	0	0	0	1	2	2	1	0	1	0	0	0	0	1	1	1	0	1	0	1	1	0	0	0	0	0	0	0	0	1	0	0	0	1	0	0	1	1	0	0	1	1	1	1	0	0	1	1	1	1	0	0	0	1	1	0	0	0	0	0	1	1	0	0	2	0	0	0	1	2	2	1	1	1	0	1	0	0	0	1	0	0	1	0	0	1	1	1	1	0	1	2	0	0	0	0	1	1	0	2	1	1	0	1	0	1	0	0	1	1	0	0	0	1	0	1	0	0	2	0	1	0	0	0	0	0	0	1
chr8.s_109276476	0	1	1	1	1	1	1	0	0	0	0	0	2	1	0	1	1	0	1	0	1	1	0	0	0	0	0	0	0	1	1	0	0	0	0	0	0	0	0	0	0	1	2	2	1	0	0	0	1	1	1	1	0	0	0	1	0	0	0	0	0	0	2	1	1	0	0	1	1	2	1	2	1	1	2	0	1	0	0	1	1	2	1	0	1	1	0	0	2	1	0	0	1	0	0	0	0	0	0	1	0	0	0	1	1	0	1	0	0	0	1	1	0	0	0	0	0	1	1	1	0	0	0	0	0	0	0	0	0	0	0	0	0	0	0	1	1	1	1	0	0	1	1	1	0	0	0	1	0	2	0	0	0	0	0	0	0	0	0	0	2	2	2	1	0	2	1	0	0	0	2	1	0	1	1	0	0	0	0	0	0	1	0	0	1	0	1	0	0	0	0	0	0	0	0	1	1	2	1	0	0	1	1	0	1	0	1	0	0	0	1	1	0	0	2	1	2	1	0	0	0	1	1	1	0	1	0	0	0	0	1	1	0	0	0	0	1	0	0	1	0	2	0	1	1	1	0	1	1	2	0	1	0	0	1	1	0	0	0	0	0	0	0	0	0	2	0	1	1	0	2	1	0	0	0	0	0	1	0	1	1	1	0	0	1	0	1	0	0	0	0	0	0	1	2	0	0	0	0	0
chr2.s_203398715	1	0	0	1	1	0	0	1	1	0	0	0	0	1	0	1	0	0	1	0	0	0	0	1	0	1	0	1	0	1	0	0	0	0	1	0	1	1	1	1	1	1	0	1	0	0	0	0	0	0	0	0	1	0	0	0	0	0	0	1	0	1	0	0	0	0	0	1	1	0	1	0	0	1	0	0	0	1	2	0	0	1	1	0	0	1	0	0	0	0	1	0	0	0	0	0	0	0	0	1	1	1	1	0	0	1	1	1	1	0	0	0	0	0	1	0	0	0	0	0	0	0	0	0	2	1	2	1	1	0	0	0	0	2	1	0	0	0	1	0	1	0	1	2	0	0	0	0	2	0	2	2	1	0	0	1	2	2	1	1	0	0	1	2	2	1	1	1	0	0	0	0	0	1	1	0	1	1	0	1	1	0	1	0	0	0	0	0	0	0	1	1	1	1	1	0	1	1	1	0	1	0	0	0	0	0	0	1	0	1	0	1	0	1	0	0	1	0	0	0	1	0	0	1	1	0	1	0	1	0	0	0	0	1	0	0	0	2	1	0	1	0	1	1	0	1	1	0	0	0	0	1	0	1	1	0	1	1	1	0	1	2	1	0	1	0	1	1	0	0	0	0	0	1	0	0	1	0	2	0	0	0	1	0	0	1	0	0	0	0	0	0	0	0	0	0	1	1	0	0
chr1.s_201201713	0	0	0	2	0	1	1	0	0	1	2	1	1	1	0	1	2	2	1	0	0	0	1	1	0	0	0	1	1	2	0	1	2	1	1	0	0	1	1	2	1	0	1	1	1	1	1	0	0	0	0	1	1	2	2	1	0	1	1	0	0	1	1	1	1	1	1	1	0	0	0	0	1	1	0	0	0	1	1	0	1	2	2	0	1	1	0	0	0	0	0	1	2	0	1	2	1	0	0	1	2	1	1	1	1	1	1	1	1	1	1	1	1	0	0	1	2	0	1	1	1	1	0	0	1	1	2	1	1	0	0	1	1	0	1	1	0	0	1	1	0	1	1	2	1	1	0	1	1	0	0	1	1	2	1	2	0	0	2	1	0	0	0	1	1	0	0	0	1	0	1	0	0	2	2	0	0	0	1	1	2	1	1	1	2	2	1	1	1	1	0	1	2	1	0	0	0	0	0	2	0	1	0	0	1	1	1	1	1	1	0	1	0	1	0	0	1	1	0	0	1	0	1	1	1	2	2	1	0	1	0	1	0	2	1	1	1	1	0	1	1	0	2	1	0	2	1	1	0	0	0	1	0	1	2	1	0	1	0	1	1	0	1	0	0	1	0	0	1	1	1	0	0	2	2	1	0	1	0	0	0	1	1	1	1	0	1	0	2	0	1	0	1	0	1	1	0	1	1	1
chr7.s_76565869	2	2	1	0	1	0	0	0	0	1	2	0	0	1	0	2	1	0	1	0	0	0	1	1	1	1	1	0	0	1	1	1	2	2	1	1	1	1	1	1	1	1	0	0	0	2	2	2	1	1	1	1	2	1	1	1	1	1	1	0	0	0	2	1	2	2	1	1	1	1	1	1	1	1	0	2	1	0	1	1	0	2	2	1	0	0	1	1	1	1	1	0	0	1	2	2	2	1	0	0	1	1	1	0	1	1	1	1	0	1	0	1	1	0	2	1	1	1	1	0	2	1	1	1	0	0	0	1	2	1	2	2	1	1	1	1	0	0	0	1	2	1	0	1	2	1	1	0	0	2	1	1	0	2	1	1	0	0	1	1	1	0	0	0	0	0	0	1	2	2	0	0	0	1	1	1	1	0	1	1	1	1	1	0	0	1	0	1	0	2	1	1	1	1	1	1	0	0	0	2	2	1	1	1	1	1	1	1	1	1	2	1	0	0	0	1	2	2	1	0	0	0	0	1	1	1	1	1	0	1	0	1	1	1	1	1	2	0	2	1	1	1	1	0	1	1	1	0	0	0	1	1	0	2	0	1	0	2	1	1	1	1	1	0	0	1	1	1	0	1	1	0	1	1	0	0	2	2	0	0	1	1	1	2	2	0	1	2	0	0	2	1	1	0	1	0	2	2	0	2
chr6.s_8566385	0	0	0	1	0	0	0	0	0	0	0	0	0	0	0	0	0	0	0	0	0	0	0	0	0	0	0	0	0	1	0	0	1	0	0	0	0	1	0	1	0	1	0	0	0	0	0	0	0	0	0	0	0	1	0	0	0	0	0	0	0	2	0	0	0	0	0	1	0	0	0	0	0	0	1	0	0	0	0	0	0	0	0	0	0	0	0	0	0	0	0	0	0	0	0	0	0	0	0	0	1	1	0	0	0	0	0	0	0	0	0	1	1	1	0	0	0	0	0	0	1	1	0	0	0	0	1	1	0	0	0	0	0	0	0	0	0	0	0	0	0	0	1	1	0	0	0	0	0	0	0	0	0	0	0	1	0	0	1	0	0	1	1	0	0	0	0	0	0	0	0	0	0	0	0	0	1	1	0	0	1	1	1	1	1	1	1	1	1	0	0	0	1	0	0	0	0	0	0	1	0	0	0	0	1	0	0	0	0	0	0	0	0	1	0	0	0	0	0	0	0	0	0	0	0	1	1	0	0	0	0	0	0	1	1	0	0	0	0	0	1	0	1	0	0	0	0	0	0	1	1	1	0	0	1	1	0	0	0	0	1	0	1	0	0	1	0	0	0	0	0	1	0	1	0	1	0	0	0	0	0	0	0	0	0	1	0	0	0	0	0	0	0	0	0	0	0	0	0	1
chr1.s_281613759	2	1	1	1	2	0	0	0	0	0	0	0	1	2	0	2	1	1	2	1	0	0	1	1	0	0	0	1	1	1	0	0	1	1	2	1	2	2	1	1	1	1	0	1	0	0	0	1	2	2	1	0	1	1	0	0	0	1	1	0	0	1	0	2	1	0	0	2	2	1	2	1	0	1	0	0	1	1	2	0	0	1	2	0	0	0	1	1	0	0	1	1	1	2	2	1	0	0	0	1	1	2	1	1	0	0	1	0	0	1	1	0	0	0	2	1	1	1	0	0	1	1	1	1	1	1	2	1	1	2	1	1	1	2	1	0	0	0	2	0	2	0	0	1	1	1	0	0	0	0	2	2	2	2	1	2	2	2	2	2	0	1	2	2	1	1	0	1	1	1	1	0	1	1	2	1	0	0	1	1	1	0	1	1	1	1	1	0	0	0	2	2	1	1	1	0	2	1	0	1	2	0	1	1	1	2	0	0	0	0	1	1	0	2	0	0	2	0	1	0	1	0	1	0	2	2	1	1	0	2	0	2	0	1	1	1	0	0	2	0	1	0	1	2	2	2	1	0	0	1	0	2	0	2	2	1	0	1	1	0	1	1	2	0	0	1	1	1	1	1	0	1	1	1	0	0	1	0	1	0	1	1	1	0	1	0	1	0	1	1	0	0	1	1	0	0	2	1	0	1
chr2.s_3072132	0	0	1	0	0	0	0	0	0	0	0	1	2	1	2	1	1	1	0	0	0	0	0	0	0	0	0	1	1	1	1	0	0	0	0	1	0	0	0	0	0	0	0	0	0	0	0	1	1	1	1	1	0	0	0	0	0	0	0	0	0	0	1	0	1	0	1	0	0	0	0	0	0	0	0	1	1	1	0	1	0	0	0	0	1	1	0	0	1	1	0	1	1	0	0	0	0	1	2	0	0	1	0	0	0	0	0	0	0	2	2	1	1	1	0	0	0	0	1	1	0	0	0	0	0	0	0	0	0	0	0	1	2	0	0	0	0	0	0	1	0	0	0	0	0	0	0	0	0	2	0	0	0	0	1	0	0	0	0	0	0	0	0	0	0	0	0	0	0	1	1	1	2	1	1	1	0	0	1	1	1	1	0	1	1	1	1	0	1	1	1	0	0	0	1	1	0	1	1	0	0	1	1	1	0	1	0	0	0	0	1	1	0	1	2	0	1	0	0	0	0	0	1	1	1	0	0	1	0	0	1	1	1	0	0	1	0	0	0	0	1	2	0	1	1	0	0	1	1	1	1	0	1	0	1	1	0	0	0	1	0	0	0	1	0	0	0	0	1	0	1	0	0	0	0	0	0	0	0	1	1	1	0	1	0	1	1	1	0	1	0	1	0	1	1	0	0	0	0	0
chr3.s_226295533	1	0	0	0	0	0	0	0	0	0	0	0	1	0	0	0	0	0	0	0	0	0	0	0	1	1	1	0	0	0	0	0	0	0	0	1	1	1	0	0	0	0	0	0	0	0	0	0	0	1	2	2	1	1	0	0	1	1	1	0	0	0	0	0	0	0	0	0	0	0	0	0	0	0	0	1	1	0	0	1	0	0	0	1	0	0	0	0	0	0	0	0	0	0	0	0	0	0	0	0	0	0	0	0	0	0	0	0	0	0	1	1	0	0	0	0	0	0	0	0	0	0	0	0	0	0	0	0	0	0	0	1	1	0	0	0	0	0	0	0	0	0	0	0	0	0	0	0	0	0	0	0	0	0	0	0	0	0	0	0	0	0	0	0	0	0	0	0	0	0	0	1	0	1	0	0	0	0	1	1	1	0	0	0	0	0	1	0	0	0	1	0	0	0	1	1	1	0	0	0	0	0	0	0	0	0	0	0	0	0	0	0	0	0	1	0	0	0	1	1	0	0	0	1	0	1	0	0	0	0	0	0	0	0	1	0	0	0	0	0	0	1	0	0	0	0	0	1	0	0	0	0	0	0	0	0	1	0	0	0	1	0	0	0	0	0	1	0	1	0	0	1	1	0	0	0	1	0	0	0	0	1	0	0	0	0	1	1	0	1	0	0	1	0	1	0	1	0	1	0
chr5.s_95617989	0	0	0	0	0	0	0	1	1	0	1	0	2	1	0	0	1	1	0	1	0	0	0	0	0	0	0	0	0	1	0	0	1	0	1	0	1	0	2	1	1	0	0	0	0	0	0	0	0	1	2	1	0	1	1	0	1	1	1	0	0	0	0	0	2	0	0	0	0	0	0	0	0	0	0	1	1	1	1	0	0	0	1	0	0	0	0	0	0	0	0	1	0	1	1	1	0	0	0	1	0	0	0	0	0	1	0	1	2	1	2	1	0	0	1	2	1	0	0	0	1	1	0	0	0	0	0	0	0	1	0	1	1	1	0	0	0	0	0	1	0	0	0	0	0	0	0	1	0	0	0	1	2	1	0	0	2	1	0	0	0	1	1	1	2	0	1	2	1	1	1	1	1	1	0	0	0	0	0	0	1	0	0	2	1	2	1	0	0	0	1	0	1	1	1	1	1	0	1	0	0	0	0	0	1	2	0	0	1	0	0	0	0	1	1	0	0	0	2	0	1	1	0	1	1	0	0	0	0	1	0	2	0	0	1	0	0	1	0	0	0	1	1	0	1	2	0	1	0	0	0	0	0	0	0	1	1	0	2	0	0	1	0	1	1	1	1	0	2	2	1	1	1	0	1	0	0	0	2	0	1	1	0	0	0	0	0	1	1	1	1	1	1	0	1	1	0	0	1	0
chr3.s_65425471	0	0	1	1	0	0	0	0	1	1	0	0	2	1	0	0	0	0	0	0	0	0	1	1	1	1	1	1	1	0	1	0	1	1	1	2	1	1	0	0	0	0	0	0	0	0	0	1	2	2	2	1	0	1	0	0	1	1	1	0	0	0	0	0	2	1	2	0	0	0	0	0	1	1	0	1	2	1	1	0	0	1	1	1	0	0	1	1	0	0	0	1	1	0	1	1	0	0	1	1	0	1	0	0	0	0	1	1	0	0	1	2	1	0	1	1	1	1	1	1	1	1	0	0	0	0	0	0	0	0	1	0	1	0	1	1	1	1	0	0	1	0	1	1	1	1	0	0	1	1	0	1	1	1	1	0	1	1	0	0	0	0	0	1	1	1	1	0	0	0	1	2	0	1	1	0	0	0	1	1	1	0	0	1	1	2	1	0	1	0	1	1	1	1	1	1	0	0	0	0	0	1	1	2	1	1	0	0	1	1	0	0	0	0	1	1	0	0	1	0	0	0	1	0	0	1	1	1	1	0	1	1	0	0	0	1	0	1	0	0	0	2	0	0	1	1	0	1	0	1	0	0	1	1	1	1	0	0	0	0	1	0	1	0	0	0	0	0	1	0	0	0	1	1	0	0	0	1	1	1	0	1	0	0	0	1	0	1	0	1	0	0	1	1	0	1	1	1	0	0
chr3.s_136601947	0	0	0	0	0	1	1	1	1	1	1	0	0	0	0	0	0	0	1	0	1	1	1	1	1	1	1	1	1	1	0	1	0	0	1	0	1	0	2	1	1	1	0	0	1	2	2	1	1	1	0	1	1	0	1	1	0	1	1	1	1	0	0	2	0	0	0	0	0	0	0	0	0	0	1	1	1	0	0	1	0	1	1	2	1	1	2	2	1	1	1	0	1	1	1	0	0	0	0	1	0	0	0	0	0	1	0	1	1	1	0	0	0	0	0	0	0	0	1	1	1	1	1	1	2	2	1	0	0	0	0	1	1	1	0	0	0	0	0	2	0	0	0	1	1	1	2	1	1	0	0	0	0	1	0	0	1	0	0	0	0	0	0	0	1	0	1	2	2	2	1	0	0	1	2	1	1	1	1	1	0	0	0	0	1	0	1	0	0	0	1	0	0	0	0	0	0	0	1	1	1	0	2	0	0	0	1	2	1	0	0	1	1	0	0	1	1	1	0	1	1	1	2	1	0	1	0	0	1	0	1	0	1	0	0	0	1	1	0	0	0	0	0	0	2	0	1	1	0	2	1	0	0	0	0	0	1	0	1	1	1	2	1	2	2	0	2	1	0	0	1	1	0	1	1	2	1	0	1	0	0	1	0	1	1	0	1	0	0	0	1	0	0	1	0	0	0	0	0	2
chr2.s_17745350	0	0	0	1	2	1	1	0	0	0	0	0	0	0	0	0	0	1	0	0	1	0	1	1	1	1	1	1	1	0	0	0	0	0	0	0	0	1	0	1	1	1	0	0	0	0	0	0	1	1	0	0	0	1	0	0	1	1	0	0	0	0	0	1	1	1	1	2	2	1	1	0	1	1	0	0	1	1	1	1	0	0	1	2	1	0	0	0	1	0	0	0	0	0	0	1	1	0	0	0	1	2	2	1	0	0	0	0	0	1	1	1	1	0	0	0	0	1	1	2	1	1	2	1	0	0	0	0	0	0	0	0	0	2	2	1	1	1	1	0	0	0	1	1	1	2	0	0	0	0	0	0	0	0	1	2	1	2	1	1	1	0	0	1	1	1	1	0	0	0	2	0	0	0	1	1	1	1	0	0	0	0	0	0	0	0	0	0	0	0	0	1	1	1	1	0	0	0	0	1	1	1	1	1	1	0	0	0	0	0	1	0	1	1	0	2	1	0	0	1	0	1	2	0	0	1	2	1	0	1	1	0	0	1	0	1	0	0	0	0	1	0	1	0	1	1	0	0	0	1	0	0	0	1	1	0	0	0	1	0	2	1	1	1	0	0	1	0	0	0	0	0	0	0	0	1	1	0	1	1	1	0	0	0	0	1	0	0	1	0	0	0	0	2	0	0	0	1	0	0
chr10.s_59269573	0	0	0	0	0	1	0	0	0	0	0	1	0	0	1	0	0	1	1	0	0	0	0	0	0	0	0	1	1	1	1	1	1	0	0	0	0	0	0	0	0	0	0	0	0	0	0	0	0	0	0	0	0	0	0	1	0	0	0	1	1	0	1	0	0	0	0	0	0	1	0	0	1	0	0	0	0	1	0	1	1	1	2	0	0	0	0	0	1	1	0	1	1	0	0	0	0	0	0	0	0	0	0	0	0	0	0	0	0	0	0	0	1	1	0	0	0	1	0	0	0	0	0	0	0	0	0	0	0	0	0	0	0	0	0	0	1	0	1	1	0	1	2	2	0	0	0	0	1	2	1	0	0	0	0	0	0	0	0	0	0	2	1	0	0	0	0	0	0	0	0	0	1	1	1	0	0	0	0	0	0	1	0	0	0	0	0	0	0	1	0	0	1	1	0	1	0	1	1	0	0	0	0	0	1	0	0	0	1	1	1	0	0	0	1	0	1	1	0	1	0	0	0	0	0	0	0	0	0	0	0	1	0	0	0	1	0	1	0	1	0	1	0	0	0	0	1	0	0	0	0	0	0	0	0	0	1	0	0	1	0	0	0	1	0	1	0	0	0	0	1	0	0	0	0	0	0	0	0	1	0	0	0	0	0	0	1	0	0	0	0	2	1	0	1	0	0	0	1	0
chr5.s_219161716	0	2	1	0	0	0	0	0	0	0	0	1	1	1	0	0	0	0	0	0	0	0	0	1	0	1	0	1	0	0	0	1	0	1	0	0	0	0	1	1	1	0	0	0	0	0	0	0	1	1	0	0	0	0	0	0	0	0	0	1	0	0	0	0	0	1	0	0	0	0	0	0	0	0	1	1	2	1	1	0	0	0	0	0	0	1	0	0	0	0	0	0	0	0	0	0	1	1	0	0	0	0	0	0	0	0	1	1	0	1	1	0	0	0	0	0	0	0	0	0	0	0	0	0	2	1	1	0	0	0	1	1	0	1	0	0	0	0	0	1	0	0	0	0	0	0	0	0	1	0	0	1	1	0	0	0	0	0	0	0	0	0	0	1	1	0	0	1	1	1	1	0	1	0	0	0	0	0	0	1	0	0	0	0	0	0	0	1	0	1	0	0	0	0	0	0	1	0	0	1	0	1	1	0	0	1	0	1	0	1	0	1	0	1	0	0	0	0	0	0	1	0	1	1	1	0	0	0	1	0	0	0	1	0	0	0	0	0	0	0	1	0	0	0	2	0	0	0	0	2	0	1	0	0	0	1	0	0	1	0	0	2	0	1	0	1	0	1	0	0	0	0	0	0	0	0	0	1	0	0	0	0	0	0	1	0	0	1	0	1	0	1	0	1	0	0	0	0	0	0
chr7.s_48347491	1	0	0	0	1	0	0	0	0	0	0	0	1	0	1	0	0	0	0	0	0	0	0	0	0	0	0	0	0	1	0	0	1	0	0	0	0	0	1	1	2	1	1	2	0	1	1	1	0	1	2	2	1	1	0	0	0	1	1	0	0	1	0	0	1	1	1	0	1	0	1	0	0	1	0	1	0	0	0	0	0	1	0	1	0	0	0	0	0	0	0	0	0	0	1	2	1	0	0	0	0	1	2	1	1	1	1	0	0	1	1	2	1	0	1	1	1	1	1	1	1	1	0	0	0	0	1	1	0	0	0	0	0	2	2	1	1	1	1	0	1	1	0	0	0	0	1	0	0	0	0	0	0	2	0	0	0	1	0	1	1	0	1	1	0	1	0	0	0	1	0	2	0	0	0	0	1	1	0	0	1	0	0	0	0	1	0	0	0	0	0	1	0	1	1	0	1	1	0	0	0	1	1	1	1	1	0	0	0	0	0	0	0	0	1	0	1	0	1	0	0	0	0	0	0	1	1	0	0	0	0	0	1	1	0	0	0	0	0	1	1	1	0	1	0	2	0	1	1	0	1	1	0	0	2	0	0	0	1	0	1	1	0	0	0	0	0	0	1	0	0	0	0	2	0	0	0	1	0	0	1	2	0	2	0	1	0	0	1	0	1	0	1	0	0	0	0	0	0	1
chr1.s_38584910	0	0	0	1	0	1	1	0	0	0	0	1	1	1	0	0	0	0	0	0	0	0	0	0	0	0	0	0	0	0	0	0	0	0	1	0	1	0	1	0	0	0	0	0	0	1	1	0	0	0	0	0	0	0	0	0	0	1	1	0	0	0	0	0	0	1	1	0	0	0	0	0	0	0	0	1	1	0	0	0	0	1	0	0	0	0	0	0	0	0	0	0	0	0	0	0	0	0	0	1	0	0	0	0	0	0	0	0	0	0	0	0	0	0	0	0	0	0	0	0	0	0	0	0	0	0	0	0	0	0	0	0	0	0	0	0	0	0	0	0	0	0	1	1	0	0	0	1	0	0	0	0	0	0	0	0	1	0	0	0	0	0	0	0	0	0	0	0	0	0	0	0	0	0	0	0	0	0	0	0	0	0	0	0	0	0	0	0	0	0	1	0	0	0	0	0	0	0	0	0	0	0	1	0	0	0	0	0	0	0	0	0	0	0	0	0	0	0	0	0	0	0	1	0	0	0	0	0	0	0	0	0	0	0	1	0	0	0	0	0	0	0	0	0	0	0	0	0	0	0	0	0	0	0	0	0	0	0	0	0	0	0	0	0	0	0	1	0	0	0	0	0	0	0	0	1	0	1	0	0	0	0	0	0	0	0	0	0	0	0	0	0	0	1	0	0	0	0	0	1
chr3.s_190377314	0	1	0	1	0	0	0	0	0	1	2	0	1	1	0	0	1	1	0	1	1	0	1	2	0	1	0	1	0	0	0	1	0	2	1	0	0	1	0	1	0	1	0	0	0	1	1	1	0	0	0	0	0	1	1	0	1	1	0	1	0	1	0	0	1	2	1	1	0	0	1	1	0	0	0	2	1	0	0	0	0	0	0	1	1	1	0	0	0	0	0	0	0	0	0	1	2	1	0	0	1	1	1	0	1	1	0	0	1	2	1	0	0	1	0	1	1	1	1	1	1	0	1	0	1	0	0	1	0	0	1	1	0	0	1	1	0	0	1	1	0	1	0	0	2	2	0	0	2	0	0	0	0	0	0	1	0	0	1	0	1	0	0	0	0	0	0	1	2	2	0	0	1	0	0	1	1	0	0	1	0	0	0	0	0	0	0	1	0	1	0	0	1	0	0	0	0	0	0	1	0	1	0	1	0	1	0	1	0	2	0	1	1	2	0	1	0	1	1	1	1	1	0	1	1	0	2	1	1	1	0	0	1	2	0	1	1	1	0	1	2	0	2	0	1	1	0	0	0	0	2	0	0	1	0	0	0	0	1	0	1	1	1	1	0	0	0	2	1	1	0	0	1	0	1	1	0	1	0	0	1	0	0	1	1	0	0	1	1	0	1	0	0	0	0	1	0	0	1	1
chr4.s_34700989	0	0	0	1	0	0	0	1	1	1	0	0	1	1	0	0	0	0	1	1	0	0	0	0	0	0	0	0	0	0	1	1	0	1	1	0	0	0	1	1	1	0	0	0	1	1	1	0	0	0	0	0	0	0	0	0	0	0	0	0	0	0	0	0	0	0	0	0	0	0	0	0	0	0	0	0	0	0	0	0	1	0	0	0	0	0	0	0	0	0	0	0	0	0	0	0	0	0	0	1	0	0	0	0	1	1	0	0	1	0	0	0	0	0	0	0	0	0	0	0	1	1	0	0	0	0	0	1	0	0	0	0	0	1	1	1	0	0	0	0	0	0	0	0	0	0	1	1	0	1	0	0	0	0	1	1	0	0	0	0	1	1	1	0	0	0	0	1	1	1	0	0	1	0	0	0	0	0	0	0	0	1	1	0	0	0	0	0	0	0	0	1	0	0	0	0	0	0	0	1	0	0	1	0	1	1	0	0	0	0	0	0	1	1	0	0	0	0	0	0	0	0	0	0	1	0	1	0	1	0	0	0	0	1	0	0	0	0	0	1	0	1	0	0	1	0	1	1	0	0	0	0	0	0	0	1	0	0	1	0	0	1	0	0	0	1	0	0	0	0	0	1	0	0	1	0	0	0	0	0	0	0	1	0	0	0	0	0	0	0	0	0	0	0	0	1	0	0	0	1
chr8.s_87466946	1	0	1	1	0	0	0	1	1	0	1	1	0	1	0	1	0	0	2	1	0	0	0	0	1	1	1	0	0	0	0	1	2	0	0	1	0	1	0	1	0	0	0	0	1	0	1	0	0	1	1	0	1	1	1	1	0	1	1	1	1	0	0	1	1	0	1	1	0	0	0	0	0	0	1	1	1	0	1	0	1	1	2	1	0	0	0	0	0	0	0	1	2	0	1	1	0	0	1	0	1	2	0	1	1	2	1	2	1	1	1	0	0	0	1	0	0	0	0	0	1	1	1	1	1	1	1	0	1	0	0	0	1	0	0	0	0	0	0	1	2	0	1	2	0	0	0	0	1	1	1	0	0	1	1	1	0	0	1	0	0	0	0	0	1	0	1	1	0	0	0	0	0	2	2	1	1	1	1	1	1	0	0	1	2	2	1	1	2	1	1	1	1	0	1	1	0	0	1	0	0	0	0	1	1	1	1	0	0	1	1	0	0	1	0	0	1	0	1	0	1	0	0	0	1	2	1	1	0	0	1	0	0	2	0	0	0	2	0	1	1	1	2	1	0	1	2	1	0	1	0	0	1	0	0	1	1	1	0	1	2	0	1	1	1	0	0	0	1	1	0	0	0	0	1	0	0	0	1	0	0	0	1	0	0	2	0	1	1	1	0	0	1	1	0	0	0	0	0	1
chr10.s_6378039	0	0	0	0	0	2	2	0	0	1	2	2	0	0	1	1	1	1	2	2	1	1	2	1	2	1	2	1	2	2	0	0	0	0	1	0	1	0	1	0	0	0	2	2	1	1	1	0	0	1	1	0	0	0	0	1	1	2	2	0	1	1	0	1	0	0	0	0	0	1	0	1	1	1	1	1	1	1	0	1	2	1	2	2	1	0	2	2	0	0	0	0	1	1	1	1	1	0	0	2	0	0	1	1	1	0	1	0	0	1	1	0	1	1	0	0	0	2	1	1	1	1	1	1	0	1	1	1	0	0	1	0	0	0	0	1	1	1	2	2	1	2	2	2	2	2	1	1	1	1	0	0	0	1	0	0	1	0	1	1	1	2	2	1	0	2	1	1	2	1	0	0	2	1	2	1	1	1	1	0	1	1	1	0	1	0	1	0	0	0	1	1	0	0	0	1	1	2	1	2	0	0	0	1	1	1	1	0	1	1	0	1	1	1	1	1	1	1	2	2	1	1	1	1	1	1	0	0	0	0	0	1	1	0	0	2	1	1	0	1	0	1	1	1	1	0	0	0	1	0	0	2	0	1	1	1	1	0	1	1	1	0	1	2	0	2	2	0	1	1	2	1	1	1	0	2	1	0	0	2	1	1	1	0	2	0	2	0	0	0	2	2	1	0	2	0	0	0	1	2
chr2.s_48653153	0	0	0	0	0	0	0	0	0	0	0	0	0	0	0	1	1	0	0	0	1	1	0	0	0	0	0	0	0	0	0	1	1	0	0	1	1	1	0	0	0	0	0	0	0	0	0	1	1	0	0	0	0	0	0	0	0	1	1	0	0	0	0	1	1	0	0	0	0	0	0	0	0	0	0	0	0	0	0	0	1	1	0	0	0	0	1	1	0	0	0	0	1	1	2	1	0	0	0	0	0	0	0	0	0	0	0	0	1	0	0	0	0	0	0	0	0	0	0	0	0	0	0	0	0	0	0	0	0	0	1	1	1	0	0	0	0	0	0	1	1	0	0	0	0	0	0	0	0	0	0	0	0	1	0	0	0	0	0	0	0	0	0	0	0	1	1	1	1	1	0	0	0	1	0	0	0	0	0	0	1	0	0	0	1	1	1	0	0	1	0	0	0	0	0	0	1	0	0	0	0	0	0	0	0	1	0	1	0	0	0	1	0	0	0	0	0	0	0	0	0	0	0	0	0	1	0	0	0	0	0	0	0	0	0	0	0	0	0	0	0	0	0	0	1	1	0	0	0	0	0	0	0	0	0	0	0	0	0	1	0	0	1	1	0	0	0	0	0	0	0	0	1	0	0	0	0	1	0	1	0	0	1	0	0	0	1	0	0	1	1	0	1	0	0	0	1	0	0	1
chr9.s_131429215	0	1	1	0	1	1	1	0	0	0	0	0	0	1	0	1	0	1	1	1	1	0	1	2	0	1	0	2	1	0	0	0	0	1	2	0	1	0	1	0	0	1	0	0	0	0	0	0	0	0	0	0	1	0	0	0	1	1	0	2	1	0	1	0	0	0	0	1	1	1	0	0	0	0	1	0	0	0	1	0	0	1	2	1	1	1	0	0	0	0	0	1	1	0	0	0	0	0	0	1	0	0	0	0	0	0	0	0	0	0	0	0	0	0	2	1	0	0	0	1	0	0	1	0	1	0	0	0	0	0	0	0	0	0	0	0	0	0	1	0	1	0	0	1	1	2	0	0	1	0	0	0	0	0	1	1	1	0	0	0	0	0	0	0	0	0	0	0	0	0	0	0	0	1	1	1	0	0	0	1	0	0	0	0	0	0	0	0	0	0	2	0	0	0	0	0	0	0	0	0	0	0	0	0	0	0	0	1	0	0	0	1	1	0	0	1	1	0	1	1	1	1	1	1	1	0	0	1	1	1	0	1	0	0	0	1	1	0	0	0	0	0	0	0	0	0	1	0	0	1	0	1	0	1	0	0	0	1	1	0	0	1	0	1	0	0	1	1	0	0	0	0	1	0	0	2	0	0	0	0	1	0	0	0	1	0	0	0	0	0	1	0	0	0	0	0	0	0	0	0
chr5.s_62840213	1	0	0	1	1	0	0	0	0	0	1	0	0	0	0	1	1	0	0	0	1	1	0	0	0	0	0	0	0	0	0	0	0	0	0	0	0	1	0	1	0	1	0	0	0	0	1	1	0	0	0	1	1	0	0	0	0	0	0	1	1	0	0	0	0	0	0	2	1	1	0	0	0	0	0	1	0	0	0	0	0	0	1	0	1	1	0	0	0	0	0	0	0	0	0	0	0	1	1	0	2	1	0	0	0	0	1	1	0	1	0	0	0	0	1	1	0	0	0	0	0	0	1	1	0	0	0	0	0	1	0	1	1	0	0	0	0	0	0	0	0	0	0	0	0	0	0	0	0	0	1	0	0	0	0	1	0	0	1	0	0	0	0	0	0	0	0	0	0	1	0	0	0	0	0	0	1	1	0	0	0	1	1	0	0	0	0	0	0	0	0	0	1	0	0	0	0	0	0	1	0	0	0	0	0	0	0	1	0	0	1	1	0	1	0	0	1	0	0	0	0	0	0	0	0	0	1	0	0	0	0	1	0	1	0	0	0	0	1	0	1	0	2	0	0	0	0	0	0	0	1	0	1	0	0	1	0	1	0	0	1	0	1	0	0	1	0	0	0	1	0	0	0	0	0	0	0	0	0	0	1	0	0	1	0	1	0	0	0	0	0	0	0	1	0	0	0	0	0	0
chr2.s_239626760	0	0	1	2	0	2	2	1	2	1	1	2	2	2	1	1	0	1	2	1	1	1	0	0	0	0	0	1	1	1	0	1	1	0	0	1	0	1	0	1	0	1	1	0	2	0	0	1	1	2	2	2	2	1	1	2	0	1	1	1	1	1	1	0	1	0	1	1	0	1	1	2	1	0	2	2	2	2	2	1	1	2	2	0	0	0	0	0	0	0	0	2	1	1	0	1	1	1	2	1	2	2	0	2	2	2	1	2	1	2	2	2	2	1	2	1	1	1	0	0	1	1	0	0	1	1	1	1	1	1	0	0	1	1	0	1	1	1	0	1	1	1	2	2	0	0	0	1	0	1	1	1	2	1	2	2	1	1	2	1	1	1	0	1	2	0	1	2	1	2	1	1	2	2	2	1	1	1	1	1	1	0	0	2	1	1	1	1	2	1	1	0	2	1	1	2	1	1	2	0	0	0	1	1	2	1	2	1	1	0	0	0	0	2	2	0	1	1	1	0	1	0	2	1	2	1	1	1	1	1	1	1	0	2	1	1	1	1	0	2	1	2	2	0	2	0	2	2	1	2	1	0	1	0	0	2	1	2	1	1	1	1	1	1	1	2	0	1	2	2	2	1	0	0	1	1	0	1	2	1	0	2	0	1	0	2	1	1	1	2	1	1	0	1	2	0	0	0	0	1
chr3.s_212497299	0	0	0	0	0	0	0	0	1	1	0	0	1	0	0	0	1	1	0	0	0	0	0	0	0	0	0	1	1	0	0	0	0	0	0	0	0	0	0	0	0	0	0	0	0	0	0	1	1	1	1	2	1	1	1	0	0	1	1	0	0	0	0	0	0	0	0	0	0	0	0	0	0	0	1	1	1	0	0	0	0	0	0	0	0	0	0	0	0	0	0	0	0	0	0	0	0	0	0	0	0	1	0	0	0	0	0	0	0	1	1	1	0	0	1	2	1	0	0	0	0	0	0	0	0	0	0	0	1	0	0	0	0	1	0	0	0	0	1	0	0	0	0	0	1	1	0	1	0	0	0	0	0	0	0	0	0	0	1	1	0	1	1	0	0	0	0	0	0	1	2	1	0	0	0	0	1	1	0	0	1	0	0	1	1	1	0	1	1	0	0	1	1	1	0	0	0	0	0	1	0	0	1	0	0	0	0	0	1	0	0	0	0	0	1	0	0	0	0	1	0	0	1	1	0	0	0	0	1	0	0	0	0	0	0	0	0	0	0	0	0	1	0	0	1	0	1	1	0	2	1	0	0	0	0	1	1	0	1	0	0	1	0	0	0	1	0	0	1	0	0	0	0	0	1	0	0	0	0	0	0	1	0	1	0	1	0	0	1	0	0	1	1	1	1	1	0	0	2	1
chr9.s_17523246	1	1	0	0	1	0	0	0	0	0	0	0	1	0	0	0	1	1	0	1	2	2	1	0	1	0	1	0	1	0	0	1	1	1	0	0	0	0	0	0	0	1	1	1	0	0	0	1	0	0	1	1	0	1	1	1	1	1	1	0	1	0	0	0	1	1	0	1	1	1	0	0	0	0	0	1	0	0	0	0	1	0	0	1	1	0	1	1	0	0	1	1	1	0	1	1	1	2	1	0	0	0	0	0	1	1	0	0	0	1	1	1	0	0	0	1	1	1	1	1	1	1	2	2	0	1	0	0	1	1	1	1	0	1	0	0	0	0	0	0	0	1	1	0	1	1	1	1	0	1	1	1	0	1	0	0	0	0	0	0	0	0	0	0	0	0	0	0	0	1	0	1	0	1	0	1	1	1	1	0	0	0	1	1	1	2	0	1	0	1	0	0	1	1	0	0	0	0	0	0	1	1	0	0	1	1	0	0	2	1	1	0	1	0	1	1	0	0	1	2	1	1	0	0	0	0	0	0	0	0	0	0	1	1	0	0	1	0	2	1	0	2	0	0	0	1	0	1	0	0	1	0	0	1	0	0	1	0	2	1	0	1	0	1	0	0	0	0	1	0	0	1	1	0	1	1	1	1	0	0	1	1	1	1	0	0	1	1	1	0	2	0	2	0	1	1	1	1	2	1
chr3.s_80406366	2	1	0	1	1	1	0	2	1	0	1	1	1	1	0	0	1	1	1	2	2	2	1	1	1	1	1	1	1	2	1	2	1	1	1	0	1	1	2	2	1	0	0	0	1	1	1	0	0	0	0	1	1	1	2	1	1	1	1	1	1	1	1	1	0	1	0	2	1	2	0	0	1	0	1	0	0	0	0	1	1	0	1	1	1	1	2	2	2	2	2	0	0	1	1	0	1	2	1	1	1	1	0	1	1	2	0	1	2	1	1	0	0	0	0	1	1	0	1	1	1	1	1	1	2	2	2	2	1	0	1	1	0	1	0	0	1	0	0	1	0	0	1	1	1	1	2	1	1	1	2	1	0	1	1	2	1	0	2	1	0	1	0	0	1	0	1	2	1	1	0	0	1	0	1	2	2	2	1	1	1	2	2	0	0	0	0	2	1	2	1	0	1	0	0	1	1	0	1	1	2	1	1	0	0	1	1	2	1	1	1	1	2	2	0	1	0	0	1	2	2	2	0	1	1	0	1	0	1	0	1	0	1	2	0	0	1	1	1	2	1	0	2	1	1	0	1	1	0	1	0	1	1	1	1	1	2	0	2	2	1	2	2	2	2	2	2	1	1	1	1	1	1	1	2	1	2	1	1	0	1	1	2	0	0	1	0	1	2	1	1	1	1	0	0	1	1	1	2	2
chr9.s_147124141	0	0	0	0	0	0	0	0	0	0	0	0	0	0	1	0	0	0	0	0	0	0	0	0	0	0	0	0	0	0	1	0	0	0	0	0	0	0	0	0	0	0	0	0	0	0	0	0	1	1	0	0	0	0	0	0	0	0	0	0	0	0	1	0	0	0	0	0	0	0	0	0	0	0	0	0	1	0	0	0	0	0	0	0	1	1	0	0	1	1	0	0	0	0	0	0	0	0	0	0	0	0	0	0	0	0	0	0	0	0	0	0	0	0	0	0	0	0	1	1	0	0	0	0	0	0	0	0	0	0	0	0	0	0	0	0	0	0	0	0	0	0	1	1	0	0	0	1	0	1	0	0	0	0	0	0	0	0	0	0	0	0	0	0	0	0	0	0	0	0	1	1	0	0	0	0	0	0	0	0	0	1	0	1	1	1	0	1	1	0	0	0	1	1	0	0	0	0	0	0	0	1	1	0	0	0	0	0	1	0	1	0	0	0	0	1	0	0	0	1	0	0	1	0	0	0	0	0	0	0	0	0	0	0	0	0	0	0	0	0	0	0	0	0	1	0	0	0	1	1	0	0	0	0	0	0	1	0	0	0	0	0	0	0	0	0	0	0	0	0	0	0	0	0	0	1	0	0	0	0	0	0	0	0	0	0	0	0	0	0	0	1	1	1	0	0	0	0	1	0
chr6.s_86011472	0	0	1	1	1	1	0	1	1	0	0	1	0	1	1	2	1	0	1	2	1	0	0	0	0	0	0	0	0	1	2	0	0	0	1	1	1	1	1	1	1	1	0	1	0	0	0	0	0	0	0	0	1	0	0	1	1	1	0	0	0	1	1	0	0	0	1	1	1	1	1	0	1	1	0	0	0	1	1	1	1	0	0	1	2	1	0	0	1	1	0	1	0	1	0	0	0	0	1	1	1	1	1	0	0	1	1	1	1	1	1	0	1	1	1	0	0	1	1	1	1	0	1	0	1	1	2	1	0	1	0	1	2	1	1	0	1	0	1	0	1	1	1	0	1	1	0	0	0	1	0	0	1	0	1	1	1	1	1	1	0	1	1	1	1	2	2	1	0	0	0	0	2	0	0	2	1	0	0	0	1	1	0	1	0	0	0	0	1	0	1	1	1	1	1	1	2	2	2	0	0	0	0	1	1	1	0	0	0	0	1	1	1	2	1	1	0	0	1	1	2	1	0	0	1	0	1	1	0	1	1	1	0	1	1	1	1	1	0	1	1	0	1	2	0	0	1	0	0	0	0	1	1	0	2	1	1	1	1	0	1	0	1	1	1	1	1	0	1	1	0	0	1	1	0	1	0	0	1	2	1	0	0	0	0	1	2	0	0	2	1	1	0	0	1	1	0	0	0	1
chr10.s_148113752	1	0	1	1	1	0	0	0	0	0	0	1	0	1	0	1	0	0	0	0	0	0	0	0	0	0	0	0	0	1	1	0	0	0	1	2	2	2	1	1	1	1	0	1	0	0	0	0	0	0	0	0	1	0	0	0	1	0	0	0	0	2	1	1	1	0	1	1	1	0	2	1	0	1	0	1	1	0	1	0	0	0	0	0	0	0	0	0	1	1	0	0	1	0	0	1	1	0	1	1	1	1	2	0	0	0	2	1	0	0	0	1	1	1	2	1	0	0	0	0	0	0	0	0	0	0	1	1	0	0	0	0	1	1	2	1	0	0	1	0	1	0	0	0	0	0	0	0	0	1	0	0	0	1	1	1	1	1	1	1	1	1	2	1	0	1	0	1	1	1	0	0	0	0	0	0	0	0	0	0	1	1	0	0	1	0	2	0	1	0	1	2	1	1	1	0	1	1	0	0	0	0	0	1	0	0	1	0	0	0	1	0	0	1	0	0	0	0	0	1	0	0	0	0	1	1	2	1	0	0	1	1	0	1	0	0	0	0	0	0	1	0	1	1	1	1	1	0	0	0	1	1	1	0	1	1	1	1	0	0	1	0	1	0	0	0	2	1	0	0	0	0	1	1	0	0	1	0	0	0	0	1	0	0	0	1	0	0	0	1	1	1	1	0	0	0	1	0	1	0
chr1.s_81312482	2	1	1	1	1	1	2	0	0	1	1	1	0	0	2	0	1	1	1	1	0	1	2	2	1	1	1	1	1	2	0	1	1	2	1	1	0	1	0	1	1	2	2	2	1	2	2	0	1	1	0	0	0	2	2	1	0	0	1	2	2	1	1	1	1	1	1	1	1	0	1	1	1	2	2	0	1	2	1	2	0	1	0	0	0	1	1	1	0	0	1	0	1	0	1	1	1	1	1	0	1	2	1	1	1	0	1	0	0	0	0	0	1	1	1	2	1	1	1	1	1	2	0	1	1	1	1	1	1	0	1	1	1	2	2	2	0	1	2	1	0	0	1	1	1	1	1	1	1	0	1	2	1	2	1	1	1	2	1	1	2	0	1	2	1	1	0	0	1	0	1	1	1	1	0	0	1	2	1	1	1	1	2	1	2	2	1	1	1	2	0	1	1	1	1	0	1	1	0	2	1	2	2	2	1	1	2	1	1	1	0	1	0	1	0	1	1	1	0	1	0	0	2	2	0	2	2	2	1	1	1	1	2	1	1	2	1	0	1	0	2	0	1	2	1	2	0	0	2	2	0	1	1	2	2	1	1	0	1	2	1	2	1	0	0	0	0	1	0	0	2	1	0	1	1	1	1	2	1	1	1	1	1	1	1	2	0	1	1	1	0	2	2	2	1	1	1	2	2	0
chr1.s_100312001	1	1	2	1	2	1	0	2	2	1	1	2	1	1	1	1	0	0	1	0	1	1	1	1	1	1	1	0	0	1	1	0	0	1	1	2	1	1	1	1	2	1	1	2	0	1	0	1	2	2	2	1	1	0	0	0	1	1	1	0	0	1	0	2	0	1	2	1	2	2	1	0	2	2	0	0	1	1	1	1	1	1	2	1	1	1	1	1	1	1	1	0	1	1	1	1	1	0	1	1	0	0	2	1	0	1	2	2	2	1	2	1	1	2	1	0	1	0	0	0	0	0	1	1	0	0	1	1	0	0	1	0	1	1	2	1	2	1	2	0	2	0	0	1	1	1	1	1	1	0	0	0	0	0	1	0	0	1	1	2	1	1	1	1	1	2	2	1	0	0	2	1	1	1	2	1	1	1	1	1	2	0	0	0	1	0	2	1	2	0	1	2	1	2	2	2	1	2	2	0	1	0	2	1	0	0	0	1	1	1	1	0	1	0	2	0	2	1	1	0	0	1	1	0	1	1	1	2	1	1	2	0	0	0	1	2	0	2	0	1	0	1	1	1	1	0	1	1	0	1	1	2	2	1	1	2	1	1	0	0	1	0	1	0	2	2	1	0	1	1	0	1	1	2	0	0	1	0	1	2	1	1	1	0	1	2	0	1	1	1	1	1	0	1	0	1	1	1	0	0
chr9.s_11558226	0	0	0	0	0	1	1	0	0	1	1	0	1	1	1	0	1	1	0	0	0	0	0	0	0	0	0	0	0	1	0	1	1	0	0	0	0	0	1	1	1	0	0	0	1	2	2	0	0	0	0	1	1	1	2	1	0	0	0	0	0	0	0	1	1	0	0	0	0	0	0	0	0	0	0	0	0	0	0	1	0	0	0	0	0	0	0	0	0	1	1	0	1	0	1	1	0	0	0	0	1	0	0	0	0	0	0	0	0	0	0	0	0	0	0	1	1	0	1	1	0	0	0	0	0	0	0	0	1	0	0	0	0	0	0	0	0	0	0	1	0	0	0	0	0	0	1	0	0	0	1	0	0	2	1	1	0	0	1	1	0	0	0	0	0	0	0	0	1	0	0	1	1	0	1	0	1	1	0	0	0	1	1	0	1	1	1	0	0	0	0	1	0	0	0	0	1	0	0	2	0	1	1	0	0	2	1	0	0	0	0	0	0	1	0	0	1	1	0	0	0	0	1	0	1	1	0	0	0	0	0	0	1	0	0	0	0	0	0	0	1	0	0	0	0	1	1	1	1	0	0	0	0	0	1	1	0	1	0	0	0	0	0	0	1	1	0	0	0	0	1	0	0	0	2	1	0	0	0	0	1	1	0	0	1	1	0	0	1	1	0	0	1	0	0	1	0	0	1	0
chr6.s_123064225	0	2	1	1	2	0	0	0	1	1	0	0	0	0	0	0	0	1	0	0	0	0	0	0	0	0	0	1	1	1	1	1	2	1	0	0	0	1	0	1	1	1	0	0	1	0	0	0	0	0	0	0	0	0	0	0	0	0	0	0	0	1	1	0	1	1	0	2	2	1	2	1	0	0	0	0	0	0	0	0	1	0	0	0	0	0	0	0	1	1	0	1	1	0	1	1	1	1	0	0	1	2	1	0	0	0	0	0	1	0	0	0	0	0	0	0	0	0	0	0	1	1	1	1	0	0	1	1	0	1	1	1	0	1	1	0	0	0	0	1	0	0	0	0	0	0	0	0	0	2	0	0	0	1	0	1	0	1	1	1	0	0	0	0	0	1	1	0	0	0	0	0	0	0	0	0	0	0	0	0	1	2	1	0	0	1	0	1	0	1	0	1	2	2	1	0	0	0	0	1	0	1	0	0	1	1	0	1	1	1	2	0	0	1	0	0	0	0	0	0	0	0	0	0	0	0	1	0	1	0	0	0	0	1	0	0	0	0	1	0	1	1	1	0	0	1	1	1	0	0	0	2	0	0	1	1	0	0	0	0	1	0	1	1	0	1	0	1	0	0	0	1	0	1	1	0	0	1	0	1	0	0	1	0	1	0	0	1	0	0	0	0	1	1	0	0	0	0	0	0
chr1.s_123345374	0	0	0	0	0	2	2	0	0	0	0	0	0	0	0	1	1	0	1	1	0	0	0	0	0	0	0	1	1	0	0	1	0	0	0	0	0	0	0	0	0	0	1	0	1	0	1	0	0	0	0	0	0	0	1	2	0	0	0	0	0	1	0	0	0	0	0	0	0	1	1	2	1	0	1	0	0	1	1	0	1	1	0	0	0	0	0	0	0	0	0	1	1	0	0	0	0	0	0	0	0	0	0	2	1	0	0	0	0	0	0	1	1	0	0	0	0	1	0	0	0	0	0	0	1	1	1	1	0	1	0	1	1	1	0	1	1	1	0	1	0	2	2	1	0	0	0	0	0	1	0	1	1	1	0	0	1	1	0	0	1	1	0	1	1	0	0	0	0	0	0	0	0	0	0	0	0	0	0	0	0	0	0	0	0	0	0	0	0	0	0	0	1	1	0	1	0	0	0	0	0	0	0	0	1	0	2	0	1	0	0	1	0	0	0	0	1	0	0	1	1	0	1	0	0	0	0	0	0	0	0	0	0	0	0	0	0	0	1	1	0	1	0	0	0	1	0	0	1	0	0	0	0	0	0	0	1	0	1	0	0	1	0	1	0	1	0	1	0	0	1	0	0	0	0	0	0	1	1	0	1	1	0	1	0	0	2	0	1	0	0	0	1	0	1	0	0	0	1	1
chr4.s_149419108	0	1	1	1	1	2	2	0	0	0	0	1	1	0	2	0	0	0	0	0	0	0	0	0	0	0	0	0	0	1	0	0	0	0	0	0	0	1	0	1	0	0	1	0	1	0	0	1	0	0	1	1	0	0	0	0	0	0	0	0	0	1	0	1	0	0	0	2	1	2	0	1	1	0	1	1	0	1	0	1	0	0	0	0	0	0	0	0	0	0	0	0	1	0	0	0	0	1	1	0	1	1	0	1	1	0	0	0	1	1	1	1	1	1	1	1	1	0	1	1	0	0	0	0	0	0	1	1	0	0	0	0	0	0	0	1	1	1	0	0	0	0	0	0	0	0	0	0	0	0	0	0	0	0	0	1	0	0	1	0	1	1	0	0	0	0	0	0	0	1	0	2	1	0	0	0	0	0	1	1	1	0	0	0	1	0	1	1	1	0	0	1	1	0	0	1	0	0	0	0	0	1	0	0	0	0	1	1	0	0	0	0	0	1	1	1	0	0	0	0	0	0	1	0	0	1	1	0	0	0	0	1	0	1	0	1	0	0	0	1	1	1	1	0	0	0	0	1	2	0	1	2	0	0	2	0	0	0	0	0	1	0	1	0	0	1	0	0	1	0	1	0	0	1	0	0	0	0	0	1	0	1	0	1	1	0	0	0	0	0	0	1	0	0	0	0	0	0	0	0
chr3.s_2113724	0	1	0	1	0	2	2	0	1	2	1	1	0	0	1	0	0	0	1	1	1	0	1	1	0	0	0	0	0	1	1	1	1	1	0	0	0	0	1	1	1	0	1	1	1	1	2	0	0	0	0	1	1	0	1	1	1	1	0	0	0	1	0	0	2	2	1	0	0	1	1	2	2	2	1	0	0	1	1	1	1	2	1	1	1	0	0	0	1	1	1	0	0	0	1	2	2	2	1	1	1	1	1	1	1	0	1	0	1	0	0	0	0	1	1	1	0	1	2	2	2	1	1	0	1	1	1	0	1	0	1	1	0	0	0	1	2	2	2	1	0	1	0	1	1	1	1	1	1	0	0	1	1	2	1	1	1	1	0	0	2	1	1	2	1	2	1	0	1	0	0	1	0	2	1	2	1	0	1	1	1	0	0	1	1	2	0	1	0	2	1	0	0	0	0	1	2	2	1	1	0	2	0	1	1	1	2	0	0	2	0	0	1	0	1	2	1	1	1	1	2	2	1	0	0	0	0	0	1	0	1	1	0	0	0	1	1	1	0	1	0	0	0	1	0	1	0	0	2	0	1	0	0	1	1	0	0	1	1	1	0	0	0	1	1	1	0	1	0	0	2	1	1	0	0	1	0	2	1	1	1	1	1	0	1	0	0	1	0	1	2	0	1	0	0	1	0	1	0	1
chr4.s_83388940	0	1	1	0	0	0	0	1	1	1	1	0	0	0	0	1	2	1	0	0	0	0	0	0	0	0	0	0	0	0	0	1	1	1	0	1	0	0	0	0	0	0	0	0	0	1	1	1	0	0	0	0	0	1	1	0	0	0	0	0	0	0	0	0	1	1	1	0	0	0	0	0	0	0	0	1	0	0	0	0	0	0	0	0	0	0	0	0	0	1	1	0	0	0	1	1	1	1	1	0	0	0	0	0	0	1	0	1	1	1	0	0	0	1	0	1	1	0	0	0	0	0	0	0	0	0	0	0	0	0	1	1	1	0	0	0	0	0	0	1	0	0	0	0	0	0	0	0	0	0	0	0	0	1	1	0	0	0	0	0	0	0	0	0	1	0	1	1	1	1	0	0	0	0	1	0	0	0	0	0	0	0	0	0	0	1	0	1	1	1	0	0	1	1	0	0	0	0	1	1	0	1	0	1	0	1	0	0	1	1	0	1	0	0	0	0	0	1	0	0	0	0	0	1	0	0	0	1	0	0	1	0	0	0	0	0	0	1	0	0	0	0	0	0	0	1	0	0	0	0	2	0	2	0	0	1	1	0	0	0	0	0	0	0	2	0	0	0	0	0	0	0	0	0	1	0	0	1	1	0	0	0	0	1	1	1	0	1	1	1	0	1	1	0	1	1	0	0	1	0
chr3.s_138223500	1	1	1	0	2	1	1	1	2	1	0	1	1	0	1	1	1	1	1	0	0	0	1	1	0	0	1	1	2	1	1	0	0	0	1	1	2	1	2	1	2	1	2	2	1	0	0	1	1	0	1	1	0	0	0	1	1	1	1	0	1	2	1	0	0	0	0	1	2	2	2	2	1	1	1	0	0	0	0	0	2	1	1	0	1	1	0	1	0	0	0	1	1	0	0	0	0	0	0	2	1	0	1	1	1	1	2	2	1	0	1	1	0	1	0	0	1	1	2	1	2	1	1	1	0	1	1	2	1	0	0	0	0	1	1	1	2	2	1	0	1	1	1	1	2	1	0	1	1	1	0	1	1	0	0	0	2	2	0	1	1	2	2	2	2	2	2	1	0	0	1	2	0	1	2	0	1	0	0	0	2	0	0	1	1	1	1	0	0	0	2	1	1	2	1	1	1	2	2	0	0	1	0	0	2	0	1	0	2	1	1	1	0	0	2	0	2	1	0	0	0	0	0	1	0	0	0	0	1	0	0	0	2	0	1	1	2	2	0	1	1	2	0	1	0	1	0	1	2	0	1	2	0	1	2	0	1	1	0	1	0	0	0	0	1	1	1	1	1	0	1	1	1	1	0	0	0	0	2	1	1	1	1	1	1	0	1	0	0	0	2	0	0	0	2	0	1	0	0	1
chr5.s_218961292	0	0	0	1	0	0	0	0	0	0	0	0	0	1	1	1	0	1	1	1	1	1	0	0	1	1	1	1	1	0	0	0	1	0	0	1	1	2	0	1	0	1	0	0	0	0	0	2	1	1	1	0	1	1	0	1	1	1	1	0	0	1	1	0	1	0	0	1	0	0	0	0	1	1	0	1	0	0	1	1	2	0	0	1	0	0	0	0	0	0	0	1	1	0	1	1	0	0	0	0	1	2	0	0	0	0	0	0	0	1	0	1	1	1	1	0	1	2	1	1	1	1	0	0	0	0	0	0	0	0	0	0	0	0	0	0	1	1	0	0	2	1	1	0	0	0	0	1	0	0	0	0	0	1	0	1	0	0	1	0	1	0	0	0	0	0	0	0	0	1	1	1	0	0	1	0	1	1	0	0	0	0	0	0	0	1	0	1	1	1	0	0	1	0	0	0	1	0	0	0	0	1	0	1	2	1	0	0	0	0	0	0	0	1	0	1	0	0	1	0	0	0	0	0	1	1	1	0	0	0	0	1	0	1	1	0	1	0	0	0	1	0	1	0	0	1	1	0	1	0	2	0	0	0	0	0	0	1	0	1	2	0	1	0	0	0	0	0	0	0	0	0	1	0	0	0	0	0	0	0	0	0	1	2	0	1	1	0	0	1	0	1	1	0	1	0	1	1	0	1
chr7.s_49579967	0	0	0	0	0	0	0	0	0	1	2	0	0	0	0	1	1	0	0	0	0	0	0	0	0	0	0	0	0	0	1	0	1	0	0	0	0	0	0	0	0	1	0	0	0	1	1	0	1	1	0	0	0	0	0	0	0	0	0	0	0	0	1	0	0	0	0	0	0	0	1	1	1	1	0	0	1	0	0	0	0	0	1	0	0	0	0	0	1	1	0	0	0	0	0	0	0	0	0	0	0	0	0	0	0	0	1	1	0	0	0	0	0	0	0	0	0	0	0	0	0	0	0	0	0	0	0	1	0	0	0	1	1	0	0	0	0	0	0	1	0	0	0	0	0	0	0	0	0	2	0	0	0	0	0	0	0	0	0	0	0	0	0	0	0	0	0	1	2	1	1	0	0	0	0	1	0	0	0	0	0	1	0	0	0	0	0	0	0	0	0	1	1	1	0	0	1	0	0	1	0	0	1	0	0	0	0	0	1	0	1	1	0	0	0	0	0	2	0	1	0	0	1	1	0	0	0	0	0	0	0	0	0	0	0	0	0	0	0	0	0	1	1	1	2	0	0	0	0	1	0	0	0	0	0	0	1	0	0	0	0	0	0	0	0	0	0	1	0	1	0	0	0	0	0	0	0	0	0	0	0	0	0	0	1	0	1	0	0	1	0	0	1	1	1	0	0	1	1	0
chr5.s_222298875	0	1	2	1	0	0	0	1	1	0	1	1	0	1	2	1	0	0	0	0	0	0	0	0	1	1	1	0	0	0	1	0	1	0	0	2	1	1	1	1	1	0	0	0	0	0	0	1	0	1	1	0	1	0	0	0	1	1	1	1	1	0	1	1	1	0	1	0	0	0	0	0	0	0	1	1	0	2	2	1	1	0	0	0	1	1	0	0	1	1	0	0	1	0	1	1	0	0	1	1	0	0	0	0	1	2	0	1	1	1	0	0	1	1	1	0	0	0	0	0	0	0	1	1	1	1	1	0	1	1	0	1	2	0	0	0	0	0	1	0	1	0	0	0	0	0	0	0	0	1	1	1	1	1	2	1	1	1	0	0	0	0	0	1	2	0	1	2	1	2	1	0	1	0	0	0	0	0	0	0	0	1	0	0	1	1	1	1	2	1	0	1	0	0	0	0	0	1	2	1	0	0	0	1	0	1	0	0	0	0	2	0	0	0	1	0	0	0	1	0	1	0	0	1	1	1	0	1	0	0	1	0	0	1	0	1	0	1	1	1	0	0	1	0	1	1	2	0	1	1	1	1	1	0	1	2	1	1	0	1	0	0	0	0	1	1	1	0	0	1	0	0	1	1	0	0	1	0	2	1	0	0	1	1	1	1	0	0	0	1	1	2	1	1	1	0	1	0	0	0
chr2.s_5714795	1	2	1	2	1	0	0	0	1	2	2	1	2	1	1	0	0	1	0	0	1	1	1	1	0	0	1	1	2	1	1	1	1	2	1	0	0	1	0	1	0	0	0	0	1	2	2	0	1	1	1	1	0	0	1	1	0	1	1	0	1	1	0	0	1	1	0	2	1	1	1	1	0	0	1	0	1	1	1	1	1	0	1	0	0	0	0	1	0	0	1	1	1	0	1	1	1	1	0	1	1	1	0	1	1	1	1	1	1	1	2	1	0	0	1	1	1	1	1	1	0	0	1	1	1	2	2	2	2	1	1	1	0	1	0	0	0	0	1	1	0	0	1	1	1	1	1	0	1	0	1	2	1	1	1	2	1	1	1	0	0	0	0	1	1	0	0	0	1	0	2	2	1	0	0	1	0	0	0	0	1	1	2	0	0	1	0	1	0	2	0	1	2	1	0	0	1	1	1	1	1	2	2	1	0	2	1	0	2	2	1	0	0	2	2	1	1	2	0	1	1	0	1	0	1	0	1	1	1	1	0	1	2	2	0	1	0	1	2	1	2	1	2	1	1	2	1	2	1	2	0	1	0	2	2	0	1	0	1	2	1	1	1	0	0	0	0	1	1	1	0	2	0	1	1	1	1	1	1	0	1	1	2	0	1	0	0	1	1	1	0	1	2	2	0	0	1	1	1	0
chr4.s_35632622	0	0	0	0	1	0	0	0	0	0	1	1	0	0	0	0	0	0	0	0	0	0	0	0	0	0	0	0	0	0	0	0	0	0	0	0	0	0	0	0	1	1	0	1	0	0	0	0	0	0	0	0	0	0	0	0	0	0	0	0	0	0	0	0	0	0	0	0	1	0	1	0	0	1	0	0	0	0	0	0	0	0	0	0	1	1	0	0	1	0	0	0	0	0	0	0	0	0	0	0	0	0	1	0	0	0	1	0	0	0	0	0	0	0	0	0	0	0	0	0	0	0	0	0	0	0	0	0	0	0	0	0	0	1	1	0	0	0	1	0	0	0	0	0	0	0	0	0	0	0	0	0	0	0	0	0	0	1	0	1	0	0	1	1	0	1	0	0	0	0	0	0	0	0	0	0	0	0	1	1	0	0	0	0	0	0	0	0	0	0	0	1	0	1	1	0	1	1	0	0	0	0	0	0	0	0	0	0	0	0	0	0	0	0	0	1	0	0	0	0	0	1	0	0	0	0	0	0	0	0	1	0	0	0	0	0	0	0	0	0	0	0	1	1	0	0	0	0	0	0	0	0	0	0	0	0	0	0	0	0	0	0	0	0	0	0	0	0	0	1	0	0	0	0	0	0	0	0	0	0	0	0	0	0	0	0	0	0	0	0	0	0	0	0	0	0	0	0	0	0
chr5.s_1607440	1	0	1	1	0	1	2	1	1	1	1	1	2	2	1	1	0	1	2	1	2	1	0	0	1	1	1	1	1	0	0	0	1	0	0	2	1	1	1	1	1	1	1	0	1	1	1	2	2	2	2	1	1	0	1	1	1	2	1	0	0	0	0	2	1	0	1	0	0	0	1	2	0	0	1	1	1	1	1	1	1	1	1	2	2	1	1	1	0	0	0	2	2	2	2	1	0	1	2	1	1	0	0	2	1	1	0	1	2	2	2	2	2	1	2	1	1	0	0	1	0	0	1	0	0	0	0	1	0	1	1	0	1	0	0	1	0	1	1	2	2	1	1	2	0	1	0	1	0	1	1	0	1	1	2	1	0	0	0	0	1	1	1	0	1	0	1	1	1	1	2	1	2	2	1	1	1	1	1	1	1	1	1	2	2	2	2	1	2	1	1	1	1	1	1	1	0	0	1	2	1	0	1	1	0	2	2	1	1	0	0	0	1	1	1	1	1	1	1	1	0	0	2	0	2	1	0	2	0	2	1	2	1	0	1	1	0	1	0	0	1	2	0	0	1	1	1	1	1	1	1	0	1	0	0	1	1	2	0	1	1	0	1	2	1	0	1	1	2	1	1	1	1	1	0	1	1	0	1	1	0	1	1	2	1	2	0	1	1	1	0	2	1	2	0	0	1	0	0	0
chr8.s_126975889	0	0	1	1	1	1	1	1	1	0	0	1	1	1	1	1	1	0	0	0	1	1	0	1	0	1	0	1	0	2	0	0	0	0	0	1	0	1	1	2	2	2	0	1	0	0	0	0	0	0	0	0	0	1	1	1	0	0	0	2	1	2	1	0	1	1	2	1	1	0	1	0	0	1	0	1	1	2	1	1	0	0	0	0	0	1	0	0	0	0	0	2	1	1	0	1	1	0	1	0	1	1	2	0	1	2	2	2	1	1	1	1	2	2	0	0	1	0	0	0	0	0	0	0	2	1	2	1	1	1	0	0	1	2	2	1	0	0	1	1	0	1	1	1	0	0	0	0	2	1	1	1	2	0	1	1	1	2	1	1	0	0	1	2	2	1	1	2	1	1	1	0	2	0	0	0	0	0	0	1	1	1	1	1	0	0	0	0	1	0	0	2	1	1	1	0	1	2	2	1	0	0	0	1	0	1	1	2	0	1	0	2	0	2	1	0	0	0	0	0	1	0	1	2	1	1	2	1	1	1	1	2	0	2	1	1	1	2	0	1	1	1	1	2	1	1	0	0	0	0	1	1	1	0	1	1	1	0	1	0	1	2	1	1	1	0	1	1	1	1	1	0	0	1	0	0	1	0	2	1	0	0	0	0	0	1	1	0	0	1	0	2	0	0	1	0	0	0	0	0
chr6.s_159143262	1	1	1	1	1	1	2	1	1	1	1	0	1	1	1	0	0	0	0	0	1	1	0	1	0	1	0	1	0	1	1	1	0	0	0	1	1	1	1	1	1	1	1	0	1	1	1	1	1	0	0	0	0	0	0	0	1	0	0	1	0	1	1	0	0	1	1	1	1	1	0	1	1	1	1	0	0	0	0	0	1	0	0	0	1	2	1	1	1	1	2	0	0	1	1	1	1	1	1	1	0	0	0	1	1	0	1	1	1	1	1	1	1	1	0	0	1	0	0	0	0	0	0	0	1	0	0	1	1	1	0	0	0	0	0	1	0	1	0	0	0	1	0	0	0	0	1	1	1	0	1	1	0	0	0	0	0	0	1	1	1	0	0	0	0	1	1	0	0	0	0	1	1	0	0	1	0	0	0	1	0	1	2	0	0	0	0	0	0	0	0	0	0	0	0	0	0	0	0	1	1	0	1	0	0	1	1	2	0	0	0	1	1	1	0	0	0	0	0	0	0	1	1	1	1	0	0	0	2	0	1	0	0	0	1	0	1	0	2	0	0	0	1	0	0	0	0	0	2	0	1	0	1	1	1	1	0	0	0	0	0	1	1	0	1	1	1	1	1	1	2	1	1	0	0	1	2	0	0	1	0	0	2	0	0	0	0	0	0	0	0	0	0	1	0	1	2	2	0	0
chr6.s_172033607	1	0	0	1	1	0	0	0	1	2	1	0	0	0	0	0	0	1	1	0	0	0	0	0	0	0	0	1	1	1	1	0	0	0	0	0	0	1	1	2	2	1	0	0	0	1	1	0	0	0	0	0	0	0	0	0	0	0	0	0	0	0	0	0	1	0	0	1	1	0	1	0	0	0	0	1	1	0	0	0	0	1	1	0	0	0	0	0	0	0	0	0	0	0	0	0	0	0	0	0	1	2	1	0	0	0	0	0	0	0	0	0	0	0	1	1	0	0	0	0	1	1	0	0	0	0	0	0	0	0	0	0	0	1	1	0	0	0	0	1	0	0	0	1	0	0	0	0	0	1	0	0	0	0	0	1	0	1	2	2	0	0	0	0	0	0	0	0	1	0	0	0	0	1	1	0	1	1	0	0	0	0	0	0	0	0	0	0	0	1	0	1	1	1	1	0	0	0	0	1	0	0	0	0	1	0	0	0	0	0	0	0	0	1	0	0	1	1	0	1	0	0	0	0	0	0	1	0	1	0	0	1	0	1	0	0	0	0	0	0	1	1	1	0	0	1	0	0	0	0	0	0	0	0	0	0	1	0	0	1	1	0	1	0	0	0	0	0	0	0	1	1	0	0	0	0	0	0	0	0	0	0	0	0	1	1	0	0	0	0	0	0	1	0	0	1	0	0	1	0
chr6.s_92304619	0	0	0	1	0	0	0	1	1	1	0	1	1	0	2	0	0	0	0	0	1	1	0	0	0	0	0	0	0	0	0	0	1	1	1	0	0	0	0	0	0	0	0	0	0	0	0	0	0	0	1	1	0	0	0	0	0	0	0	0	0	1	0	0	0	1	1	0	0	0	0	0	0	0	0	0	0	1	0	2	1	0	1	0	0	0	0	0	0	0	0	1	1	0	0	1	1	0	0	1	0	0	1	0	0	0	0	0	0	0	1	2	2	2	1	1	0	0	0	0	0	0	0	0	0	0	0	1	0	0	0	0	0	0	0	0	1	1	1	1	0	1	1	1	1	1	0	0	0	1	0	0	0	0	0	0	0	0	1	1	1	0	0	0	0	0	0	0	0	0	0	2	1	0	0	0	0	0	0	0	0	0	0	0	0	0	0	1	1	0	1	0	1	1	0	0	0	0	0	0	0	0	0	0	0	0	0	0	1	0	0	0	1	0	1	1	1	0	0	0	0	0	0	0	0	0	0	0	1	0	0	1	0	0	0	1	0	0	0	0	0	2	0	0	0	0	0	1	1	0	1	0	0	0	0	0	0	0	0	0	0	0	0	1	0	0	0	0	1	0	0	0	0	0	0	0	0	0	0	1	1	1	1	0	0	0	0	0	0	0	0	1	0	0	0	0	0	0	0	0
chr5.s_181713269	1	1	1	2	1	0	0	2	2	1	1	0	1	0	1	1	1	1	0	0	1	2	1	0	1	0	1	1	2	2	1	2	1	1	0	1	0	1	1	2	2	1	0	1	0	1	0	1	1	1	2	2	1	0	1	1	0	1	2	0	1	2	0	1	1	1	1	1	1	0	1	0	0	1	0	1	1	0	0	0	0	1	1	1	0	0	2	2	1	0	0	2	1	2	1	0	1	2	2	1	2	2	1	0	0	1	1	1	2	1	2	2	1	0	0	0	0	0	1	1	1	2	0	1	0	1	1	1	0	2	2	2	2	1	1	0	1	1	1	0	1	0	0	0	0	0	2	2	0	0	0	0	1	1	1	1	0	1	1	1	0	1	2	1	1	2	2	1	0	0	0	2	0	0	0	0	1	2	1	0	1	0	0	1	0	0	0	2	2	1	0	2	1	1	1	0	2	1	1	1	1	2	1	1	1	0	1	0	1	1	0	1	1	1	1	0	1	1	1	0	0	1	0	1	0	0	1	1	1	1	2	1	1	1	1	0	0	1	1	0	1	1	2	1	0	1	0	1	1	0	0	1	1	0	1	2	1	1	0	1	2	0	2	0	1	1	0	0	1	2	1	2	0	1	0	1	0	2	1	1	1	2	0	0	0	2	1	1	0	2	1	1	0	1	1	1	0	0	0	1
chr4.s_242513350	0	1	0	1	2	0	0	0	1	2	2	0	1	2	1	1	0	0	2	1	0	0	0	0	1	1	2	0	1	1	1	1	2	1	0	1	1	2	0	1	1	2	0	1	0	1	1	1	0	1	1	0	1	0	0	0	1	1	1	1	2	2	1	0	1	2	1	2	2	1	1	0	0	1	1	1	0	0	1	0	0	2	2	1	0	0	0	1	2	1	0	1	0	1	1	2	2	1	0	0	1	1	1	0	0	0	1	0	0	2	1	0	0	0	1	0	1	0	0	0	0	0	1	1	0	1	1	1	0	2	1	1	0	1	1	0	0	0	1	1	2	1	1	2	0	0	0	0	0	2	0	0	1	1	0	1	0	1	1	1	1	0	1	1	0	2	1	0	1	1	0	1	1	2	2	1	0	0	1	1	2	2	1	2	1	2	0	1	0	2	0	2	1	1	1	0	1	2	1	1	0	1	0	0	0	2	1	0	1	1	2	0	0	2	1	0	1	1	1	0	0	1	0	0	2	0	1	0	1	1	1	2	1	1	1	0	0	0	1	0	1	1	2	2	0	1	1	0	1	1	1	2	0	0	1	0	0	1	0	2	2	0	1	0	0	0	1	0	1	2	0	1	1	2	0	0	1	2	0	1	0	0	0	1	2	0	0	1	0	0	0	0	1	1	0	1	1	0	0	0
chr6.s_149726695	0	1	2	0	0	1	1	1	1	0	0	1	1	1	1	2	1	0	1	1	0	0	0	0	0	0	0	0	0	0	0	0	0	0	0	1	0	0	0	0	0	0	1	1	2	0	1	1	1	1	1	2	2	0	1	2	0	0	0	0	0	1	0	1	1	1	2	0	0	1	1	2	1	1	1	1	1	1	1	1	1	1	0	0	0	0	0	0	0	1	1	1	1	1	0	1	1	0	1	0	0	0	1	1	1	1	2	2	1	1	1	2	2	2	2	1	0	1	0	0	0	0	0	0	0	0	0	0	0	1	0	1	2	0	1	2	1	1	1	0	1	2	1	0	0	0	0	0	0	0	1	0	1	1	1	0	0	0	0	0	1	1	1	1	1	1	1	1	0	1	1	1	1	1	0	1	0	0	0	0	1	0	0	2	2	1	2	0	1	1	1	1	0	0	1	2	1	2	2	0	0	0	1	1	1	0	2	1	0	0	0	1	0	0	2	0	0	0	0	0	0	0	1	0	1	1	1	1	0	1	1	2	0	0	1	1	0	1	0	1	0	1	0	1	1	0	2	2	1	1	2	1	2	0	0	1	1	1	0	1	0	0	0	0	2	1	0	1	1	1	1	1	0	0	1	0	0	1	1	1	0	2	0	1	1	1	2	1	0	1	0	1	0	1	1	0	0	0	0	0
chr6.s_118131179	0	1	1	2	2	2	2	1	1	1	1	1	1	1	0	1	1	1	1	0	0	0	1	1	0	0	0	1	1	2	1	1	1	1	1	1	1	2	1	2	2	1	1	1	1	0	0	0	1	1	0	0	0	1	0	1	1	1	1	1	1	2	1	0	0	0	0	2	2	2	2	2	2	2	1	1	2	1	1	1	2	1	1	1	0	0	0	0	1	0	0	1	1	0	0	0	0	1	1	0	1	2	1	2	1	0	1	0	0	0	0	0	0	1	0	0	0	2	0	0	1	1	1	1	0	0	1	2	0	1	0	1	1	2	2	2	1	1	2	1	0	1	2	2	1	1	0	0	1	1	1	0	0	0	1	2	0	1	2	2	2	2	2	2	1	2	1	1	1	1	2	0	1	1	1	0	1	1	0	0	1	1	1	0	0	0	1	1	1	0	0	2	2	2	1	1	1	2	1	1	0	0	1	1	2	1	1	0	1	1	1	1	1	2	1	0	2	1	0	1	0	1	2	1	1	1	2	1	1	1	1	0	1	1	1	1	1	1	1	1	2	1	2	2	2	1	1	0	1	1	1	2	0	1	2	1	1	0	1	0	2	1	1	1	0	2	1	1	0	1	2	0	1	2	0	1	1	0	0	1	1	0	1	0	1	1	2	0	1	0	1	1	1	2	2	1	1	1	1	1
chr3.s_186829386	0	0	0	0	0	0	0	0	0	0	0	0	0	0	0	0	0	0	0	0	0	0	0	0	0	0	0	0	0	0	0	0	0	0	0	0	0	0	0	0	0	0	0	0	0	0	0	0	0	0	0	0	0	0	0	0	0	0	0	1	1	0	0	1	0	0	0	0	0	0	0	0	0	0	0	0	0	0	0	0	0	0	0	0	0	0	0	0	0	0	0	0	1	0	0	0	0	0	0	0	0	0	0	0	0	0	0	0	1	1	1	0	0	1	0	0	0	0	0	0	0	0	0	0	0	0	0	0	0	0	0	0	0	0	0	0	0	0	0	0	0	0	0	0	0	0	0	1	0	0	0	0	0	0	0	0	0	0	0	0	0	0	0	0	0	0	0	0	0	0	0	0	0	0	0	0	0	0	0	0	0	0	0	0	1	0	1	0	0	0	0	0	0	0	0	0	0	0	0	0	0	0	0	0	0	0	0	0	0	0	0	0	0	0	0	0	0	0	0	0	0	0	0	0	1	1	0	0	0	0	0	0	1	0	0	0	0	0	0	0	1	0	0	0	0	1	0	0	0	0	1	0	0	0	0	0	0	0	0	0	0	0	0	0	0	0	0	0	0	0	0	0	0	0	0	0	0	0	0	0	0	0	0	0	0	0	0	0	0	0	0	0	0	0	0	0	0	0	0	0
chr9.s_19437102	1	1	1	1	0	0	0	1	1	1	0	1	1	1	1	0	0	0	0	0	0	0	0	0	1	1	1	0	0	0	0	0	1	0	0	0	0	0	0	0	0	0	0	1	0	0	0	0	0	0	0	0	0	0	0	0	0	0	0	0	0	1	0	0	1	1	1	0	0	0	1	1	0	1	1	0	0	1	0	1	1	1	1	0	1	1	1	1	0	1	1	1	1	0	0	1	1	0	0	1	0	0	1	0	0	0	1	0	1	1	1	0	1	2	0	0	0	0	0	0	0	0	1	1	0	0	0	0	0	0	0	0	0	0	0	0	0	0	1	1	0	1	0	0	0	0	1	0	0	0	0	0	0	0	0	0	0	0	0	0	1	0	1	1	0	1	0	0	0	0	1	1	1	0	0	1	0	0	1	1	1	0	0	1	1	1	0	0	0	1	1	0	0	0	0	0	1	1	0	0	0	0	0	0	0	0	0	0	0	0	1	0	1	0	0	0	0	0	0	0	0	0	0	0	0	0	0	0	1	0	0	0	0	0	0	1	0	0	0	0	0	0	0	1	0	0	0	0	0	1	1	1	1	0	0	0	0	0	0	1	0	0	1	1	1	0	0	1	1	0	0	0	0	0	0	0	0	1	0	1	0	0	1	0	1	0	0	0	0	0	0	1	0	0	0	0	0	0	0	0
chr6.s_64482783	1	2	2	0	1	1	1	1	1	2	2	0	0	0	1	0	0	0	1	2	1	1	1	1	2	2	2	1	1	1	1	1	1	1	0	2	1	1	1	1	2	1	0	0	1	2	2	1	0	0	0	0	0	0	0	0	2	1	1	1	1	0	0	1	1	2	2	0	1	0	1	0	1	1	0	1	0	0	0	1	1	0	1	2	1	1	2	2	1	0	1	0	0	1	1	0	1	1	1	0	0	0	2	1	1	1	1	1	1	1	0	1	1	0	1	1	0	0	1	1	1	1	1	1	1	1	0	0	1	0	2	1	1	1	1	0	1	1	0	2	1	1	1	1	1	1	2	2	1	1	2	1	0	0	1	0	0	1	0	1	0	1	1	0	0	1	1	0	1	1	0	1	1	0	1	2	1	1	2	2	1	0	1	0	0	0	1	1	1	2	1	1	0	1	2	1	0	1	1	1	2	1	1	1	0	1	0	2	1	1	0	1	2	1	1	2	0	2	1	1	1	2	1	1	0	0	0	1	2	0	2	1	1	1	0	0	1	0	1	1	0	1	1	1	0	0	1	1	1	0	1	1	2	1	0	1	0	0	1	2	1	1	1	2	0	0	1	1	1	1	1	1	2	1	1	1	2	1	0	1	1	0	2	1	2	1	0	2	1	1	1	0	0	0	0	1	2	2	0	2
chr7.s_181465062	0	0	0	0	0	0	0	0	0	0	0	0	0	1	0	1	0	0	0	0	0	0	0	0	0	0	0	0	0	0	0	0	0	0	0	0	0	0	0	0	0	1	0	0	1	0	0	0	0	0	0	0	1	0	0	0	0	0	0	1	1	0	0	0	0	0	0	0	0	0	0	0	0	0	0	0	0	1	2	0	0	0	0	0	0	0	0	0	0	0	0	0	0	0	0	0	0	0	0	0	0	0	0	0	0	0	0	0	0	1	1	0	0	0	1	0	1	0	0	0	0	0	0	0	0	0	0	0	1	0	0	0	0	1	0	0	0	0	0	1	1	0	0	0	0	0	0	0	0	1	0	0	0	1	0	0	1	1	0	0	0	0	0	1	1	0	0	1	1	1	0	0	0	1	0	1	1	1	1	1	1	1	1	1	1	1	0	0	0	1	1	0	0	0	1	1	0	0	0	0	0	0	0	0	0	0	0	0	0	0	0	0	0	0	0	0	1	0	0	0	0	0	0	0	1	0	0	0	0	0	0	0	0	0	1	0	0	0	0	0	0	1	0	1	1	0	2	1	0	0	0	0	0	0	0	0	0	1	1	1	0	1	0	1	0	0	0	0	0	0	0	0	0	0	1	0	0	0	1	0	1	1	0	0	0	1	0	1	0	0	0	1	0	0	0	0	0	0	0	0
chr1.s_282005596	1	0	0	1	1	0	1	0	0	0	0	0	1	2	0	2	1	0	1	1	0	0	0	0	0	0	0	0	0	1	0	0	1	0	0	0	0	1	0	1	1	1	1	1	1	0	0	0	0	0	0	0	1	1	0	0	0	0	0	0	0	1	0	0	1	0	0	1	1	0	2	2	0	1	1	0	0	0	1	0	0	0	1	0	0	0	0	0	0	0	0	1	0	1	1	1	0	0	0	0	1	2	1	1	1	0	1	0	0	1	1	0	0	0	1	0	0	0	0	0	1	1	1	1	0	0	1	1	0	1	0	1	1	1	1	1	0	1	1	0	1	0	0	0	0	0	0	0	0	0	1	0	1	2	1	2	0	1	2	2	1	0	1	1	0	1	0	1	1	1	0	0	1	0	1	0	0	0	0	0	1	0	0	1	0	1	0	0	0	0	0	2	1	1	1	0	2	1	0	0	0	0	0	0	1	2	1	0	0	0	1	1	0	2	0	0	0	1	0	0	0	0	0	0	2	1	1	0	0	1	0	1	0	1	1	0	0	0	0	0	1	0	1	2	1	2	1	0	1	0	0	1	0	0	2	0	0	1	0	0	1	0	1	0	0	0	0	1	1	1	1	1	0	1	0	0	0	0	0	0	0	1	0	1	0	0	1	0	0	1	1	0	1	0	0	0	0	0	0	1
chr1.s_141153281	0	0	0	0	0	0	0	0	0	0	0	1	0	0	0	0	0	0	1	0	0	0	0	0	0	0	0	0	0	0	0	0	0	0	0	0	0	0	0	0	0	0	0	0	1	0	0	0	1	1	0	0	0	0	0	0	0	0	0	0	0	0	0	0	0	1	1	0	0	0	0	0	0	0	0	0	1	0	0	0	0	1	1	0	1	1	0	0	0	0	0	0	0	0	0	1	1	0	0	0	0	0	0	0	0	0	0	0	0	0	0	0	0	1	0	0	1	0	0	0	0	0	0	0	0	0	0	0	0	0	0	0	0	0	0	0	0	0	0	0	0	0	0	1	0	0	0	0	0	0	0	0	0	0	0	0	0	0	0	0	0	0	0	0	0	0	0	0	0	0	1	0	0	1	2	0	0	0	0	0	0	0	0	0	0	0	0	0	0	0	0	0	0	0	1	1	0	0	0	0	0	0	1	0	0	0	0	1	0	0	0	0	0	0	0	0	1	0	0	0	0	0	1	0	0	0	0	0	0	0	0	0	0	0	0	0	0	0	0	0	0	0	0	0	1	0	1	1	0	1	1	0	0	0	0	0	0	0	0	0	0	0	0	0	0	0	0	0	0	0	0	0	0	0	1	0	0	0	0	0	0	0	0	0	0	0	0	1	0	0	0	0	0	1	0	0	0	0	0	0
chr5.s_195345116	0	0	0	0	0	0	0	0	1	1	0	0	0	0	1	0	0	0	0	0	0	0	0	0	1	1	1	0	0	0	0	0	0	0	0	1	1	1	0	0	0	0	0	0	0	0	0	0	0	0	0	0	0	0	0	0	0	0	0	0	0	1	1	0	0	1	1	0	0	0	0	0	0	0	0	0	0	0	0	0	1	0	0	0	0	0	0	0	0	0	0	1	0	1	0	0	0	0	0	0	0	1	1	0	0	0	0	0	0	0	0	1	1	0	0	0	0	0	0	0	1	1	0	0	0	0	0	0	0	1	0	0	0	0	0	0	0	0	0	0	0	1	0	0	0	0	0	0	0	0	0	0	1	0	0	0	0	0	0	0	0	0	0	0	0	0	0	0	0	0	0	1	0	0	0	0	0	0	0	0	0	0	0	1	0	0	0	0	0	0	0	0	0	0	0	0	0	0	0	0	0	0	0	0	1	0	0	0	0	0	0	0	0	0	0	0	0	0	0	0	0	0	0	0	0	0	0	0	1	1	0	1	0	0	1	0	1	0	0	0	0	0	0	0	0	0	0	0	1	0	0	0	0	0	0	0	0	0	0	0	0	0	0	0	0	0	0	0	0	1	0	1	1	1	0	0	0	0	0	0	0	0	1	0	0	0	0	0	0	0	0	0	0	0	0	0	1	0	0	0
chr9.s_64438960	0	0	0	0	0	1	0	0	0	0	0	0	2	1	0	0	0	0	0	0	0	0	0	0	0	0	0	0	0	0	2	0	1	0	0	0	0	0	0	0	0	0	1	1	0	0	0	1	0	0	1	1	0	0	0	1	0	0	0	0	0	0	1	1	1	0	0	0	0	1	0	0	1	0	0	1	0	0	0	0	1	0	0	0	0	0	0	0	2	1	0	0	1	0	1	1	0	0	0	0	0	0	0	1	0	0	0	0	1	1	1	1	0	0	0	0	0	1	1	1	0	0	0	0	0	0	0	1	0	0	0	0	0	0	0	0	2	1	0	0	0	1	1	0	0	0	0	0	0	1	0	0	0	1	0	0	0	0	0	0	0	1	0	0	0	0	0	0	0	1	0	2	1	0	0	0	0	0	0	0	0	1	0	0	1	1	1	0	0	0	0	0	0	0	0	1	0	0	0	0	0	1	0	0	1	2	0	1	0	0	1	0	0	1	1	0	0	0	0	0	0	1	0	0	1	1	0	0	0	0	1	0	1	0	0	0	0	0	0	1	1	1	0	0	0	1	0	1	0	0	1	0	0	0	0	0	0	0	0	0	0	0	0	0	0	1	0	0	1	0	0	0	0	0	0	0	0	0	0	0	0	1	0	2	0	0	1	0	1	0	0	0	1	0	1	1	0	0	0	0
chr1.s_189417389	1	1	0	0	0	2	1	0	0	0	0	1	0	1	0	1	1	1	1	1	1	0	0	1	1	2	2	1	1	0	0	1	1	1	0	0	0	0	0	0	0	0	0	0	1	0	0	0	0	0	0	0	1	1	1	1	0	1	0	1	1	0	0	1	2	1	0	0	0	1	0	0	1	0	0	0	0	0	1	0	1	0	0	1	1	1	1	2	0	0	1	0	0	0	1	1	1	1	0	0	0	0	0	0	0	0	0	0	0	0	0	0	0	0	1	1	1	2	0	1	0	0	1	0	1	1	0	0	1	0	2	2	1	0	0	0	1	0	0	0	1	2	1	0	0	1	0	0	1	0	1	1	0	1	0	0	0	0	0	0	1	1	0	0	0	0	0	0	0	0	0	0	0	0	0	1	0	0	0	1	0	0	1	0	0	1	0	1	0	2	1	0	0	0	0	1	0	0	0	0	2	1	0	1	1	1	0	1	1	1	0	1	1	0	0	1	0	0	0	1	0	0	1	1	1	0	0	0	1	0	0	0	1	0	0	0	0	0	1	1	0	0	0	0	0	1	1	1	0	0	0	0	0	1	0	0	0	1	0	2	0	1	1	1	0	1	0	1	0	0	0	1	0	0	2	1	1	1	0	0	0	0	1	0	0	0	1	1	1	0	0	0	1	0	1	1	1	1	1	0
chr8.s_173239268	0	0	0	2	1	1	2	1	0	0	1	0	1	1	1	1	1	1	2	1	1	1	1	1	1	1	1	1	1	2	2	1	1	1	1	1	1	2	1	2	1	0	2	1	2	1	1	1	0	0	0	0	0	0	1	2	0	0	0	0	0	1	2	0	1	0	0	2	1	1	1	2	0	0	2	1	0	0	0	0	2	2	2	1	1	1	0	0	1	1	0	1	0	1	1	1	0	0	0	1	1	1	0	1	1	0	1	1	0	2	1	0	0	0	1	1	0	2	1	1	0	0	1	1	1	1	2	1	0	2	0	1	1	1	1	2	1	2	1	1	0	1	2	2	1	1	0	1	0	2	1	0	1	1	1	2	0	0	2	1	2	0	0	0	0	0	0	0	0	1	0	0	1	1	1	1	0	0	1	1	2	1	0	1	0	1	0	0	0	0	1	0	2	1	1	1	1	1	1	0	0	1	1	1	1	2	2	0	1	0	2	1	1	2	1	0	1	0	0	1	1	0	1	1	1	0	2	1	0	2	0	1	1	1	1	1	1	0	1	0	2	1	2	1	0	2	1	1	2	1	1	2	0	1	1	0	1	0	1	0	2	1	1	1	0	0	1	1	0	2	2	1	1	2	1	1	1	1	0	0	0	0	1	2	1	0	2	1	0	1	1	0	2	0	2	1	1	0	1	0
chr1.s_287534641	0	1	1	0	0	0	0	0	0	1	1	0	1	1	0	0	0	1	1	1	1	1	1	1	0	0	0	1	1	0	0	0	2	1	2	0	1	0	1	0	0	0	0	0	1	1	1	0	1	1	0	0	0	0	0	0	0	0	0	0	0	1	0	0	1	1	1	0	0	0	1	1	1	1	0	0	1	1	1	0	0	0	0	0	0	0	0	0	0	0	0	0	0	0	1	2	1	1	1	1	0	1	1	0	1	1	1	1	0	0	0	1	1	1	1	1	1	1	0	0	0	0	1	1	1	1	1	1	0	1	0	0	0	1	1	1	1	1	0	1	0	1	1	1	1	1	0	0	0	1	1	1	1	2	0	0	2	1	0	0	1	0	0	1	1	0	0	1	2	1	1	1	0	1	0	1	1	1	0	0	0	0	0	0	0	1	0	0	0	0	2	0	0	0	0	0	0	1	1	2	0	0	1	1	0	1	0	0	0	0	1	0	0	0	1	1	1	2	0	0	1	0	1	0	0	0	1	1	0	1	0	1	1	1	0	1	0	0	1	1	1	1	0	1	2	1	1	1	0	1	1	1	0	1	1	1	0	0	1	0	0	1	0	0	0	1	1	1	1	0	0	0	0	0	1	0	0	0	1	0	1	1	0	0	2	1	0	0	0	0	0	0	1	1	0	0	0	1	0	0
chr3.s_222545516	1	1	1	2	1	0	0	0	0	0	1	1	0	0	0	1	1	1	0	0	1	1	0	0	0	0	0	1	1	1	0	1	0	0	0	0	0	1	0	1	0	0	0	0	0	0	0	2	1	0	0	0	0	0	0	0	0	0	0	1	1	1	1	1	0	0	0	2	1	1	0	0	0	0	0	2	1	0	0	0	0	0	1	0	0	0	1	1	0	0	0	0	0	1	1	0	0	1	1	1	1	2	0	1	0	0	0	0	0	1	0	0	0	0	1	1	0	1	0	0	1	1	1	1	0	0	0	1	0	1	1	1	1	1	1	1	0	0	0	0	1	0	1	1	0	0	1	0	1	0	0	0	0	0	1	2	0	0	2	1	1	0	0	0	0	0	0	0	0	1	1	0	0	1	0	1	1	1	0	0	0	1	1	1	1	1	0	0	0	0	0	1	1	0	0	0	0	1	1	1	1	0	0	1	1	0	0	1	0	1	1	1	0	1	1	0	0	1	0	0	0	0	0	1	0	0	2	1	0	1	0	0	0	1	0	0	1	1	1	0	1	0	2	1	0	0	0	0	0	0	1	1	0	0	0	1	0	0	1	0	1	1	2	0	0	1	0	0	0	1	1	1	0	1	0	0	0	0	0	0	0	0	0	2	1	1	1	0	1	0	0	1	0	1	1	0	0	0	0	0
chr5.s_153051008	1	0	0	0	0	0	0	0	0	0	0	0	0	1	0	1	0	0	0	0	0	0	0	1	0	1	0	1	0	0	0	0	0	0	1	0	1	0	1	0	0	0	0	0	0	0	0	0	0	0	0	0	1	0	0	0	0	0	0	1	0	1	0	0	0	0	0	0	0	0	0	0	0	0	0	0	0	0	1	1	0	0	0	0	0	1	0	0	0	0	1	0	0	0	0	0	0	0	0	1	0	0	0	0	0	0	0	0	0	0	0	0	0	0	1	0	0	0	1	1	0	0	0	0	1	0	0	0	1	0	0	0	0	0	0	0	0	0	0	0	1	0	0	0	0	0	0	0	1	0	1	1	0	0	0	0	1	0	1	1	0	0	0	0	0	0	0	0	0	0	0	0	0	0	1	0	0	0	0	1	0	0	1	0	0	0	0	0	0	0	1	0	0	0	0	0	0	0	0	0	1	1	0	0	0	0	0	1	0	0	0	1	0	0	0	1	0	0	0	1	0	0	0	1	1	0	0	0	1	0	0	0	0	0	0	0	0	0	1	0	0	0	0	0	0	0	1	0	0	0	0	0	0	1	1	0	1	1	0	0	0	1	0	0	0	0	1	1	0	0	0	0	0	0	0	0	1	0	0	0	0	0	1	0	0	0	0	0	0	0	0	0	1	0	0	0	1	1	1	0
chr5.s_79227348	1	0	0	0	0	0	1	1	1	0	1	0	0	0	1	1	1	0	0	0	1	1	0	0	0	0	0	0	0	0	0	0	0	0	0	0	0	0	0	0	0	1	2	1	1	0	1	1	0	1	1	1	1	0	0	0	0	1	1	1	1	0	0	0	0	0	0	0	0	0	0	1	0	0	2	1	0	0	0	0	0	0	0	0	1	1	0	0	0	0	0	0	0	0	0	0	0	1	1	0	1	0	0	1	1	1	0	1	1	1	0	0	0	0	0	0	0	0	0	0	0	0	0	0	0	0	0	0	0	0	0	1	1	0	0	1	1	2	0	0	0	0	0	0	0	0	0	0	0	0	0	0	0	0	0	0	0	0	0	0	1	0	0	0	1	0	1	1	0	1	0	1	0	0	0	0	1	1	0	0	0	1	1	0	0	0	0	0	0	0	0	0	0	0	0	0	0	0	1	1	0	0	0	0	0	0	1	1	0	0	0	1	0	0	0	0	1	0	1	0	0	0	0	0	0	0	0	0	0	0	0	0	0	0	0	0	0	1	0	0	0	0	1	0	0	0	0	0	2	1	1	0	1	0	0	0	1	1	0	0	0	0	0	0	1	0	0	0	0	1	1	0	0	0	0	0	0	0	1	0	1	0	0	1	0	1	0	0	0	0	1	0	0	0	0	0	0	0	0	0
chr4.s_16648537	0	0	0	2	1	1	1	1	1	1	1	0	1	1	1	1	1	0	2	1	1	1	0	0	1	1	1	1	1	1	2	1	1	1	1	1	1	2	1	2	1	0	1	1	1	0	1	2	1	1	1	1	1	1	1	2	1	1	1	1	1	1	1	1	1	1	1	2	1	1	0	0	0	0	0	2	1	0	0	1	2	2	2	1	0	0	1	1	2	1	0	1	1	2	1	1	1	1	1	1	2	1	1	1	0	0	0	0	1	2	1	1	1	1	1	1	1	1	0	0	0	0	1	1	0	0	0	1	0	1	0	1	1	0	1	1	0	0	0	0	1	2	1	1	0	0	1	1	0	2	1	0	1	1	0	1	0	0	1	0	1	0	0	0	0	1	1	1	1	2	0	1	1	2	2	1	0	0	1	1	1	2	1	2	2	1	1	1	1	1	1	1	1	0	1	1	1	1	1	1	0	0	0	0	1	1	1	1	0	0	2	1	1	2	1	1	2	1	1	0	0	1	1	1	1	2	2	1	1	2	1	2	0	1	1	0	0	0	0	0	1	1	2	1	1	0	1	1	1	0	2	1	0	0	0	1	0	1	0	1	2	0	2	0	0	1	0	0	1	2	1	0	1	1	1	0	0	1	0	1	1	1	1	1	1	0	2	1	1	1	0	0	0	1	2	1	1	0	0	1
chr1.s_231554803	0	0	0	1	0	1	1	0	0	1	1	0	0	0	0	0	0	1	0	0	0	0	0	0	0	0	0	0	0	1	0	0	1	0	0	0	0	0	0	0	0	0	1	0	1	1	1	0	0	0	0	0	0	0	0	0	0	0	0	0	0	0	0	0	0	0	0	0	0	1	0	1	1	0	2	0	0	1	1	0	0	0	0	0	1	1	0	0	0	0	0	1	1	0	0	0	0	0	0	1	0	0	0	1	1	0	0	0	1	0	0	0	0	0	1	1	1	0	0	0	0	0	0	0	0	0	0	0	0	0	0	0	0	1	0	1	1	1	0	2	0	0	1	1	0	0	0	0	1	1	0	1	1	0	0	0	1	1	0	0	1	1	0	1	1	0	0	1	2	1	0	0	0	0	0	0	0	0	1	1	1	0	0	0	0	0	0	0	0	1	1	0	0	0	1	2	1	0	0	1	0	0	0	0	0	0	1	0	0	1	0	0	0	0	0	0	0	1	0	0	0	0	0	0	0	0	0	0	0	0	0	1	0	0	0	0	0	1	0	1	0	1	0	0	1	0	0	0	1	1	0	0	0	0	0	0	0	0	1	1	0	1	0	1	0	1	0	0	0	0	2	0	0	0	0	0	0	0	1	0	0	0	0	0	1	0	0	1	0	1	0	0	0	0	0	0	0	0	0	0
chr9.s_53770991	0	0	0	0	0	1	0	0	0	0	0	0	0	0	1	0	0	0	0	0	0	0	0	0	0	0	0	0	0	0	0	0	0	0	0	0	0	0	0	0	0	0	1	1	0	0	0	1	0	0	0	1	1	0	1	1	0	0	0	0	0	0	0	0	0	0	0	0	0	1	0	0	1	0	0	1	0	0	0	0	0	0	0	0	0	0	0	0	0	0	0	0	0	0	0	0	0	1	1	0	1	0	0	0	0	0	0	0	0	1	0	0	0	0	0	0	0	0	1	1	0	0	0	0	0	0	0	0	0	0	0	0	0	0	0	0	2	1	0	0	0	0	0	0	0	0	0	0	0	0	0	0	0	1	0	0	0	0	0	0	0	2	1	0	0	0	0	0	0	1	0	1	0	0	0	0	0	0	0	0	0	0	0	0	0	0	0	0	0	0	0	0	1	1	0	1	0	0	0	0	0	1	0	0	0	0	1	0	1	0	0	0	0	0	0	0	0	0	0	0	0	0	0	0	0	0	0	0	0	0	0	0	0	0	1	0	0	0	0	1	0	0	0	0	0	0	0	0	1	0	1	0	0	0	1	0	0	1	0	0	0	0	0	0	0	1	0	0	0	0	0	0	0	0	0	0	0	0	0	0	0	1	0	1	0	0	0	0	0	0	1	0	0	0	0	0	0	0	0	0
chr3.s_227505096	1	0	0	0	0	0	0	0	0	0	0	0	0	0	0	0	0	1	1	0	1	1	0	0	1	1	1	1	1	0	0	0	0	0	0	1	1	1	0	0	0	0	0	0	0	0	0	0	0	1	1	0	0	1	0	0	1	1	1	0	0	0	0	0	0	0	0	0	0	0	0	0	1	1	0	0	0	0	0	0	0	1	1	1	0	0	0	0	0	0	0	1	0	1	0	0	0	0	0	0	0	0	0	0	1	1	0	0	0	0	0	0	0	0	0	0	0	0	1	1	0	0	0	0	0	0	0	0	0	1	0	0	0	0	0	0	1	1	0	0	0	0	0	1	0	0	0	0	0	0	0	0	1	0	0	0	0	0	0	0	0	0	0	0	0	0	0	0	0	0	0	1	0	2	1	0	0	0	0	0	1	0	0	1	0	0	0	0	0	0	1	0	0	0	1	1	0	0	0	0	0	1	0	0	0	0	0	0	0	0	0	0	0	0	0	0	1	0	1	0	0	0	0	0	0	1	0	0	0	1	0	1	0	1	2	0	0	0	0	1	0	0	0	0	0	0	0	0	0	0	0	0	0	0	1	1	0	0	0	0	1	0	0	0	0	1	1	0	0	1	0	1	1	0	0	0	1	0	0	0	0	0	0	0	0	0	0	1	0	0	0	0	0	0	0	0	1	1	0	0
chr5.s_175251584	0	0	0	0	0	0	0	1	0	0	0	1	0	0	0	1	1	0	0	0	1	1	0	1	1	2	2	1	1	0	0	0	0	0	1	1	2	1	1	0	0	0	0	0	1	0	0	0	0	0	0	0	0	0	1	1	1	0	0	2	2	0	0	0	0	1	1	0	0	0	0	0	0	0	1	0	0	0	0	0	1	0	0	0	0	1	0	1	0	0	0	0	0	0	0	1	1	0	0	1	0	0	1	0	0	0	0	0	0	0	0	0	0	1	1	1	0	0	0	0	0	0	0	0	2	2	1	1	1	0	0	0	0	1	0	0	0	0	0	1	0	1	1	1	0	0	0	0	1	1	0	0	0	0	1	1	1	0	0	0	0	0	0	0	0	0	0	0	0	0	0	0	0	0	0	0	0	0	0	1	0	0	0	0	0	0	1	1	1	0	1	0	1	1	0	0	0	1	1	0	0	0	0	0	0	0	1	2	2	0	0	2	1	0	1	0	0	0	0	0	1	0	0	2	0	0	0	0	1	0	0	1	1	0	0	0	0	0	0	0	0	1	0	0	0	0	1	1	0	1	1	0	0	0	0	0	0	0	1	1	0	2	0	1	0	0	2	1	0	0	0	1	1	0	1	1	1	0	0	0	0	0	1	0	0	0	0	0	0	0	0	0	0	0	1	0	1	0	0	1
chr3.s_214326544	1	1	2	0	1	1	1	2	2	1	1	0	1	0	1	0	1	2	1	1	1	1	0	0	0	0	0	1	1	0	2	0	1	0	1	2	2	1	2	1	1	1	1	1	1	1	1	2	2	2	2	2	1	2	1	0	1	1	1	1	1	1	1	2	0	0	1	1	1	1	1	1	0	0	1	2	2	1	1	0	0	0	0	1	1	1	0	0	1	1	1	0	1	1	1	0	0	1	2	1	1	0	0	0	1	2	1	2	1	1	1	1	0	0	1	2	2	0	0	0	0	0	1	1	1	1	1	0	2	1	1	1	2	1	1	1	0	0	1	1	1	0	0	0	1	1	1	1	0	1	2	2	1	0	2	1	2	1	1	1	0	1	1	1	2	0	1	2	1	2	2	1	0	1	1	1	0	0	1	1	1	2	2	1	2	1	2	1	2	1	2	1	1	1	1	1	1	0	1	1	2	0	2	1	0	0	0	0	1	0	2	0	1	0	1	1	1	0	1	1	1	0	2	1	0	2	1	1	1	0	1	1	0	1	0	0	0	1	2	1	0	1	1	1	2	0	1	2	1	2	1	1	2	1	0	2	2	1	1	1	1	1	0	1	1	1	1	1	1	1	0	0	1	0	2	0	1	0	2	0	1	1	1	2	1	1	1	1	1	2	0	1	1	1	1	2	2	1	2	1
chr2.s_233729744	0	1	1	0	1	0	0	1	0	1	1	0	0	0	0	0	0	1	0	0	0	0	1	1	0	0	0	1	1	1	2	0	0	1	1	0	0	0	1	1	1	0	1	1	1	1	1	2	1	0	0	0	0	0	0	0	0	0	0	1	1	0	1	1	0	1	1	1	1	1	0	0	0	0	0	1	0	0	0	1	0	0	0	0	1	1	1	1	2	1	0	1	1	1	1	0	0	1	1	0	0	0	1	0	0	0	0	0	0	1	0	1	1	1	0	0	0	1	1	1	0	0	1	1	1	1	1	0	0	1	1	0	0	1	1	1	0	0	1	1	1	1	0	0	1	1	0	1	0	1	0	1	1	0	0	0	0	0	1	1	1	0	0	0	0	1	1	0	1	1	1	0	0	0	0	0	0	0	0	0	0	1	0	0	0	0	0	0	0	0	0	0	0	0	0	0	0	0	0	1	1	1	0	1	0	0	0	0	0	0	2	0	1	0	0	1	0	1	0	1	1	1	0	1	0	0	1	1	0	1	1	1	0	0	0	1	0	0	1	0	0	0	0	0	0	0	0	1	0	0	2	1	0	1	1	0	1	0	1	0	0	1	1	0	0	0	0	0	0	0	1	0	0	0	1	0	0	0	0	1	0	0	0	2	2	0	0	0	0	0	0	1	1	1	1	1	0	0	1	0
chr1.s_16300939	1	0	1	1	2	1	0	1	2	2	2	1	1	0	1	0	1	2	0	0	0	0	0	1	0	1	0	2	1	1	1	0	2	0	1	1	1	1	2	2	2	2	0	1	1	1	1	1	1	2	2	1	0	2	1	0	0	1	1	1	0	1	1	2	2	0	1	2	2	2	2	1	1	1	0	1	1	1	0	1	1	0	1	0	1	2	1	1	1	1	0	2	2	2	2	1	0	0	1	2	1	1	1	0	1	2	1	1	2	2	2	1	1	1	0	1	1	0	0	0	0	0	1	1	1	0	1	1	0	2	1	0	1	2	1	0	1	0	1	1	0	0	0	0	0	0	0	1	1	1	0	0	1	1	1	1	1	1	1	1	0	2	2	2	2	2	2	1	1	1	1	1	1	0	1	0	0	0	0	1	1	2	1	1	1	1	1	0	1	0	2	1	2	2	1	1	1	1	1	2	1	0	1	1	0	1	0	1	1	0	2	1	0	1	1	0	0	1	1	1	0	0	1	1	0	2	1	1	2	1	1	1	0	2	1	1	0	1	1	2	1	1	2	2	1	2	1	2	0	1	1	1	1	0	1	2	2	0	1	0	1	2	2	0	1	2	1	2	1	2	0	1	0	1	2	1	0	0	1	2	0	1	1	1	1	1	0	0	1	1	0	2	2	1	0	1	0	0	2	1
chr5.s_213914968	0	0	0	0	0	0	0	0	0	0	0	0	0	0	0	0	0	0	1	0	0	0	0	0	0	0	0	0	0	0	0	0	0	0	0	0	0	0	0	0	0	0	0	0	0	0	1	0	0	0	0	0	0	0	0	0	0	0	0	0	0	0	0	0	0	0	0	0	0	0	0	0	1	1	1	0	0	0	0	0	0	1	1	0	0	0	0	0	0	0	0	0	0	0	0	0	0	0	0	0	0	0	0	0	0	0	0	0	0	0	0	0	0	0	0	0	0	0	0	0	0	0	0	0	0	0	0	0	0	1	0	0	0	0	0	0	0	0	0	0	0	0	0	1	0	0	0	0	0	0	0	0	0	0	0	0	0	0	0	0	0	0	0	0	0	0	0	1	1	1	0	0	0	1	1	0	0	0	0	0	0	0	0	0	0	0	0	0	0	0	0	0	0	0	0	0	0	0	0	0	0	0	0	0	0	0	0	0	0	0	0	0	0	0	0	0	1	1	0	0	0	0	0	0	0	0	0	0	0	0	0	0	0	0	0	0	0	0	1	0	0	0	0	0	1	0	0	0	0	1	0	1	0	0	0	0	0	0	0	0	0	0	0	0	0	0	0	0	0	0	0	0	0	0	0	0	0	0	0	0	0	0	0	0	1	0	0	0	0	0	0	0	0	0	0	0	0	1	0	0
chr2.s_219963056	1	1	1	0	0	0	0	0	0	0	0	0	0	1	0	1	1	1	0	1	1	1	1	1	2	2	2	1	1	0	1	1	0	1	1	1	1	0	1	0	0	0	0	0	1	0	0	1	1	0	0	0	1	1	1	0	2	1	1	1	1	0	1	2	0	1	1	0	0	0	0	0	0	0	0	0	0	1	2	1	0	0	0	2	2	2	2	2	2	1	1	1	2	1	1	0	1	1	1	1	0	0	0	0	1	1	0	0	0	0	0	0	0	0	1	1	1	0	2	2	1	1	1	1	1	1	0	0	1	0	2	1	1	1	0	0	0	0	0	0	2	0	0	0	1	1	1	2	1	2	1	2	1	0	1	0	2	1	0	0	0	1	1	1	1	1	1	1	1	1	0	0	0	0	1	1	1	1	1	1	0	2	2	0	1	0	1	1	1	1	1	0	0	0	0	0	0	0	0	0	2	2	0	1	0	0	0	1	1	1	1	1	1	0	0	2	0	0	1	2	1	2	0	1	1	1	0	1	1	0	2	0	1	1	0	0	1	0	1	1	0	1	0	0	1	1	2	1	0	0	0	0	1	1	0	1	1	1	2	1	1	2	1	1	0	0	2	1	0	0	0	1	1	0	2	1	2	1	1	1	1	0	1	1	0	1	0	1	1	1	1	0	1	0	0	1	1	1	2	1
chr9.s_37880380	0	0	0	1	1	1	1	1	1	0	0	1	1	1	2	0	0	0	1	1	0	0	1	1	0	0	0	0	0	1	0	0	0	1	1	0	0	1	1	2	2	1	2	2	2	0	0	0	1	1	0	1	1	0	1	2	0	0	0	0	0	1	0	0	1	0	0	1	1	1	1	1	2	2	1	1	2	1	0	1	1	0	0	0	0	0	0	0	0	0	0	0	0	0	0	0	0	1	1	0	2	1	1	2	1	1	2	2	1	0	0	0	1	1	0	0	1	2	1	1	0	0	0	0	0	0	1	2	0	0	0	0	0	1	2	2	2	2	2	0	0	1	2	1	1	1	0	1	0	0	1	0	0	1	0	1	0	1	1	1	2	2	2	1	1	1	1	1	0	0	1	1	2	1	0	0	1	1	0	0	1	0	0	1	1	1	1	0	0	1	0	1	2	2	1	1	1	1	1	0	0	1	1	1	1	1	2	1	1	0	0	0	0	2	0	0	0	1	0	1	0	0	1	0	1	0	2	1	0	1	0	0	1	1	1	2	0	1	0	1	2	0	1	2	1	1	1	1	2	1	0	1	0	1	2	0	2	1	0	1	1	0	1	0	1	1	0	0	0	0	1	0	0	1	1	0	0	0	1	1	0	1	0	1	0	1	1	0	1	0	0	2	1	1	1	0	0	1	1	1
chr5.s_8848671	1	0	0	0	0	1	1	0	0	0	0	1	1	0	0	0	0	1	0	0	0	0	0	0	1	1	1	0	0	0	0	0	0	0	0	0	0	0	0	0	0	0	1	1	0	0	0	0	0	0	1	1	0	0	0	0	0	0	0	0	0	0	0	0	0	0	0	0	0	0	0	0	0	0	0	0	0	0	0	0	0	0	0	0	0	0	1	1	0	0	0	1	1	0	0	0	0	0	0	0	0	0	0	0	0	0	0	0	0	0	1	1	0	0	0	0	0	0	0	0	1	1	0	0	0	0	0	0	0	0	0	0	0	0	0	0	0	0	0	0	0	0	0	0	0	0	0	0	0	0	0	0	0	0	0	0	0	0	0	0	0	0	0	0	0	0	0	0	0	0	0	1	0	0	0	0	0	0	0	0	0	0	0	0	0	0	1	1	1	0	0	0	0	0	0	0	0	0	0	0	0	0	0	0	1	0	0	0	0	0	0	0	0	0	1	0	0	0	0	0	0	0	1	0	0	0	0	0	0	0	0	0	0	0	1	0	0	0	0	0	0	1	0	0	0	0	0	1	0	0	0	0	0	0	0	0	0	0	0	0	0	0	1	0	0	0	0	0	1	0	0	0	0	0	0	0	0	0	0	0	0	1	0	0	0	0	0	0	0	0	0	0	0	0	0	0	0	0	0	0
chr3.s_183806807	1	2	1	2	2	1	1	1	1	1	1	1	1	1	2	0	0	0	1	2	2	1	1	2	0	1	0	2	1	1	2	1	1	2	1	0	0	1	0	1	1	1	1	1	1	1	0	1	0	0	0	1	1	0	1	2	1	1	0	2	1	2	1	0	1	2	1	2	2	2	1	1	1	1	2	1	0	1	0	2	2	0	0	1	2	2	0	0	2	1	0	1	1	0	1	2	2	1	0	1	2	1	2	1	1	0	1	0	0	2	1	0	1	2	1	1	0	2	1	1	1	0	2	1	2	1	2	1	1	0	1	2	1	2	2	2	1	1	2	0	0	2	1	0	2	2	0	0	1	1	0	0	0	2	0	1	0	1	2	2	2	2	2	1	0	2	1	0	0	1	0	1	2	0	0	1	2	1	0	1	1	1	0	0	0	1	0	2	1	1	0	1	1	1	1	1	1	1	0	0	0	1	1	1	1	2	2	1	0	1	2	1	2	2	0	2	0	0	1	1	2	2	0	2	1	0	2	1	2	1	1	1	1	1	1	2	1	0	0	1	2	0	2	1	0	2	0	0	2	1	2	1	1	1	2	0	0	1	2	0	1	2	1	1	0	1	0	1	1	1	1	0	1	1	0	1	0	1	0	2	1	1	1	1	0	1	2	1	0	0	2	1	1	1	2	1	0	0	0	1
chr2.s_201124234	0	0	0	1	1	0	0	0	0	0	0	1	1	2	2	2	2	2	1	0	1	1	0	0	1	1	1	1	1	1	0	1	1	0	0	1	1	2	0	1	1	1	0	1	1	1	1	2	2	2	1	0	1	2	2	1	1	1	1	1	1	2	1	1	1	0	0	1	1	0	2	1	0	1	0	2	2	2	2	2	0	2	2	1	1	1	1	1	1	1	1	0	0	1	1	0	0	0	0	0	1	2	1	0	1	1	1	0	0	2	1	0	1	2	1	1	2	0	1	1	1	1	0	0	1	1	2	2	0	0	1	1	1	2	1	0	1	1	1	1	2	0	1	2	0	0	1	1	1	1	1	1	1	0	1	2	1	2	2	2	0	1	2	2	1	2	1	1	1	2	1	1	2	2	2	1	1	1	1	1	2	0	0	1	1	1	1	0	0	1	1	1	1	1	2	1	2	2	1	1	1	1	2	0	1	1	1	0	0	1	0	1	0	2	1	1	2	0	1	0	1	1	1	1	2	1	1	0	0	0	1	0	0	2	0	1	1	1	0	1	1	1	1	2	2	1	2	1	1	1	2	1	1	0	2	0	0	1	1	1	2	1	2	1	1	0	1	1	1	0	0	1	1	2	2	1	1	1	1	2	1	0	0	2	0	1	1	1	1	1	0	1	0	1	1	2	1	0	1	0
chr9.s_27019482	1	1	0	0	1	1	1	1	1	1	1	0	1	1	0	2	2	2	0	1	2	2	2	2	1	1	1	2	2	1	0	1	0	2	2	0	1	0	1	0	0	1	0	0	0	2	1	1	2	2	2	1	1	1	1	0	2	1	1	2	2	0	1	1	0	1	0	1	1	1	0	0	0	0	0	0	1	1	2	1	0	0	0	1	2	2	1	1	0	0	1	0	1	0	0	0	1	1	0	1	0	0	0	0	0	1	0	1	1	0	1	1	0	0	2	2	1	1	1	1	1	1	2	2	2	2	1	0	2	1	1	2	1	1	0	0	0	0	1	1	2	0	0	0	2	2	1	1	2	0	1	2	1	0	0	0	2	1	0	0	1	0	0	1	2	0	1	2	2	1	1	1	0	1	1	1	1	1	1	1	0	1	2	1	2	1	1	2	1	1	1	1	0	0	0	0	1	0	1	2	1	1	2	1	0	0	0	1	1	2	1	2	1	0	1	2	1	1	2	2	2	1	2	1	1	1	0	0	1	0	0	1	1	0	0	1	2	2	2	0	0	1	0	0	2	1	1	1	0	1	0	0	0	2	0	1	2	1	2	1	0	2	0	1	1	1	1	1	1	0	1	2	1	1	1	1	1	1	2	0	2	1	1	0	1	0	1	1	1	1	1	1	1	2	0	1	1	1	2	1
chr1.s_75663734	0	0	0	1	0	0	0	0	0	1	1	1	1	1	0	0	0	0	0	0	0	0	0	0	0	0	0	0	0	0	0	0	0	0	0	0	0	0	1	1	1	1	0	0	0	1	2	0	0	0	0	0	0	0	0	0	0	0	0	0	0	0	1	0	0	0	0	0	0	0	0	0	0	0	1	0	0	0	0	0	0	0	0	0	1	1	0	0	0	0	0	0	0	0	0	0	0	0	0	1	0	0	0	0	0	0	0	0	0	1	1	0	0	0	1	1	0	0	1	0	1	0	0	0	0	0	0	1	0	0	0	0	0	0	0	0	0	0	0	1	0	0	0	0	1	0	0	1	0	0	0	0	0	0	0	0	0	0	0	0	0	0	0	0	0	0	0	1	2	1	0	0	0	0	0	0	1	0	0	0	0	0	0	0	0	0	0	1	1	0	0	0	0	0	0	0	0	0	0	1	0	0	0	0	0	0	0	0	0	0	0	0	0	0	0	0	0	1	0	0	0	0	0	0	0	0	0	0	0	0	0	0	0	0	0	0	2	0	0	0	0	0	0	0	1	0	0	0	0	1	0	0	1	0	0	1	0	0	0	0	0	0	0	0	0	1	0	0	0	0	0	0	0	0	0	1	0	0	0	0	0	0	0	0	1	0	0	0	0	0	1	0	0	1	0	0	0	0	0	1
chr7.s_111753773	1	0	0	1	0	0	0	0	0	0	1	0	1	1	0	0	1	2	1	0	1	1	0	0	0	0	0	1	1	0	0	0	0	0	0	0	0	1	0	1	0	1	1	1	0	1	1	1	2	2	1	1	1	2	2	1	0	1	1	0	0	0	1	0	1	1	1	1	0	0	1	1	1	1	0	1	2	1	1	0	0	2	2	1	0	0	0	0	0	0	0	1	1	0	0	1	1	0	0	0	2	2	1	0	0	0	0	0	0	0	0	1	1	0	1	2	2	1	0	0	1	1	0	0	1	1	1	1	1	0	0	0	0	1	1	1	0	0	1	1	1	1	1	2	0	0	1	0	0	1	0	1	1	1	1	2	1	1	2	1	1	1	1	1	1	0	0	1	1	1	2	0	1	2	1	0	1	1	0	0	0	1	1	1	1	1	1	1	1	0	0	0	1	0	0	0	0	1	1	1	0	0	2	1	1	1	1	1	0	0	0	0	0	2	1	0	1	0	1	0	1	0	1	0	0	1	2	1	0	1	0	1	0	1	1	0	1	0	0	0	1	1	2	0	2	0	0	0	0	1	0	0	0	0	0	1	0	1	1	0	2	1	1	1	0	1	0	1	0	1	0	0	0	1	1	1	0	1	1	0	0	1	0	1	0	1	0	0	1	0	0	1	0	2	0	1	0	1	1	1
chr2.s_4851651	0	0	0	1	0	0	0	0	0	0	0	1	0	0	0	0	0	0	0	0	0	0	0	0	0	0	0	0	0	0	0	0	0	0	0	0	0	0	0	0	0	0	1	1	0	1	1	0	0	0	0	0	0	0	0	0	0	0	0	0	0	0	0	0	0	0	0	0	0	0	1	1	0	0	1	0	0	0	0	0	1	0	0	0	0	0	0	0	0	0	0	0	0	0	0	0	0	0	0	1	0	0	0	1	0	0	0	0	1	0	0	0	0	0	1	1	1	0	0	0	0	0	0	0	0	0	0	1	0	0	0	0	0	0	0	0	0	0	0	0	0	0	0	0	0	0	1	0	1	0	0	0	0	0	0	0	0	0	0	0	0	0	0	0	0	0	0	0	0	0	0	0	0	0	0	0	0	0	1	1	0	0	0	0	0	0	0	0	0	1	1	1	0	0	1	1	1	0	0	0	0	0	1	0	0	0	0	0	0	1	0	0	0	0	0	0	0	0	0	0	0	0	0	0	0	0	0	0	0	0	0	1	0	0	0	0	0	1	0	0	0	0	0	0	0	0	0	0	0	1	0	0	0	0	0	0	0	0	0	1	0	0	0	0	0	0	0	1	0	0	0	1	0	0	0	0	0	0	0	0	0	0	1	0	0	0	1	1	1	1	0	0	0	1	0	0	0	0	0	0
chr2.s_189456965	0	0	0	0	0	0	0	0	0	0	0	0	0	0	0	0	0	0	1	0	0	0	0	0	0	0	0	0	0	0	1	0	0	0	0	0	0	0	0	0	0	0	1	1	0	0	0	0	1	1	0	0	0	0	0	0	0	0	0	0	0	0	1	0	0	0	0	0	0	0	0	0	0	0	0	0	1	1	1	0	0	1	1	0	0	0	0	0	1	1	0	1	0	1	0	0	0	0	0	0	0	0	0	0	0	0	0	0	0	1	1	0	0	0	1	1	0	0	0	0	0	0	0	0	1	1	1	0	0	1	0	0	0	1	0	0	0	0	0	0	0	0	0	1	0	0	0	0	0	1	0	1	2	0	0	0	1	1	0	0	0	0	0	0	0	0	0	0	0	0	1	0	0	1	1	0	0	0	0	0	0	1	0	1	0	0	0	0	0	0	0	0	0	0	0	0	0	0	0	0	0	0	1	0	0	0	0	0	0	0	1	0	0	0	0	0	1	0	0	1	1	0	1	0	0	0	0	0	0	1	0	1	0	0	1	0	0	0	0	0	0	0	0	0	1	1	0	0	0	1	0	0	0	0	0	0	1	0	1	0	0	1	0	0	0	0	0	0	0	1	0	0	0	0	0	0	0	0	1	0	0	0	0	1	0	0	0	0	0	0	1	0	1	1	0	0	0	0	1	0
chr2.s_181909374	0	1	0	1	0	1	1	1	1	1	1	0	0	0	1	1	1	1	1	2	2	2	2	1	2	1	2	1	2	1	1	2	2	2	1	0	0	0	1	1	1	0	0	0	1	1	1	1	2	1	0	0	0	1	1	1	1	1	1	1	2	1	1	1	2	1	0	0	0	0	0	0	0	0	1	1	2	0	0	1	1	0	1	1	2	1	2	2	1	1	1	1	1	1	2	1	1	1	0	1	1	1	1	0	0	0	0	0	1	0	0	1	1	0	0	0	0	1	1	1	2	2	1	1	0	1	0	1	0	0	2	2	1	0	1	1	0	0	0	1	1	1	0	0	2	2	2	1	0	1	1	0	0	2	0	0	0	0	1	1	0	1	1	0	0	0	0	1	1	1	2	1	1	0	0	2	1	1	2	1	1	0	0	1	1	2	0	1	0	2	1	1	0	0	0	0	1	0	0	1	1	1	2	1	1	2	1	0	1	1	0	1	2	1	0	2	0	0	1	1	1	2	2	1	0	1	1	0	1	0	1	1	1	0	0	1	2	0	0	0	0	1	1	1	2	1	1	1	1	2	0	0	0	1	0	1	0	1	1	2	0	0	1	2	1	1	0	0	0	1	1	1	1	1	1	2	0	1	0	0	1	1	1	0	0	0	1	1	0	1	1	1	1	1	1	1	0	0	0	2
chr5.s_215695252	0	0	0	0	0	1	1	1	1	1	1	0	0	0	0	0	0	0	0	0	0	0	0	0	0	0	0	0	0	0	0	1	1	0	0	0	0	0	0	0	0	0	1	0	1	1	1	0	0	0	0	0	0	0	0	0	0	0	0	0	0	0	0	1	1	1	1	0	0	1	0	1	1	0	1	0	0	0	0	0	0	0	0	1	0	0	1	1	0	0	0	0	0	1	2	2	1	0	0	0	0	0	0	1	1	1	0	1	1	0	0	0	0	0	0	0	0	0	0	0	0	0	0	0	0	0	0	0	0	0	1	0	0	0	0	1	1	1	0	1	0	1	0	0	0	0	0	0	0	0	0	0	0	1	0	0	0	0	0	0	1	1	0	0	1	0	1	1	1	0	0	0	0	0	1	0	0	0	0	0	0	0	0	0	0	1	0	0	0	0	0	0	0	0	0	1	0	0	1	1	1	0	0	0	0	1	1	0	0	0	0	0	0	0	0	0	0	1	0	0	0	0	0	0	0	0	0	0	0	0	0	0	0	0	0	0	0	1	0	1	0	0	0	0	0	1	0	0	1	0	0	0	0	0	0	0	1	0	0	0	1	0	1	0	1	1	0	0	0	0	1	0	0	0	0	0	0	0	1	0	0	0	0	0	1	0	0	0	0	0	1	0	1	0	0	0	0	0	0	0
chr7.s_178846215	2	2	1	1	2	2	1	1	1	1	0	0	1	0	1	1	2	1	1	1	1	1	2	1	2	1	2	0	1	2	0	1	1	1	1	1	2	2	2	2	2	1	0	1	0	1	1	1	1	1	2	1	0	1	1	1	1	2	2	0	1	1	0	1	0	1	0	2	2	2	2	1	2	2	0	1	1	0	0	0	1	1	1	2	1	0	2	2	0	0	1	0	0	1	1	1	2	1	0	1	1	1	2	0	0	0	2	1	1	0	1	2	1	0	0	1	1	2	1	2	0	1	2	2	0	1	1	1	1	1	1	1	0	1	2	1	2	1	2	0	1	2	1	1	0	1	2	1	1	0	1	1	0	0	0	1	1	1	2	2	1	1	1	1	0	1	0	0	0	0	0	2	0	1	2	1	0	1	1	0	1	0	1	0	0	0	0	1	0	1	1	1	1	1	1	1	2	2	1	0	2	2	1	1	1	0	0	0	1	2	1	1	2	1	2	2	1	0	2	1	1	1	1	0	0	0	2	1	1	1	0	0	1	1	0	1	0	1	2	1	1	1	1	1	0	1	0	1	1	0	0	2	0	2	2	0	0	0	1	1	2	0	2	1	0	1	2	1	1	0	1	1	2	2	1	1	2	1	0	0	1	1	1	1	1	0	1	1	1	1	0	0	0	1	1	1	2	2	1	0
chr1.s_108483312	0	0	0	0	0	1	1	0	0	0	0	0	0	0	0	1	1	0	1	0	0	0	0	0	0	0	0	1	1	0	0	1	0	0	0	0	0	0	0	0	0	0	0	0	0	0	1	0	0	0	0	0	0	0	1	2	0	0	0	0	0	1	0	0	0	0	0	0	0	0	1	1	0	0	0	0	0	1	1	0	1	2	1	0	0	0	0	0	0	0	0	1	1	0	0	0	0	0	0	0	0	0	0	0	0	0	0	0	0	0	0	0	0	0	0	0	0	1	0	0	0	0	0	0	1	1	1	0	0	0	0	1	1	1	0	0	0	0	0	1	0	2	2	2	0	0	0	0	0	1	0	1	1	1	0	0	1	1	0	0	0	0	0	1	1	0	0	0	0	0	0	0	0	1	1	0	0	0	0	0	0	0	0	0	0	0	0	0	0	0	0	0	0	0	0	0	0	0	0	0	0	0	0	0	1	0	1	0	0	0	0	1	0	0	0	0	2	0	0	1	1	0	1	0	0	0	0	0	0	0	0	0	0	0	0	0	0	0	0	0	0	1	0	0	0	1	1	0	0	0	0	0	0	0	0	0	1	0	1	0	0	1	0	1	0	0	0	1	0	0	0	0	0	0	0	0	0	1	1	0	1	1	0	1	0	0	2	0	0	0	0	0	1	0	1	0	0	0	1	1
chr3.s_69849693	0	1	1	0	1	1	2	0	0	0	0	0	0	0	0	1	1	0	1	0	0	0	1	1	0	0	0	0	0	1	0	0	1	0	0	0	0	0	0	0	1	2	2	2	1	0	0	0	1	1	0	0	0	0	0	1	0	0	0	1	1	2	1	0	1	1	1	0	1	0	2	2	1	2	1	0	1	0	0	0	1	1	1	0	1	1	0	0	0	0	0	1	0	1	1	2	1	0	0	0	1	0	2	1	1	0	1	0	0	0	0	1	1	1	0	0	0	1	0	0	0	0	1	1	0	0	1	1	1	2	0	1	1	1	1	1	0	1	2	0	0	2	1	1	0	0	0	1	0	0	0	0	1	1	0	0	0	1	0	1	2	1	2	1	0	1	0	0	0	0	2	0	0	1	1	0	0	0	0	0	1	0	0	1	0	1	0	0	0	0	0	1	0	1	1	0	1	2	1	0	0	0	1	0	1	1	1	0	0	0	1	1	0	0	1	0	2	1	0	0	0	0	2	1	0	0	0	1	0	2	0	1	1	0	2	1	1	0	1	0	1	0	0	1	1	2	0	0	1	1	1	2	0	1	1	0	0	1	0	0	0	0	0	0	0	0	0	1	0	1	1	1	0	1	0	1	0	0	0	0	1	0	0	1	1	0	2	0	0	0	1	0	1	2	2	0	0	1	0	0
chr2.s_185614300	1	1	0	0	1	1	0	0	0	0	0	1	1	1	0	0	0	0	0	1	0	1	1	0	1	0	1	0	1	0	0	1	0	1	0	0	0	0	0	0	0	0	0	0	0	0	0	1	0	0	0	0	0	0	0	1	1	0	1	0	1	0	0	0	0	1	0	1	1	2	0	0	2	1	0	1	0	0	0	0	1	1	0	0	0	0	1	1	0	0	0	0	0	0	0	0	1	2	1	0	0	0	0	0	0	0	0	0	0	2	1	0	0	0	0	0	0	1	1	0	1	1	0	1	1	2	1	0	0	0	1	2	1	1	0	0	1	0	0	0	0	1	1	0	1	0	1	1	0	0	0	0	0	0	0	0	0	0	0	0	0	1	0	0	0	1	1	0	0	1	0	0	0	0	0	0	1	1	1	0	0	0	0	0	0	0	0	1	0	1	0	1	0	0	0	1	0	0	0	0	0	1	0	0	1	0	0	1	1	1	0	0	0	0	0	0	0	0	1	0	2	1	0	0	0	0	0	1	0	1	0	0	2	0	1	0	1	0	0	1	1	0	0	0	0	0	0	0	0	0	1	0	0	0	0	0	0	0	2	1	0	1	0	0	0	1	0	0	0	0	0	2	1	0	0	0	0	2	0	1	1	0	0	1	0	0	2	1	0	0	1	0	0	0	1	0	0	1	0	1
chr6.s_4406180	1	0	0	0	0	2	1	1	1	1	0	2	1	1	2	0	0	1	0	0	1	1	1	1	0	0	0	1	1	1	2	1	1	0	0	0	0	0	1	1	1	1	1	1	0	1	1	1	2	1	0	0	0	1	0	1	1	1	1	1	1	1	2	2	1	0	0	0	0	1	1	1	2	1	1	0	1	2	1	2	2	1	0	1	1	1	1	1	2	1	0	1	2	1	1	0	0	1	1	0	0	1	0	0	0	0	0	0	1	1	1	1	2	2	1	1	1	2	1	1	1	1	0	0	0	0	0	0	0	0	1	0	0	1	0	0	2	1	0	0	1	1	2	1	0	0	0	0	1	1	0	1	1	1	0	0	1	1	1	1	1	2	1	1	1	1	1	1	1	1	2	1	1	1	1	0	1	1	0	0	0	2	1	1	2	1	1	1	1	0	0	1	1	1	0	1	1	0	0	1	1	1	2	1	2	0	0	0	1	1	1	0	1	0	0	1	1	0	0	1	0	1	2	0	1	2	0	0	1	0	1	0	1	0	1	2	1	1	0	1	1	0	0	0	2	1	0	0	1	2	1	0	1	1	1	1	1	0	1	0	1	1	1	0	0	2	0	1	0	0	1	1	0	0	0	1	0	1	1	2	1	1	1	0	0	1	1	0	0	1	0	2	1	1	1	0	0	1	1	1
chr1.s_18311788	0	0	0	0	0	0	0	0	0	0	0	0	0	0	0	0	0	0	0	0	0	0	0	0	0	0	0	0	0	0	0	0	0	0	0	0	0	0	0	0	0	0	0	0	0	0	1	0	0	0	0	0	0	0	1	1	0	0	0	0	0	0	0	0	0	0	0	0	0	0	0	0	0	0	0	0	0	0	0	0	0	0	0	0	0	0	0	0	0	1	1	0	0	0	0	0	0	0	0	0	0	0	0	0	0	0	0	0	0	0	0	0	0	0	1	1	0	0	0	0	0	0	0	0	0	0	0	0	1	0	0	0	0	0	0	0	0	0	0	0	0	0	0	0	0	0	0	0	0	0	0	0	0	0	0	0	0	0	0	0	1	0	0	0	0	0	0	0	0	0	0	0	0	1	0	0	1	1	0	0	0	0	0	1	1	1	0	0	0	0	0	1	0	0	0	0	1	0	0	0	0	0	0	0	0	0	1	0	0	0	0	0	0	0	0	0	0	0	0	0	0	0	0	0	0	0	0	0	0	0	0	1	0	0	0	0	0	0	0	0	0	0	0	0	0	0	0	0	0	0	0	0	0	0	0	0	0	0	0	0	0	0	0	0	1	0	0	0	0	0	0	0	0	0	0	0	0	0	0	0	0	0	0	0	0	1	0	0	0	1	0	0	0	0	0	0	0	0	0	0
chr3.s_83904412	1	0	0	1	1	0	0	2	1	0	1	1	1	1	0	0	1	1	1	1	2	2	1	1	1	1	1	1	1	1	1	1	1	0	1	0	1	1	2	2	1	0	0	0	1	1	1	0	0	0	0	1	1	1	2	1	0	1	1	1	1	0	1	2	0	0	0	2	1	1	0	0	0	0	1	0	0	0	0	1	1	0	1	1	1	1	2	2	2	2	1	0	1	1	1	0	0	1	1	1	1	1	0	1	0	1	0	1	2	1	1	0	0	0	0	1	1	0	0	1	0	1	1	1	2	2	1	0	0	0	0	0	0	1	0	0	0	0	0	1	0	0	0	0	0	1	2	1	1	1	1	0	0	1	0	1	1	0	2	1	0	0	0	0	1	0	1	1	0	0	0	0	1	0	1	1	1	2	1	1	0	2	1	0	1	0	1	1	1	1	1	0	1	0	0	0	1	0	1	1	1	0	1	0	0	1	1	2	1	0	1	1	2	2	0	1	0	0	0	2	1	1	0	1	1	1	1	0	1	0	1	0	1	1	0	0	0	1	0	0	1	0	2	1	0	0	1	1	0	1	0	0	1	0	0	1	2	0	1	2	1	2	2	2	2	1	2	1	1	1	1	1	0	0	2	1	1	0	1	0	0	1	1	0	0	1	0	0	2	1	0	1	1	0	0	1	0	0	2	1
chr3.s_211304646	0	2	1	0	2	1	1	0	0	1	2	0	1	0	0	0	0	1	1	1	2	1	1	2	0	1	0	1	0	1	0	1	1	2	1	0	0	0	0	0	1	1	0	1	1	2	1	0	0	0	1	1	0	0	0	0	1	1	0	2	1	2	0	0	1	2	1	0	1	0	1	0	1	2	0	1	1	1	1	0	1	1	2	1	2	2	0	0	0	0	0	0	0	0	0	1	2	1	0	0	0	0	2	0	0	0	1	0	1	1	2	2	1	1	0	0	0	1	1	1	1	0	2	1	2	1	2	1	0	1	1	1	0	1	2	1	0	0	1	2	0	1	0	1	2	2	0	1	2	0	1	1	1	0	1	1	1	2	1	2	1	1	2	2	1	1	0	1	2	1	0	1	0	1	1	1	2	1	0	1	1	1	1	0	0	0	0	1	0	1	0	2	1	2	1	0	1	1	0	2	0	1	1	1	0	0	0	2	1	2	1	1	1	0	1	1	2	1	1	1	2	1	1	1	0	0	1	1	1	1	0	0	0	0	0	1	1	1	1	0	0	1	1	1	1	1	0	2	0	0	1	2	0	1	1	0	0	0	1	0	0	1	0	2	0	0	0	1	2	1	0	0	1	1	1	1	0	1	1	0	2	1	1	1	2	1	0	1	0	0	1	0	0	0	0	0	0	1	0	2
chr4.s_151647494	0	0	1	2	0	1	1	2	2	1	0	0	2	1	1	1	1	0	1	1	0	0	0	0	0	0	0	0	0	1	0	1	0	0	0	1	0	1	0	1	0	0	0	0	1	0	1	0	0	1	2	1	0	0	0	0	0	0	0	0	0	1	1	1	0	0	1	1	0	0	0	0	0	0	0	0	0	0	0	0	1	0	0	0	0	0	0	0	0	1	1	0	1	0	0	0	0	1	2	1	1	1	0	1	0	1	1	2	2	1	2	1	0	0	1	1	1	0	1	1	0	0	0	0	0	0	1	1	0	0	0	0	1	0	0	0	0	0	0	0	0	0	0	0	0	0	0	1	0	1	1	0	0	0	2	2	0	0	1	0	0	0	0	0	1	0	1	1	0	0	0	2	1	1	1	1	0	0	1	1	2	0	0	1	2	1	1	1	2	1	0	0	2	1	1	1	1	1	2	0	0	1	0	1	0	1	0	1	1	0	0	1	1	2	2	1	1	0	1	0	0	0	1	1	1	1	1	1	1	0	1	1	0	1	0	0	1	1	0	0	1	2	1	1	0	0	1	2	1	0	0	1	2	0	2	1	1	0	0	1	1	0	1	0	2	0	0	0	2	0	0	0	0	1	1	0	0	0	1	0	1	1	1	0	0	1	0	1	1	2	1	1	0	0	1	0	0	0	0	1
chr8.s_178111542	0	0	0	1	0	0	0	0	0	0	0	0	1	0	0	0	0	0	0	0	0	0	0	0	0	0	0	0	0	0	0	0	0	0	0	0	0	1	0	1	0	0	0	0	0	0	0	0	0	0	1	2	1	0	0	0	0	0	0	0	0	1	0	0	1	0	0	1	0	0	0	0	0	0	1	1	1	0	0	0	0	0	0	0	1	1	0	0	0	0	0	0	0	0	0	0	0	1	1	0	1	1	0	0	0	0	0	0	0	0	1	1	0	1	0	0	0	0	0	0	0	0	0	0	0	0	0	0	1	0	0	0	0	0	0	0	0	0	0	0	0	0	0	0	0	0	0	0	0	0	0	0	0	1	0	1	0	0	1	0	0	0	0	0	0	0	0	0	0	0	0	1	0	0	0	0	0	0	0	0	0	0	0	0	0	0	1	0	0	0	0	0	1	0	0	0	0	0	0	0	0	0	0	0	0	0	0	0	0	0	0	0	0	1	1	0	0	0	0	0	0	0	0	0	0	0	1	0	0	0	0	0	0	1	0	0	0	0	0	0	1	1	1	1	0	0	0	1	0	1	1	0	0	0	0	0	0	0	0	0	1	0	1	0	0	0	0	0	1	0	0	0	0	0	0	0	0	0	0	0	0	2	0	1	0	0	0	0	0	0	0	1	0	0	0	0	0	0	0	0
chr3.s_184419019	0	0	0	1	0	1	1	1	1	1	1	0	1	1	1	0	0	0	0	0	1	1	1	1	0	0	0	0	0	0	1	0	1	1	1	0	0	0	0	0	0	0	1	0	1	1	0	0	0	0	0	0	0	0	0	1	0	0	0	1	1	1	0	0	1	1	1	0	0	1	0	1	1	0	1	0	0	0	0	1	2	0	0	0	0	0	0	0	1	0	0	0	0	0	1	2	1	0	0	1	0	0	1	1	1	0	0	0	0	1	1	0	0	1	0	0	0	2	1	1	0	0	0	0	0	0	0	0	0	0	0	0	0	0	1	2	1	1	1	0	0	2	1	0	1	1	0	0	0	0	0	0	0	1	0	0	0	0	0	0	2	2	1	0	0	1	1	0	0	0	0	1	1	0	0	0	0	0	0	0	0	0	0	0	0	1	0	0	0	0	0	0	0	0	0	1	0	0	0	0	0	1	1	1	1	2	1	0	0	0	0	0	1	1	0	1	0	0	0	0	0	1	0	0	1	0	1	1	1	1	1	0	1	0	1	1	0	0	0	1	1	0	1	0	0	2	0	0	2	0	1	0	1	1	1	0	0	0	0	0	0	0	0	0	0	1	0	0	1	1	1	0	0	0	0	0	0	0	0	1	0	0	1	0	0	0	1	0	0	0	1	0	1	1	1	1	0	0	0	0
chr8.s_118063166	0	0	0	0	0	1	2	0	0	0	1	0	1	0	0	0	0	0	0	0	0	0	1	1	1	1	1	0	0	0	0	1	1	1	1	0	0	0	1	1	1	0	1	0	2	0	0	0	0	0	1	1	0	0	0	0	0	0	0	0	0	0	0	1	0	1	1	0	0	0	0	1	0	0	1	0	0	1	1	0	1	0	0	0	0	0	0	0	0	0	0	0	1	0	0	1	1	1	1	0	0	0	1	2	1	0	0	0	0	0	1	2	1	1	1	1	1	0	0	0	1	1	1	1	0	0	0	0	0	0	0	0	0	1	0	1	0	1	0	0	0	1	0	0	1	1	0	0	1	0	0	1	1	0	1	1	1	1	0	0	1	0	0	1	1	0	0	1	1	1	0	1	0	0	1	1	1	1	1	1	1	1	1	1	2	1	1	1	1	1	1	0	1	1	0	0	0	0	0	1	0	0	0	0	1	0	1	1	1	1	1	0	0	0	1	0	0	1	0	0	0	0	1	0	0	1	0	0	0	0	0	0	0	0	0	1	0	1	0	0	0	1	1	0	1	0	1	2	1	0	1	0	0	1	0	0	0	0	1	1	0	1	0	0	0	0	0	0	1	1	1	0	0	0	1	0	0	0	1	0	0	1	1	0	0	1	0	0	1	0	1	1	0	1	0	0	0	0	0	1
chr7.s_43882145	2	1	0	0	0	0	0	0	0	0	1	0	0	0	0	1	1	0	0	0	1	0	0	0	0	0	1	0	1	0	0	1	0	1	0	0	0	0	0	0	0	0	0	0	0	1	1	0	0	0	0	1	1	1	0	0	0	2	1	0	1	0	0	0	0	2	1	0	0	0	1	1	0	0	0	0	0	0	0	0	0	0	1	2	1	0	0	1	0	0	1	0	0	0	0	0	1	1	0	0	0	1	1	0	1	1	0	0	0	0	0	1	1	0	1	1	1	1	0	1	1	1	1	0	0	1	0	1	1	0	1	1	0	0	1	1	0	0	0	0	0	1	0	0	0	1	0	0	0	1	1	1	0	0	0	0	0	0	0	0	0	0	0	0	0	0	0	1	1	1	0	0	0	0	0	2	0	0	0	0	0	0	1	0	0	0	0	1	0	1	0	1	0	0	0	0	0	0	0	0	1	1	1	1	1	0	0	0	1	1	0	1	1	0	0	1	1	0	0	1	0	0	0	0	0	1	1	0	0	0	0	0	2	1	0	0	0	0	1	1	1	1	1	0	1	0	0	0	0	0	0	0	0	1	0	0	0	0	0	1	1	0	0	1	0	0	0	1	0	1	0	1	0	1	0	1	1	1	0	0	1	0	1	0	0	0	1	1	0	0	0	0	0	0	0	0	1	1	0	1
chr5.s_13958086	0	0	0	1	0	0	0	0	0	0	0	0	0	0	1	0	0	0	0	0	0	0	0	0	0	0	0	0	0	0	0	0	0	0	0	0	0	1	0	1	0	0	0	0	0	0	0	0	0	0	0	0	0	0	0	0	0	0	0	0	0	0	0	0	0	0	0	1	0	0	0	0	0	0	0	0	0	0	0	1	0	0	0	0	1	1	0	0	0	0	0	0	0	0	0	0	0	0	0	0	1	1	0	0	0	0	0	0	0	0	0	0	0	0	0	0	0	0	1	0	1	0	0	0	0	0	0	0	0	0	0	0	0	0	0	0	0	0	0	0	0	0	0	0	1	0	0	0	0	0	0	0	0	0	0	1	0	0	1	0	0	0	0	0	0	0	0	0	0	0	0	0	0	0	0	0	1	0	0	0	0	0	0	0	0	0	0	0	0	0	0	0	1	0	0	0	0	0	0	0	0	0	0	0	0	0	0	0	0	0	0	0	0	1	0	1	0	0	0	1	0	0	0	1	0	0	1	0	0	0	0	0	0	1	0	0	1	0	0	0	1	0	1	0	0	1	0	0	1	0	0	0	0	0	0	0	1	0	0	0	1	0	1	0	0	0	0	0	0	0	0	1	0	0	0	0	0	0	0	0	0	0	0	0	0	0	0	0	0	0	2	0	1	0	1	0	0	0	1	1
chr1.s_3806895	1	1	0	1	0	0	0	0	0	0	1	2	2	1	1	0	0	0	2	2	1	1	1	0	2	1	1	0	0	1	0	2	0	1	0	1	1	2	1	2	1	0	0	0	1	1	1	1	1	0	1	1	0	0	1	1	2	1	1	1	1	1	1	1	1	2	1	1	0	0	1	1	0	0	0	1	1	1	0	2	1	1	2	2	1	0	2	1	0	0	0	0	0	1	1	0	1	2	1	1	2	1	1	0	1	1	0	0	1	0	1	2	2	2	0	0	0	1	0	1	1	2	1	1	0	0	1	2	0	0	2	1	0	0	1	1	0	0	0	1	0	1	0	1	0	1	1	2	0	1	0	0	0	0	0	1	0	0	1	0	0	1	1	1	1	0	0	1	1	1	1	1	2	1	1	1	1	2	1	0	1	0	0	0	0	0	0	2	1	1	0	1	2	1	0	0	0	0	0	1	1	1	1	1	1	1	1	0	1	1	0	0	1	2	1	2	2	0	1	2	1	1	0	0	1	0	2	0	0	0	0	0	0	2	0	1	1	0	0	1	1	2	2	0	1	1	0	2	0	0	1	2	1	0	1	1	1	1	1	0	2	0	2	2	0	1	1	1	2	1	0	0	2	2	1	2	1	1	0	1	2	1	1	0	1	1	0	1	0	0	0	1	1	0	0	0	1	0	1	1
chr9.s_154875557	2	1	0	1	1	0	0	1	1	1	1	1	1	1	2	1	1	0	1	2	1	0	0	1	1	2	1	2	1	1	1	2	1	1	0	0	0	0	0	0	1	2	1	2	1	1	1	0	0	0	0	1	1	1	0	1	1	1	0	1	0	2	1	1	1	2	1	0	1	0	1	0	1	2	0	1	1	2	1	2	2	1	0	1	2	2	1	1	0	1	2	1	2	1	1	0	1	2	1	1	0	1	1	0	0	0	2	1	1	1	1	1	2	2	0	0	0	1	2	2	2	1	1	0	2	1	2	2	2	0	1	2	1	2	1	0	1	1	1	1	0	1	2	1	1	1	1	1	2	1	2	2	1	1	0	0	1	2	1	2	0	1	2	2	1	2	1	0	0	0	0	1	2	1	1	1	2	1	0	1	1	1	2	1	2	1	2	2	1	1	1	1	1	2	1	0	1	1	0	1	1	2	1	0	2	1	0	2	1	2	0	2	2	1	0	2	0	0	1	1	2	1	0	2	1	2	0	0	2	0	0	1	1	0	0	1	2	1	1	0	1	1	1	1	0	1	1	1	1	0	1	1	1	1	2	1	0	0	2	0	0	2	1	2	1	1	1	1	1	1	0	1	1	1	1	2	2	2	1	2	1	1	2	0	0	1	2	1	0	0	2	1	0	1	2	1	1	2	0	1
chr6.s_97641693	2	1	0	0	0	1	1	0	0	0	0	0	1	1	0	1	2	1	1	0	0	0	1	2	0	1	0	1	0	1	0	1	0	1	0	1	1	1	0	0	0	0	2	2	2	1	1	1	1	0	0	0	0	2	1	1	1	0	0	1	0	0	1	1	0	1	0	0	0	1	0	1	1	1	1	0	0	1	1	0	1	1	1	0	0	1	1	1	1	1	2	0	0	1	1	0	1	2	1	1	0	0	0	2	2	1	1	0	0	0	0	0	0	0	0	1	1	2	0	0	1	1	0	0	2	1	1	1	1	0	1	2	1	1	0	1	1	1	1	0	1	1	2	2	0	0	1	1	2	0	1	2	1	0	1	1	1	1	0	0	1	2	2	2	1	1	0	0	0	0	0	0	1	1	2	0	0	0	0	1	0	0	1	0	0	0	0	1	0	1	0	0	0	0	0	1	1	2	1	0	2	1	1	1	2	1	1	1	0	2	0	2	0	1	1	0	1	1	0	1	1	1	0	2	1	1	0	0	1	0	1	0	1	1	1	1	1	1	1	2	1	0	0	1	0	1	1	1	1	0	0	0	1	2	1	0	1	0	1	0	0	2	1	0	1	1	1	1	1	0	2	0	1	0	2	0	2	1	1	0	0	0	1	0	0	0	2	1	2	0	0	0	1	0	2	1	2	1	2	1
chr2.s_163543068	1	1	1	0	1	0	0	0	0	1	1	1	0	0	0	0	0	0	0	0	0	0	1	1	0	0	0	0	0	0	0	0	0	1	1	0	0	0	0	0	0	1	0	0	0	1	1	0	0	0	0	0	0	0	1	1	0	1	1	0	0	0	1	0	0	0	0	1	1	1	1	1	1	1	0	0	0	0	0	0	0	0	0	0	1	1	0	0	0	0	0	1	1	0	0	0	0	0	0	0	1	0	0	0	1	1	0	0	0	0	0	0	0	0	0	0	0	1	0	0	0	0	1	1	0	0	0	0	0	1	0	0	0	0	1	1	0	0	0	1	0	0	0	0	1	1	0	0	0	0	0	0	0	1	1	1	0	0	0	0	0	0	0	0	0	0	0	0	1	0	0	0	0	0	0	0	0	0	0	0	0	0	0	0	0	0	0	0	0	0	1	0	1	1	0	0	0	0	0	1	0	0	0	1	0	0	1	0	1	0	1	0	0	0	0	0	0	1	0	0	0	0	0	0	0	0	1	0	0	0	0	0	1	1	1	1	1	0	1	1	1	0	0	0	0	0	0	0	0	0	0	1	1	1	0	1	0	1	0	0	0	0	0	0	0	1	0	1	0	0	0	1	0	0	0	1	0	0	0	0	0	1	0	0	2	0	0	0	0	0	1	0	0	0	0	0	0	1	0	0
chr5.s_143465549	1	0	0	0	0	0	0	0	0	0	0	1	0	0	1	0	0	0	0	0	0	0	0	0	0	0	0	0	0	0	0	1	0	0	0	0	0	0	1	1	1	0	0	0	0	0	0	0	0	0	0	0	0	0	0	0	0	1	1	0	0	0	0	0	0	0	0	0	0	0	0	0	0	0	1	0	0	0	0	0	0	0	0	0	0	0	0	0	1	0	0	0	0	0	0	1	1	1	1	0	0	0	0	0	0	0	0	0	0	0	0	0	0	0	1	1	0	0	0	0	0	0	0	0	0	0	0	0	0	0	0	1	1	0	0	0	1	1	0	0	0	0	0	0	0	0	0	0	0	1	0	1	1	0	0	0	0	0	1	1	0	0	0	0	0	0	0	0	0	0	1	1	0	0	1	0	0	0	0	0	0	0	0	0	0	0	0	0	0	0	0	0	0	0	0	0	0	0	0	0	0	0	0	0	0	0	0	1	0	0	0	0	0	0	0	1	0	0	0	0	0	1	0	0	0	0	0	0	0	0	1	0	0	0	1	0	0	0	0	0	0	1	0	0	0	0	0	0	1	1	0	0	0	0	1	0	0	0	0	0	0	0	0	0	0	0	0	0	0	0	0	0	0	0	0	0	0	0	0	0	0	0	0	0	0	0	0	0	0	0	1	0	0	0	0	0	0	0	0	0
chr7.s_167899612	0	0	0	1	1	0	1	0	0	0	0	1	2	1	1	0	1	1	1	0	0	0	1	1	1	1	1	0	0	1	0	1	0	1	1	1	1	2	1	2	2	1	1	1	1	0	1	0	0	0	1	1	0	1	1	0	0	0	0	0	0	1	0	0	0	0	0	1	1	0	1	1	0	1	1	0	0	0	0	0	0	1	2	1	0	0	0	0	0	0	0	0	0	0	0	0	0	1	1	0	1	1	1	1	1	0	2	1	0	0	1	1	0	0	0	1	1	1	1	1	1	1	1	1	0	0	1	2	0	0	0	0	0	1	2	2	0	1	2	0	0	0	0	1	1	1	1	0	1	0	1	0	0	0	0	1	0	1	1	1	2	0	1	1	0	1	0	1	1	1	1	2	0	1	1	0	0	0	0	0	1	0	0	0	0	0	0	0	0	0	0	1	1	1	2	1	1	1	0	0	0	1	0	1	1	0	1	1	0	1	1	0	0	1	1	0	1	0	0	1	0	0	0	0	1	0	2	1	0	1	0	0	0	1	1	1	0	1	0	0	1	1	1	2	1	1	0	1	2	0	0	1	1	1	2	1	1	0	0	0	2	0	1	0	0	1	1	0	2	0	1	1	1	2	1	0	1	0	0	0	0	1	0	0	0	0	0	1	1	0	0	1	1	1	0	1	1	0	2	0
chr10.s_147844665	0	1	1	1	1	1	1	1	1	1	1	0	0	0	1	0	0	1	1	1	1	1	0	0	0	0	0	1	1	0	1	0	1	0	0	0	0	0	0	0	0	0	0	0	0	0	0	1	2	1	0	0	0	1	0	0	0	0	0	1	1	0	0	1	0	0	0	0	0	0	0	0	1	1	1	0	1	1	1	0	1	1	0	0	0	0	0	0	0	0	0	1	2	0	0	0	0	1	1	1	0	1	0	0	0	0	0	0	0	1	1	0	0	0	0	0	1	0	0	0	1	1	0	0	1	1	1	0	0	0	0	0	0	1	0	0	0	0	0	0	1	0	1	1	0	0	0	1	1	1	1	1	1	0	0	0	1	1	1	1	0	0	0	1	1	1	1	0	0	0	1	1	0	0	0	1	0	0	1	1	1	0	0	0	1	0	1	0	0	1	1	0	0	0	1	1	1	1	1	1	0	0	1	0	1	0	0	1	0	1	0	0	1	0	1	1	1	1	0	0	1	0	2	0	0	2	0	0	1	0	0	0	0	0	0	0	0	1	0	0	0	1	1	1	1	0	1	0	1	2	0	1	1	0	1	0	0	0	1	1	0	1	0	0	0	0	0	0	0	1	0	1	0	0	0	1	0	1	1	1	1	0	1	0	1	0	0	1	0	1	0	0	0	1	0	1	0	1	0	0
chr6.s_132311100	0	1	0	1	1	1	1	0	0	0	1	0	1	0	0	0	0	0	0	0	0	0	0	0	0	0	0	0	0	1	1	1	1	1	0	0	0	1	0	1	1	1	1	1	1	0	0	0	1	1	1	1	0	0	0	1	0	0	0	1	1	1	1	0	1	1	0	1	1	1	1	1	2	2	1	1	2	0	0	1	1	0	0	0	0	0	0	0	1	1	0	0	0	0	1	1	1	1	0	0	1	1	1	1	1	0	1	0	0	0	1	1	0	0	0	0	0	1	0	0	0	0	0	0	0	0	1	1	0	0	1	1	0	1	1	1	1	1	1	0	0	1	1	0	0	0	0	0	0	1	0	0	0	1	0	1	0	1	1	1	1	1	1	1	0	1	0	0	0	0	1	1	0	0	0	0	0	0	0	0	1	1	0	0	0	1	0	1	0	2	0	1	1	1	1	1	2	2	1	0	0	1	1	0	1	1	1	0	0	1	1	0	0	1	2	1	0	0	0	0	0	0	1	0	0	0	1	0	0	0	0	0	1	1	1	0	0	0	0	1	2	1	2	2	1	1	0	1	1	1	0	1	0	0	2	0	0	0	0	1	1	0	1	0	0	1	0	0	1	1	1	0	0	1	0	0	0	1	0	0	0	1	0	0	0	0	1	1	0	1	1	0	1	1	1	0	0	1	0	1
chr3.s_21198226	0	1	1	1	1	0	0	0	0	1	1	0	0	1	0	1	0	0	0	1	1	1	0	0	0	0	0	0	0	0	0	1	1	1	0	1	0	1	0	1	0	0	0	0	1	2	2	1	0	0	0	0	1	0	0	0	1	0	0	0	0	0	0	0	0	1	1	1	0	0	0	0	1	1	0	1	0	0	1	0	0	0	0	0	0	0	0	0	0	1	1	0	0	0	0	0	1	1	1	0	1	1	0	1	0	0	0	0	0	1	0	0	0	0	1	0	0	0	1	0	1	0	0	0	1	1	1	0	0	0	1	1	1	1	0	0	0	0	0	2	1	0	1	1	1	0	1	0	0	0	1	0	0	0	1	1	0	0	1	0	0	0	0	0	0	0	0	0	1	1	0	0	1	0	0	1	2	1	0	0	0	1	1	0	0	0	0	2	2	1	0	0	1	0	0	0	1	0	0	1	0	1	1	1	0	1	0	1	0	1	0	0	0	2	0	0	0	2	1	0	2	1	0	0	1	0	1	1	0	0	1	0	0	1	0	0	1	0	0	0	1	0	1	1	0	0	2	1	0	0	1	0	2	0	0	2	0	1	2	0	1	1	1	1	1	1	0	0	0	0	0	1	1	0	1	0	0	1	0	0	1	0	0	1	1	2	0	1	1	2	2	1	0	1	0	0	0	1	0	2
chr7.s_140952257	1	0	1	2	0	1	1	1	1	0	0	1	1	1	0	1	1	1	1	1	0	1	1	1	1	1	0	2	1	1	1	1	0	0	1	1	1	1	1	1	0	1	1	1	1	1	1	0	0	0	0	1	1	0	0	0	0	0	1	2	1	2	1	0	0	1	2	1	0	0	1	1	0	0	1	0	0	1	1	0	0	1	1	0	1	2	1	0	1	2	2	1	1	0	0	1	1	1	2	2	1	2	0	0	0	1	1	2	2	0	0	0	0	1	0	0	1	0	0	0	1	2	0	1	1	0	1	2	1	0	0	1	2	1	0	0	0	0	0	1	0	1	1	1	0	0	2	1	1	1	2	2	1	1	1	1	2	1	1	0	0	1	1	1	2	0	1	1	0	0	1	0	1	0	1	1	0	1	1	1	1	2	2	1	1	1	1	1	2	0	1	0	2	1	0	0	1	1	2	0	1	0	1	1	1	1	0	2	1	0	1	2	0	2	1	0	1	0	0	0	0	0	1	2	1	0	1	1	1	0	1	0	0	1	0	0	0	1	1	0	1	0	1	1	0	0	1	1	0	1	1	1	2	1	1	1	1	0	1	0	1	2	1	1	2	0	1	2	0	0	0	1	0	1	1	1	1	1	2	0	1	1	1	0	0	1	1	0	0	2	1	0	0	1	1	0	1	1	0	1
chr5.s_221817696	0	0	0	0	1	2	2	0	1	1	0	0	1	2	1	1	0	1	1	1	0	0	1	1	0	0	0	1	1	0	0	0	1	1	1	0	0	0	0	0	0	1	2	1	2	0	0	0	0	0	0	1	2	0	1	1	0	0	0	0	0	0	1	0	1	0	0	1	1	2	0	1	2	1	1	0	0	0	1	0	0	0	0	0	0	0	0	0	0	0	0	1	1	0	0	0	0	0	0	0	1	0	0	2	1	0	0	0	0	0	0	0	0	0	1	0	1	0	0	0	0	0	0	0	0	0	0	0	0	0	0	0	0	0	1	2	1	1	1	1	1	0	1	1	1	1	0	0	1	0	0	0	0	1	0	0	0	0	1	1	2	2	1	0	0	0	0	0	0	0	0	0	0	0	0	1	0	0	0	0	1	0	0	1	1	1	0	0	0	0	1	0	1	1	0	1	1	0	0	0	0	0	0	0	0	0	2	0	1	1	0	0	0	0	0	0	1	1	0	1	0	0	1	0	2	0	1	1	1	1	0	0	0	0	0	1	1	1	0	1	0	0	0	1	0	0	1	1	2	0	0	0	0	1	1	0	1	2	0	0	0	0	0	1	0	1	0	0	1	0	1	0	0	0	1	0	0	0	0	0	1	1	0	1	0	0	1	0	1	1	0	0	1	0	0	0	0	1	1	1
chr3.s_221172095	1	0	1	0	1	1	1	1	1	0	0	1	0	1	1	1	0	0	1	1	0	0	0	0	0	0	0	0	0	1	0	0	0	0	1	1	1	0	1	0	1	1	0	1	1	0	0	0	0	0	0	0	1	0	0	0	0	0	0	0	0	1	0	0	0	0	1	0	1	0	1	0	0	1	0	0	0	2	2	1	0	0	0	0	1	1	0	0	0	0	1	1	0	1	0	0	0	0	1	1	0	0	1	0	1	2	1	1	1	0	0	0	1	1	1	0	0	0	0	0	0	0	0	0	1	1	2	1	1	1	0	0	1	1	1	0	0	0	1	1	1	0	0	0	0	0	0	0	0	0	2	2	2	0	1	0	2	2	0	1	0	0	1	2	2	1	1	1	0	0	0	0	1	0	1	0	0	0	0	0	1	0	1	1	0	0	0	0	1	1	1	1	0	1	1	0	1	1	1	0	1	0	0	1	0	0	0	0	0	0	0	0	0	0	0	0	0	0	0	1	1	0	1	0	1	0	0	1	0	1	1	1	0	1	1	1	0	1	1	1	0	0	0	1	0	0	2	1	0	0	0	1	1	1	1	1	2	1	0	1	0	0	0	1	1	0	1	0	0	1	0	0	0	1	1	0	1	0	2	1	0	0	1	0	0	1	0	0	0	1	0	1	1	0	0	0	1	1	1	1
chr2.s_6883804	2	0	0	1	1	1	1	0	0	0	0	0	0	0	0	0	0	0	2	1	0	0	0	0	0	0	0	0	0	1	0	1	1	0	0	1	1	2	0	1	1	2	1	1	1	0	0	0	0	0	0	0	0	0	0	1	0	0	0	0	0	1	1	0	1	0	0	1	1	1	1	1	1	1	1	0	0	0	0	0	1	1	1	0	0	0	0	0	0	0	1	0	0	0	1	1	0	0	0	0	1	1	1	1	1	0	1	0	0	0	0	0	0	1	0	0	0	1	0	0	0	0	0	0	0	0	1	1	1	0	0	0	0	1	1	1	1	1	1	0	0	1	1	1	0	0	0	1	0	0	2	1	0	1	0	1	0	1	1	1	1	1	1	1	0	1	0	0	0	0	0	0	0	1	1	0	1	1	0	0	1	0	1	0	0	1	0	0	0	0	0	1	1	1	1	1	1	1	0	0	1	0	0	0	1	1	1	0	0	0	0	0	0	1	0	0	1	1	0	0	0	0	0	0	0	0	1	0	0	0	0	0	0	1	0	0	1	0	1	1	1	0	1	1	0	1	0	0	1	0	1	2	0	1	1	0	0	0	0	0	1	0	1	0	0	1	1	0	0	0	1	0	1	1	0	0	2	0	0	0	0	0	1	0	1	1	1	0	0	0	1	0	1	0	1	0	2	1	0	1
chr1.s_191626562	1	0	0	0	1	1	1	1	1	1	1	1	1	1	1	0	0	0	0	0	1	1	0	0	0	0	0	0	0	0	1	0	1	0	0	0	0	0	0	0	0	1	1	0	1	0	0	0	0	0	0	0	0	0	0	1	0	0	0	0	0	0	1	0	0	0	0	1	1	2	0	1	2	1	2	0	0	1	0	1	1	0	1	0	0	0	0	0	1	0	0	0	0	0	0	0	0	1	1	0	0	0	0	1	1	0	0	0	0	0	0	0	1	1	1	1	0	1	0	0	0	0	1	1	0	0	0	1	0	1	0	0	0	0	0	1	1	1	0	0	0	1	1	0	0	0	0	0	0	0	0	0	0	0	0	0	0	0	0	0	1	1	0	0	0	0	0	1	1	1	0	0	2	0	0	1	0	0	0	0	0	0	0	0	0	0	0	0	0	0	0	0	0	0	0	1	0	1	1	0	0	0	0	0	1	1	1	0	0	0	1	0	1	1	1	0	1	1	0	0	0	1	0	0	1	0	0	0	1	0	1	0	0	0	0	1	1	0	1	1	0	0	1	0	1	0	0	0	1	1	0	1	0	0	0	0	0	0	0	0	0	0	0	0	0	1	0	0	1	1	1	0	0	0	0	1	0	0	0	1	1	0	0	0	1	0	1	0	0	0	0	2	0	1	1	1	0	1	0	0
chr2.s_32541600	0	1	1	1	2	0	1	2	2	2	1	1	0	0	1	0	0	1	0	0	0	0	0	0	0	0	0	1	1	2	1	0	0	0	1	0	1	1	1	1	1	1	1	1	1	2	2	0	0	0	0	0	0	0	0	1	0	0	0	1	1	1	1	1	0	1	1	2	2	1	1	1	0	1	1	0	0	0	0	1	1	0	0	0	0	0	0	0	2	2	1	1	1	1	0	1	1	0	0	1	1	1	2	2	2	2	1	1	1	1	1	1	1	0	0	0	1	1	1	1	0	0	0	0	0	0	1	1	0	2	0	0	0	1	1	1	1	2	1	1	0	2	1	0	0	0	1	0	0	1	0	0	1	0	0	1	1	1	2	2	1	0	1	1	1	2	2	1	1	0	1	1	0	0	0	0	1	1	0	0	1	1	0	1	1	0	1	0	0	0	1	1	1	1	1	0	1	1	1	2	0	1	1	0	1	0	1	0	0	0	1	0	1	1	0	1	0	1	0	0	0	1	0	0	0	1	1	1	1	2	1	1	1	2	1	0	0	1	1	1	2	0	1	1	0	0	0	0	2	0	0	2	1	0	2	1	1	0	0	0	1	0	1	0	2	1	1	0	0	1	2	0	0	1	0	0	0	0	1	1	0	0	0	1	2	1	1	0	1	0	0	0	0	1	1	0	0	0	0	0
chr4.s_166088026	1	1	1	1	0	1	1	1	1	1	1	1	0	0	2	0	1	2	0	1	1	1	2	2	1	1	1	2	2	1	0	2	1	1	1	1	1	1	2	2	1	0	1	1	0	2	1	1	1	1	1	1	1	1	1	0	1	2	2	2	2	1	0	0	2	1	1	1	0	0	0	0	0	0	1	1	1	1	0	1	0	1	0	1	2	2	2	2	1	0	1	0	0	1	2	1	1	1	1	1	1	1	0	0	0	1	0	1	2	0	0	0	1	1	1	2	2	0	2	2	1	1	1	1	1	1	1	1	2	0	2	2	2	0	0	0	1	1	1	1	1	0	1	1	1	1	1	2	1	0	1	1	0	1	1	1	1	0	1	0	1	0	0	0	1	1	2	1	1	0	0	1	1	0	1	1	1	1	1	1	1	1	2	0	0	1	0	2	2	1	1	1	1	0	0	0	1	0	1	2	1	2	1	1	0	1	0	2	1	1	0	1	1	1	0	2	1	1	2	1	1	2	1	1	0	0	1	2	1	1	2	1	1	1	0	2	1	1	1	0	1	0	1	1	0	1	0	0	1	1	0	1	1	2	2	2	1	0	1	1	1	1	2	1	1	1	2	1	0	0	0	2	1	1	1	2	2	2	1	2	2	0	1	1	1	1	1	1	1	2	2	1	1	0	0	1	1	1	1	1
chr4.s_28972484	0	0	0	1	0	0	0	1	1	1	0	0	0	0	1	0	0	1	1	1	0	0	1	1	1	1	1	0	0	1	2	0	0	1	1	0	0	0	0	0	0	0	1	1	1	1	0	1	2	2	1	0	0	0	0	0	1	1	1	1	1	0	1	1	0	0	0	0	0	0	0	0	1	1	0	0	1	0	0	1	1	1	1	1	1	1	1	1	2	1	0	1	1	1	1	0	0	1	1	1	0	0	0	0	1	1	0	0	1	0	0	0	0	0	0	0	0	1	1	1	0	0	0	0	0	0	0	1	0	0	0	0	0	0	1	1	1	1	1	1	1	0	0	0	0	0	1	1	1	2	0	0	0	0	1	1	0	0	0	0	0	1	1	0	0	1	1	1	1	1	1	1	1	0	0	0	0	0	0	0	0	2	1	0	0	0	1	0	0	0	0	1	1	1	0	0	0	0	0	1	1	1	2	1	0	1	0	1	1	1	1	0	1	1	0	1	1	0	1	0	0	1	1	0	0	0	1	1	1	1	1	0	0	1	1	1	0	1	0	1	0	1	0	0	2	0	1	1	1	1	0	0	0	1	1	1	0	0	0	0	1	0	1	1	0	1	1	0	0	0	1	0	0	0	1	0	1	1	0	1	1	0	1	1	0	0	0	0	0	0	0	1	0	2	0	1	0	1	0	1
chr3.s_151324869	1	1	1	1	0	1	0	2	1	0	1	1	1	1	1	0	1	1	0	1	2	2	1	1	1	1	1	1	1	0	0	2	0	1	1	1	1	1	1	1	0	0	0	0	0	0	0	1	0	0	0	0	0	1	1	0	1	1	1	1	1	0	0	1	0	1	1	1	0	1	0	0	1	0	0	1	0	1	0	1	0	0	1	1	1	1	1	1	0	0	1	0	1	0	0	0	1	1	1	1	1	1	0	0	0	1	0	1	2	2	1	0	1	1	0	1	1	0	1	1	1	1	1	1	1	1	0	0	1	0	1	1	1	0	0	0	1	0	0	0	0	0	0	0	1	1	1	2	1	0	1	1	0	0	1	1	1	0	2	1	0	1	0	0	1	0	1	1	0	1	0	0	2	0	0	1	2	2	1	1	0	1	2	0	1	0	2	2	2	1	1	0	2	1	0	1	1	0	1	1	1	1	0	1	0	1	0	1	2	1	0	1	2	2	0	1	0	0	1	1	1	1	0	1	1	1	1	1	1	0	1	0	1	1	0	1	1	1	1	1	1	0	2	1	0	0	0	0	0	0	1	0	1	1	0	1	1	0	1	1	1	1	1	1	1	1	1	1	1	1	0	2	1	0	1	1	1	1	1	1	1	0	1	1	0	2	0	1	1	2	1	2	0	1	0	2	1	1	1	1
chr2.s_233474929	0	0	0	0	0	0	0	0	0	0	0	0	1	0	0	1	1	0	1	0	0	0	0	1	1	2	1	1	0	0	0	0	0	0	0	1	1	1	0	0	0	0	0	0	0	1	1	1	1	1	1	1	0	0	0	0	1	0	0	1	0	1	0	0	0	0	0	0	0	0	0	0	0	0	1	1	1	0	0	0	0	1	1	1	0	1	0	0	0	1	1	0	0	0	0	1	1	0	0	0	0	0	0	0	0	0	0	0	0	1	1	1	0	0	0	0	0	0	1	0	1	0	0	0	1	0	0	0	0	0	0	1	1	0	0	0	0	0	0	0	0	0	0	1	1	0	1	0	1	0	0	0	0	0	0	0	0	0	0	0	0	1	1	0	0	0	0	0	0	1	1	1	0	1	1	0	1	0	0	1	0	1	1	0	0	0	0	0	0	0	0	0	0	0	0	0	0	0	0	1	0	0	2	0	0	0	0	2	0	0	0	2	0	0	1	0	2	0	0	0	0	0	1	1	0	0	0	0	1	0	0	0	0	0	0	0	1	0	0	0	0	1	0	0	1	0	0	1	0	2	1	0	1	0	0	0	0	0	0	0	1	1	0	0	1	0	1	1	1	0	0	0	1	1	0	0	1	0	0	0	1	1	0	1	0	0	1	0	0	0	1	0	0	1	0	0	1	0	0	1
chr9.s_157817220	1	0	1	0	0	1	1	1	1	1	1	0	1	1	0	1	0	0	0	1	1	1	1	0	1	0	1	0	1	0	0	0	0	0	1	1	1	0	2	1	1	0	1	0	1	1	1	0	0	0	1	1	1	0	0	1	1	1	1	0	1	0	0	1	0	0	1	0	0	1	0	1	1	0	1	0	0	0	1	0	1	0	0	1	1	0	1	1	0	0	0	1	1	1	0	0	0	0	1	1	0	0	0	2	1	1	0	1	1	0	1	1	0	0	1	0	0	1	1	1	1	1	1	1	0	1	0	0	0	1	0	0	1	0	0	1	1	1	0	1	1	1	1	0	1	1	1	1	0	0	0	0	1	0	1	0	1	0	0	0	1	1	0	0	1	0	1	1	1	0	0	1	0	0	0	1	1	1	1	0	0	0	0	1	1	0	2	1	2	0	1	1	0	0	0	1	0	0	1	1	0	0	0	1	1	0	1	0	1	0	0	0	1	0	1	1	0	1	1	1	1	1	0	0	1	1	0	1	0	1	1	1	1	0	1	0	1	1	0	1	0	1	0	0	0	0	1	1	1	0	0	0	1	0	0	1	1	1	1	1	0	0	0	1	1	1	1	0	1	1	1	1	1	0	0	1	0	0	1	0	1	1	0	0	1	1	1	0	1	1	1	0	0	0	1	0	0	0	0	1
chr1.s_220723126	0	0	0	1	1	1	1	0	0	0	0	0	1	1	0	1	1	0	1	1	1	1	1	1	0	0	0	0	0	0	0	0	0	1	1	0	0	1	0	1	1	2	0	0	1	0	0	0	0	1	1	1	1	1	1	1	0	1	1	0	0	1	0	1	1	1	1	1	1	0	2	1	0	0	0	1	1	0	0	0	0	0	1	0	1	1	0	0	0	0	0	0	1	0	0	1	1	0	0	0	1	1	2	0	0	0	0	0	0	1	1	1	1	0	1	1	0	1	0	0	1	1	0	0	1	1	1	1	1	0	0	1	1	1	2	1	0	0	1	0	0	1	0	0	1	1	0	0	1	0	1	0	0	0	1	2	0	1	1	1	1	1	1	0	0	0	0	0	0	0	1	0	1	1	0	1	1	1	0	0	0	0	0	1	2	1	1	0	0	0	0	2	2	2	1	0	0	1	1	0	0	0	0	1	1	1	1	0	1	1	0	1	0	2	1	0	1	0	1	0	1	0	1	0	1	2	2	1	0	1	0	0	0	1	1	1	0	1	0	0	1	0	1	1	0	0	0	1	0	0	0	0	0	1	0	0	0	0	0	0	1	0	1	0	0	0	0	1	1	0	0	0	0	0	1	1	0	0	0	0	1	0	0	0	0	1	1	0	0	0	0	1	0	0	0	0	0	0	0	0
chr1.s_291681661	0	0	0	0	0	0	0	0	0	0	0	1	0	0	1	0	0	0	0	0	0	0	0	0	0	0	0	0	0	0	0	0	0	0	0	0	0	0	0	0	0	0	0	0	0	0	0	0	1	1	0	1	1	0	1	2	0	0	0	0	0	0	0	0	0	0	0	0	0	0	0	0	0	0	0	0	1	1	0	1	1	0	0	0	0	0	0	0	0	0	0	0	0	0	0	0	0	0	0	0	1	0	0	0	0	0	0	0	0	0	0	0	1	1	0	0	0	1	0	0	0	0	0	0	0	0	0	0	0	0	0	0	0	0	0	0	0	0	0	0	0	1	1	0	0	0	0	0	1	0	0	0	0	0	0	0	0	0	0	0	0	0	0	0	0	0	0	0	0	0	1	0	1	0	0	0	0	0	0	0	0	0	0	0	0	0	0	0	0	0	0	0	1	1	0	0	0	0	0	1	0	0	1	0	1	0	0	0	1	1	0	0	0	0	0	0	0	1	0	0	0	0	1	0	0	0	0	1	0	1	0	0	0	0	0	1	0	1	0	0	0	0	0	0	1	0	0	0	0	1	0	0	0	0	1	0	0	1	0	0	0	0	0	0	0	0	0	0	0	0	0	0	0	0	0	0	0	0	0	1	0	0	0	0	0	0	1	0	0	0	0	1	0	1	1	0	0	0	0	0
chr1.s_79334400	0	1	1	0	1	1	1	2	2	1	1	0	1	1	0	1	0	1	2	2	1	0	0	0	1	1	1	1	1	0	1	1	1	0	1	1	2	1	1	0	0	0	0	0	1	0	0	2	1	0	1	2	2	0	1	1	1	1	0	0	0	1	0	1	0	1	1	1	1	1	1	1	0	0	0	1	0	1	2	0	0	1	2	1	1	0	0	0	1	1	1	1	1	1	1	1	1	1	1	1	1	0	1	0	1	2	1	2	2	1	1	1	0	1	1	0	0	0	1	1	1	0	2	1	1	1	1	0	1	1	0	0	0	1	0	0	0	0	0	1	2	1	1	2	1	1	1	0	0	1	0	1	1	1	1	1	2	1	1	1	0	1	1	1	2	0	1	1	0	1	1	1	1	1	1	2	1	0	1	1	0	0	0	0	0	0	1	0	0	0	1	1	0	0	0	0	1	1	2	0	1	0	0	0	0	1	1	0	0	0	1	0	2	1	2	1	2	0	1	2	2	2	1	0	1	0	0	0	1	0	1	0	0	1	0	0	1	1	1	1	0	2	1	0	0	1	2	2	0	0	2	1	0	0	0	0	2	2	2	0	0	1	0	2	2	0	1	1	2	1	0	1	2	1	1	1	0	0	2	0	2	2	0	2	1	0	0	0	0	1	1	0	1	0	0	1	1	0	1	2
chr7.s_71123384	0	0	0	1	0	1	1	1	1	1	0	2	0	0	1	0	0	0	1	1	1	1	0	0	1	1	1	0	0	0	1	1	0	0	0	1	1	1	0	0	0	0	1	0	2	0	0	1	2	1	0	0	0	0	1	2	1	0	0	0	0	1	1	1	1	0	0	0	0	1	0	1	1	0	2	1	2	1	0	1	2	0	0	0	1	1	1	1	1	1	1	0	0	1	1	0	0	0	0	1	1	0	0	1	1	0	0	0	1	0	0	0	1	2	0	0	0	1	0	0	0	0	0	0	0	0	0	0	1	0	1	0	0	0	0	1	1	1	0	0	0	1	1	0	0	0	0	1	1	0	1	0	0	0	1	1	0	0	1	1	1	1	0	0	0	1	1	0	0	0	1	0	1	0	0	0	0	0	0	0	0	0	0	0	0	0	0	0	0	0	0	0	0	0	0	1	0	0	0	1	1	0	1	0	1	0	2	1	0	1	0	0	1	0	0	1	0	0	0	0	0	1	1	0	0	0	0	0	1	0	1	1	0	0	0	1	1	1	0	1	0	0	0	0	1	0	1	1	1	2	1	0	1	0	0	1	0	1	0	0	0	0	1	0	1	2	1	0	0	0	1	1	1	0	1	1	1	0	0	2	0	0	1	0	0	0	1	0	0	0	0	2	0	1	1	1	1	0	0	0
chr5.s_67328096	0	2	1	2	1	1	0	1	1	2	1	1	1	1	0	0	1	1	1	2	1	1	2	1	2	1	2	0	1	1	1	1	2	2	1	1	1	2	0	1	1	1	0	1	0	1	1	1	1	0	0	0	0	2	1	1	2	1	1	0	1	1	0	1	2	1	0	1	1	1	1	0	2	2	0	1	1	1	1	0	2	1	0	2	1	0	2	2	1	0	0	0	0	1	2	1	1	1	0	1	1	2	1	1	1	1	1	0	0	1	1	0	0	1	0	1	2	2	1	1	2	2	1	1	1	2	1	1	0	0	2	1	0	2	2	1	1	0	2	1	1	1	1	0	2	2	1	2	1	0	1	1	1	1	0	1	1	2	2	2	1	2	2	2	1	2	1	1	2	1	1	0	1	1	0	2	1	1	2	1	1	0	0	1	1	2	1	1	0	2	1	1	1	1	2	2	2	1	0	1	1	1	0	1	2	2	0	0	1	2	0	0	2	2	0	1	0	2	1	1	2	2	0	1	1	1	2	1	1	1	1	0	2	2	0	1	1	1	0	2	2	0	1	2	1	2	0	0	0	0	1	1	0	1	0	0	0	0	2	2	2	1	2	1	0	1	1	0	1	0	1	1	2	0	1	1	1	2	1	1	1	0	1	0	2	0	2	2	2	1	1	0	1	0	2	2	1	1	1	1
chr2.s_138398777	0	0	0	0	0	0	0	0	0	0	1	0	0	0	0	0	0	0	1	0	0	0	1	1	0	0	0	0	0	0	0	1	0	1	1	0	0	0	0	0	0	0	0	0	0	0	0	1	0	0	0	0	0	0	0	0	0	0	0	0	0	0	0	1	0	0	0	0	0	0	0	0	0	0	0	1	0	0	0	0	0	1	2	0	1	1	0	0	0	0	0	0	1	0	0	0	0	0	0	0	0	0	0	0	0	0	0	0	0	1	0	0	0	0	0	0	0	1	0	0	0	0	0	0	0	0	0	0	0	0	0	0	0	0	1	1	0	0	0	0	0	0	0	1	1	1	0	0	0	0	0	0	0	0	0	0	0	0	0	0	0	0	0	0	0	0	0	0	0	1	0	0	0	1	1	0	0	0	0	0	0	0	0	0	1	0	1	0	0	0	1	0	0	0	0	0	0	0	0	0	0	0	0	1	0	0	0	0	0	0	0	0	0	0	0	0	1	1	0	0	0	0	0	0	0	1	1	0	0	0	0	1	0	0	0	1	0	0	0	0	0	0	1	0	0	0	0	0	0	0	1	0	0	1	0	0	0	0	0	0	0	0	0	0	0	0	0	0	0	1	0	0	0	0	0	0	0	0	0	0	0	0	0	1	0	0	0	0	0	0	0	1	0	0	0	0	0	0	0	0
chr1.s_7697015	1	1	0	2	1	0	0	1	1	1	1	1	1	1	1	0	1	1	1	1	1	2	2	1	2	1	1	0	0	1	1	2	2	2	1	1	1	2	1	2	2	2	0	1	0	1	1	1	1	1	1	1	1	1	1	0	1	1	2	0	0	1	0	1	1	2	1	1	1	0	1	0	1	2	1	0	0	1	0	1	1	0	1	1	0	0	2	1	1	1	2	0	0	1	2	2	2	1	0	1	2	1	2	0	0	0	1	0	1	1	1	1	2	1	0	1	1	1	0	0	0	1	0	1	0	0	1	1	1	0	2	1	0	1	2	1	0	0	2	0	0	1	0	0	1	1	2	2	0	0	1	1	0	2	0	1	0	1	1	1	0	1	2	1	0	2	1	0	0	0	1	0	2	0	0	0	1	2	2	1	1	1	2	0	0	1	0	1	0	1	0	1	1	1	1	0	1	1	0	1	2	1	1	1	0	2	0	1	0	1	0	0	1	2	0	0	1	0	1	0	0	1	0	0	1	0	2	1	1	1	1	0	0	1	0	2	0	0	1	0	1	0	2	2	0	2	0	0	0	1	0	1	1	2	1	1	0	1	0	0	2	0	2	0	1	1	1	0	0	1	0	0	1	2	1	1	2	1	0	2	1	1	2	0	0	1	0	1	1	0	0	1	1	1	0	2	2	2	1	1
chr3.s_28458250	0	0	0	0	0	0	0	0	0	0	0	0	0	0	0	0	0	0	0	0	0	0	0	0	0	0	0	0	0	0	0	0	0	0	0	0	0	0	0	0	0	0	0	0	0	0	1	0	0	0	0	0	0	0	0	0	0	0	0	0	0	0	0	0	0	0	0	0	0	0	0	0	1	1	0	0	0	0	0	0	0	0	0	0	0	0	0	0	0	0	0	0	0	0	0	0	0	0	0	0	0	0	0	0	0	0	0	0	0	0	0	0	0	0	0	0	0	0	0	0	0	0	0	0	0	0	0	0	0	0	0	0	0	0	0	0	0	0	0	0	1	0	0	0	0	0	0	0	0	0	0	0	0	0	0	0	0	0	0	0	0	0	0	0	0	0	0	0	0	0	0	0	0	0	0	0	0	0	0	0	0	1	1	0	0	0	0	0	0	0	0	0	0	0	1	1	0	0	0	0	0	0	0	0	0	0	0	0	0	0	0	0	0	0	0	0	0	0	0	0	0	0	0	0	0	0	0	0	0	0	0	0	0	0	0	0	0	0	0	0	0	0	0	0	0	0	0	0	0	0	0	0	0	0	0	0	0	0	0	0	0	0	0	0	0	0	0	0	0	0	0	0	0	0	0	0	0	0	0	0	0	0	0	0	0	0	0	1	0	0	0	0	0	0	0	0	0	1	0	0
chr7.s_172325922	0	0	0	0	0	0	0	0	0	0	0	1	1	0	1	0	1	1	0	0	0	0	0	0	1	1	1	0	0	0	0	0	0	0	0	1	1	1	0	0	0	0	0	0	0	0	0	1	1	0	1	2	1	1	1	0	1	0	0	0	0	0	0	1	1	0	0	0	0	0	0	0	0	0	0	1	1	1	0	1	0	1	0	0	1	1	1	1	1	0	0	0	0	1	1	0	0	0	0	0	0	0	0	0	0	0	0	0	0	0	1	1	1	1	0	1	1	0	0	0	0	0	0	0	1	1	1	0	1	0	1	0	0	0	0	0	1	1	0	0	1	0	0	0	0	0	0	0	0	0	0	0	0	1	0	0	0	0	0	0	0	0	0	0	0	1	1	0	0	0	0	1	1	0	0	0	0	0	0	0	0	0	0	0	0	0	1	0	0	0	0	0	0	0	0	0	0	0	0	0	1	0	0	0	0	0	0	1	0	0	0	0	0	0	1	1	0	1	0	0	1	1	0	1	0	0	0	0	0	0	1	0	1	0	0	1	0	0	0	0	1	1	0	0	0	0	0	1	0	0	0	0	0	0	0	0	0	0	0	0	0	0	1	0	0	0	0	0	1	0	0	0	1	0	1	0	0	1	0	2	0	2	0	1	0	0	1	0	1	0	0	1	0	1	1	1	1	0	1	0
chr3.s_125122330	0	0	0	0	0	0	0	0	0	0	0	0	0	0	0	0	0	0	0	0	0	0	0	0	0	0	0	0	0	0	0	0	0	0	0	0	0	0	0	0	0	0	0	0	0	0	0	0	0	0	0	0	0	0	0	0	0	0	0	0	0	0	0	0	0	0	0	0	0	0	0	0	0	0	0	0	0	0	0	0	0	0	0	0	0	0	0	0	0	0	0	0	0	0	0	0	0	0	0	0	0	0	0	0	0	0	0	0	0	0	0	0	0	0	0	0	0	0	0	0	0	0	0	0	0	0	0	0	0	0	0	0	0	0	0	0	0	0	0	0	0	0	0	0	0	0	0	0	0	0	0	0	0	0	0	0	0	0	0	0	0	0	0	0	0	0	0	0	0	0	0	0	0	0	0	0	0	0	0	0	0	0	0	0	0	0	0	0	0	0	0	0	0	0	0	0	0	0	0	0	0	0	0	0	0	0	0	0	0	0	0	0	0	0	0	0	0	0	0	0	0	0	0	0	0	0	0	0	0	0	0	0	0	0	0	0	0	0	0	0	0	0	0	0	0	0	0	0	0	0	0	0	0	0	0	0	0	0	0	0	0	0	0	0	0	0	0	0	0	0	0	0	0	0	0	0	0	0	0	0	0	0	0	0	0	0	0	0	0	0	0	0	0	0	0	0	0	0	0	0
chr8.s_84291082	0	0	0	0	0	0	0	0	0	0	0	2	1	0	1	0	0	0	0	0	0	0	0	0	0	0	0	0	0	0	0	1	1	0	0	0	0	0	0	0	0	0	0	0	0	0	1	0	0	0	1	1	0	1	1	1	0	0	0	0	0	0	0	0	1	0	0	0	0	0	0	0	0	0	0	1	1	1	0	1	0	0	0	0	0	0	0	0	0	0	0	0	0	0	1	1	0	0	0	0	0	0	0	1	0	0	0	0	0	1	2	1	1	1	0	0	0	0	0	0	0	0	0	0	1	1	1	0	1	0	0	0	0	0	0	0	0	0	0	0	0	0	1	1	0	0	0	0	0	0	0	0	0	1	0	0	0	0	0	0	0	0	0	0	0	0	0	0	0	0	0	1	1	0	0	0	0	0	0	0	0	0	0	0	0	1	0	0	0	0	0	1	0	0	0	0	0	0	0	0	0	0	0	0	0	1	1	0	0	0	0	0	0	0	1	0	0	0	0	0	1	0	0	0	0	1	0	0	0	0	0	0	0	0	0	1	0	0	0	0	0	1	0	0	0	1	0	1	0	0	0	0	0	0	0	0	0	0	0	0	0	0	0	0	0	0	0	0	2	0	0	0	0	0	0	0	0	0	0	1	0	1	0	0	0	0	0	0	1	0	0	1	1	0	0	0	0	0	0	0
chr9.s_88937625	0	0	0	0	0	0	0	0	0	0	0	0	0	0	0	0	0	0	0	0	0	0	0	0	0	0	0	0	0	0	0	0	0	0	0	0	0	0	0	0	0	0	0	0	0	0	0	0	0	0	0	0	0	0	0	0	0	0	0	0	0	0	0	0	0	0	0	0	0	0	0	0	0	0	0	0	0	0	0	0	0	0	0	0	0	0	0	0	0	0	0	0	0	0	0	0	0	0	0	0	0	0	0	0	0	0	0	0	0	0	0	0	0	0	0	0	0	0	0	0	0	0	0	0	0	0	0	0	0	0	0	0	0	0	0	0	0	0	0	0	0	0	0	0	0	0	0	0	0	0	0	0	0	0	0	0	0	0	0	0	0	0	0	0	0	0	0	0	0	0	0	0	0	0	0	0	0	0	0	0	0	0	0	0	0	0	0	0	0	0	0	0	0	0	0	0	0	0	0	0	0	0	0	0	0	0	0	0	0	0	0	0	0	0	0	0	0	0	0	0	0	0	0	0	0	0	0	0	0	0	0	0	0	0	0	0	0	0	0	0	0	0	0	0	0	0	0	0	0	0	0	0	0	0	0	0	0	0	0	0	0	0	0	0	0	0	0	0	0	0	0	0	0	0	0	0	0	0	0	0	0	0	0	0	0	0	0	0	0	0	0	0	0	0	0	0	0	0	0	0
chr8.s_164153867	0	0	0	0	0	1	0	0	1	1	1	0	1	0	1	0	0	1	0	0	1	1	0	0	1	1	1	1	1	0	2	1	0	0	0	1	1	1	0	0	0	1	0	0	0	1	1	1	2	2	2	2	1	1	1	2	1	1	1	0	0	0	1	1	0	0	0	0	0	1	0	0	1	0	1	1	2	1	1	1	1	0	0	1	1	1	1	1	1	2	1	1	1	1	1	0	0	1	1	0	1	0	0	1	0	0	0	0	0	1	2	1	0	0	0	0	0	1	0	0	0	0	0	0	1	1	1	0	0	0	1	1	1	1	0	0	1	0	0	0	0	1	1	0	0	0	1	0	0	1	0	1	1	1	0	0	1	1	0	0	0	1	0	1	1	0	0	1	1	1	2	1	0	0	0	0	0	0	0	0	0	1	0	0	0	0	1	0	0	0	0	1	0	0	0	1	0	1	1	0	1	0	2	0	1	0	1	1	0	0	1	0	0	0	2	1	0	0	1	0	1	0	1	0	1	1	0	0	1	0	0	1	0	0	1	0	0	0	0	1	0	1	1	0	2	0	0	1	1	2	0	0	0	0	0	0	0	1	1	0	1	1	1	0	1	1	1	0	2	1	0	0	1	1	0	1	1	0	1	0	0	2	0	1	0	0	2	0	1	0	0	0	0	1	1	0	1	0	0	0
chr1.s_221833235	0	0	0	0	0	0	0	1	1	1	1	0	1	0	0	0	0	0	1	0	0	0	0	0	0	0	0	0	0	0	0	0	0	0	0	0	0	0	1	1	1	0	0	0	0	0	0	1	1	0	1	1	0	0	0	0	0	0	0	0	0	0	1	0	0	0	0	0	0	0	0	0	1	1	0	0	0	0	0	0	1	2	1	0	0	0	0	0	1	0	0	0	0	0	0	0	0	1	1	0	1	0	0	1	0	0	0	0	1	0	1	1	0	0	0	0	0	0	0	0	0	0	0	0	0	0	0	0	0	0	0	0	0	0	0	0	0	0	0	0	1	0	0	1	0	0	0	1	0	0	0	0	0	1	0	0	0	0	1	1	0	0	0	0	0	1	1	0	0	0	0	1	0	1	1	0	0	0	0	0	0	0	0	0	0	0	0	0	0	0	0	0	0	0	0	0	0	0	0	1	0	0	0	0	0	0	0	0	0	0	0	0	1	0	1	0	1	1	0	1	0	1	0	0	0	0	0	0	1	0	1	0	1	0	0	0	1	0	0	0	1	1	1	0	0	0	1	1	0	0	0	0	0	0	0	0	1	1	0	0	0	0	0	0	0	0	0	0	1	1	0	1	0	1	0	0	0	1	0	1	0	2	1	0	0	0	0	0	1	0	1	0	1	0	0	0	0	1	1	1
chr6.s_4324990	0	0	0	1	1	0	1	1	2	1	0	1	1	1	1	2	2	1	1	0	0	0	1	2	1	2	2	2	2	0	1	0	0	1	2	0	1	1	1	1	1	1	2	2	1	0	0	1	1	1	1	1	1	1	1	0	0	0	0	2	2	0	1	1	0	1	1	1	1	0	2	2	0	1	1	1	1	2	2	1	0	1	1	0	1	2	0	1	1	1	0	2	2	1	0	0	0	1	1	1	1	1	1	1	2	2	1	1	2	1	1	1	1	1	1	1	1	1	1	1	0	0	0	0	2	2	1	1	0	1	0	1	1	2	1	1	0	1	1	0	1	0	0	1	1	1	0	0	2	1	0	1	2	0	1	2	2	2	1	1	2	0	1	2	2	1	1	1	0	1	2	1	2	1	1	0	1	1	0	1	0	1	0	1	1	0	1	0	0	0	1	2	2	2	1	0	1	1	1	0	0	1	1	1	0	1	1	1	2	1	1	2	0	2	1	1	2	0	0	1	1	0	1	1	1	1	1	0	2	1	0	1	2	2	1	2	0	2	0	1	2	1	1	1	1	1	1	1	1	1	1	0	0	1	1	0	2	1	1	1	1	2	1	0	1	0	1	2	1	1	1	1	0	0	1	0	0	0	2	1	1	1	0	1	0	1	1	0	1	0	1	2	1	2	0	1	0	0	2	0
chr4.s_96348582	0	0	1	0	0	0	0	1	1	0	1	0	0	0	0	1	1	1	0	0	0	0	1	1	0	0	0	1	1	1	0	0	1	0	0	1	0	0	0	0	0	1	1	1	0	0	0	1	1	1	1	1	1	0	0	0	0	1	1	1	1	0	1	1	0	0	1	0	0	0	1	1	1	1	0	0	0	0	0	1	0	1	1	0	1	1	1	1	1	1	1	0	0	1	1	0	0	0	1	0	0	0	0	0	0	1	0	1	1	0	0	0	0	0	0	0	0	1	1	1	0	0	1	1	0	0	0	0	1	0	0	1	2	0	0	0	1	1	1	1	0	0	1	1	1	1	0	0	1	0	0	0	0	0	1	0	0	0	1	1	0	0	0	0	1	1	2	2	1	1	0	0	0	0	1	0	0	0	0	0	0	0	0	0	0	0	0	0	1	0	0	0	0	0	0	0	0	0	1	0	1	1	0	2	0	0	0	0	0	1	1	1	0	0	0	0	0	0	1	0	0	1	0	1	0	0	0	2	0	1	2	0	1	0	1	1	1	2	0	0	1	0	1	0	1	1	0	0	0	0	0	0	1	1	0	1	1	0	0	0	0	0	1	1	2	0	0	1	0	1	1	0	0	0	0	0	0	1	1	1	0	0	0	1	0	1	1	0	0	1	0	1	0	0	1	0	0	1	0	0
chr8.s_130760628	0	1	1	0	1	0	0	0	1	1	1	0	0	1	1	1	0	1	0	0	0	0	0	0	0	0	0	1	1	0	1	0	0	0	0	0	0	0	0	0	0	0	0	0	0	0	1	2	1	1	1	0	1	0	0	0	0	1	1	0	0	0	0	1	0	0	0	1	1	1	0	0	1	1	0	1	0	0	1	1	0	0	1	0	0	0	1	1	0	1	1	0	0	1	1	0	0	0	0	0	0	1	0	0	0	0	0	0	0	1	0	0	0	0	1	0	0	0	0	0	1	1	0	0	0	0	0	0	0	1	1	1	1	0	0	0	1	1	0	0	2	0	0	0	0	0	0	0	0	0	0	0	0	0	0	0	0	0	1	1	0	0	0	0	0	0	0	0	0	1	0	1	0	0	0	0	1	1	0	0	0	0	0	0	0	0	1	1	1	0	0	0	0	0	0	0	0	0	0	0	1	0	0	0	1	0	0	0	0	0	0	0	0	0	0	1	1	1	1	0	0	0	0	0	1	0	0	0	1	0	0	0	0	0	1	0	0	0	1	0	0	0	1	0	0	0	1	0	1	0	1	1	0	0	1	0	0	1	0	0	0	0	1	0	1	0	0	0	0	1	0	0	0	1	0	1	0	0	0	0	1	0	0	2	1	1	1	0	0	0	0	0	0	0	0	1	0	1	0	0
chr4.s_13503177	1	0	1	0	1	0	1	1	1	0	0	0	1	2	0	1	1	1	0	1	1	0	0	1	0	1	0	1	0	0	0	0	1	0	1	1	1	0	1	0	1	1	1	1	1	0	0	1	0	0	0	0	1	1	1	0	1	1	0	1	0	0	1	0	1	0	1	0	1	0	1	1	0	1	1	1	0	0	1	0	0	0	0	1	1	1	0	0	0	0	1	0	0	0	1	1	0	0	1	1	0	0	1	1	1	1	1	1	1	1	0	0	0	0	1	1	1	0	1	1	1	0	1	0	1	0	0	0	2	0	0	0	1	1	1	1	0	1	1	0	1	0	0	0	1	1	0	0	1	0	1	1	0	1	2	1	1	1	0	1	1	0	1	1	1	1	1	1	0	1	0	0	0	0	0	2	2	1	0	1	0	0	1	0	0	1	1	0	1	0	1	1	1	2	1	0	1	2	2	0	1	0	0	1	0	1	1	1	1	0	0	1	1	0	1	1	1	0	1	1	1	1	0	1	1	0	0	1	1	0	1	0	0	0	0	0	2	1	1	0	0	0	0	1	0	2	1	0	1	0	1	0	1	1	0	1	1	1	1	0	0	1	0	1	1	0	1	1	0	0	1	1	1	0	1	1	1	0	1	0	2	0	1	1	0	2	0	0	1	1	2	0	1	0	0	1	1	1	1	1
chr1.s_175259580	1	1	0	1	0	1	1	1	1	2	2	1	1	2	1	1	1	2	1	1	0	1	2	2	2	2	2	1	1	1	1	2	1	2	1	0	0	0	0	0	0	1	0	0	1	2	2	2	1	1	1	0	1	1	1	0	1	1	2	2	2	0	1	0	1	2	1	0	0	0	0	0	1	1	1	1	0	0	1	1	1	0	0	0	1	2	1	1	1	1	2	1	0	2	2	2	2	2	1	1	0	1	1	0	1	1	1	1	0	2	1	1	1	1	2	2	2	1	1	1	1	2	0	1	1	1	0	1	1	1	2	2	1	0	1	1	1	1	1	1	2	0	0	0	1	1	2	1	2	0	1	1	1	1	1	1	0	0	0	0	1	0	0	0	0	1	1	1	2	2	1	1	1	0	1	1	0	1	2	2	1	1	2	1	0	1	0	1	0	1	0	0	0	0	1	1	1	1	1	2	1	2	1	1	1	2	0	2	1	2	0	1	1	1	1	1	1	1	1	0	0	1	1	1	2	0	1	1	2	2	1	2	2	1	1	1	1	1	1	1	1	0	1	0	1	1	2	1	1	1	2	0	1	2	1	1	0	1	0	1	0	1	0	0	1	1	1	1	1	2	1	2	0	1	2	1	2	1	0	1	1	0	2	1	1	0	0	2	1	1	0	1	1	1	0	2	1	2	1	0
chr6.s_2917096	0	0	0	0	0	0	1	0	0	0	0	0	0	0	0	1	1	0	0	0	0	0	0	0	0	0	0	0	0	0	0	0	0	0	0	0	0	0	0	0	0	0	1	1	1	0	0	0	0	0	0	0	0	0	0	1	0	0	0	0	0	0	0	0	0	0	0	0	0	0	0	1	0	1	1	0	0	0	0	0	1	0	1	0	0	0	0	0	0	0	0	0	0	0	0	0	0	0	0	0	0	0	0	1	1	0	1	0	0	0	0	0	0	0	0	0	0	1	0	0	0	0	0	0	0	0	0	1	0	0	0	1	1	0	0	1	0	1	1	0	0	1	1	0	0	0	0	0	0	0	0	0	0	0	0	0	0	0	0	0	1	0	1	1	0	1	0	0	0	0	0	0	0	0	0	0	0	0	0	0	0	0	0	0	0	0	0	0	0	0	0	0	0	0	0	0	1	1	0	0	0	0	0	0	1	0	2	0	0	0	0	1	0	0	0	0	0	0	0	0	0	0	0	0	0	0	0	0	0	0	0	0	0	0	0	0	0	0	0	0	0	0	0	1	0	0	0	0	1	0	0	0	0	0	0	0	0	0	0	0	0	0	0	0	0	0	0	0	0	0	1	0	0	0	0	0	0	0	0	0	0	0	0	0	0	0	2	0	0	0	1	0	0	1	1	0	0	0	0	0
chr10.s_22204181	0	0	1	1	2	1	1	1	1	1	1	0	1	1	1	1	0	0	1	1	0	0	0	0	0	0	0	0	0	0	2	0	0	0	0	1	0	1	0	1	1	1	0	0	0	0	0	0	1	1	1	1	1	1	0	0	0	0	0	0	0	0	1	0	0	0	1	2	2	1	2	1	0	0	0	0	1	1	2	1	1	1	0	0	0	0	0	0	2	1	0	0	0	0	0	0	0	0	1	0	1	1	2	0	1	1	1	1	0	0	1	1	0	0	1	0	0	0	1	1	0	0	0	0	1	1	1	0	0	1	0	0	1	2	1	0	1	1	0	0	1	1	0	0	0	0	1	1	0	1	0	1	1	0	2	2	1	2	2	2	0	0	0	1	1	0	0	0	0	0	1	2	0	1	1	1	0	0	1	1	1	1	0	1	1	1	1	0	1	1	1	1	1	1	2	1	1	0	0	0	0	1	1	1	0	0	0	1	0	0	1	0	1	1	1	1	1	0	0	0	1	1	2	1	1	1	1	1	1	0	2	0	1	2	1	0	0	0	1	1	2	1	2	1	1	0	1	1	1	1	0	1	1	0	1	1	0	1	1	1	1	1	1	0	0	0	0	1	1	1	0	1	0	0	0	0	0	1	1	0	1	1	1	0	1	1	0	1	0	2	0	0	0	1	1	1	0	0	0	1
chr2.s_213062819	0	0	0	1	1	0	1	1	1	1	0	0	0	1	1	1	1	2	2	1	0	0	0	0	0	0	0	1	1	1	2	0	0	0	0	0	0	0	0	0	0	1	2	1	2	1	0	0	0	0	0	1	2	2	2	1	1	0	0	1	1	0	2	0	0	1	1	1	1	1	0	1	0	0	2	0	0	0	1	1	1	1	2	1	0	0	0	0	1	1	0	0	0	0	0	1	1	1	1	1	1	1	1	1	1	0	0	0	1	1	1	1	1	0	1	1	2	0	1	1	1	1	1	1	1	1	1	1	1	1	0	0	0	0	0	1	1	2	1	0	1	1	1	2	0	0	1	1	0	2	0	0	0	1	0	0	0	0	0	0	1	0	0	0	0	0	0	0	0	0	1	1	0	1	1	1	0	0	1	1	1	1	0	1	1	1	1	1	1	1	1	0	1	1	1	1	0	1	1	0	0	1	1	0	1	0	2	1	1	0	2	0	1	0	1	1	1	0	0	0	1	0	0	0	1	1	0	0	1	0	0	1	0	0	0	0	1	0	1	0	0	1	0	1	0	0	2	1	2	1	0	0	1	0	1	0	0	2	0	1	1	0	0	0	0	0	1	0	1	0	2	0	0	0	2	1	1	0	0	0	0	1	1	0	0	0	0	1	1	0	1	0	0	1	0	1	0	0	1	1
chr7.s_141721043	1	1	2	0	2	1	1	1	1	0	0	1	1	0	2	0	0	1	2	1	0	1	1	1	1	1	0	2	1	1	0	0	1	0	1	1	1	0	2	1	2	1	0	1	0	0	0	0	1	1	1	1	0	0	0	0	0	0	1	2	1	1	0	1	0	0	1	1	2	1	1	0	0	1	0	0	1	1	0	2	0	1	1	0	0	1	1	0	0	0	1	2	2	1	0	0	0	0	1	1	0	0	1	0	1	2	1	1	1	0	1	1	1	1	0	0	0	0	1	1	1	2	0	1	1	0	1	1	1	1	0	1	2	1	1	0	1	1	1	0	0	0	0	1	0	0	1	1	2	0	1	1	1	0	1	0	1	1	0	1	0	0	1	1	1	1	1	1	0	0	1	2	1	2	1	0	1	2	2	2	2	0	1	1	1	0	1	0	1	1	2	1	1	2	2	1	1	1	1	0	1	1	1	1	1	0	0	1	1	1	0	1	0	0	1	1	1	1	0	1	0	0	2	1	0	1	0	1	1	1	1	1	0	1	2	1	0	2	1	1	0	1	0	1	1	1	0	1	1	1	0	2	1	1	2	1	2	0	0	1	0	1	0	0	1	0	1	1	2	1	0	0	0	1	0	0	1	0	1	1	0	1	1	0	1	2	0	1	0	1	0	1	1	1	0	0	1	1	1	0
chr5.s_179889255	0	1	1	0	1	1	1	0	0	0	0	1	1	1	1	0	0	0	1	0	0	0	1	1	0	0	0	0	0	0	1	0	0	1	1	0	0	0	1	1	1	1	0	0	0	0	1	0	0	0	0	0	0	1	0	0	0	0	0	0	0	0	2	0	0	0	0	1	1	1	1	1	0	0	0	0	0	1	0	1	0	1	1	0	0	0	0	0	1	2	1	1	0	1	0	0	0	0	0	0	0	0	0	0	0	0	0	0	1	0	0	0	1	1	0	0	1	1	0	0	0	0	1	1	0	0	0	0	0	1	0	0	0	0	0	0	0	0	1	0	0	0	0	1	1	1	0	0	1	1	1	0	1	0	0	0	0	0	0	0	1	0	0	0	0	0	0	0	0	0	0	0	2	2	2	1	0	0	1	1	1	1	0	2	1	1	0	0	0	0	1	1	0	0	1	1	0	0	0	0	0	0	0	1	0	1	0	0	0	1	2	0	0	1	0	0	1	0	0	0	0	0	1	0	1	1	0	1	0	2	0	1	1	0	2	2	1	1	0	0	1	0	0	1	0	0	0	0	0	0	0	1	1	1	0	0	0	0	0	0	0	0	0	0	1	0	0	1	1	1	0	0	0	0	0	0	0	0	0	1	0	0	0	1	1	0	0	1	0	0	0	1	0	0	0	0	0	0	0	0
chr4.s_19861599	0	0	0	0	1	0	0	0	0	0	0	1	2	1	0	0	0	0	0	0	1	1	0	0	0	0	0	0	0	0	0	0	0	0	0	0	0	0	0	0	1	1	0	1	0	0	0	0	0	0	1	2	1	0	0	0	0	0	0	0	0	1	1	0	0	1	1	0	1	0	1	0	0	1	0	0	0	0	0	0	0	0	0	0	0	0	0	0	0	0	0	0	0	0	0	1	1	0	0	0	0	0	2	0	0	0	1	0	0	1	2	2	1	1	1	1	0	0	0	0	0	0	0	0	0	0	0	0	1	0	0	0	0	1	1	0	0	0	1	0	0	1	0	0	0	0	0	0	0	0	0	0	0	0	0	0	0	1	0	1	0	0	1	1	0	1	0	0	0	0	0	1	1	1	0	0	1	1	1	1	1	0	0	1	1	1	0	0	0	1	1	1	0	1	2	1	2	1	0	0	0	0	0	0	0	1	0	0	0	0	0	0	0	1	1	0	0	0	0	0	0	0	0	0	1	0	0	0	0	0	0	1	0	0	0	0	1	0	0	0	0	1	0	1	0	1	0	1	0	0	1	0	0	0	0	0	0	0	0	1	0	0	0	0	0	0	0	0	2	0	0	0	0	0	0	0	0	0	0	0	0	1	0	0	0	1	0	1	0	1	0	0	0	0	0	0	0	0	0	0
chr5.s_214210572	0	0	1	0	1	1	1	0	0	0	0	0	1	1	1	1	2	1	1	0	0	0	0	0	0	0	0	0	0	0	1	0	2	0	0	1	0	0	0	0	0	0	2	1	1	1	1	0	0	0	0	1	1	2	2	1	0	0	0	0	0	0	1	1	1	0	1	1	1	2	0	1	1	0	1	0	0	0	0	1	0	1	1	0	1	1	0	0	1	2	1	1	2	0	1	1	0	0	1	0	1	1	0	2	1	0	1	1	0	0	0	0	0	0	0	1	1	0	1	1	1	1	0	0	0	0	0	0	1	0	0	1	2	0	0	1	2	2	0	0	0	0	0	1	0	0	1	0	1	2	1	0	0	2	2	1	0	0	1	1	1	2	1	0	0	0	0	0	0	0	0	1	1	1	1	1	0	0	1	1	1	2	1	0	1	1	1	0	1	0	1	1	1	1	1	2	0	1	1	0	0	1	1	1	1	2	2	0	1	1	1	1	0	1	1	1	1	1	0	0	0	0	0	1	1	2	0	1	0	0	1	0	1	0	0	0	0	1	0	1	1	1	0	0	0	1	0	0	2	0	0	0	2	0	1	1	0	1	0	0	0	0	0	0	1	1	0	0	1	0	1	0	0	0	1	0	0	0	0	0	0	1	0	0	0	1	1	1	2	1	1	0	1	0	1	1	0	0	1	0
chr5.s_2174235	2	1	0	1	1	2	1	0	0	1	1	0	1	1	0	0	1	2	1	2	2	1	0	1	0	1	1	2	2	0	1	1	0	1	0	0	0	1	1	2	2	1	0	1	0	1	1	1	0	0	0	0	0	1	1	1	1	1	0	1	1	0	1	1	0	1	0	1	1	1	1	0	1	1	0	1	0	0	0	0	1	0	0	1	1	1	1	2	1	1	1	2	1	2	1	0	1	1	0	0	1	1	1	1	0	0	1	0	0	2	1	0	0	0	0	1	2	1	1	1	1	0	1	0	1	1	0	1	1	1	2	1	0	1	1	0	1	0	1	2	1	2	2	1	1	1	0	0	1	2	2	1	1	0	1	2	0	1	1	1	0	1	1	1	0	1	0	0	1	1	1	0	1	0	0	1	2	1	0	1	0	2	2	1	0	0	0	2	1	1	0	2	1	1	1	1	1	1	0	2	2	1	0	0	1	1	0	2	1	1	1	1	1	2	0	1	0	1	1	1	1	1	1	1	1	0	1	0	1	1	0	1	2	1	2	0	1	0	1	1	2	1	1	2	0	0	0	0	0	0	1	0	0	1	0	0	0	0	1	1	1	1	2	2	0	1	0	1	1	1	0	1	1	0	1	1	1	1	0	0	1	0	1	2	1	1	1	1	2	0	1	0	0	1	1	1	1	1	1	1
chr7.s_113491356	0	0	0	0	1	0	0	0	0	1	2	0	1	0	0	0	0	0	0	0	0	0	0	0	0	0	0	0	0	1	0	0	0	0	0	0	0	0	0	0	1	1	0	1	0	1	1	0	0	0	1	1	0	0	1	1	0	0	0	0	0	1	1	0	0	0	0	0	1	0	1	0	0	1	0	0	0	0	0	0	0	0	0	0	0	0	0	0	0	0	0	0	0	0	0	0	0	0	0	0	1	0	1	0	0	0	1	0	0	0	1	1	0	0	1	1	0	0	0	0	0	0	0	0	0	0	1	1	1	0	0	0	0	1	1	0	0	0	1	1	0	0	0	0	0	0	0	0	0	1	0	0	0	0	0	0	0	1	1	2	0	0	1	1	0	1	0	0	1	0	0	1	0	0	0	0	0	0	0	0	1	0	0	0	0	0	0	0	0	0	0	1	0	1	1	0	1	1	0	2	0	0	0	0	0	0	1	1	0	0	0	0	0	0	1	0	0	1	0	0	0	0	0	0	0	0	0	0	0	0	0	0	0	0	0	0	1	0	0	0	0	2	1	1	0	0	0	1	0	0	0	1	0	0	1	1	0	1	0	0	0	0	0	0	0	1	0	0	1	1	0	0	0	1	0	0	0	0	0	0	0	1	0	0	1	0	0	0	0	0	1	1	0	0	0	0	0	0	0	0
chr10.s_74933358	1	1	2	0	2	1	1	1	1	1	0	0	1	1	0	2	2	1	1	0	1	1	0	0	1	1	1	0	0	0	1	0	0	0	0	2	1	1	1	1	2	2	0	0	0	0	0	1	1	1	2	2	2	2	2	1	1	1	1	0	0	0	0	2	0	0	1	1	2	1	1	0	0	0	0	0	0	1	2	0	1	2	1	1	1	1	1	1	1	0	0	0	1	1	1	0	0	1	2	0	0	0	1	0	1	1	1	1	1	0	1	1	0	1	1	1	2	0	0	0	0	0	1	1	1	1	1	0	1	1	1	1	2	2	1	0	0	0	0	0	2	0	0	1	0	0	1	1	0	0	0	1	1	1	1	0	1	2	1	2	0	0	0	1	1	1	1	0	0	0	0	1	0	1	1	1	1	1	0	0	1	1	1	1	2	1	1	1	2	1	0	2	0	1	2	1	1	0	0	1	1	0	0	1	0	0	1	1	0	0	1	1	1	0	1	0	2	0	1	0	1	1	1	1	1	2	0	1	1	0	2	0	0	1	1	0	0	0	1	1	0	1	0	0	0	0	1	1	0	0	1	1	1	0	0	2	0	1	1	1	1	1	1	0	0	1	1	0	2	0	0	1	1	1	1	0	1	1	1	1	1	2	1	0	1	2	1	1	1	2	1	0	0	1	1	2	1	0	1	0
chr5.s_79215627	2	0	1	0	0	1	2	2	1	0	1	2	1	1	2	2	1	1	1	0	1	1	0	1	0	1	0	2	1	1	2	1	0	0	1	1	1	0	1	0	0	1	2	1	2	1	1	2	2	2	2	2	2	0	1	1	1	1	1	2	1	2	2	0	1	1	2	0	0	0	1	2	0	0	2	2	2	1	1	1	1	1	1	0	1	2	1	1	1	2	2	1	1	1	1	1	1	1	2	1	1	0	1	2	1	1	0	1	2	1	1	1	1	2	2	1	0	0	0	0	0	0	0	0	1	0	1	1	2	0	0	1	2	0	0	1	1	2	0	0	1	1	1	2	0	0	1	0	1	2	1	1	0	1	2	1	1	0	0	0	1	0	0	0	1	0	1	2	1	2	1	2	1	2	1	0	1	1	1	2	2	2	2	1	1	1	1	1	2	1	1	0	1	1	1	1	1	0	1	1	1	0	2	1	0	0	2	2	1	0	1	2	1	0	1	0	2	0	1	0	0	0	2	1	1	0	0	1	1	0	1	1	0	0	1	1	1	1	1	0	0	2	1	0	2	0	2	2	2	2	2	1	2	1	1	2	1	2	0	1	0	1	1	0	2	1	2	2	1	1	1	1	0	1	1	1	2	0	1	1	1	2	2	1	0	2	0	1	1	2	1	2	0	1	0	0	1	1	0	1
chr7.s_179887059	0	0	0	0	0	0	1	0	0	0	0	0	0	1	0	1	0	0	1	0	0	0	0	0	0	0	0	0	0	0	0	0	0	0	0	0	0	0	0	0	0	1	1	0	2	0	0	1	1	1	0	0	1	0	0	0	0	0	0	0	0	0	1	1	0	0	0	0	0	0	0	1	0	0	1	1	1	0	1	0	0	1	1	0	0	0	0	0	0	0	0	1	1	1	0	0	0	0	0	0	0	0	0	1	1	0	0	0	0	2	1	0	0	0	1	0	0	0	0	0	0	0	0	0	0	0	0	0	0	1	0	0	0	0	0	1	0	1	0	1	1	0	1	2	0	0	0	0	0	1	0	0	1	0	0	0	0	0	0	0	1	0	0	0	0	0	0	0	0	1	1	0	0	2	1	1	0	0	1	1	1	0	0	2	2	1	1	0	0	1	1	0	0	0	1	1	0	0	0	0	0	0	1	0	0	0	1	0	0	0	0	0	0	0	0	0	2	0	0	0	0	0	1	0	1	1	0	0	0	1	0	1	0	0	2	0	1	0	0	0	0	1	0	1	1	0	2	1	1	1	1	0	0	0	0	0	0	1	0	1	0	0	0	1	0	0	0	0	0	1	1	0	0	0	1	0	0	0	0	0	1	0	0	1	0	0	0	1	0	0	1	1	0	1	0	0	0	0	0	0
chr2.s_138036658	0	0	1	1	0	1	1	0	0	0	1	0	0	0	1	1	1	0	1	1	0	0	1	1	0	0	0	0	0	0	1	1	1	1	1	1	0	0	1	1	1	0	0	0	1	1	1	1	1	1	0	1	1	1	1	1	0	0	0	1	1	0	2	0	0	1	2	0	0	0	0	0	0	0	1	1	1	1	1	1	1	1	1	0	1	1	0	0	1	2	1	0	0	0	0	0	0	0	1	1	1	1	0	1	1	1	1	1	1	1	0	0	0	1	1	1	0	1	1	1	1	1	0	0	0	0	0	0	0	0	0	0	1	1	1	1	1	1	1	0	0	0	0	0	1	1	1	0	1	2	1	1	1	1	1	0	1	1	0	0	1	1	1	1	1	1	1	0	0	1	2	1	0	1	0	1	0	0	1	1	1	2	1	1	1	1	0	1	2	1	1	0	0	0	1	1	1	0	0	0	0	1	2	2	1	0	1	0	0	1	1	1	0	0	0	1	1	1	0	1	0	0	2	0	0	1	1	2	0	1	1	1	0	1	0	1	1	1	0	1	0	1	1	1	1	1	1	1	1	2	2	0	1	1	1	1	1	1	1	1	0	1	0	0	1	0	0	0	0	1	0	0	0	0	1	1	0	1	1	1	1	1	1	1	0	1	0	1	1	2	1	1	1	1	0	0	0	0	1	1
chr4.s_140284194	1	1	0	1	0	1	1	0	0	0	0	0	1	0	1	0	0	0	0	0	1	1	0	0	1	1	1	0	0	0	2	1	0	2	1	1	1	2	0	1	0	0	0	0	1	1	1	0	1	1	1	1	0	1	0	0	1	0	0	0	0	1	1	1	1	2	1	1	0	0	0	0	1	1	1	1	2	0	0	0	0	0	0	1	0	0	0	0	1	1	0	1	2	0	0	1	2	2	1	0	1	2	1	0	1	1	0	0	1	0	1	2	1	1	1	1	1	0	0	0	1	1	0	0	0	0	0	1	0	0	2	1	0	1	1	1	0	0	0	1	1	1	0	0	0	0	1	0	1	1	0	0	0	0	1	2	0	0	1	0	1	1	1	0	0	0	0	0	0	0	2	2	0	0	0	0	0	0	0	0	0	2	1	0	1	0	1	2	1	1	1	0	1	0	0	0	0	0	0	1	0	1	2	0	1	0	0	1	0	2	1	0	0	1	1	1	0	1	0	0	0	0	2	0	0	2	2	0	0	0	0	1	0	2	0	0	0	1	0	1	1	1	1	0	1	0	0	2	1	2	1	0	1	0	1	1	0	0	1	0	2	1	1	1	0	1	1	0	2	0	0	1	1	1	1	1	1	1	0	0	0	1	0	0	0	0	0	1	0	0	0	0	0	2	0	1	1	1	0	0
chr1.s_282748420	1	0	0	1	1	1	0	0	0	1	1	1	1	1	1	1	1	0	2	1	0	0	0	0	0	0	0	0	0	1	0	0	0	0	0	0	0	1	0	1	1	1	1	2	0	1	1	0	1	1	0	0	0	1	0	1	0	0	0	0	0	1	0	1	1	0	0	1	1	1	2	1	2	2	1	1	2	1	0	1	1	1	2	0	0	0	0	0	0	0	0	1	2	0	0	0	0	0	0	0	1	2	1	0	0	0	1	0	0	1	1	0	1	1	0	0	0	1	0	0	1	1	0	0	0	0	1	1	0	0	0	1	1	1	1	0	1	0	1	1	0	1	1	1	0	0	0	0	0	0	1	0	0	0	0	1	0	1	1	1	0	1	1	1	0	1	0	0	1	0	1	0	2	2	2	0	1	1	1	1	1	0	0	1	2	1	1	1	1	0	0	1	1	1	1	1	1	1	0	1	0	0	1	0	2	1	0	0	0	0	0	1	0	2	0	0	1	1	0	0	0	0	1	0	1	2	1	0	0	0	0	0	0	1	0	1	0	0	0	1	1	0	1	1	1	1	0	0	0	2	0	1	0	0	1	0	0	0	0	0	1	0	1	0	0	1	0	1	1	0	0	1	0	1	0	0	0	0	0	1	0	0	0	0	1	1	2	0	0	0	0	1	0	1	1	0	0	1	0	1
chr1.s_176783551	0	0	0	0	0	1	1	0	0	0	0	0	1	1	0	1	0	1	0	0	0	0	0	0	0	0	0	0	0	0	0	1	0	0	0	0	0	0	0	0	0	0	2	1	1	1	1	0	0	0	1	2	2	0	0	1	0	0	0	1	1	0	0	0	0	0	0	0	0	1	0	1	1	0	1	0	0	0	1	0	1	0	0	0	0	0	0	0	0	1	1	0	0	0	0	0	0	0	0	0	1	0	0	1	1	0	0	0	0	0	1	1	0	0	1	0	0	1	0	0	0	0	0	0	0	0	0	0	0	0	0	0	0	0	0	1	2	2	0	0	1	1	1	0	0	0	1	0	1	0	0	0	0	0	0	0	0	0	0	0	1	2	1	0	0	0	0	0	0	0	0	1	0	0	0	0	0	0	0	0	0	0	0	0	0	0	1	0	0	0	0	0	0	0	0	1	1	0	0	0	0	0	1	0	1	0	1	0	0	1	0	0	0	0	1	0	0	0	0	0	0	0	0	0	1	0	0	0	0	0	0	0	0	0	0	0	0	1	0	1	0	1	0	0	0	0	1	1	1	0	0	0	1	0	0	1	0	2	0	0	0	0	0	0	1	2	0	0	1	0	1	0	0	0	0	0	0	0	0	0	0	1	0	0	0	0	1	0	0	1	0	1	0	0	1	0	0	0	0	0
chr7.s_123926563	0	1	1	1	1	2	2	0	0	1	1	2	0	0	1	0	0	0	1	1	0	0	0	0	0	0	0	0	0	1	1	0	0	0	0	0	0	0	0	0	0	0	1	0	2	1	2	0	0	0	0	0	0	0	0	1	0	0	0	0	0	1	0	0	0	0	0	1	1	2	0	1	2	1	2	0	0	1	0	1	2	0	0	0	0	0	0	0	0	1	1	0	0	0	0	0	0	1	1	1	0	0	0	1	1	0	0	0	1	0	0	0	1	2	0	0	0	1	0	0	0	0	1	1	0	0	0	0	0	1	0	0	0	0	0	1	1	1	0	1	0	1	1	0	0	0	1	1	1	0	1	0	0	0	0	0	0	0	0	0	1	1	0	0	0	1	1	0	1	0	0	0	1	0	1	0	0	0	0	0	0	0	0	0	0	0	0	0	0	0	0	0	1	1	0	1	0	0	0	1	0	0	0	0	1	0	1	0	1	1	1	0	0	0	0	0	1	1	0	0	0	0	1	0	0	0	0	0	0	0	0	0	0	0	0	1	0	1	1	1	0	0	0	0	0	0	1	1	1	1	1	1	1	0	0	0	0	0	0	0	0	0	0	0	1	1	0	0	0	0	2	0	0	0	1	0	0	0	0	2	1	0	1	0	2	0	1	0	0	0	0	1	0	0	1	0	0	1	0	1
chr6.s_135895369	1	1	0	1	1	0	0	0	0	0	0	0	0	0	0	1	1	0	0	0	0	0	0	0	0	0	0	0	0	1	0	1	1	1	0	0	0	1	0	1	1	1	0	0	0	0	0	0	0	0	0	0	0	0	0	0	0	0	0	0	0	1	0	0	1	1	0	1	1	0	1	0	0	0	0	0	0	0	0	0	0	0	0	0	0	0	0	0	0	0	1	1	0	1	1	1	1	1	0	0	1	1	1	0	0	0	0	0	0	0	0	0	0	0	0	0	0	0	0	0	0	0	0	0	0	0	1	1	1	1	1	2	1	1	1	0	0	0	0	0	0	0	0	0	0	0	0	0	0	0	1	1	1	1	0	1	0	1	1	1	0	0	0	0	0	0	0	0	0	0	1	0	0	0	0	0	1	1	0	0	1	0	1	1	0	1	0	2	1	1	0	2	1	1	2	1	0	0	0	0	1	1	0	0	0	1	0	0	0	1	0	1	0	1	0	0	0	0	0	1	0	0	0	1	0	0	1	0	0	1	0	1	0	1	1	0	0	0	1	0	1	0	1	1	0	1	0	0	0	0	0	1	0	1	1	0	1	0	0	0	1	0	1	0	0	0	0	0	0	1	0	0	0	1	0	0	1	1	0	0	0	0	1	0	0	1	1	2	0	0	0	0	2	0	1	0	1	1	1	0
chr7.s_34342990	0	1	2	1	1	1	1	1	1	1	2	0	1	2	0	2	2	2	0	0	0	1	1	1	1	1	0	2	1	1	1	0	1	0	1	1	1	1	1	1	0	1	0	1	0	2	2	0	0	0	0	0	1	1	1	0	0	0	1	2	1	1	2	0	0	0	1	2	1	1	1	1	0	1	0	0	0	0	1	0	0	0	1	0	0	1	1	0	1	1	0	1	1	0	0	0	0	1	2	1	1	1	0	0	1	2	2	2	1	0	0	0	0	0	1	1	1	0	0	0	0	1	1	2	2	1	2	2	0	1	0	1	2	0	0	0	0	0	1	2	1	0	1	1	0	0	2	1	1	2	0	0	0	0	1	1	1	0	1	0	0	1	2	1	1	1	1	2	2	1	1	0	1	1	1	1	1	2	1	1	1	2	1	1	1	1	1	1	2	0	1	1	1	0	0	0	1	2	2	1	0	0	1	1	0	1	0	1	0	0	2	2	0	2	1	0	0	1	0	0	1	0	1	2	2	0	1	1	1	0	1	0	1	2	1	0	1	1	1	1	2	1	2	2	1	0	1	0	0	0	0	2	1	0	1	1	1	1	0	0	1	1	1	1	1	0	1	2	1	1	0	1	0	1	1	0	0	0	1	0	0	0	0	0	2	2	1	0	1	1	0	0	0	0	1	1	0	0	1	0
chr4.s_138951929	0	0	0	1	0	0	0	1	1	1	0	0	1	1	0	0	1	1	2	1	0	0	0	0	0	0	0	0	0	0	0	1	0	0	0	0	0	0	0	0	0	0	0	0	0	0	0	1	0	0	0	0	0	1	1	0	0	0	0	0	0	0	0	0	0	0	0	0	0	0	0	0	0	0	0	1	0	0	0	0	1	1	1	0	0	0	0	0	0	0	0	0	0	0	0	0	0	0	0	1	0	0	0	0	0	0	1	1	1	2	1	0	0	0	0	1	1	0	0	0	0	0	0	0	0	0	0	0	0	0	0	0	0	0	0	0	0	0	0	0	0	0	0	1	0	0	0	1	0	1	0	0	0	0	0	0	0	0	0	0	0	0	0	0	0	0	0	0	0	1	0	0	1	1	1	1	0	0	0	0	1	0	0	0	0	0	0	0	0	0	0	0	0	0	1	1	0	1	1	0	0	0	0	0	0	1	0	0	0	0	0	0	1	1	1	0	1	0	0	0	0	0	0	0	1	0	0	0	1	0	0	0	0	0	0	0	0	0	0	0	0	1	0	0	0	0	1	0	0	0	1	0	0	0	0	0	0	0	0	0	0	0	0	0	0	0	0	0	0	0	0	0	0	0	1	0	0	0	0	0	0	0	1	1	0	0	0	1	1	0	1	0	0	0	0	1	0	0	1	1
chr3.s_174790460	0	0	0	0	0	0	0	1	1	0	0	2	0	0	1	0	0	0	0	0	0	0	0	0	1	1	1	0	0	0	0	0	0	0	0	0	0	0	0	0	0	0	1	1	0	0	0	1	1	1	1	1	1	0	1	1	0	1	1	0	0	0	0	1	0	0	0	0	0	0	0	0	0	0	1	0	0	1	0	2	0	0	0	1	0	0	0	0	0	0	0	0	0	0	0	1	1	1	1	0	1	0	1	0	0	1	0	1	1	0	0	1	2	1	1	1	0	0	1	1	0	0	0	0	1	1	1	0	1	0	1	1	1	1	0	0	1	1	0	0	0	1	1	1	0	0	0	0	1	0	0	0	0	1	0	0	0	0	0	0	0	0	0	0	1	0	1	1	0	0	0	0	1	1	1	0	0	0	0	0	1	0	0	0	0	0	1	0	0	1	0	0	0	0	1	1	1	0	1	0	1	1	0	0	0	0	0	0	0	1	0	0	0	0	0	1	0	1	1	0	1	0	0	1	0	0	0	0	0	0	0	0	0	0	0	1	0	2	0	0	0	0	0	0	0	0	0	0	0	1	0	0	0	0	1	0	1	1	1	1	1	1	0	0	1	0	1	0	0	0	0	0	0	1	0	0	1	0	1	1	0	1	0	1	0	0	1	1	0	1	0	1	0	0	1	0	0	0	0	0
chr6.s_8542017	0	1	1	0	1	0	0	1	1	1	1	0	0	0	0	0	0	0	2	1	0	0	0	0	1	1	1	0	0	0	1	0	1	0	0	1	1	1	0	0	0	0	0	0	1	0	0	1	0	1	1	0	0	0	0	0	1	0	0	0	0	0	1	0	2	1	1	1	1	1	0	0	0	0	0	2	1	0	0	0	1	1	2	0	0	0	0	0	1	1	0	0	0	0	1	2	1	0	0	0	0	0	1	1	0	0	1	1	0	1	0	1	1	1	0	0	0	0	0	0	0	0	1	1	0	0	0	0	0	1	0	0	0	0	0	0	0	0	0	1	0	1	0	1	0	0	0	0	0	2	1	0	0	1	0	0	0	0	0	0	0	0	0	0	0	0	0	0	0	1	0	0	0	1	1	1	0	0	1	1	1	1	0	0	0	1	0	0	0	1	1	1	0	0	1	1	0	1	1	0	0	0	0	0	0	1	0	1	0	0	2	0	1	0	1	0	1	1	1	0	0	0	0	0	0	0	0	0	1	0	0	1	0	0	0	0	0	0	1	0	0	1	1	1	0	1	1	1	0	0	2	1	0	0	0	0	0	0	0	1	0	0	0	1	0	0	1	0	0	1	0	0	1	1	1	0	1	0	0	0	0	0	1	2	1	0	0	1	1	0	0	0	1	1	0	0	1	0	0	0
chr8.s_174860570	1	0	0	1	0	0	0	1	1	1	2	1	0	0	0	1	2	2	1	1	1	1	1	1	2	2	1	2	1	2	1	0	1	0	1	1	2	2	1	1	0	0	1	2	0	1	1	1	1	1	0	1	1	1	1	0	1	1	1	1	0	1	1	0	1	0	0	1	0	0	0	0	1	2	0	1	1	0	0	0	0	1	1	2	2	2	1	0	1	1	1	0	0	0	1	1	0	0	0	1	2	2	0	1	0	1	1	1	1	1	0	0	0	0	1	2	1	1	1	1	2	2	1	1	2	1	2	1	2	0	0	1	1	1	1	1	0	0	2	2	0	0	1	2	1	1	1	1	1	2	2	1	0	2	0	1	1	0	1	0	0	1	2	1	1	1	1	2	2	2	2	0	0	1	1	1	2	2	1	1	1	1	1	0	0	1	0	1	1	0	1	1	2	1	0	0	1	1	1	1	1	0	1	1	1	1	0	2	1	0	1	2	1	1	0	1	2	2	1	2	2	1	1	2	1	0	2	1	1	1	0	1	0	1	0	0	1	1	1	0	1	1	2	2	2	2	0	0	0	1	1	1	0	1	1	1	2	1	2	0	2	2	1	2	1	1	2	1	0	1	1	1	2	2	1	2	2	0	1	0	2	1	1	1	1	1	0	0	2	0	1	0	2	1	1	1	2	2	2	1
chr1.s_245221955	2	2	1	1	2	0	0	0	0	1	1	1	1	1	1	1	1	2	1	2	1	1	2	2	1	1	1	2	2	0	0	2	2	2	2	0	1	1	1	1	1	2	1	1	1	2	2	1	1	0	1	1	1	1	1	0	1	1	1	1	1	0	1	0	1	1	0	2	2	1	1	0	1	1	0	0	0	0	1	0	0	0	0	2	1	1	2	2	1	1	2	0	0	0	1	1	1	2	1	1	2	1	1	1	1	1	1	1	0	0	1	1	0	0	1	1	1	1	2	2	1	1	2	2	1	1	0	0	1	1	2	1	0	2	1	0	0	0	1	2	2	0	1	1	2	2	2	1	1	1	1	1	0	1	0	1	1	1	2	2	1	0	0	0	0	1	1	0	1	0	0	2	0	1	0	1	2	2	1	1	0	1	2	1	1	2	1	2	1	1	1	2	2	2	1	0	0	0	0	2	1	2	1	1	0	1	0	1	2	1	1	1	1	1	1	1	0	2	1	2	1	2	0	1	1	0	1	1	1	1	1	0	2	2	1	1	2	0	2	1	2	2	1	1	0	1	2	2	1	0	0	1	1	2	0	1	1	2	2	1	2	2	2	2	1	1	1	1	1	0	0	2	1	1	2	1	1	1	0	1	1	1	1	1	2	1	0	1	2	0	2	1	2	1	0	1	1	2	2	2
chr8.s_121651251	0	0	0	0	0	0	0	1	1	1	1	0	1	1	1	0	0	1	1	0	1	1	0	1	0	1	0	2	1	0	1	0	1	0	1	1	2	1	1	0	0	0	0	0	0	1	0	1	1	1	1	0	0	1	1	1	1	1	1	1	0	0	1	1	2	0	0	0	0	0	0	0	1	1	0	1	1	0	0	1	0	1	2	0	0	1	1	1	0	1	1	1	1	1	2	1	0	0	0	1	0	0	0	0	0	0	0	0	0	1	1	0	0	0	0	0	0	0	1	1	0	0	0	0	2	1	1	0	1	0	1	1	1	0	0	0	1	1	0	0	1	0	1	2	0	0	0	0	1	0	0	0	0	1	0	0	1	0	1	1	0	0	0	0	0	0	0	0	0	0	1	1	0	1	1	0	0	0	0	1	0	0	0	0	0	1	0	0	0	0	1	0	0	0	0	0	0	1	1	0	1	1	1	0	0	1	1	1	0	0	0	1	1	0	1	1	2	0	1	1	1	0	0	1	1	1	0	0	2	0	0	1	0	0	1	0	1	0	0	0	0	0	1	0	0	1	0	0	1	0	0	0	0	0	1	0	1	0	0	0	0	1	1	0	1	0	2	1	1	1	0	0	1	1	0	1	1	0	0	0	1	0	0	1	0	0	1	0	0	0	0	0	2	0	0	1	1	1	1	0
chr9.s_148173493	0	1	0	0	0	0	0	0	0	1	1	1	0	0	1	0	0	0	0	0	1	1	1	0	2	1	2	0	1	0	1	1	1	1	0	0	0	0	0	0	0	0	0	0	0	1	1	0	1	1	0	0	0	0	0	0	0	1	1	0	1	0	1	0	1	1	0	0	0	0	0	0	0	0	0	0	1	1	0	1	0	0	0	1	1	0	1	1	1	1	0	0	0	0	1	1	1	1	0	0	0	0	0	0	0	0	0	0	0	1	1	0	1	1	0	0	0	1	1	1	1	1	1	1	0	1	0	0	0	0	2	1	0	0	1	1	0	0	0	1	1	1	0	0	1	1	1	2	0	1	0	0	0	1	0	0	0	0	1	1	0	0	0	0	0	1	1	0	1	0	2	0	2	1	0	2	1	1	2	1	1	1	0	1	1	2	1	2	1	1	0	0	0	0	0	0	1	1	1	1	0	1	1	1	0	2	0	0	1	1	1	0	1	1	1	1	0	1	0	2	0	0	1	0	1	0	1	0	0	0	0	0	1	0	0	1	1	0	0	0	0	0	0	0	1	2	0	0	0	1	0	0	0	0	0	0	1	0	0	1	0	0	0	1	0	0	0	0	1	0	0	1	0	0	0	1	0	1	0	2	0	0	0	0	1	0	0	1	0	1	1	2	2	1	0	0	0	0	1	1
chr4.s_13842493	1	1	1	0	0	1	0	0	0	0	0	2	1	1	1	0	0	0	0	0	0	0	0	0	1	1	1	0	0	0	0	0	0	0	0	0	0	0	0	0	0	1	0	0	0	1	1	0	0	0	0	0	0	1	0	0	0	0	0	0	0	0	0	1	0	0	0	0	0	1	0	0	2	1	0	0	0	1	0	1	0	0	0	1	1	1	0	0	0	1	1	0	0	0	0	0	0	0	0	0	0	0	0	0	0	0	0	0	0	0	0	0	1	1	0	0	0	0	0	0	0	0	0	0	0	0	0	0	0	1	1	0	0	0	0	0	1	0	0	1	0	0	1	1	0	0	0	0	1	0	0	0	0	0	1	1	0	0	1	1	0	1	0	0	0	0	0	0	0	0	0	0	1	0	0	1	0	0	0	0	0	0	0	0	0	0	0	0	0	0	0	0	0	0	0	1	0	1	1	0	1	0	1	0	0	0	0	0	0	1	0	0	0	0	1	0	1	0	0	1	0	0	0	0	0	1	0	0	0	0	0	0	0	0	1	1	0	1	1	1	0	0	0	1	0	0	0	0	0	0	0	0	1	0	0	0	1	0	0	0	1	0	0	1	1	1	0	0	0	0	0	0	0	0	0	0	0	0	0	1	1	0	0	1	0	0	0	0	0	0	0	2	1	0	0	0	0	1	1	0
chr4.s_85656267	0	0	0	1	0	0	0	0	1	1	0	0	0	0	0	0	0	0	0	0	0	0	0	0	0	0	0	0	0	0	1	0	1	0	0	0	0	1	0	1	0	0	0	0	0	1	1	0	0	0	0	0	0	0	0	0	0	0	0	0	0	0	0	0	2	0	0	1	0	0	0	0	0	0	1	1	1	0	0	0	0	0	0	0	0	0	0	0	0	0	0	0	0	0	1	1	0	0	0	0	1	1	0	0	0	0	0	0	1	0	0	0	0	0	0	0	1	0	0	0	1	1	0	0	0	0	0	1	0	0	0	0	0	1	1	1	0	0	0	0	0	0	0	0	0	0	1	0	0	0	0	0	0	1	1	2	0	0	1	0	1	1	1	0	0	0	0	0	0	0	1	0	0	0	0	0	0	0	0	0	0	1	1	0	0	1	0	1	1	0	0	1	1	0	0	0	0	0	0	1	0	0	1	0	1	1	0	0	0	0	0	0	0	1	0	0	0	1	0	0	0	0	0	0	0	0	2	0	1	0	0	0	0	1	0	0	0	0	0	0	1	0	1	0	0	1	0	0	0	1	0	0	1	0	0	1	0	0	1	0	1	1	1	0	0	1	0	0	0	0	0	1	0	0	0	1	0	0	0	0	0	0	0	0	0	0	0	0	0	0	0	0	1	0	0	1	0	0	0	0
chr1.s_191273985	0	0	1	0	0	1	1	1	1	1	1	0	1	0	1	0	1	2	1	0	0	0	0	0	0	0	0	0	0	1	1	1	1	0	0	1	0	0	0	0	0	0	1	1	0	2	2	0	1	1	1	1	0	1	1	0	0	0	0	1	1	0	1	1	0	0	1	0	0	0	0	0	0	0	0	0	1	0	0	1	0	1	1	0	0	0	0	0	1	2	1	1	1	1	0	0	0	0	1	0	0	1	0	0	0	1	0	1	1	0	1	1	0	0	0	1	1	0	1	1	1	1	0	0	0	0	0	0	0	1	0	1	2	0	0	0	1	1	0	1	0	0	0	1	0	0	1	0	0	1	0	0	1	0	1	0	0	0	0	0	0	0	0	0	1	0	1	1	1	0	1	2	0	1	1	0	0	0	0	0	0	1	0	1	1	0	2	1	2	0	0	0	0	0	0	0	0	0	1	2	0	1	2	1	1	0	0	0	0	0	1	0	0	0	1	1	1	1	0	0	0	0	2	0	0	1	0	1	0	1	1	2	0	0	1	0	0	1	0	0	0	1	0	0	1	0	0	1	1	1	0	0	2	0	1	2	1	0	0	0	0	0	0	0	2	1	0	0	1	1	1	1	0	0	1	0	0	0	1	0	0	1	0	0	1	1	0	0	1	1	0	0	0	1	0	1	0	0	1	0
chr7.s_116925313	1	1	0	1	1	2	2	0	1	2	2	2	1	1	1	1	0	0	2	2	0	0	0	0	1	1	1	0	0	0	1	1	0	2	1	0	0	0	0	0	1	1	1	1	2	1	1	1	0	0	1	1	1	0	0	1	2	0	0	1	1	1	1	1	1	1	0	0	1	1	1	1	1	1	2	2	1	1	1	1	2	1	1	0	0	0	0	0	1	1	2	1	0	2	1	0	1	2	1	1	1	0	1	1	1	0	1	0	0	1	1	1	1	1	1	0	0	2	1	0	1	0	1	1	0	0	0	0	2	2	2	1	0	1	1	1	1	1	1	1	1	1	1	1	2	1	0	1	1	0	2	1	1	0	1	1	0	1	0	1	1	1	1	1	0	2	1	0	1	1	0	1	1	1	2	0	1	0	0	0	0	0	1	1	0	0	0	1	0	2	1	1	1	2	1	1	1	1	0	2	2	1	0	1	1	0	2	1	1	2	1	0	0	0	1	0	2	1	1	0	1	2	1	0	1	0	0	0	1	1	1	1	0	0	1	1	2	1	2	1	0	1	1	1	0	0	2	2	1	1	1	0	0	1	0	1	0	2	1	1	0	0	0	0	1	2	1	0	1	2	1	0	1	0	1	0	2	1	0	2	2	1	2	1	1	0	1	1	0	0	1	1	0	0	1	0	1	1	0	1
chr7.s_69637290	0	0	0	1	0	1	1	0	0	0	0	0	1	1	0	0	1	2	0	0	0	0	0	0	0	0	0	1	1	0	0	0	0	0	0	0	0	1	0	1	0	0	0	0	0	0	0	0	1	1	0	0	0	1	1	0	0	0	0	0	0	0	0	0	0	0	0	1	0	0	0	0	0	0	0	0	1	1	1	0	0	0	0	0	0	0	0	0	0	0	0	1	1	0	0	0	0	0	0	0	1	1	0	0	0	0	0	0	0	0	0	0	0	0	0	1	1	0	0	0	0	0	0	0	1	1	1	0	0	0	0	0	0	0	0	0	0	0	0	1	0	0	1	1	0	0	0	0	0	0	0	1	1	0	0	1	1	1	1	0	0	1	1	0	0	0	0	0	0	0	2	0	1	1	0	0	0	0	0	0	0	1	1	1	1	1	1	1	1	0	0	0	1	0	0	0	0	1	1	0	0	0	1	0	0	1	0	0	0	0	0	0	0	2	1	0	0	0	0	0	1	0	2	0	1	0	1	0	0	0	0	0	0	1	0	0	0	0	0	0	1	0	1	0	1	0	0	0	0	1	0	0	0	0	0	0	0	0	0	0	1	0	1	1	0	0	0	0	1	0	0	0	0	0	1	0	0	0	1	0	0	0	0	0	0	0	0	0	1	0	0	0	0	1	0	1	0	0	1	0
chr4.s_85020190	0	0	1	2	0	1	1	2	2	2	1	0	2	1	1	1	1	0	1	1	1	1	0	0	0	0	0	0	0	1	1	1	1	1	1	1	0	1	1	2	1	0	1	1	1	2	2	0	1	1	1	1	0	0	0	0	0	0	0	0	0	1	1	1	2	0	1	1	0	0	1	1	0	0	1	1	2	0	0	0	1	0	0	1	0	0	0	0	0	1	1	1	1	1	1	1	0	1	2	1	2	1	0	1	1	2	1	2	2	0	1	1	0	0	1	1	1	0	0	0	1	1	0	0	0	0	1	2	0	1	0	0	1	1	1	1	0	0	0	1	0	0	0	0	0	0	1	1	0	1	1	0	1	1	2	2	0	0	1	0	1	1	1	0	1	0	1	1	1	0	2	2	1	1	1	1	0	0	1	1	2	1	1	2	2	2	2	1	2	1	0	1	1	0	1	1	1	1	2	2	0	0	2	1	1	2	0	1	0	0	0	1	1	2	2	1	1	2	0	0	0	0	2	1	1	1	2	2	1	2	1	2	0	2	1	0	1	1	0	1	1	2	1	1	1	1	1	2	1	2	0	1	2	0	1	2	1	1	1	1	2	1	1	0	2	1	0	1	1	1	0	1	0	1	1	1	0	0	1	0	1	1	1	0	1	1	0	1	1	2	0	1	1	1	1	1	0	0	0	1
chr7.s_177426009	0	0	0	0	0	0	0	0	1	1	0	0	0	0	0	0	0	0	0	0	0	0	0	0	1	1	1	0	0	0	0	0	0	0	0	1	1	1	1	1	1	0	0	0	0	0	0	0	0	0	0	1	1	0	0	0	1	0	0	0	0	0	0	1	0	0	0	0	0	0	0	0	1	1	0	0	0	0	0	0	0	0	0	1	0	0	0	0	0	0	0	0	0	1	1	0	0	0	0	0	0	0	0	0	0	0	0	0	0	0	0	0	0	0	0	0	0	0	0	0	0	0	0	0	0	0	0	0	1	0	0	0	0	0	0	0	0	0	0	0	1	0	0	0	0	0	0	0	0	0	1	0	0	1	0	0	0	0	0	0	0	0	0	0	0	1	1	0	0	0	0	0	0	0	0	0	1	1	0	0	0	0	0	0	0	0	0	1	1	0	0	0	0	0	0	0	0	1	1	0	1	0	0	0	0	0	0	0	0	0	0	0	0	0	1	0	0	0	0	0	0	0	0	0	0	0	0	0	1	0	0	0	0	0	0	0	0	0	0	0	0	0	0	0	0	0	0	0	0	0	0	0	0	0	0	0	0	0	0	0	1	0	0	0	0	0	0	0	0	0	0	0	1	0	0	0	0	0	0	1	0	1	0	0	0	1	0	0	0	0	0	0	0	0	0	0	1	1	0	0
chr5.s_213512779	1	0	0	1	1	2	1	1	1	1	0	1	0	0	2	0	0	1	0	0	1	1	0	0	0	0	0	1	1	0	1	0	0	0	0	0	0	0	0	0	0	0	1	1	0	0	0	0	0	0	0	1	1	1	1	1	0	0	0	1	1	0	1	1	0	1	1	0	0	1	1	1	1	0	0	0	0	1	0	2	0	0	1	0	0	0	0	0	0	0	0	1	2	0	0	1	1	1	1	1	1	1	0	0	0	0	0	0	0	0	0	0	1	2	1	1	0	0	1	1	1	1	0	0	0	0	0	0	0	0	0	0	0	0	0	0	2	1	0	0	0	0	0	0	0	0	0	0	0	1	0	0	0	1	0	0	0	0	0	0	0	2	1	0	0	1	1	0	0	0	0	1	1	1	0	0	1	1	1	1	1	0	0	1	2	1	2	1	1	0	1	1	0	0	1	2	0	0	0	0	0	1	0	0	1	0	1	0	0	0	0	0	1	0	0	1	0	1	0	0	0	0	1	0	0	2	0	0	1	0	0	1	0	0	1	1	1	0	0	1	0	1	0	0	0	0	0	0	1	0	1	0	1	0	1	0	0	1	0	0	0	0	0	0	0	1	0	1	0	0	0	0	0	0	0	0	0	0	0	2	0	1	0	1	0	1	0	1	0	0	1	2	0	0	0	1	0	0	0	0
chr6.s_56300022	1	0	0	1	0	0	0	0	0	1	1	0	0	0	0	0	0	0	1	1	1	1	1	1	1	1	0	1	0	0	0	0	0	0	0	0	0	0	0	0	0	0	1	1	1	1	1	1	0	0	0	0	0	0	0	0	1	1	1	2	1	0	0	1	0	0	0	0	0	0	0	0	0	0	0	1	0	1	1	0	0	1	1	2	2	2	1	0	0	0	1	0	1	0	0	0	0	1	1	1	0	0	0	0	0	0	1	1	0	2	1	0	0	0	0	0	0	0	1	1	1	1	1	1	1	0	0	0	1	0	0	0	0	1	0	0	1	1	0	1	0	0	0	1	1	1	1	1	2	0	2	2	1	0	1	1	1	1	0	0	0	0	0	1	1	0	0	0	1	1	0	0	1	1	1	2	1	1	1	1	0	0	1	0	1	0	1	0	0	0	0	0	0	0	0	0	0	1	1	1	1	0	0	0	0	1	0	1	0	1	0	1	1	1	1	1	1	2	1	2	1	1	0	1	0	1	0	0	1	0	0	0	1	0	0	0	1	1	1	0	1	0	0	0	0	1	1	1	0	0	1	0	0	1	1	0	1	0	2	0	1	2	0	1	0	0	0	1	1	0	0	0	1	0	1	1	1	0	1	0	1	0	1	1	1	0	0	0	0	0	1	0	1	0	0	0	1	1	1	2
chr9.s_130104349	0	0	0	0	0	2	1	0	0	1	1	0	0	1	0	2	2	2	0	0	1	1	1	1	0	0	0	1	1	1	1	1	1	1	1	0	0	0	1	1	1	1	1	1	0	1	2	1	0	0	0	1	2	1	2	1	1	0	0	0	0	0	1	0	2	0	0	0	0	1	0	0	1	0	0	2	1	1	2	1	0	0	0	0	0	0	0	0	1	2	1	0	0	0	1	1	0	1	1	0	0	1	0	0	1	1	0	0	0	1	0	0	0	0	2	2	1	0	1	1	1	1	1	1	1	1	1	0	1	1	0	1	1	1	0	0	2	1	1	2	1	0	0	0	1	1	1	1	0	1	1	1	1	2	1	1	1	1	0	0	0	2	1	1	1	0	0	1	2	2	0	0	0	1	0	0	1	1	0	0	0	2	1	1	1	2	0	1	1	1	1	1	1	1	0	1	0	0	0	2	0	1	0	0	1	1	1	0	1	0	2	1	0	0	0	0	0	2	0	0	1	0	1	0	1	0	0	1	0	1	0	1	0	1	0	1	0	0	1	2	0	0	0	0	1	1	1	0	0	0	1	0	1	1	1	0	0	1	1	1	0	1	0	1	1	1	0	0	0	0	1	1	0	0	1	1	0	0	1	0	0	1	0	1	1	1	1	0	1	0	0	0	1	0	0	1	0	0	1	1
chr10.s_1097759	0	0	0	0	0	1	1	0	0	0	0	0	0	0	0	0	0	0	0	0	0	0	0	0	0	0	0	0	0	1	0	0	1	1	1	0	0	0	0	0	0	0	1	0	1	1	0	0	0	0	0	0	0	0	0	1	0	0	0	0	0	0	0	0	1	0	0	0	0	1	0	1	1	0	1	0	0	0	0	0	1	0	0	0	0	0	0	0	0	1	1	0	0	0	0	0	0	0	0	0	0	0	0	1	1	0	0	0	1	0	0	0	0	0	0	0	0	2	0	0	0	0	0	0	0	0	0	0	0	0	0	0	0	0	1	2	1	1	0	0	0	1	1	0	1	1	1	0	0	0	0	0	0	0	0	0	0	0	1	1	2	1	0	0	0	0	0	0	0	0	0	0	0	0	0	0	0	0	0	0	0	0	0	0	0	0	0	0	0	0	0	0	0	0	0	1	1	0	0	1	0	0	1	1	1	0	1	1	0	0	0	0	0	0	0	0	0	1	0	0	0	0	0	1	0	0	1	0	0	0	0	0	0	0	0	0	0	0	0	1	0	0	0	0	0	0	0	0	1	0	0	0	0	0	0	0	0	0	0	0	0	0	0	0	1	1	0	0	0	0	2	1	0	0	0	0	0	0	0	0	0	0	0	0	0	0	2	0	0	1	0	0	0	1	2	0	0	0	0	0
chr3.s_234060764	1	0	0	1	0	0	0	0	0	0	1	0	1	0	0	1	1	1	1	1	1	1	0	0	0	0	1	1	2	1	0	0	0	0	0	0	0	0	0	0	0	0	0	0	1	1	0	0	0	1	2	1	0	0	0	0	0	1	1	0	1	0	1	0	0	0	0	0	0	0	1	1	0	0	1	0	0	1	1	0	1	0	0	0	1	1	0	1	0	0	0	1	1	0	0	0	0	0	0	1	0	0	0	1	0	0	0	0	1	0	1	1	0	0	0	0	1	1	0	0	0	0	0	0	1	2	1	0	0	0	0	1	1	0	1	1	0	0	1	0	0	0	1	1	0	0	1	0	1	0	0	1	1	0	0	0	1	1	0	0	0	0	0	1	1	0	0	1	1	1	1	1	0	0	1	0	0	0	0	0	0	0	0	0	0	0	0	0	0	1	0	0	0	0	1	1	0	1	1	0	0	0	1	1	0	0	0	0	1	1	0	1	0	0	2	0	0	1	1	0	1	0	0	1	0	0	1	0	0	0	0	0	1	0	0	0	1	1	0	0	0	1	1	0	1	0	1	2	0	1	0	1	1	0	0	0	0	0	0	2	0	0	0	0	0	0	0	1	2	1	1	2	0	0	1	0	0	0	1	0	0	1	1	0	1	0	1	1	1	0	1	0	0	1	1	0	0	0	0	0
chr3.s_225334725	0	0	0	1	0	0	0	1	1	1	0	0	0	0	0	0	0	0	1	0	0	0	1	1	0	0	0	0	0	0	1	0	1	1	1	0	0	1	0	1	0	0	0	0	0	0	0	2	1	0	0	0	0	0	1	1	0	0	0	0	0	1	0	1	1	1	1	1	0	0	0	0	0	0	0	2	1	0	0	1	0	2	2	0	0	0	1	1	0	0	0	0	0	1	2	2	1	0	0	0	2	1	1	1	0	0	0	0	0	1	0	1	1	0	0	0	0	0	0	0	0	0	0	0	0	0	0	0	1	0	1	0	0	0	0	0	0	0	0	0	1	1	0	1	1	1	0	0	0	0	1	0	0	2	1	2	0	0	1	0	0	0	0	0	0	1	1	0	0	1	0	0	0	1	1	1	0	0	0	0	0	1	1	1	1	2	0	1	1	0	0	1	1	0	0	0	0	0	0	1	1	0	0	0	0	1	1	1	0	0	0	0	1	1	0	0	1	0	0	0	0	0	0	0	0	0	1	0	1	0	0	0	0	1	0	1	0	0	0	0	1	0	1	1	0	1	0	0	0	0	1	0	0	1	0	0	0	1	0	0	1	0	2	0	0	0	0	0	0	0	0	0	0	1	0	0	0	1	0	1	0	1	0	1	0	0	0	0	1	0	0	1	1	0	0	1	0	0	0	0
chr4.s_246140066	0	2	1	1	1	1	1	0	0	1	1	1	1	1	1	2	1	0	0	1	1	1	1	1	1	1	1	1	1	0	1	2	1	1	0	0	0	0	0	0	0	0	0	0	1	1	2	1	1	1	1	1	1	0	0	0	1	1	1	2	2	0	2	0	1	1	0	1	1	1	0	0	0	0	0	1	1	0	1	1	0	0	0	1	1	1	1	1	1	2	1	1	0	1	1	1	1	1	0	1	0	0	0	0	0	0	0	0	1	1	1	1	0	0	1	0	0	0	1	1	1	1	2	2	1	1	0	0	0	2	1	2	1	1	0	0	0	0	0	2	1	0	0	0	1	1	1	1	2	1	0	1	2	1	0	0	1	1	0	0	0	0	0	1	1	0	0	1	2	2	1	2	0	0	0	1	1	1	2	2	1	2	1	1	0	1	1	1	0	2	0	1	0	0	0	0	0	0	0	1	0	1	1	0	0	1	0	2	1	2	2	2	1	0	1	1	0	1	1	2	1	1	2	1	1	0	0	0	1	1	0	2	2	0	2	0	2	1	1	0	1	1	0	0	2	2	1	2	1	1	1	1	0	0	0	0	1	1	2	2	0	2	0	2	1	0	0	1	1	1	0	2	1	0	1	2	0	1	1	0	1	1	0	1	2	0	0	1	0	0	1	0	2	1	0	0	0	0	1	1
chr8.s_115916638	0	0	0	0	0	0	0	1	1	1	0	0	0	0	1	0	1	2	1	0	0	0	0	1	0	1	0	2	1	0	2	0	0	0	1	1	2	1	1	0	0	0	0	0	0	1	0	2	1	1	1	1	1	1	1	0	1	1	1	1	0	0	1	1	0	0	0	0	0	0	0	0	1	1	0	1	0	0	0	0	0	1	2	0	0	1	1	1	1	2	1	0	0	1	1	0	0	0	0	1	1	0	0	0	0	0	0	0	0	1	0	0	0	0	0	1	1	0	1	1	0	0	0	0	1	0	0	1	0	0	1	1	1	0	0	0	1	1	0	0	1	0	0	1	0	0	1	0	1	1	0	0	0	1	1	1	1	0	1	1	0	0	0	0	0	0	0	0	0	1	0	1	0	1	1	0	0	0	0	1	0	1	0	0	0	0	1	0	0	0	2	0	1	1	0	0	0	0	0	0	1	1	1	0	0	0	0	1	1	0	1	1	1	0	0	0	1	0	1	1	0	0	0	1	0	0	0	0	2	0	0	0	0	0	1	0	0	0	0	0	0	0	0	0	0	0	0	0	1	0	1	0	0	0	0	0	1	1	0	0	0	1	1	0	1	0	2	1	0	0	0	0	1	1	1	1	1	0	0	0	0	1	0	2	0	0	1	0	1	0	0	0	1	0	0	2	1	1	2	0
chr8.s_119105426	2	1	1	1	1	1	0	1	1	0	1	2	1	1	1	1	0	0	1	1	0	0	1	1	1	1	1	0	0	0	0	2	1	2	1	1	0	1	0	1	1	2	1	2	1	0	1	0	0	0	1	1	1	0	0	1	0	0	0	0	0	0	0	1	0	1	1	1	1	1	1	0	1	1	1	0	0	1	1	1	2	0	0	1	1	1	0	0	0	0	1	1	1	1	0	0	1	1	1	0	1	2	1	1	0	1	2	2	1	0	1	1	1	1	2	1	0	2	0	0	1	1	1	1	0	0	0	0	1	1	1	1	1	1	1	0	1	0	2	0	1	1	1	0	1	1	1	0	1	0	2	1	1	0	1	1	0	1	1	1	0	1	1	1	1	1	1	1	0	0	1	1	1	1	1	1	1	1	1	1	1	0	1	2	2	1	2	2	2	2	1	1	1	1	2	2	2	1	1	0	1	1	0	2	2	0	0	0	0	2	1	0	0	1	1	0	0	1	0	0	0	0	0	0	1	1	1	2	0	2	1	1	0	1	1	2	0	2	1	1	1	1	2	2	0	0	2	2	0	1	0	0	2	2	0	1	1	1	0	1	2	0	1	0	1	1	0	0	1	2	0	1	0	0	1	0	1	1	1	1	0	1	2	0	0	2	1	2	1	2	0	1	0	1	1	0	1	1	0	1
chr8.s_8022296	0	0	0	0	0	1	1	1	1	1	2	0	2	1	1	1	2	1	0	0	0	0	0	0	0	0	0	1	1	0	0	0	0	0	0	0	0	0	1	1	1	0	0	0	1	1	1	0	0	0	1	1	0	2	1	0	0	0	0	1	1	0	0	0	0	1	1	1	1	1	1	1	0	0	0	0	0	0	0	0	0	0	1	0	0	0	0	0	0	0	0	0	0	0	0	1	1	0	0	0	1	1	0	0	0	1	0	1	1	1	2	1	0	0	0	1	2	0	0	0	0	0	0	0	1	1	1	0	0	0	0	0	0	1	0	0	0	0	0	1	0	0	0	0	0	0	0	0	0	0	0	1	1	1	0	0	1	1	0	0	0	0	0	0	1	0	1	1	1	0	0	2	0	0	0	0	0	0	0	0	0	0	0	0	0	0	0	1	1	0	0	1	1	1	0	0	0	0	1	2	0	0	0	0	0	0	0	0	1	0	0	1	0	0	1	1	0	1	0	0	1	0	1	0	0	1	0	0	0	0	0	0	0	0	0	0	0	1	0	0	0	1	1	0	0	0	1	2	1	0	0	1	0	0	1	1	1	1	1	0	0	1	0	0	1	1	0	1	1	1	0	0	0	0	2	1	0	0	2	0	0	2	0	0	2	0	0	0	1	0	0	0	0	1	0	1	0	0	1	1
chr8.s_154158515	0	0	0	0	0	0	0	0	0	0	0	0	0	0	0	1	1	0	0	0	0	0	0	0	0	0	0	0	0	0	0	0	0	0	0	0	0	0	0	0	0	0	0	0	0	0	0	0	0	0	0	0	0	0	0	0	0	0	0	0	0	0	0	0	0	0	0	0	0	0	0	0	0	0	0	0	0	0	0	0	1	0	0	0	0	0	0	0	0	0	0	0	0	0	0	0	0	0	0	0	0	0	0	0	0	0	0	0	1	0	0	0	0	0	0	0	1	0	1	1	0	0	0	0	0	0	0	0	0	0	0	0	0	0	1	1	0	0	0	0	0	0	0	0	0	0	0	0	0	0	0	0	0	0	0	0	0	0	0	0	0	0	0	0	0	0	0	0	0	0	0	0	1	0	0	0	0	0	0	0	0	0	0	0	0	0	0	0	0	0	0	0	0	0	0	0	0	0	0	0	0	1	0	0	0	1	0	0	0	0	0	1	0	1	0	0	0	0	0	0	0	0	0	0	0	0	1	0	0	0	0	0	0	0	0	0	0	0	0	0	0	0	0	0	0	0	0	0	0	0	0	0	0	0	0	0	0	0	0	0	0	0	0	0	0	0	0	0	0	0	0	0	0	0	0	0	0	0	0	0	0	0	1	0	0	0	0	0	0	0	0	0	0	0	0	0	0	0	0	1
chr7.s_170228069	0	0	0	1	1	0	0	0	0	1	1	0	1	1	0	0	0	0	0	0	1	1	1	1	0	0	0	0	0	1	0	0	0	1	1	0	0	1	0	1	1	1	0	1	0	1	1	0	0	0	0	1	1	0	1	1	0	0	0	0	0	2	1	1	0	1	1	1	1	0	1	0	0	1	0	0	0	0	0	0	0	1	1	0	0	0	0	0	0	0	0	0	1	0	0	1	1	0	0	0	2	1	1	1	0	0	2	1	0	1	1	1	1	1	0	0	1	1	0	0	0	0	1	1	0	0	1	1	1	0	0	0	0	1	2	1	0	0	2	1	0	1	0	0	1	1	0	0	0	0	0	0	0	1	1	2	0	1	1	1	1	1	2	1	0	1	0	1	2	1	0	0	1	0	0	1	1	1	0	0	1	1	1	0	1	0	1	0	0	0	0	1	1	1	2	1	1	2	1	2	0	0	0	1	0	1	1	0	0	0	1	0	0	2	1	0	1	2	0	0	0	0	0	0	1	1	2	1	0	1	0	1	0	1	1	1	1	0	0	0	1	0	1	2	1	0	0	0	0	0	1	1	0	1	1	1	0	1	0	0	1	0	1	0	0	1	0	0	1	0	0	0	0	1	0	0	0	1	0	0	1	1	0	0	1	1	0	1	1	0	0	0	0	0	0	0	0	0	0	0
chr1.s_65313135	0	0	0	2	0	1	1	0	0	1	2	0	0	1	0	1	0	0	0	0	0	0	0	0	0	0	0	0	0	1	1	0	2	0	0	0	0	1	1	2	1	0	0	0	0	1	2	0	0	0	0	1	2	0	0	0	0	0	0	1	1	1	1	1	1	0	0	1	0	0	0	0	0	0	0	1	1	0	1	0	0	0	0	0	0	0	0	0	1	1	0	0	1	0	1	1	0	0	0	1	2	1	0	0	0	0	0	0	0	1	1	0	0	0	1	0	0	0	0	0	0	0	0	0	0	0	1	2	0	0	0	0	0	0	0	0	0	0	0	1	1	0	0	0	0	0	0	0	0	1	1	0	0	1	0	1	0	0	1	0	0	1	1	0	0	0	0	1	2	1	0	0	1	0	0	0	1	1	0	0	1	1	0	0	1	1	1	1	1	0	0	1	1	0	0	0	1	0	0	2	0	0	0	0	0	2	0	0	0	0	1	0	0	2	0	0	0	1	0	0	0	0	1	1	2	1	1	0	0	0	0	0	0	1	1	0	0	0	0	0	1	0	2	1	1	1	1	0	0	0	0	1	1	0	1	1	0	2	0	0	1	0	1	0	0	1	0	0	0	1	0	0	0	1	0	0	0	0	0	0	0	0	0	0	1	1	0	0	0	1	0	0	1	0	1	0	0	0	0	0
chr6.s_87795853	0	0	0	1	0	1	1	0	0	0	1	0	0	0	0	0	1	1	0	0	1	1	1	1	0	0	0	0	0	0	0	0	0	1	1	0	0	0	0	0	0	0	0	0	0	0	1	0	0	0	0	1	1	1	1	0	0	0	0	1	1	0	1	0	0	0	0	0	0	0	0	0	1	1	0	0	0	0	0	0	0	0	0	0	0	0	0	0	0	1	1	0	0	0	0	1	1	1	1	1	1	0	0	1	0	0	0	0	0	0	0	0	0	0	0	1	1	1	1	1	0	0	0	0	0	0	0	1	1	0	0	0	0	1	1	1	0	0	1	0	0	0	0	0	1	1	1	1	0	0	1	1	1	1	0	0	0	0	1	1	1	0	0	1	1	0	0	0	0	0	0	0	0	0	1	0	0	0	0	0	0	0	0	0	0	0	0	1	1	0	0	1	1	1	0	0	0	0	0	0	0	1	0	1	0	0	1	0	1	0	0	0	0	0	0	0	1	1	0	1	0	0	1	1	0	0	1	1	0	1	0	0	0	0	0	1	1	0	0	0	0	0	1	0	0	1	1	0	0	0	0	1	1	1	1	0	1	1	1	0	0	1	0	0	1	0	0	0	0	1	0	0	0	0	1	0	0	0	0	0	1	1	0	1	1	0	0	0	2	0	0	0	1	0	1	1	0	1	2	1
chr1.s_9479968	0	1	2	1	1	1	0	1	2	1	1	1	0	0	1	1	1	1	0	0	1	2	2	1	1	0	1	0	1	1	1	1	1	1	1	1	0	0	0	0	1	2	1	2	1	0	0	1	1	1	1	0	0	0	0	0	0	0	1	0	1	1	1	1	1	0	1	0	1	1	1	0	2	2	0	0	0	0	0	1	1	1	1	0	1	1	2	2	1	0	0	0	0	1	2	1	0	0	1	1	0	0	1	0	0	1	1	1	2	1	1	0	0	0	0	0	1	1	1	1	0	1	0	1	0	1	1	1	0	0	1	1	2	1	2	1	1	0	2	0	0	0	0	0	1	1	1	1	0	0	1	0	0	1	2	1	0	1	1	2	0	1	1	1	1	2	2	1	0	0	1	1	0	1	0	0	1	2	1	0	1	0	0	1	1	2	0	1	2	0	1	1	0	1	1	1	2	1	1	1	1	1	0	2	0	1	0	0	1	0	0	1	0	0	0	1	1	0	1	1	0	1	0	0	0	0	1	2	1	1	2	0	1	0	1	1	1	1	0	1	0	0	1	2	0	2	1	1	1	0	0	2	2	1	2	1	2	0	0	1	0	0	1	0	1	1	0	0	0	1	0	1	0	2	1	1	0	1	1	1	1	0	1	0	1	2	1	0	0	2	0	1	2	0	0	1	0	1	1	0
chr4.s_38569761	0	2	1	1	1	0	0	1	1	2	1	0	1	2	0	2	2	1	1	1	0	0	0	0	0	0	0	0	0	0	1	2	0	2	1	0	0	0	1	1	1	0	1	1	1	2	2	1	0	0	0	0	1	1	2	1	0	0	0	0	0	0	0	1	0	1	0	1	1	1	0	0	0	0	0	1	0	1	2	0	1	1	0	0	0	0	0	0	0	1	1	1	1	1	0	0	1	1	0	1	1	0	0	0	1	1	0	0	1	1	0	0	0	0	1	1	1	0	0	0	1	1	0	0	1	1	1	1	1	2	1	2	1	1	0	0	0	0	0	1	1	0	0	0	0	0	1	1	0	1	1	1	2	1	1	1	1	1	0	0	1	1	1	1	1	0	0	1	2	2	1	0	1	0	0	0	0	0	0	0	0	1	1	1	1	0	1	1	0	1	0	1	0	0	0	0	0	0	0	2	0	1	1	0	1	1	1	0	0	1	0	1	1	1	0	0	0	1	0	1	1	0	0	1	2	1	0	0	1	1	0	1	0	1	1	0	0	0	1	1	0	1	0	0	1	1	2	1	0	0	1	1	1	0	0	1	1	2	1	0	0	1	0	0	1	1	0	0	0	1	0	1	0	0	2	1	0	2	1	0	0	1	1	1	2	0	1	1	1	0	1	0	1	1	1	2	0	0	2	1
chr3.s_55025619	0	0	0	1	1	0	1	1	1	1	1	0	1	1	1	1	0	1	1	0	1	1	0	0	1	1	1	1	1	0	1	0	1	1	1	1	1	1	0	0	0	1	2	2	1	0	0	0	1	2	2	1	1	1	0	1	1	1	1	0	0	0	0	0	2	0	0	1	1	1	0	1	1	2	1	1	2	1	2	0	2	2	1	1	0	0	0	0	0	0	0	2	1	1	1	1	0	0	0	1	0	1	0	1	2	1	2	1	0	0	1	1	0	0	2	1	1	2	1	1	1	1	0	0	0	0	0	1	0	1	0	0	0	0	1	2	1	2	1	0	2	1	1	1	1	1	0	0	1	1	0	1	2	1	1	1	1	1	0	0	1	1	2	2	1	2	1	1	1	1	1	2	0	2	2	1	0	0	1	1	1	0	0	2	1	2	1	0	0	0	1	1	1	1	1	1	1	1	0	0	0	1	1	1	2	1	1	0	1	1	0	0	1	0	1	0	1	1	1	1	0	0	1	0	1	1	1	0	1	1	0	2	0	1	1	0	0	1	0	1	0	2	1	1	2	1	1	1	2	1	0	0	0	0	1	0	1	1	0	0	1	0	0	0	0	0	0	0	1	2	1	1	1	1	0	1	0	1	1	1	0	1	1	0	0	0	1	1	0	0	1	0	2	2	1	1	1	1	1	0
chr3.s_2361942	0	0	0	0	0	1	1	1	1	1	0	0	0	0	1	0	0	0	0	0	1	1	1	1	0	0	0	0	0	1	1	0	0	0	0	0	0	0	1	1	1	0	0	0	0	0	1	1	0	0	0	1	1	0	1	1	0	0	0	0	0	0	1	0	0	0	0	0	0	0	0	0	1	1	0	1	0	1	1	1	0	1	0	0	1	1	0	0	1	1	1	0	0	0	0	0	0	1	1	0	1	1	0	0	0	0	0	0	0	2	1	0	0	0	0	0	0	1	1	1	1	1	0	0	1	1	1	0	1	0	0	0	0	0	0	0	0	0	1	0	0	0	0	0	0	0	1	0	1	0	0	1	1	0	1	1	1	1	0	0	1	0	0	1	1	0	0	0	0	1	1	1	0	1	0	1	0	0	1	1	1	0	0	1	1	1	0	0	0	1	1	0	0	0	0	0	1	1	1	0	0	1	0	1	1	0	0	0	0	1	0	0	1	0	1	0	0	0	0	0	1	1	1	0	0	0	0	0	1	0	1	1	1	0	0	1	1	1	0	0	1	0	0	0	0	0	0	0	1	0	1	0	1	1	1	0	0	1	0	1	0	0	0	0	1	0	0	0	0	0	1	1	0	0	0	0	0	1	1	0	0	0	0	1	0	0	0	0	0	1	0	0	0	0	0	1	0	1	0	0
chr4.s_192554824	1	1	1	1	1	1	1	0	1	1	1	0	0	0	0	1	1	0	0	0	1	1	0	0	0	0	0	0	0	0	1	1	2	0	0	1	1	1	1	1	1	1	0	0	1	0	1	1	1	0	0	0	0	0	1	1	0	0	0	0	0	1	1	0	2	0	0	1	1	1	1	1	0	0	0	1	1	0	0	1	0	1	1	1	1	1	0	0	1	1	1	0	0	1	2	1	0	1	1	1	0	0	0	1	0	0	0	0	1	0	0	0	0	0	1	1	0	0	0	0	1	1	1	1	0	0	0	0	0	1	1	1	1	0	1	1	0	0	0	0	0	0	1	1	0	0	0	0	1	1	0	0	0	2	1	1	0	0	1	1	0	0	0	0	0	1	1	0	0	0	1	0	0	0	0	1	0	0	1	1	1	0	0	0	0	1	0	0	0	1	1	0	0	0	1	1	1	1	1	0	0	0	0	0	1	1	1	1	0	1	1	1	0	0	1	0	0	1	0	0	0	1	1	1	0	0	1	0	1	0	1	1	0	0	0	0	1	1	1	0	0	1	1	1	0	1	1	1	0	0	0	1	1	0	0	0	0	0	0	1	1	0	0	0	1	0	1	1	0	1	0	1	1	0	1	1	1	1	0	1	0	1	0	0	1	0	1	1	1	1	0	0	1	1	1	0	1	0	0	0
chr8.s_172814831	1	0	1	0	1	0	0	1	1	0	0	1	1	1	1	1	0	0	0	0	0	1	1	0	1	0	1	0	1	0	0	0	0	0	1	1	1	0	1	0	1	1	0	0	0	0	0	0	1	1	1	1	1	1	0	0	0	0	1	1	2	0	0	0	0	0	1	0	1	0	1	0	0	0	0	0	1	1	1	1	0	0	0	0	0	0	1	1	0	0	1	0	0	0	0	0	0	0	1	1	0	1	1	1	0	1	0	1	1	0	1	1	1	1	1	0	0	0	0	0	1	2	0	1	0	1	0	0	1	0	0	0	1	1	1	0	0	0	0	0	1	0	0	0	0	0	1	1	0	0	1	1	0	0	1	0	1	1	0	1	0	0	0	0	1	0	1	1	0	0	1	1	1	1	0	0	1	2	1	0	0	0	1	1	1	1	0	1	2	1	1	1	0	1	1	0	0	0	1	0	1	0	1	1	1	0	0	0	1	0	0	0	0	0	1	0	0	1	0	0	0	0	1	0	1	1	0	1	0	0	1	0	1	0	0	1	0	1	1	0	0	1	0	0	1	0	1	1	0	1	0	0	1	1	0	1	1	1	0	2	0	0	0	0	1	0	1	0	1	0	0	1	0	0	0	0	1	0	1	1	0	1	1	0	0	2	0	0	1	1	0	1	0	2	0	0	1	1	0	0
chr2.s_162538338	0	0	0	0	0	0	0	0	0	0	0	0	0	1	0	1	0	0	0	0	0	0	0	0	0	0	1	0	1	0	0	0	0	0	0	0	0	0	0	0	0	0	0	0	0	0	0	1	0	1	1	0	1	0	0	0	0	1	1	0	1	0	0	0	0	0	0	0	0	0	0	0	0	0	0	1	0	0	1	0	0	1	0	0	0	0	0	1	0	0	0	0	0	0	0	0	0	1	1	0	0	0	0	0	0	0	0	0	0	1	0	0	0	0	1	0	1	0	0	0	0	0	0	0	0	1	0	0	1	0	0	0	0	0	0	0	0	0	0	0	1	0	0	0	0	0	0	0	0	0	0	0	0	0	0	0	0	0	0	0	0	0	0	0	0	0	0	0	0	1	0	0	0	0	0	0	0	0	0	0	0	0	0	0	0	0	1	0	0	0	0	0	0	0	0	0	0	1	1	0	0	0	0	0	0	0	0	0	1	0	0	0	0	0	1	0	0	0	1	0	0	0	0	0	1	0	0	0	0	0	0	0	1	0	0	0	0	0	0	0	0	0	0	0	0	0	1	0	0	0	1	0	0	0	0	1	0	1	0	1	0	0	0	0	0	1	0	0	0	0	0	1	0	0	0	0	0	1	0	0	0	0	0	1	0	0	0	0	0	0	0	0	0	1	0	0	0	0	0	0
chr5.s_10476971	0	0	0	1	0	0	0	1	1	1	0	0	0	1	0	1	0	0	1	1	0	0	1	1	0	0	0	0	0	0	0	0	0	1	1	0	0	0	0	0	0	0	0	0	0	0	0	0	0	0	0	0	1	0	0	0	0	0	0	0	0	0	0	1	0	0	0	0	0	0	0	0	0	0	0	0	0	0	1	0	1	0	0	0	0	0	0	0	0	0	0	1	1	1	0	0	0	0	0	1	0	0	0	0	0	0	0	0	1	0	0	0	0	0	1	0	0	0	0	0	0	0	0	0	0	0	0	0	0	1	0	0	0	0	0	0	0	0	1	0	1	0	0	0	1	1	0	1	0	0	1	0	1	0	0	0	0	0	0	0	1	0	0	0	0	1	1	0	0	0	0	0	0	0	0	1	0	0	0	0	0	0	0	1	1	0	1	0	0	0	1	0	0	0	0	0	1	0	0	0	0	0	0	0	0	0	0	0	0	0	0	0	1	0	0	0	0	1	0	0	0	0	0	0	1	1	0	0	1	1	0	1	0	0	1	1	0	0	0	0	0	0	0	1	0	0	1	0	0	0	0	0	0	1	0	0	0	1	0	0	0	0	0	0	0	0	0	0	0	1	0	0	0	0	0	0	0	0	0	1	0	0	1	0	0	0	0	0	0	1	0	0	0	0	0	1	0	0	0	0
chr4.s_180281254	0	0	0	0	0	0	0	0	0	0	0	0	0	0	0	0	0	0	0	0	0	0	0	0	0	0	0	0	0	0	0	0	0	0	0	0	0	0	0	0	0	0	0	0	0	0	0	0	0	0	0	0	0	0	0	0	0	0	0	0	0	0	0	0	0	0	0	0	0	0	0	0	0	0	0	0	0	0	0	0	0	0	0	0	0	0	0	0	0	0	0	0	0	1	1	0	0	0	0	0	0	1	0	0	0	0	0	0	0	0	0	0	0	0	0	0	0	0	1	1	0	0	0	0	0	0	0	1	0	0	0	0	0	0	0	0	0	0	1	0	0	0	0	0	0	0	0	0	0	0	0	0	0	0	0	0	0	0	0	0	0	0	0	0	0	0	0	0	0	0	0	0	0	0	0	0	0	0	0	0	0	0	0	0	0	0	0	0	0	0	0	0	0	0	0	0	0	0	0	1	0	1	0	0	0	0	0	0	0	0	0	0	0	0	0	0	0	0	0	0	0	0	0	0	0	0	0	0	0	0	0	0	1	0	0	0	0	0	0	0	1	0	0	0	0	0	0	0	0	0	0	0	0	0	0	0	0	0	0	0	0	0	0	0	0	0	0	0	0	0	0	0	0	0	0	1	0	0	0	0	0	0	0	0	0	0	0	0	0	0	0	0	0	0	0	0	0	0	0	0
chr10.s_125788275	0	0	0	0	0	0	0	0	0	0	0	0	0	0	0	1	1	0	0	0	0	0	0	0	1	1	1	0	0	1	0	1	0	0	0	1	1	1	1	1	1	1	0	0	0	0	0	0	0	1	1	1	1	0	1	1	1	1	1	0	0	0	1	1	0	0	0	1	1	1	0	0	0	0	0	0	0	0	0	0	0	0	1	0	0	0	0	0	0	0	0	0	1	0	0	0	0	0	0	0	0	0	0	1	0	0	0	0	0	0	0	0	0	0	0	0	0	0	0	0	0	0	1	1	0	0	0	0	1	1	0	1	1	0	0	0	0	0	0	0	0	0	0	0	0	0	0	0	0	0	0	0	0	1	0	0	0	0	0	0	0	0	0	0	0	0	0	0	0	0	0	0	0	0	0	0	1	1	0	0	0	1	1	0	1	0	1	1	1	0	0	0	0	0	0	0	0	0	0	1	0	0	0	0	0	0	1	1	0	0	1	1	0	0	0	0	0	0	1	0	0	0	0	0	0	1	0	0	0	0	0	0	0	0	0	0	1	0	1	0	0	0	0	0	0	0	0	0	0	0	0	0	0	0	0	1	0	0	0	0	0	0	0	0	0	1	0	0	0	0	1	0	1	1	0	1	0	0	0	0	0	1	0	0	0	1	1	0	1	0	0	0	0	1	0	0	1	0	0	0
chr5.s_222989796	0	0	1	0	1	0	1	1	1	0	0	1	0	1	1	1	0	0	0	0	0	0	0	0	0	0	0	0	0	2	0	1	0	0	0	1	0	0	0	0	1	1	1	1	1	0	0	0	1	1	0	0	1	1	0	0	0	0	0	0	0	1	0	0	0	0	1	0	1	0	2	2	0	1	1	1	2	1	1	1	0	0	0	0	0	0	0	0	0	0	0	1	0	1	0	0	0	1	2	0	0	0	1	1	1	1	1	1	1	0	0	0	1	1	1	0	0	0	0	0	0	0	0	0	0	0	1	2	0	1	0	0	1	2	1	1	0	1	1	0	1	0	0	0	0	0	0	0	0	0	0	0	1	0	1	0	0	1	0	1	1	0	1	1	1	1	1	1	0	0	1	0	1	0	0	0	1	1	0	0	1	0	0	1	0	0	0	1	2	1	0	1	0	1	1	0	1	1	1	0	0	0	1	1	0	0	1	1	0	0	0	0	0	0	0	0	0	0	0	1	0	0	1	0	1	1	0	1	0	1	1	2	0	0	1	1	0	1	0	0	0	0	0	1	1	1	1	0	1	1	0	1	1	0	1	1	2	1	1	1	0	1	0	0	1	0	0	1	0	1	2	0	0	1	0	0	0	0	1	1	0	0	0	0	0	2	0	0	0	1	0	1	1	1	0	0	0	0	1	0
chr6.s_24185378	0	1	1	1	1	2	1	1	0	0	1	0	0	1	0	1	0	0	1	1	0	0	0	0	1	1	1	0	0	2	0	0	1	1	1	1	1	2	1	2	1	1	0	1	1	1	1	0	1	2	1	0	1	1	0	1	1	0	0	0	0	1	1	2	1	1	1	2	1	2	1	1	2	2	1	1	2	0	1	0	2	0	1	1	0	0	1	1	0	0	0	1	1	2	1	0	0	0	0	0	1	2	1	1	0	0	2	1	1	1	1	0	0	0	2	1	1	1	0	0	1	1	1	1	0	0	1	1	0	2	1	0	0	0	0	0	1	0	1	1	2	2	2	1	0	0	0	1	0	1	1	0	1	0	0	1	0	0	1	0	0	2	2	1	0	1	0	0	0	0	1	0	1	1	1	1	1	1	1	1	2	1	1	2	2	1	2	1	1	1	1	0	1	0	1	2	1	2	1	1	1	0	2	0	2	1	0	1	0	0	1	0	1	2	1	0	0	1	1	0	0	0	2	0	1	2	1	0	0	1	0	2	0	1	2	0	1	0	1	1	1	1	2	2	1	0	2	1	0	2	0	2	1	0	1	1	0	1	0	1	2	0	2	1	0	2	1	1	1	2	1	1	1	2	1	1	1	0	0	0	0	0	1	0	1	1	1	1	1	0	1	1	0	2	1	1	1	1	0	1
chr2.s_69747899	2	2	1	1	2	1	1	1	1	0	0	2	0	0	1	0	1	1	1	1	1	1	2	2	1	1	1	1	1	1	1	1	1	2	1	0	0	1	0	1	1	1	1	1	1	1	0	0	0	0	0	0	0	1	1	1	1	1	1	1	1	1	1	1	1	1	0	2	2	2	1	1	2	2	1	0	0	1	0	1	1	1	1	1	1	1	1	1	1	1	1	2	2	1	1	1	1	1	0	0	1	1	1	1	1	1	2	2	1	0	0	0	1	1	0	1	1	2	1	1	1	1	2	2	1	1	1	1	1	1	1	1	0	1	1	1	1	1	1	0	0	1	1	1	2	2	1	1	1	1	1	1	1	1	1	2	0	1	1	1	1	1	1	1	1	1	1	1	0	0	0	0	1	1	1	1	2	2	1	1	1	1	1	1	1	1	1	1	0	1	0	2	2	2	1	1	1	1	1	0	1	1	1	1	1	1	1	1	2	1	2	1	1	1	0	1	1	0	1	1	1	1	0	1	0	1	1	0	1	1	0	1	2	1	1	2	1	1	1	1	2	0	1	1	0	1	0	0	1	0	0	2	1	2	1	0	1	0	1	1	1	1	1	1	1	1	0	1	0	1	1	2	1	1	1	1	1	1	1	1	1	0	1	0	1	1	1	1	1	0	1	1	1	0	1	1	1	2	1	1
chr8.s_126503042	1	0	0	0	0	0	0	0	0	0	0	1	0	0	0	0	0	0	1	1	0	0	0	0	0	0	1	0	1	0	0	1	2	0	0	0	0	0	0	0	0	0	1	1	1	0	1	1	0	0	0	1	1	0	0	0	0	0	0	0	1	0	0	0	1	0	0	0	0	0	0	0	0	0	0	1	0	0	0	0	1	0	0	0	1	1	0	1	0	0	0	0	0	0	1	1	0	0	0	0	1	0	0	1	0	0	0	0	0	1	0	0	0	0	0	0	0	0	0	0	0	0	1	1	0	1	0	1	0	0	0	0	0	0	0	0	0	0	0	1	0	0	0	0	0	0	1	0	1	0	0	0	0	2	0	0	0	0	0	0	0	0	0	0	0	0	0	0	0	1	0	0	0	1	1	1	0	0	1	1	1	0	0	1	1	2	1	0	0	1	0	0	0	0	1	1	1	0	0	0	0	0	0	0	0	1	0	0	1	1	1	0	0	0	0	0	0	0	0	0	0	0	0	0	0	0	0	0	0	0	0	0	1	0	0	0	0	1	0	0	0	0	0	0	0	2	1	1	0	0	1	0	1	0	0	0	0	1	0	2	0	0	0	1	0	0	0	0	0	0	0	1	0	0	1	0	0	0	0	0	0	1	1	1	0	0	0	1	1	1	0	0	1	1	0	0	0	0	0	1
chr8.s_623577	1	1	1	1	1	0	0	1	1	1	0	0	0	0	0	1	1	0	2	1	1	1	1	1	1	1	1	0	0	1	1	0	1	1	1	1	1	1	0	0	0	1	1	1	1	1	0	1	2	2	1	1	1	1	1	1	1	1	1	1	1	1	1	1	1	0	0	1	1	1	0	0	0	0	1	1	2	0	0	1	1	1	1	1	1	1	1	1	1	0	0	1	1	1	1	0	0	1	1	1	1	1	0	1	0	0	0	0	1	0	0	0	0	1	1	1	0	1	1	1	1	1	1	1	0	0	0	1	1	1	1	1	1	0	1	1	0	0	1	0	0	0	1	2	1	1	1	1	1	1	1	0	0	1	1	1	0	0	0	0	1	0	0	0	0	1	1	1	1	1	2	0	1	2	2	1	0	0	1	1	1	1	1	1	1	1	1	0	0	0	0	0	1	1	1	1	0	1	1	1	1	1	2	1	1	1	1	0	1	1	1	1	1	1	1	1	2	1	1	1	0	1	1	1	1	1	1	1	1	1	1	1	1	0	0	1	1	1	1	0	1	1	0	1	2	1	1	1	0	2	1	1	0	1	1	0	1	1	0	0	1	0	1	0	0	0	1	0	1	0	1	1	1	1	1	1	1	0	0	1	1	1	1	0	1	0	1	1	1	0	0	1	1	1	1	1	1	0	1	1
chr10.s_12282905	1	2	2	1	2	1	1	0	0	0	0	1	1	1	1	1	1	1	1	2	1	1	1	1	1	1	1	1	1	0	0	1	0	1	0	2	1	2	0	1	1	1	1	0	1	0	0	0	0	0	1	1	1	1	1	1	1	1	1	1	1	0	0	1	0	2	2	2	2	2	1	1	1	0	1	0	0	1	1	1	1	0	0	1	2	2	1	1	0	0	1	0	1	0	0	1	2	2	2	0	1	1	2	1	2	1	0	0	0	0	1	2	2	2	1	1	1	1	1	1	1	1	1	1	2	2	1	0	1	0	2	2	2	1	2	2	1	1	0	0	2	2	1	0	1	1	1	1	1	0	1	1	0	1	1	1	1	2	1	1	1	1	0	0	0	0	0	0	0	0	0	2	1	0	0	1	1	1	1	1	0	0	1	0	1	0	1	1	1	2	0	1	1	1	1	1	1	0	0	0	1	1	0	1	1	0	2	1	1	1	0	1	1	1	1	1	0	0	1	1	2	1	0	1	1	1	2	1	1	0	1	0	1	2	0	1	1	0	1	2	1	1	1	1	0	0	1	1	1	0	1	0	2	1	0	2	0	1	1	2	1	1	1	1	0	2	0	1	2	0	1	1	2	0	1	1	1	1	1	1	1	2	1	0	0	1	1	1	1	2	2	1	0	1	1	1	2	1	1	1
chr7.s_9899434	0	0	0	1	1	1	0	0	0	0	0	0	1	1	0	1	2	1	0	0	0	0	0	0	0	0	0	1	1	1	0	0	0	0	0	0	0	1	0	1	0	0	0	0	0	0	0	0	0	0	0	0	0	1	1	0	0	0	0	0	0	1	0	0	0	0	0	2	1	2	0	0	1	0	0	0	0	0	0	0	0	1	0	0	0	0	0	0	0	0	0	0	0	0	0	0	0	1	1	0	2	1	0	0	0	0	0	0	0	0	0	0	0	0	0	1	2	0	0	0	0	0	1	1	0	0	1	1	0	1	0	1	1	0	1	1	1	0	0	0	0	0	0	0	0	0	0	0	0	0	0	0	0	0	0	1	0	0	1	0	1	1	0	0	0	0	0	0	0	0	0	0	0	1	0	0	1	1	0	0	2	1	1	1	1	1	0	1	1	1	0	0	1	0	1	2	1	0	0	0	0	0	0	0	0	0	1	0	0	0	1	1	0	1	0	1	0	0	0	0	0	0	0	1	0	0	2	0	0	0	0	0	0	1	1	0	0	0	1	1	1	0	1	0	0	0	0	0	0	0	0	2	0	0	1	0	0	1	0	1	1	0	1	0	0	1	0	0	1	0	0	0	0	1	1	0	0	1	0	0	0	0	0	0	1	1	1	1	1	1	0	0	0	0	1	1	0	0	1	0
chr9.s_111795211	1	2	1	0	1	1	1	0	0	1	1	0	1	2	1	2	1	1	0	1	1	2	2	1	1	0	1	1	2	1	0	1	0	2	1	0	0	0	1	1	1	1	1	1	0	1	1	0	0	0	0	0	1	0	0	0	2	1	2	1	2	0	0	0	1	2	1	1	1	1	0	0	0	0	0	1	1	1	2	1	0	0	0	1	1	1	1	1	0	0	1	0	0	0	0	1	2	2	1	0	0	0	1	1	0	0	0	0	0	0	0	1	1	1	2	1	1	1	2	1	2	2	1	2	1	2	1	1	2	1	1	2	1	1	1	1	1	1	1	1	1	1	1	1	2	1	1	2	1	0	1	2	1	0	1	1	1	1	0	0	1	0	0	1	1	0	0	1	2	1	0	1	1	1	0	0	2	2	2	1	0	1	2	1	1	1	0	2	1	2	0	1	0	0	0	0	0	0	0	2	1	2	0	1	1	1	0	0	1	2	1	1	0	1	0	1	1	1	1	0	2	1	1	1	2	0	1	1	0	1	0	1	2	0	0	1	1	1	2	0	1	0	0	0	1	0	1	0	1	0	1	1	0	2	1	1	0	1	2	2	1	1	0	0	0	1	0	0	0	0	1	2	1	0	0	1	1	1	1	0	2	0	1	1	2	1	1	1	1	0	1	0	0	0	1	0	1	1	0	2
chr1.s_297594089	0	1	2	0	0	1	1	1	1	0	0	1	0	0	1	0	0	1	0	0	1	1	0	0	0	0	0	1	1	1	0	0	0	0	0	1	0	0	0	0	0	1	0	0	0	0	1	0	1	1	0	1	1	0	1	1	0	0	0	0	0	0	0	0	0	0	1	0	0	0	1	1	0	0	0	0	1	2	1	1	0	1	0	0	0	0	0	0	0	1	1	0	0	0	0	0	0	0	1	0	1	0	0	0	1	2	0	1	1	0	0	0	1	1	0	0	0	0	0	0	0	0	1	1	0	0	0	1	1	0	0	0	1	1	1	1	0	0	0	0	0	0	0	0	0	0	1	0	1	1	0	1	1	1	1	0	1	1	0	0	1	1	1	1	2	0	1	1	0	0	1	0	1	0	1	1	0	0	1	1	1	1	1	0	0	0	1	0	1	1	1	0	1	1	1	1	0	1	2	1	0	0	1	1	0	0	1	0	1	1	1	0	0	0	1	0	1	0	0	1	0	0	2	0	0	0	1	1	0	0	1	0	0	1	1	1	0	2	0	1	0	1	0	0	1	0	0	0	0	1	0	1	1	0	0	2	2	1	1	1	0	1	0	0	2	1	0	1	0	0	1	1	0	0	0	0	0	1	2	1	1	1	0	1	1	1	0	1	0	1	1	1	1	1	0	0	0	0	1	0
chr1.s_1574042	0	0	0	0	1	1	0	0	0	1	1	2	1	1	1	0	1	1	1	0	0	0	0	0	1	1	1	0	0	0	0	0	0	0	0	0	0	0	1	1	2	1	0	0	0	2	1	1	1	1	1	1	1	1	2	2	0	1	1	0	0	0	0	1	0	0	0	0	1	1	1	0	2	1	0	0	0	1	0	1	1	2	1	1	0	0	1	1	0	1	1	0	0	1	1	0	0	1	1	0	1	0	1	0	0	0	0	0	0	0	0	0	1	1	0	1	1	2	0	0	0	0	0	0	0	0	0	0	1	0	1	0	0	1	1	0	1	0	0	1	1	1	1	1	0	0	1	1	0	0	0	0	0	1	0	0	0	1	0	1	0	2	1	0	0	0	0	1	2	1	0	0	1	1	1	0	1	1	0	0	0	0	0	0	0	0	0	0	0	0	0	1	0	1	1	1	1	0	0	1	1	0	1	1	1	0	1	0	0	0	0	0	0	0	0	0	1	2	1	1	0	0	0	0	1	0	0	0	0	0	0	0	1	0	1	1	0	0	0	1	1	0	0	0	1	1	0	0	0	0	0	0	0	0	0	0	1	1	0	0	1	0	1	0	1	1	0	0	1	0	0	0	0	1	1	0	0	1	0	1	0	1	0	1	1	1	1	0	1	1	0	1	1	0	1	1	0	1	2	0
chr8.s_180049523	0	0	0	0	1	0	0	0	0	0	0	0	1	1	1	1	1	0	0	0	0	0	0	0	0	0	0	0	0	0	0	0	1	1	1	0	0	0	1	1	1	0	1	1	0	0	0	0	0	1	1	1	1	1	1	1	0	0	0	1	1	0	0	0	0	0	0	1	1	1	0	0	0	0	1	1	1	1	1	1	0	1	1	0	0	0	0	0	0	0	0	0	0	0	0	0	0	0	0	0	1	1	0	0	0	0	0	0	0	1	1	0	0	0	0	0	0	0	1	1	1	1	1	1	0	0	0	0	1	1	0	1	1	1	1	1	1	1	1	0	0	0	0	0	1	1	0	0	0	0	0	1	1	1	0	0	1	1	1	1	0	1	1	1	1	0	0	1	1	1	0	1	1	0	0	0	1	1	0	0	0	1	1	0	0	0	0	1	1	0	0	0	1	1	0	0	0	0	0	1	0	1	0	0	1	1	1	1	1	0	1	1	0	1	0	1	1	0	1	1	0	0	0	0	1	1	1	0	0	0	0	0	1	0	1	0	0	0	1	0	1	0	0	0	1	1	0	0	1	1	0	0	0	0	1	0	1	1	1	0	0	1	0	0	0	0	0	0	1	0	0	0	0	0	0	0	0	1	1	0	1	1	0	0	0	1	1	0	0	0	1	1	1	0	0	0	0	0	1	0
chr8.s_174683208	1	1	0	1	0	0	0	0	0	1	1	0	0	0	0	0	0	0	0	1	1	0	0	0	0	0	0	0	0	0	0	1	1	1	0	0	0	1	0	1	0	0	0	1	0	1	1	1	0	0	0	0	0	0	1	1	1	1	0	1	1	0	0	0	1	1	0	1	0	0	0	0	0	1	0	1	0	0	0	1	0	1	0	1	1	0	0	0	0	0	0	1	1	0	1	1	1	1	0	0	1	2	0	1	0	0	1	0	1	1	0	0	0	0	0	0	0	0	1	1	2	1	1	0	0	0	0	0	0	0	1	1	0	0	0	0	1	1	1	1	0	0	0	0	1	1	0	1	0	0	1	0	0	1	0	1	0	0	1	0	0	1	2	1	0	1	0	1	2	2	0	1	0	0	1	1	2	1	0	0	0	1	1	0	0	1	1	2	1	1	0	1	1	0	0	0	1	1	0	2	0	1	0	0	1	1	1	0	0	1	0	0	1	1	0	2	0	2	1	1	1	1	0	0	0	0	1	0	0	0	0	0	1	1	1	0	1	0	0	0	2	0	1	2	1	1	0	0	0	0	1	0	0	0	1	0	0	0	1	0	1	0	1	1	0	0	0	0	0	0	0	0	1	0	0	2	0	2	0	0	1	0	0	1	1	1	0	1	1	0	1	1	1	0	0	0	0	0	0	2
chr1.s_301372798	0	0	0	1	0	0	0	0	0	0	0	0	0	1	0	1	0	0	0	0	0	1	1	1	1	1	1	1	1	1	1	0	0	0	1	0	1	1	1	1	0	0	0	0	0	0	0	0	0	0	0	0	1	0	0	0	0	0	1	1	1	1	1	0	0	0	0	1	0	0	0	0	0	0	0	0	0	0	1	0	0	0	0	0	0	1	1	1	1	2	1	0	0	0	0	0	0	0	0	1	1	1	0	1	0	0	0	0	0	0	0	0	0	0	1	0	0	0	0	0	0	1	0	1	1	1	1	1	0	0	0	0	0	0	0	0	0	0	0	0	1	0	0	0	0	0	2	1	1	1	0	0	0	0	0	1	1	0	1	0	0	0	0	0	0	0	0	0	0	0	0	0	0	1	0	0	1	2	1	1	1	1	0	1	1	1	0	0	0	0	1	1	1	0	0	0	0	0	0	0	0	0	0	0	0	0	0	1	1	0	1	1	0	1	0	0	0	0	0	0	0	0	0	1	1	0	1	0	1	0	0	0	1	1	0	0	0	0	0	0	1	0	1	1	0	0	1	0	0	0	0	1	0	0	1	1	0	1	0	1	1	1	1	0	1	1	1	1	0	0	0	1	0	1	0	0	0	0	0	0	0	0	0	1	0	1	0	0	1	0	1	0	0	0	0	0	0	0	0	0
chr1.s_23252337	0	0	1	1	2	1	1	0	1	2	2	2	1	2	2	1	1	2	0	0	0	0	1	1	1	1	1	1	1	1	1	0	1	1	1	2	1	2	0	1	1	2	1	2	0	2	1	1	2	2	1	0	1	2	1	0	1	1	1	1	1	2	1	0	1	1	2	2	2	1	2	1	1	2	1	1	2	1	1	2	1	1	1	0	1	1	0	0	0	0	0	1	1	0	0	1	1	1	2	0	1	1	2	1	1	1	2	1	1	1	1	1	2	2	1	1	1	0	1	1	0	0	1	1	0	0	1	2	0	1	0	0	1	1	1	0	1	1	2	2	2	1	1	1	1	1	1	1	0	1	1	0	0	0	2	2	0	1	2	2	0	1	2	1	0	1	0	1	2	1	1	1	2	0	0	1	0	0	0	0	1	1	1	0	0	0	0	0	1	0	1	1	1	1	1	0	1	2	1	2	0	1	2	1	0	1	0	0	0	0	1	0	0	2	1	1	0	1	1	0	0	0	2	1	2	1	1	1	1	0	1	0	1	2	1	2	1	0	1	1	2	1	2	2	2	0	1	0	1	2	1	1	2	1	2	2	0	1	0	0	1	0	1	1	0	1	1	1	1	1	0	0	1	2	1	1	1	1	0	1	0	0	1	0	1	1	0	0	2	1	0	2	0	1	1	2	1	1	1	0
chr1.s_131511809	0	0	0	2	0	0	0	0	0	0	0	0	0	0	0	0	0	0	1	1	1	1	0	0	0	0	0	0	0	0	0	0	0	0	0	0	0	1	0	1	0	0	0	0	0	0	0	0	0	1	1	0	0	0	0	0	0	1	1	0	0	0	0	0	0	0	0	1	0	0	0	0	0	0	0	0	0	0	0	0	1	0	0	0	0	0	0	0	0	0	0	0	0	0	0	0	0	0	0	0	1	1	0	0	0	0	0	0	0	0	0	0	0	0	0	0	0	0	0	0	0	0	0	0	0	0	0	0	0	0	0	0	0	0	0	0	0	0	0	0	0	0	0	0	0	0	0	1	0	0	1	0	0	0	0	1	0	0	1	0	0	0	0	0	0	0	0	0	0	0	1	0	0	1	0	0	0	0	0	0	0	0	0	1	1	1	0	0	0	0	0	0	1	0	0	0	0	0	0	0	0	0	0	0	0	0	0	0	0	0	0	0	0	1	0	0	0	0	1	0	0	0	0	0	0	0	1	0	0	0	0	0	0	1	0	0	0	0	0	0	1	0	1	1	0	0	0	0	0	0	0	0	0	0	0	0	0	0	0	0	1	0	1	0	0	0	0	0	0	0	0	0	0	0	0	0	0	0	0	0	0	0	1	0	0	0	0	0	0	0	0	0	0	0	0	0	0	0	0	1
chr1.s_6420827	0	0	0	0	1	1	1	0	0	0	0	1	1	1	1	0	0	0	0	0	0	0	0	0	0	0	0	0	0	0	0	0	0	0	0	0	0	0	0	0	0	0	1	1	0	0	0	0	0	0	0	1	1	0	0	0	0	0	0	0	0	1	0	0	0	0	0	0	0	0	0	0	1	1	0	0	0	1	0	1	0	0	0	0	0	0	0	0	0	0	0	0	0	0	0	0	0	0	0	0	0	0	0	0	0	0	0	0	0	1	1	0	1	1	0	0	0	0	0	0	0	0	0	0	0	0	0	0	0	0	0	0	0	1	0	0	0	0	0	0	0	0	0	0	0	0	1	0	0	0	0	0	0	0	0	0	0	0	0	0	0	1	1	0	0	0	0	1	1	1	0	0	1	0	0	0	0	0	0	0	0	0	0	0	0	0	0	1	1	0	1	0	1	1	0	0	0	0	0	0	0	0	0	0	0	0	0	0	1	0	0	0	0	0	0	0	0	0	0	0	0	0	1	0	1	0	0	0	0	0	0	0	0	0	0	1	0	0	0	0	0	0	0	0	1	1	0	0	0	0	0	0	0	0	0	0	0	0	1	0	0	1	0	0	0	0	0	0	0	0	0	0	0	0	0	0	0	0	0	1	0	0	0	0	0	0	0	0	0	0	0	1	0	0	0	0	0	1	0	0
chr1.s_288723022	0	1	1	1	1	1	1	1	0	0	1	1	1	1	1	1	2	2	0	0	1	1	1	1	1	1	1	1	1	1	0	0	1	1	1	1	1	1	1	1	2	2	1	1	1	1	0	1	1	1	1	0	0	2	1	0	0	1	1	1	1	0	1	2	1	0	0	0	1	0	1	0	0	0	1	1	1	1	1	1	0	1	1	1	1	1	1	1	1	0	0	2	2	2	1	1	1	0	0	1	0	1	2	1	1	1	1	1	1	1	1	1	1	1	1	2	1	1	1	1	1	1	1	1	1	1	1	1	0	2	1	1	1	2	2	1	1	1	1	1	1	1	1	1	0	0	1	1	1	1	1	1	2	1	1	1	1	2	0	1	1	1	1	1	1	0	0	0	0	0	0	1	1	0	1	1	0	0	0	0	1	0	0	1	1	0	1	0	0	1	1	1	0	1	2	1	0	1	1	1	1	1	1	1	1	1	0	0	0	1	1	1	1	1	1	1	1	1	1	1	1	1	1	1	1	2	1	1	0	2	1	1	1	1	1	1	1	1	1	1	1	1	1	0	0	1	1	1	1	1	1	1	0	1	1	1	1	0	1	1	1	1	1	1	0	1	0	0	1	2	1	1	1	1	2	1	0	1	1	0	1	1	0	0	1	0	1	1	2	0	0	1	1	1	1	1	1	0	2	1
chr1.s_278512648	0	0	1	0	0	0	0	1	1	1	1	0	0	1	1	1	1	1	0	0	1	1	0	0	1	1	1	0	0	0	0	1	1	0	0	1	0	0	1	1	1	0	0	0	1	1	2	0	0	0	0	1	2	1	2	1	1	0	0	0	0	1	1	2	0	1	2	0	0	0	0	0	1	1	0	0	0	0	1	0	0	1	0	1	0	0	0	0	0	1	1	0	1	0	0	1	1	0	1	0	1	0	1	0	0	1	0	1	1	1	1	1	1	1	1	1	1	0	1	1	0	0	0	0	0	0	0	0	1	0	0	0	1	0	0	0	1	1	0	2	1	1	1	1	0	0	0	0	0	1	0	0	0	0	1	0	0	0	1	1	0	0	0	0	1	0	1	1	1	0	1	1	0	0	0	0	0	0	0	0	0	0	0	0	1	0	2	0	1	0	0	0	1	1	0	0	1	0	1	1	1	1	0	1	0	0	1	1	1	0	0	0	0	0	0	1	0	2	0	0	0	0	0	1	1	1	0	1	0	0	1	0	1	0	0	0	1	1	0	0	1	1	0	0	0	0	2	1	1	0	1	0	2	0	0	1	1	2	0	0	1	0	0	1	2	0	1	0	1	0	0	0	0	1	2	0	1	1	1	0	0	0	0	0	1	1	0	0	1	2	0	0	0	1	1	1	0	1	1	1
chr5.s_193496348	1	1	1	1	1	0	1	1	1	1	1	0	2	1	0	1	2	2	1	1	1	1	0	0	1	1	1	1	1	2	1	1	0	0	0	1	1	1	1	1	2	1	1	1	1	1	1	1	1	1	1	2	1	1	2	2	1	0	0	0	0	1	1	2	1	0	0	0	1	0	1	1	1	2	1	2	2	0	0	0	1	1	1	1	0	0	1	1	1	1	1	1	2	1	1	0	0	1	1	1	1	0	1	1	1	0	1	0	1	2	2	1	0	0	0	1	2	1	0	0	0	0	0	0	0	0	1	1	0	1	1	1	1	1	1	1	0	1	1	1	0	1	2	1	0	0	1	1	1	1	1	0	0	1	0	0	0	1	0	1	1	0	1	1	0	2	1	1	1	2	2	1	1	0	0	1	0	0	1	1	2	1	1	0	1	0	1	0	0	0	0	1	0	1	2	1	1	2	1	1	1	0	2	0	1	1	2	0	0	1	0	1	1	1	2	0	0	1	0	0	0	1	1	1	1	1	0	0	1	0	1	0	1	0	0	0	1	1	1	0	1	2	1	1	2	1	0	1	1	1	1	2	1	0	1	1	0	1	0	0	1	0	1	1	1	1	1	0	2	1	2	0	1	1	1	0	1	1	0	1	0	2	0	2	1	0	2	1	1	0	0	0	0	2	2	2	1	1	1	0
chr5.s_45786104	1	2	2	0	0	0	1	1	1	0	0	0	0	1	0	1	0	0	0	1	2	2	2	2	1	1	1	1	1	1	1	1	0	2	2	1	1	0	1	0	0	0	1	0	1	0	0	0	0	0	0	0	1	0	0	0	1	1	1	1	1	1	1	0	0	1	1	0	0	0	0	1	0	0	2	0	0	0	1	1	0	0	0	1	1	1	1	1	1	1	1	0	0	0	0	0	1	1	1	1	0	0	0	2	2	2	0	1	1	0	0	0	0	0	1	0	0	1	2	2	1	1	1	1	1	1	1	1	1	0	1	1	1	0	1	2	0	1	1	0	1	0	0	0	2	2	1	1	2	1	1	1	0	0	1	0	1	0	0	0	2	0	0	0	1	0	1	1	0	0	0	0	0	0	0	1	1	1	1	1	1	1	1	0	0	0	0	1	1	1	2	0	1	1	0	0	0	0	1	0	1	2	0	2	0	0	1	1	2	2	1	1	1	0	0	2	0	1	1	1	1	1	0	1	1	0	1	2	1	1	1	0	1	1	0	1	1	2	1	1	0	0	0	0	0	0	1	0	1	1	0	2	1	2	2	1	1	1	1	1	0	1	0	1	1	0	1	1	0	0	1	1	1	1	0	1	1	1	1	0	1	0	1	0	1	1	0	1	1	1	1	0	0	0	0	0	1	1	0	1
chr1.s_158120009	0	0	1	0	1	0	0	2	2	1	1	1	0	0	1	0	0	0	0	1	1	0	1	1	0	0	0	0	0	1	2	0	0	1	2	1	1	0	1	0	1	1	0	1	0	0	0	1	1	0	0	0	0	0	0	0	2	1	0	0	0	1	2	1	0	0	1	0	1	0	1	0	1	2	0	0	0	1	0	1	0	0	0	1	1	0	1	1	1	1	0	1	0	2	1	0	0	0	1	1	0	0	1	0	0	1	1	1	1	0	0	0	1	1	0	0	0	0	1	1	1	0	1	0	0	0	1	1	0	1	1	0	1	1	2	1	0	0	2	0	1	0	0	0	2	2	0	0	1	1	0	0	1	0	1	0	1	1	0	1	0	0	1	1	1	2	2	1	0	0	0	0	1	0	0	2	2	1	0	0	1	1	0	1	0	0	0	0	1	0	1	1	0	1	1	0	1	2	2	0	1	0	0	1	0	0	0	0	0	1	1	0	2	0	1	1	0	0	1	1	1	1	0	0	0	0	1	2	1	2	1	1	0	0	1	2	2	2	0	0	0	0	1	1	0	0	0	0	0	0	0	1	1	1	1	1	1	0	1	0	0	0	1	1	1	0	2	0	0	2	0	1	1	2	0	1	1	0	1	2	1	0	0	0	0	2	0	0	0	1	1	1	0	0	0	1	0	1	0	2
chr3.s_94709334	2	1	0	1	0	1	1	2	1	1	2	0	1	1	0	0	1	1	1	2	2	2	1	1	1	1	1	1	1	1	1	2	0	1	1	0	1	1	1	1	0	1	2	1	2	2	2	0	0	0	0	1	1	1	2	2	1	1	1	1	1	0	2	1	0	1	0	1	0	1	0	1	1	0	2	0	0	0	0	0	2	0	0	1	1	1	2	2	2	2	2	0	0	1	1	0	1	1	0	1	1	1	0	1	2	2	0	1	1	1	1	0	0	0	0	1	1	1	1	1	1	1	1	1	2	2	1	0	1	0	1	1	0	1	0	1	1	1	0	2	0	1	2	1	1	1	2	1	1	1	1	1	0	1	0	1	1	0	1	0	1	2	1	0	1	0	1	2	2	1	0	0	0	0	1	1	2	2	1	1	0	2	2	0	0	0	0	2	1	1	1	1	1	0	0	1	1	0	1	1	2	1	1	0	1	0	2	2	1	1	1	1	2	1	0	1	0	2	1	2	2	2	0	1	0	0	1	0	1	0	1	0	1	2	1	0	2	1	1	2	1	0	2	0	1	0	1	1	1	1	0	0	1	1	0	0	2	0	2	1	1	2	2	2	2	1	2	1	0	1	2	2	1	0	2	2	2	1	1	0	1	1	2	0	1	1	1	1	1	1	2	1	1	1	1	1	1	1	2	2
chr8.s_133818926	1	1	1	0	0	1	1	0	0	0	0	1	0	0	0	0	0	0	1	1	0	0	1	1	1	1	1	0	0	0	0	1	1	1	1	1	1	1	0	0	0	0	1	1	1	0	0	0	0	0	0	1	1	0	0	0	1	0	0	0	0	1	0	0	0	0	0	0	0	0	0	0	0	0	0	0	0	0	0	0	0	0	0	1	1	1	0	0	0	0	0	0	0	0	0	0	0	0	0	0	1	0	0	1	0	0	0	0	0	0	0	0	0	1	0	0	0	1	0	0	0	0	1	1	0	0	0	1	1	0	0	0	0	0	0	0	0	0	1	0	0	0	0	0	1	1	0	0	1	0	0	0	0	1	0	0	0	0	0	0	1	0	0	0	0	0	0	0	0	0	0	0	0	1	1	1	0	0	1	1	1	0	0	1	1	1	0	0	0	1	1	0	0	0	1	1	1	0	0	0	0	0	0	1	0	0	0	0	0	1	1	0	0	0	0	0	0	0	0	0	0	0	1	0	0	0	0	1	0	1	0	0	0	0	0	1	0	1	0	0	0	0	0	0	0	0	1	1	0	0	1	1	0	1	0	0	0	1	0	1	1	0	0	0	0	0	1	0	0	0	0	0	1	0	1	0	1	0	0	0	0	1	0	0	1	0	0	1	1	1	0	0	0	1	0	0	1	0	0	1
chr3.s_202362714	0	1	0	0	1	1	1	0	0	1	2	1	1	2	1	2	2	1	1	2	1	0	1	2	1	2	1	1	0	0	1	1	1	2	1	0	0	0	0	0	0	1	2	1	1	1	2	2	1	1	1	0	1	1	2	1	1	2	1	1	0	0	1	1	2	2	1	0	0	1	0	1	2	1	1	1	0	0	1	1	0	1	1	2	2	2	1	1	2	2	1	0	1	1	2	2	2	1	0	0	0	0	1	1	1	0	1	1	1	2	1	1	1	1	1	1	2	1	2	2	1	0	1	0	1	0	0	0	0	0	1	2	1	1	1	2	2	2	1	1	2	1	0	0	2	2	1	1	1	1	0	0	0	1	1	1	0	0	0	0	2	2	1	0	0	1	1	1	2	2	0	1	1	0	0	2	1	0	0	1	0	1	0	0	1	1	1	2	1	1	0	0	1	1	0	1	1	0	0	1	0	2	0	1	0	2	2	1	1	1	1	2	1	1	0	2	0	1	2	2	1	2	0	2	2	1	1	1	1	1	1	0	0	0	1	1	1	0	0	1	0	0	1	1	1	2	1	0	2	0	2	0	0	1	1	0	1	1	2	0	1	2	1	1	1	1	1	1	1	1	1	1	1	1	1	2	1	2	0	1	1	0	0	1	1	0	1	1	1	1	1	1	2	0	1	1	0	1	2	1
chr9.s_111542168	0	0	1	1	1	1	0	1	1	0	0	1	1	0	1	0	1	1	1	1	1	0	0	1	0	1	0	1	0	1	1	0	1	0	1	1	1	1	1	1	1	1	0	1	0	0	0	1	1	1	1	2	1	2	2	1	0	1	0	1	0	1	2	1	1	0	1	1	1	1	1	0	1	1	0	1	1	1	0	1	0	0	0	1	1	1	0	0	1	1	0	1	1	1	1	1	0	0	1	1	2	1	1	0	0	1	2	2	1	1	1	1	1	1	0	1	1	0	0	1	0	0	1	0	1	0	1	2	0	1	0	0	1	1	1	0	1	0	1	0	0	0	0	0	0	1	0	0	1	1	0	0	1	2	1	1	1	1	1	1	0	2	2	1	1	1	1	1	0	1	1	1	1	0	0	1	0	0	0	1	1	1	0	1	1	1	2	0	1	0	1	1	2	2	1	1	2	1	1	0	0	0	1	1	0	1	1	2	1	0	1	1	1	1	1	1	0	0	0	2	0	0	1	1	0	2	1	1	1	1	1	1	0	1	2	1	1	1	0	1	1	1	1	2	1	2	0	1	0	1	1	1	1	0	1	1	2	1	0	0	1	1	1	1	1	1	1	1	1	1	0	0	0	1	1	1	0	0	1	1	0	2	0	1	0	1	0	0	1	2	0	2	2	1	0	1	0	0	2	0
chr5.s_150658601	1	0	0	0	0	2	2	1	1	1	0	1	0	0	0	0	0	0	1	1	0	0	0	0	1	1	1	0	0	0	1	1	1	0	0	1	1	1	0	0	0	0	1	0	2	1	1	1	1	0	0	1	1	0	1	2	1	0	0	1	1	1	0	0	0	1	1	0	0	1	0	1	1	0	2	0	0	0	0	1	2	1	0	0	1	1	1	1	1	1	1	1	0	2	1	1	1	1	1	0	1	0	1	1	2	1	1	1	0	0	0	1	1	1	0	0	0	1	1	1	0	0	0	0	0	0	0	0	1	2	0	0	0	0	0	1	1	1	0	1	0	2	2	1	0	0	1	0	0	1	0	0	1	1	0	0	0	0	0	0	1	2	1	0	0	0	0	0	0	0	0	0	0	0	0	0	0	0	1	1	0	0	0	1	0	0	0	0	0	0	0	0	0	0	0	1	0	0	0	1	0	1	1	0	1	0	2	1	0	0	0	0	1	0	0	1	1	1	0	1	0	1	1	0	0	0	0	0	1	1	1	1	1	1	2	0	0	0	1	2	1	1	0	0	0	0	1	1	1	1	1	0	1	0	1	0	1	1	0	0	0	0	1	1	1	1	1	0	0	1	1	0	1	0	1	0	1	1	0	0	1	1	1	0	0	0	2	0	0	0	0	0	1	1	1	1	1	0	1	1
chr10.s_109231266	1	0	0	0	0	0	0	1	1	0	0	0	0	0	1	1	1	1	0	0	0	0	0	0	1	1	1	1	1	0	1	0	1	1	1	1	1	1	1	1	1	0	0	0	1	1	1	0	0	1	1	0	0	0	0	0	1	1	1	1	1	1	2	0	0	1	1	0	0	0	1	1	1	1	1	0	0	0	0	1	0	0	0	0	1	1	0	0	1	2	1	0	0	0	0	1	1	1	1	0	1	0	0	1	0	1	0	1	2	0	0	1	1	1	1	1	1	1	1	1	1	1	0	0	0	0	0	1	0	0	0	1	1	0	1	1	0	0	1	1	0	1	1	1	0	0	0	0	1	1	1	0	0	0	0	0	0	0	0	0	0	1	1	0	1	0	1	1	0	0	0	1	0	0	0	0	0	0	0	0	0	1	0	0	0	0	0	1	1	0	1	0	0	0	0	0	0	0	1	1	0	1	1	1	1	0	0	0	0	1	1	1	0	0	0	0	0	1	1	0	0	0	0	0	0	0	1	0	0	0	0	0	1	0	0	0	1	2	0	0	1	0	0	0	0	1	1	1	1	1	1	0	1	0	1	0	1	1	0	0	0	0	0	1	2	0	1	1	1	0	0	0	1	1	1	1	1	0	1	0	0	0	0	1	0	0	0	0	1	0	1	1	0	1	0	0	1	1	0	1
chr10.s_129120665	0	0	0	1	1	0	1	0	0	0	0	0	1	0	1	0	0	1	0	0	1	0	0	1	0	1	1	1	1	1	1	0	2	1	1	0	0	1	0	1	1	1	1	1	1	0	1	0	0	0	1	1	0	0	0	0	1	1	0	2	2	2	0	1	1	0	0	1	1	0	1	1	1	2	1	0	0	0	0	0	1	0	0	1	2	2	0	1	0	0	0	0	1	0	1	1	0	1	1	0	1	2	1	1	1	0	1	0	1	0	1	2	1	0	1	1	1	1	0	1	1	1	1	0	1	1	1	2	0	0	0	1	1	1	2	2	1	2	2	1	0	1	1	1	1	2	0	0	2	1	0	0	0	1	1	2	0	1	1	1	2	1	2	1	0	1	0	0	0	0	1	2	0	1	0	1	0	0	0	1	1	0	0	0	1	1	2	0	0	0	0	1	2	2	1	0	1	1	0	0	0	0	0	1	1	1	1	2	2	1	0	1	1	1	1	1	0	1	0	1	0	0	0	2	0	1	2	1	1	1	0	1	1	1	0	0	0	1	0	0	1	2	1	2	0	1	0	1	2	0	0	1	0	0	1	0	0	0	0	1	1	1	1	2	0	0	0	1	1	0	1	1	0	2	0	2	0	0	0	0	0	1	1	1	0	0	0	0	0	0	0	0	1	0	1	0	0	1	0	0
chr3.s_120757114	0	0	1	1	0	1	2	0	0	0	0	1	2	1	1	0	1	1	1	1	0	0	0	0	0	0	0	0	0	1	1	1	0	0	0	1	0	1	0	1	0	1	2	1	2	1	1	0	1	1	1	2	1	2	2	2	0	0	0	0	0	0	2	1	1	0	1	1	0	0	0	1	0	0	2	1	2	1	0	1	1	0	0	0	0	0	1	1	2	2	1	1	0	2	1	0	0	0	1	0	1	2	0	1	1	0	0	0	0	0	1	1	1	1	0	1	2	1	0	0	0	0	0	0	1	1	1	0	0	1	0	0	1	1	0	1	0	1	0	1	0	1	2	1	0	0	1	0	0	1	0	0	1	1	1	1	0	0	1	0	1	1	1	1	1	0	0	1	1	1	1	1	1	0	0	0	1	1	0	0	0	2	1	1	0	0	0	1	2	0	0	0	1	0	0	0	1	0	0	0	1	0	2	1	1	0	2	1	0	0	1	0	0	1	1	0	0	1	0	0	1	1	2	0	0	1	1	1	0	1	2	2	0	1	2	1	1	0	0	0	1	1	1	0	2	0	1	2	1	2	0	0	1	0	0	1	0	0	1	0	1	1	2	1	1	0	1	0	1	1	2	0	0	0	2	1	1	0	0	1	0	2	0	0	0	2	1	0	1	2	1	2	0	2	1	1	0	0	1	1
chr6.s_105404186	0	1	0	0	0	0	0	0	0	0	0	0	1	1	0	0	0	1	1	2	0	0	0	0	0	0	0	0	0	1	0	1	1	1	0	0	0	0	0	0	0	0	0	0	1	0	0	1	1	0	0	0	0	0	0	0	1	0	0	0	0	2	0	1	0	1	0	0	0	0	0	0	0	0	0	0	0	0	0	0	0	0	0	0	0	0	1	1	0	0	0	0	1	0	0	0	1	1	0	0	0	0	1	0	0	0	1	1	0	0	0	0	0	0	0	0	0	0	0	0	0	0	0	0	0	0	1	1	0	0	1	1	0	0	0	0	0	0	0	0	0	0	0	0	0	0	0	0	0	0	0	0	0	0	0	0	0	0	0	0	0	0	0	0	0	0	0	0	0	0	0	0	0	0	0	1	0	0	0	0	1	0	0	0	1	0	1	1	0	1	0	1	0	0	0	0	0	0	0	0	0	1	0	0	0	0	0	0	0	1	0	0	0	0	0	0	0	0	1	0	1	1	0	0	0	1	0	0	0	0	0	0	0	0	0	0	0	0	0	0	0	0	0	0	0	0	0	1	0	0	0	1	0	0	1	0	0	0	1	0	0	0	1	0	0	0	0	0	1	0	0	0	1	1	1	0	0	1	0	0	1	0	0	0	0	0	0	1	0	0	0	0	0	0	0	0	0	0	0	0
chr5.s_215502715	0	0	0	1	0	0	0	1	1	1	0	0	0	0	1	0	0	0	0	0	0	0	0	0	0	0	0	0	0	0	1	0	0	0	0	0	0	0	0	0	0	0	0	0	0	1	1	0	0	0	0	0	0	0	0	0	0	0	0	0	0	0	0	0	0	0	0	0	0	0	0	0	0	0	0	0	0	0	0	1	0	0	0	0	0	0	0	0	0	1	1	1	0	1	0	0	0	0	0	1	0	0	0	0	0	0	0	0	0	0	0	0	0	0	0	0	0	0	1	1	0	0	0	0	0	0	0	0	0	1	0	0	0	0	0	0	1	1	0	0	0	0	0	0	0	0	0	1	0	0	0	0	1	0	0	0	0	0	0	0	0	0	0	0	0	1	1	0	0	0	0	1	0	0	0	0	0	0	0	0	0	1	1	1	0	0	0	0	0	0	0	0	0	0	0	0	0	0	0	0	0	1	1	0	0	0	0	0	0	0	0	0	1	0	0	0	0	0	0	0	0	0	0	0	0	0	0	0	1	1	0	1	0	0	1	0	0	0	0	0	0	0	0	0	0	0	0	0	1	0	0	0	1	0	0	0	0	0	0	0	0	0	0	0	1	0	0	0	0	1	0	0	0	0	0	0	0	0	0	1	0	0	0	0	0	0	0	0	0	0	0	0	0	0	0	1	0	0	0	0
chr2.s_43286429	0	1	1	2	2	1	1	1	1	1	0	1	1	0	0	1	2	1	0	0	1	1	1	1	0	0	0	0	0	1	1	0	1	1	1	1	1	2	0	1	1	1	1	1	1	0	0	1	1	0	1	1	0	1	1	1	0	0	0	0	0	1	2	0	0	0	0	2	2	2	1	1	2	2	1	0	0	0	0	0	2	1	0	0	0	0	1	1	1	2	1	0	0	0	0	0	0	0	0	1	1	1	1	1	1	0	2	1	1	0	1	1	0	0	0	1	2	2	0	0	1	1	1	1	0	0	1	1	0	0	1	1	1	1	2	2	1	1	1	1	0	1	1	0	1	1	0	0	0	2	1	0	0	0	1	2	0	1	1	1	2	1	1	1	0	1	0	1	1	1	0	1	0	1	0	1	1	1	0	0	2	1	0	1	1	1	0	0	0	1	1	2	1	1	2	2	2	1	0	0	0	0	0	1	2	0	1	1	0	0	2	1	1	1	1	0	1	0	0	0	0	0	0	1	0	0	2	0	1	0	0	0	1	1	0	1	1	0	0	1	2	2	1	2	1	0	1	1	1	0	0	2	1	1	1	0	0	0	0	1	1	0	2	1	1	1	0	0	1	0	1	0	1	1	1	0	0	1	0	0	1	1	1	0	1	1	2	1	1	1	1	0	0	0	2	1	1	1	1	1
chr1.s_256663896	0	0	0	0	0	0	0	0	0	0	0	0	0	0	0	0	0	0	0	0	0	0	0	0	0	0	0	0	0	0	0	0	1	0	0	0	0	0	0	0	0	0	0	0	0	0	0	0	0	0	0	0	0	1	0	0	0	0	0	0	0	0	0	0	0	0	0	0	0	0	0	0	0	0	0	0	0	0	0	0	0	0	0	0	0	0	1	1	0	0	0	0	0	0	0	0	0	0	0	0	1	0	0	0	0	0	0	0	0	0	0	0	0	0	0	0	0	0	0	0	0	0	0	0	0	0	0	0	0	0	0	0	0	0	0	0	0	0	0	0	0	0	0	0	0	0	0	1	0	0	0	0	0	0	0	0	0	0	0	0	0	0	0	0	0	0	0	0	0	0	0	0	0	0	0	0	0	0	0	0	0	0	0	0	0	0	0	0	0	0	0	0	0	0	0	0	0	0	0	0	0	0	0	0	0	0	0	0	0	0	0	0	0	0	0	0	0	0	0	0	0	0	0	0	0	1	0	0	0	0	0	0	0	0	0	0	0	0	0	0	0	0	0	0	0	0	0	0	0	0	0	0	0	0	0	0	0	1	0	0	0	0	1	0	0	0	0	0	1	0	0	0	0	0	0	0	0	0	0	0	0	0	0	0	0	0	0	0	0	0	0	0	0	0	0	0	0	0	0	0
chr5.s_187562102	2	2	1	1	0	0	0	1	1	1	1	1	0	1	0	1	0	1	1	2	1	1	1	1	2	2	2	2	2	0	1	2	2	1	1	1	2	1	2	1	1	0	1	1	1	1	0	1	1	1	1	1	2	0	1	1	2	2	2	2	2	0	0	2	2	1	0	0	0	0	0	0	1	1	1	1	1	1	2	1	1	1	1	2	2	2	2	2	1	0	1	1	2	1	2	1	1	2	1	2	1	1	0	0	1	1	0	0	0	0	0	0	0	1	2	1	0	0	1	1	2	2	2	2	2	2	1	1	2	1	2	2	1	1	1	1	1	1	0	1	2	0	1	1	1	1	2	1	1	1	1	2	1	2	0	0	2	1	1	1	0	0	0	1	1	1	1	0	0	0	0	0	0	0	0	1	1	1	1	1	0	1	2	0	1	1	2	2	1	2	1	0	1	1	0	0	0	1	1	1	2	1	1	0	1	1	1	2	2	1	1	1	2	0	1	2	1	1	2	2	2	2	0	1	1	1	1	0	2	0	1	1	1	1	0	0	1	0	2	1	0	1	1	0	0	1	2	1	0	1	1	0	0	1	1	1	1	2	2	2	1	2	1	2	0	1	2	1	0	1	0	2	2	1	1	2	2	2	1	1	2	1	2	1	0	0	1	1	0	0	1	1	2	1	0	1	2	2	1	2
chr1.s_50787065	0	0	0	1	1	0	0	1	1	1	0	0	0	0	0	1	1	0	0	0	0	0	0	0	0	0	0	0	0	0	1	1	0	0	0	1	1	1	0	0	0	1	0	0	0	0	0	2	1	1	1	0	0	0	0	0	1	1	1	0	0	1	0	0	0	1	1	1	1	1	1	1	0	0	1	1	0	0	0	0	1	0	0	1	0	0	0	0	0	0	0	0	0	0	0	1	1	1	1	0	0	0	0	1	0	0	0	0	0	1	0	0	0	1	0	0	0	0	0	0	0	0	1	1	0	0	0	0	0	1	0	1	1	0	0	0	0	0	1	0	1	1	0	0	0	0	0	0	1	0	1	0	0	0	1	1	0	0	0	0	1	0	0	0	0	0	0	1	1	2	1	0	0	1	0	1	0	0	1	1	1	0	0	1	1	1	1	0	0	1	0	0	0	0	1	1	0	0	0	0	0	0	0	0	0	0	0	0	0	1	1	1	1	0	0	0	1	0	1	1	0	0	0	0	0	0	0	1	1	1	0	0	0	0	0	0	0	1	1	0	0	0	0	0	1	1	0	0	0	1	2	0	0	0	0	0	1	0	0	1	1	0	0	0	0	0	1	1	0	0	0	0	1	1	0	1	1	0	0	0	1	0	1	1	0	0	1	1	1	0	0	0	1	1	0	1	1	0	1	0
chr6.s_115193930	0	0	0	0	0	0	0	1	1	0	0	0	0	1	0	1	0	0	0	0	0	0	0	0	0	0	0	0	0	0	0	0	0	0	1	0	1	0	1	0	0	1	0	0	0	0	0	0	0	0	0	0	1	0	0	0	0	0	0	0	0	0	0	1	0	0	0	0	0	0	0	0	0	0	0	0	0	0	1	0	0	0	1	0	0	0	0	0	0	0	0	0	1	0	0	0	0	0	0	2	0	0	0	0	1	2	0	1	1	1	1	0	0	0	1	0	1	0	0	0	0	0	0	0	0	0	0	0	0	0	0	0	0	0	0	0	0	0	0	0	1	0	0	0	0	0	0	1	0	0	0	1	1	0	0	0	1	0	0	0	0	0	0	0	1	0	1	1	0	0	0	0	0	0	0	0	0	0	0	0	0	0	0	0	1	0	1	0	0	0	1	0	0	0	0	0	0	0	1	0	0	0	0	0	0	0	0	0	0	0	0	0	0	0	0	0	0	0	0	0	0	0	0	0	1	1	0	0	0	0	0	0	0	1	0	0	0	1	0	1	0	0	0	0	0	0	1	0	0	0	0	0	0	0	0	0	1	1	0	0	0	0	0	0	1	0	1	0	0	0	0	0	0	0	0	0	0	0	1	0	0	0	0	0	0	0	0	0	0	0	0	0	0	0	0	0	0	0	0	0
chr1.s_9109429	1	1	1	1	1	1	0	2	2	2	2	0	1	1	0	0	0	1	1	1	2	2	2	2	1	1	0	1	0	1	1	2	0	2	2	1	1	0	1	0	1	2	1	2	1	1	1	1	1	1	1	0	0	1	0	0	1	2	2	1	0	1	1	1	0	1	1	0	1	1	1	0	2	2	1	0	0	0	0	0	1	2	2	1	2	2	2	1	1	0	1	1	0	2	1	0	1	1	1	2	0	0	1	0	0	1	1	1	2	1	1	0	0	0	0	0	0	1	1	1	1	1	1	1	1	0	1	1	1	1	2	1	1	1	2	1	1	0	2	1	1	0	0	1	2	2	1	1	1	0	2	1	1	0	1	0	1	1	1	2	0	1	1	1	1	2	2	1	1	0	1	0	1	1	1	1	2	2	1	1	1	1	2	1	0	0	0	1	1	1	2	2	1	2	1	1	2	1	1	2	2	1	0	2	0	1	0	2	1	1	0	1	2	1	0	1	2	1	2	2	1	2	0	1	1	1	1	2	2	2	2	1	0	0	1	1	2	1	1	1	0	0	1	1	0	1	1	1	0	1	0	1	2	2	1	2	2	0	1	0	0	1	1	1	1	2	1	1	0	2	0	0	1	2	1	2	1	2	1	1	2	0	2	0	1	2	0	1	0	2	2	1	1	1	0	1	1	2	1	1
chr10.s_148807389	0	0	0	0	0	1	1	1	1	0	0	0	1	1	1	1	1	0	0	0	0	0	0	0	1	1	1	0	0	1	0	0	1	0	0	1	1	1	0	0	0	0	0	0	0	1	1	0	0	0	0	0	0	0	0	0	0	0	0	0	0	0	0	1	1	1	1	0	0	0	0	0	0	0	0	0	0	0	0	0	0	0	1	0	0	0	1	1	1	1	1	0	0	1	2	1	0	1	1	0	0	0	1	1	0	1	0	1	1	0	0	0	0	0	0	0	0	0	0	0	0	0	0	0	0	0	0	1	0	0	1	1	1	0	0	0	0	0	0	0	0	0	0	0	0	0	1	0	0	0	0	0	0	1	0	0	0	0	0	0	0	0	0	0	1	0	1	1	0	0	1	0	0	0	1	0	0	0	0	0	0	0	0	0	0	1	1	0	0	0	0	0	1	1	0	0	0	0	1	0	1	0	1	0	0	1	0	0	1	0	0	1	0	0	0	0	0	0	0	0	0	1	1	1	0	0	0	0	0	0	1	0	0	0	0	0	0	1	0	0	0	0	0	0	0	1	0	0	1	0	0	0	0	0	0	0	1	0	0	0	0	0	1	0	2	0	0	0	0	0	1	0	1	0	0	0	0	0	1	0	0	0	0	0	0	0	1	0	1	0	0	0	1	0	1	0	1	0	0	0
chr5.s_201804087	0	0	0	0	1	0	0	1	0	0	0	0	0	0	0	0	0	0	0	0	0	0	0	0	0	0	0	0	0	0	1	0	0	0	0	0	0	0	0	0	0	0	0	0	0	0	0	0	1	1	0	0	0	1	0	0	0	0	0	1	1	0	0	0	0	1	1	1	1	1	0	0	0	0	0	0	1	0	0	1	0	1	0	0	0	0	0	0	0	0	0	1	1	0	0	0	0	0	0	0	0	1	0	1	0	0	0	0	0	0	0	1	1	0	0	0	0	0	0	0	1	1	1	1	0	0	0	0	0	0	0	0	0	0	0	0	1	1	0	0	0	1	1	1	0	0	0	1	0	0	0	0	0	0	0	0	0	0	0	0	0	1	1	0	0	0	0	0	0	0	1	0	0	0	1	0	0	0	1	1	1	0	0	0	0	0	0	0	0	0	1	0	0	0	1	1	0	0	0	0	0	0	1	0	1	0	0	0	0	0	1	0	1	0	0	1	0	0	0	0	0	0	1	0	0	1	0	0	0	0	0	0	0	0	0	0	0	0	0	0	0	0	0	0	1	0	0	0	0	1	0	0	0	0	1	0	0	0	0	0	0	0	0	0	0	0	0	0	0	0	0	1	0	0	0	0	0	1	0	0	0	0	0	0	0	0	0	1	1	0	0	0	0	1	0	1	0	0	0	0
chr2.s_68246686	0	1	0	0	0	0	0	0	0	0	0	0	1	0	0	0	0	0	0	1	1	1	1	1	1	1	0	1	0	0	1	1	0	1	0	0	0	0	0	0	0	0	0	0	0	0	0	0	0	0	1	1	0	0	0	0	1	1	1	1	0	0	1	0	0	1	0	0	0	0	0	0	0	0	0	0	0	0	0	0	0	0	0	1	1	1	1	0	1	1	0	1	0	1	0	0	1	1	0	0	0	0	0	0	0	0	0	0	0	0	1	1	0	0	0	0	0	0	1	1	1	1	1	1	1	0	0	0	0	1	1	1	0	0	0	0	0	0	0	0	0	0	0	0	1	1	1	1	1	1	0	0	1	0	0	0	0	0	0	0	0	0	0	0	0	0	0	0	0	0	0	1	0	0	0	1	1	1	1	1	0	1	0	1	0	0	0	1	0	1	0	0	0	0	0	0	0	0	0	0	0	1	0	0	0	0	0	1	0	1	1	1	1	0	1	1	0	1	1	1	1	1	0	1	0	0	0	0	1	1	0	1	0	0	2	0	1	0	0	0	0	1	0	0	0	0	0	1	0	0	0	0	0	0	0	0	0	0	1	0	0	1	0	1	0	0	0	1	1	1	0	0	1	0	0	1	0	1	0	0	1	1	0	0	0	0	0	1	0	0	1	1	0	0	0	0	0	0	0	1
chr7.s_156241858	0	1	1	0	0	0	0	0	0	1	1	0	0	0	0	0	0	0	1	1	0	0	1	1	0	0	0	0	0	0	0	0	2	0	0	0	0	0	0	0	0	0	0	0	1	1	1	0	1	1	0	1	1	1	0	0	0	0	0	0	0	0	0	0	1	0	0	0	0	0	0	0	0	0	0	0	1	0	0	0	0	1	0	0	0	0	0	0	0	0	0	0	0	0	1	1	0	0	0	0	0	0	0	0	0	0	0	0	0	0	0	0	0	0	0	0	0	1	1	1	0	0	1	1	0	0	0	0	1	1	0	0	0	0	1	1	0	0	1	1	0	0	0	0	1	1	0	0	0	1	1	0	0	2	0	0	0	0	0	0	1	0	0	0	0	0	0	0	1	0	1	0	0	0	0	0	0	0	0	0	0	0	0	0	0	1	0	0	0	1	0	0	0	0	0	0	0	0	0	1	0	1	1	1	0	1	0	0	0	0	1	0	0	0	0	0	0	1	0	1	0	0	1	0	0	1	1	0	0	0	0	0	0	0	0	1	0	0	1	0	0	1	0	0	1	1	1	1	0	1	0	0	0	1	0	0	1	0	0	1	0	0	0	0	0	0	0	0	0	0	0	0	0	0	1	0	0	1	0	0	0	1	0	0	1	0	0	0	0	0	0	1	2	1	0	0	0	0	1	0
chr1.s_271824549	0	0	0	0	0	0	1	0	0	0	0	0	0	0	0	0	0	0	0	0	0	0	0	1	0	1	0	1	0	0	0	0	0	0	0	0	0	0	0	0	0	0	1	0	1	0	0	0	0	0	0	0	0	0	0	0	0	0	0	1	0	0	0	0	0	1	1	0	0	0	0	1	0	0	1	0	0	0	0	0	0	0	0	0	0	1	0	0	0	0	0	0	0	0	0	0	0	0	0	0	0	0	0	1	1	0	0	0	0	0	0	0	0	0	0	0	0	0	0	0	0	0	0	0	1	0	0	0	0	0	0	0	0	0	0	1	0	1	0	0	0	0	0	0	0	0	0	0	1	0	0	0	0	0	0	0	0	0	0	0	1	0	0	0	0	0	0	0	0	0	0	0	0	0	0	0	0	0	0	1	0	0	0	0	0	0	0	0	0	0	0	0	0	0	0	0	0	0	0	1	0	0	0	0	0	0	1	1	0	0	0	1	0	0	0	0	0	0	0	0	0	0	0	1	0	0	0	0	1	0	0	0	0	0	0	0	0	0	0	0	0	0	0	0	0	0	0	0	1	0	0	0	0	0	0	0	0	0	0	0	0	1	0	0	0	0	1	1	0	0	1	0	0	0	0	0	1	0	0	0	0	0	0	0	0	0	0	0	0	0	0	0	0	0	0	0	0	0	0	0
chr6.s_169008553	0	0	0	0	0	0	0	0	0	0	0	0	0	0	0	0	0	1	0	0	0	0	0	0	1	1	1	1	1	1	1	0	0	0	0	0	0	0	0	0	0	0	0	0	0	0	0	0	0	0	0	0	0	0	0	0	0	0	0	0	0	0	0	0	1	0	0	0	0	0	0	0	0	0	0	0	0	0	0	0	1	0	0	0	1	1	0	0	0	0	0	1	1	0	0	0	0	0	0	0	0	0	0	0	0	0	0	0	0	1	1	0	0	0	0	0	0	0	0	0	0	0	0	0	0	0	0	0	0	0	0	0	0	1	0	0	0	0	0	0	0	0	0	0	0	0	0	0	0	0	0	0	0	1	0	0	0	0	0	0	0	0	0	0	0	0	0	0	0	0	0	0	0	0	0	0	0	0	0	0	0	1	1	0	0	0	0	1	1	0	0	1	0	0	0	0	0	0	0	1	0	0	0	0	0	0	0	0	0	0	0	0	0	0	0	0	0	0	0	0	0	0	0	0	0	0	0	0	0	0	0	1	0	0	0	0	0	0	0	0	0	0	0	0	0	1	0	0	0	0	0	0	0	0	0	0	0	0	1	0	0	1	0	0	0	0	1	0	0	0	1	0	0	0	0	0	1	0	0	0	0	1	1	1	0	0	0	0	0	0	0	1	0	0	0	0	0	0	0	0
chr9.s_151670297	1	0	0	0	0	0	0	0	0	1	1	0	0	0	0	0	0	0	1	0	1	0	0	0	0	0	0	0	0	0	0	0	1	0	0	0	0	0	0	0	0	0	0	0	0	1	1	0	1	1	0	1	1	0	0	1	0	1	0	0	0	0	0	0	1	0	0	0	0	0	0	0	0	0	0	0	1	1	1	0	2	1	1	1	1	0	0	0	0	0	1	0	0	0	1	1	0	0	0	0	0	0	0	0	0	0	0	0	0	0	0	0	0	0	0	0	0	1	0	1	0	0	1	0	1	1	1	0	1	0	0	0	0	1	0	0	0	0	0	1	0	1	1	1	0	1	0	1	0	0	1	1	0	2	0	0	0	0	0	0	0	0	0	0	0	0	0	1	2	1	2	0	0	1	1	1	0	0	0	0	0	0	1	0	0	1	0	0	0	0	0	0	0	0	0	0	0	0	0	1	1	0	1	0	1	1	0	0	0	0	0	0	1	0	0	1	1	1	0	2	1	0	1	0	0	0	0	0	0	0	0	0	0	0	0	0	0	0	1	0	0	0	0	0	2	1	0	0	0	1	0	0	0	1	0	0	1	0	1	0	0	1	0	1	0	0	0	0	0	0	0	0	0	0	0	1	1	0	0	0	0	1	2	0	1	0	1	0	0	0	0	0	2	1	1	0	1	1	1	0
chr8.s_121140477	1	0	1	1	1	0	0	1	1	0	0	2	1	1	1	1	1	1	2	1	0	0	1	1	1	1	1	0	0	0	1	1	1	1	1	1	0	1	0	1	1	1	1	2	1	0	1	1	1	1	1	2	2	1	1	0	0	0	0	0	0	0	1	0	0	0	1	1	1	0	1	0	0	1	0	1	1	1	1	1	1	1	1	1	1	1	0	0	1	1	0	1	0	1	0	0	0	0	1	0	2	2	1	1	0	1	2	2	1	1	1	1	1	1	1	1	1	1	0	0	1	1	1	1	0	0	0	1	0	1	0	0	1	1	1	0	0	0	2	0	1	0	0	1	1	1	1	0	1	1	1	0	1	1	1	1	0	1	1	1	0	1	2	1	1	1	1	1	0	1	1	1	1	2	2	1	1	1	1	1	1	1	0	2	1	1	1	1	2	1	1	2	1	1	2	1	2	1	1	0	0	0	1	2	1	0	0	0	0	1	2	0	0	1	1	0	1	1	0	0	0	0	1	0	1	0	1	2	0	2	1	1	0	1	1	2	0	2	0	0	1	1	1	2	1	0	2	2	0	1	1	0	2	1	0	1	1	2	0	1	2	0	1	0	1	0	0	0	1	1	0	0	0	0	2	0	0	0	1	1	0	2	1	1	0	2	0	1	2	2	1	1	0	2	0	1	0	0	1	1
chr1.s_237607988	0	0	0	0	1	1	0	0	1	2	2	1	2	2	0	2	1	0	0	0	1	2	2	1	2	1	2	0	1	0	1	1	0	1	2	1	2	1	1	0	1	2	0	0	0	1	1	1	1	1	2	2	2	1	1	1	1	1	2	0	1	1	2	2	1	1	1	0	1	1	2	1	2	1	0	1	1	0	1	0	0	1	1	1	1	1	2	2	1	1	0	0	1	1	1	1	1	0	0	1	1	1	2	1	0	0	0	0	0	1	2	2	1	1	1	0	0	0	0	0	1	2	0	1	0	1	0	1	1	0	1	1	1	1	2	1	1	0	0	1	2	1	0	0	1	1	1	2	0	1	1	0	0	1	1	1	1	1	0	1	0	1	0	0	0	1	1	1	2	1	1	1	1	0	1	1	0	1	1	0	0	2	1	0	1	0	1	0	0	0	1	1	0	1	1	1	1	1	1	2	1	0	0	0	1	1	1	1	1	0	1	1	0	1	2	0	1	2	1	1	0	0	0	1	2	2	1	1	1	1	0	0	1	0	0	1	1	0	0	1	0	1	1	0	1	1	1	1	0	0	1	0	0	1	0	0	1	2	0	1	1	0	1	0	0	1	2	1	2	1	0	1	1	1	0	1	1	1	0	1	1	2	0	1	1	0	1	0	1	1	0	1	1	0	1	1	1	1	1	1
chr1.s_11889841	0	0	0	0	1	0	0	0	0	0	0	0	1	1	1	0	0	0	0	0	0	0	0	0	0	0	0	0	0	1	0	0	0	0	0	0	0	0	0	0	1	1	0	1	0	1	1	0	0	0	0	0	0	0	0	0	0	0	0	0	0	1	0	0	1	1	1	0	1	0	1	0	0	1	1	1	1	1	1	0	0	0	0	0	0	0	0	0	0	1	1	0	0	0	0	1	1	0	0	0	0	0	2	1	0	0	2	1	0	0	0	0	0	0	0	0	0	0	0	0	0	0	0	0	0	0	1	1	0	0	0	0	0	2	1	0	1	1	1	1	0	1	1	1	0	0	1	1	0	1	0	0	0	0	1	1	0	1	0	1	0	1	2	2	1	1	0	0	0	0	0	1	1	0	0	1	0	0	1	1	2	0	0	0	0	0	0	0	0	0	0	1	0	1	1	0	1	1	0	0	0	0	1	0	0	1	0	0	0	0	0	0	0	1	0	0	0	1	0	0	0	0	0	0	1	0	0	0	0	0	0	1	1	0	0	0	0	0	0	0	1	1	0	1	0	1	0	0	1	1	0	1	0	0	1	0	0	0	1	0	0	1	0	1	1	0	0	0	1	0	0	1	0	1	0	1	0	0	0	0	0	0	0	0	0	0	0	0	1	0	0	0	0	0	0	0	0	0	0	0
chr6.s_159143321	1	0	0	0	0	0	0	0	0	0	0	0	0	0	0	0	0	1	0	1	1	1	1	0	2	1	2	0	1	0	0	0	0	0	1	0	1	0	1	0	0	0	0	0	0	0	0	0	1	2	1	0	0	0	0	0	1	2	2	1	2	0	0	1	1	0	0	0	0	0	0	0	0	0	0	1	2	0	0	0	0	0	1	1	1	0	1	1	0	0	0	2	1	1	0	0	0	0	0	1	0	0	0	1	0	0	0	0	0	0	0	0	0	0	0	0	0	0	1	1	1	1	1	1	0	1	0	0	0	1	1	0	0	0	0	0	0	0	0	1	1	0	0	0	1	1	1	1	0	1	0	0	1	0	0	0	1	0	0	0	0	1	1	0	0	0	0	0	0	0	2	0	0	0	1	1	2	2	1	0	0	0	0	1	0	0	0	1	1	0	1	1	0	0	0	0	0	1	1	0	1	0	1	0	0	0	0	0	1	0	0	0	1	0	1	1	0	0	2	1	1	1	1	0	0	0	0	0	0	1	0	1	1	0	1	0	1	0	0	0	0	1	0	0	1	0	0	0	0	1	0	0	0	0	0	0	0	0	1	1	0	0	0	2	0	0	1	0	0	1	0	1	1	1	0	1	0	0	0	0	1	0	0	1	0	1	0	0	1	0	2	0	0	1	0	0	0	0	0	1
chr2.s_158873198	0	2	1	1	2	1	1	0	0	0	0	1	0	0	1	1	1	1	0	1	2	2	1	0	2	1	1	1	1	2	0	1	1	1	0	0	0	1	0	1	1	1	1	1	1	0	0	1	2	1	0	0	0	0	0	1	1	1	1	0	0	2	0	1	2	2	1	2	2	2	1	1	2	2	1	1	2	1	0	1	1	0	0	1	1	0	2	1	0	0	0	2	1	2	2	2	2	1	0	0	1	1	2	1	1	0	1	0	0	0	0	1	2	2	0	0	0	1	1	1	1	1	2	2	1	1	2	2	0	1	2	2	1	1	1	1	1	1	1	1	1	2	2	1	1	1	1	1	0	0	0	0	1	1	1	2	0	1	2	2	1	2	2	1	0	2	1	1	1	1	1	0	1	0	0	1	2	2	1	0	1	0	0	1	0	1	0	1	0	1	0	2	1	1	1	1	1	1	0	1	1	1	1	0	1	1	1	0	0	1	1	1	1	1	0	1	0	0	1	1	2	1	1	1	0	0	1	0	0	1	0	2	1	1	2	1	1	0	0	1	2	0	1	1	2	1	0	0	1	1	1	2	1	0	1	0	0	0	1	0	1	0	2	2	0	1	0	0	1	1	2	1	1	2	0	1	0	1	0	2	1	0	0	1	1	1	2	1	0	0	2	1	1	1	2	0	0	1	0	1
chr1.s_302542399	1	1	1	0	1	0	0	0	0	0	0	0	0	0	0	1	1	0	1	1	0	0	1	1	1	1	1	0	0	0	0	0	1	1	1	1	1	1	0	0	0	0	0	0	0	0	0	1	1	1	1	0	0	0	0	0	1	1	1	0	0	1	0	1	0	1	1	1	1	1	0	0	0	0	0	0	0	0	0	0	0	0	1	1	0	0	1	1	0	0	0	0	0	1	1	1	1	1	1	0	0	0	1	0	0	0	0	0	0	0	0	1	1	1	1	1	0	1	0	0	0	0	1	1	1	1	1	0	0	1	1	1	1	0	1	1	0	0	1	1	0	1	1	1	1	1	0	0	0	1	0	0	0	0	0	0	0	0	1	1	1	0	0	0	0	1	1	0	0	0	0	0	0	0	0	1	0	0	0	0	1	0	0	0	0	0	0	0	0	1	1	0	0	0	1	1	0	1	1	0	1	0	0	1	0	0	0	0	0	0	1	1	0	0	1	0	0	0	1	0	1	0	0	1	0	0	1	1	0	1	0	1	1	0	0	1	0	0	1	0	1	1	0	0	0	0	0	0	0	0	1	1	0	1	0	0	0	0	0	1	1	0	1	1	0	0	1	0	0	0	0	0	1	1	0	0	1	0	0	1	0	0	0	0	1	0	1	1	0	0	0	0	0	0	1	0	1	0	0	0
chr10.s_140340951	0	0	0	1	0	1	0	1	1	1	1	0	0	0	0	0	1	1	1	1	0	0	0	0	0	0	0	0	0	1	1	0	1	0	0	0	0	0	0	0	0	0	0	0	1	1	1	1	2	2	1	1	1	1	2	2	0	1	1	0	0	0	0	2	0	0	0	0	0	1	0	0	1	0	0	0	1	0	0	1	1	1	0	1	0	0	1	1	1	1	1	0	1	1	1	0	0	0	0	1	0	1	0	1	0	0	0	0	0	0	0	0	0	0	1	2	2	1	0	0	1	1	0	0	0	0	0	1	1	0	1	0	0	0	1	1	2	1	0	0	1	1	2	1	0	0	1	0	1	1	0	0	0	1	0	0	0	0	0	0	1	2	1	0	0	1	1	0	0	0	1	0	0	1	1	0	1	1	0	0	0	0	0	0	1	0	2	0	0	0	0	0	1	1	0	1	0	1	1	0	1	0	2	0	2	0	1	1	1	1	0	0	1	0	1	1	1	0	1	0	0	1	1	0	0	1	1	0	1	0	1	1	0	0	0	0	0	1	0	1	0	1	1	0	1	1	1	1	0	1	0	0	0	0	0	0	0	0	0	0	1	0	1	0	1	1	0	0	1	1	1	0	0	1	2	0	0	1	0	1	1	1	0	1	0	1	1	0	2	0	0	0	0	1	1	2	0	0	1	0
chr2.s_55851965	1	1	0	1	0	0	0	0	1	2	1	0	0	1	0	2	1	0	1	2	1	1	1	1	1	1	1	1	1	0	1	1	1	1	0	0	0	0	1	1	1	1	0	0	1	1	1	0	0	1	1	0	1	0	1	1	1	1	1	1	1	0	0	0	0	1	0	0	0	0	0	0	0	0	0	0	0	0	1	0	1	1	0	1	2	2	1	1	0	0	1	0	0	0	0	0	1	2	1	1	0	0	0	0	0	0	0	0	1	0	0	0	0	0	1	0	1	0	1	1	1	1	1	1	1	1	0	0	2	1	1	2	1	0	0	0	0	0	0	2	1	0	0	0	1	1	1	1	1	0	1	1	0	0	0	0	0	0	0	0	0	0	0	0	0	0	0	1	2	1	0	0	0	1	1	1	1	1	1	1	1	1	2	1	1	1	1	1	0	2	0	0	0	0	1	1	1	1	1	1	1	1	0	0	0	0	1	2	1	1	0	2	1	0	1	1	0	1	2	1	1	1	0	2	1	0	0	0	2	0	0	0	1	0	0	0	1	0	2	0	0	0	0	0	1	0	2	1	0	0	0	0	0	1	0	0	0	1	1	2	0	1	0	2	0	0	0	1	0	0	0	1	1	0	1	1	1	2	0	0	1	0	2	0	1	0	1	2	0	1	1	0	0	1	1	1	1	1	0	2
chr2.s_2224780	2	1	1	0	1	1	1	1	2	1	1	0	0	0	0	0	0	0	0	0	0	0	1	1	0	0	0	0	0	0	1	0	0	0	0	0	0	0	0	0	0	0	1	1	1	0	0	0	0	0	0	0	0	1	0	1	0	0	0	1	1	0	0	0	0	0	0	1	1	2	0	1	1	1	1	0	0	1	1	1	2	1	1	0	1	1	0	0	0	0	1	0	0	0	0	0	0	0	0	0	0	0	0	1	1	1	1	1	2	0	0	0	0	0	0	0	1	1	0	0	0	0	1	1	1	1	1	0	2	1	0	0	0	1	0	1	2	2	2	0	0	1	2	1	0	0	0	0	0	0	1	2	1	1	0	0	1	1	0	0	1	1	1	2	2	1	1	1	0	0	0	1	0	0	0	0	0	0	0	0	0	0	1	0	0	0	0	0	0	0	0	0	0	0	0	1	1	1	1	0	1	0	0	0	1	0	1	0	0	0	1	0	0	0	0	1	0	0	0	1	1	0	0	0	0	1	0	1	1	1	0	0	0	0	0	1	0	1	2	1	0	0	1	1	0	1	0	0	1	0	0	1	0	2	0	0	2	0	1	0	0	1	0	0	1	1	0	0	0	1	1	1	0	0	0	0	1	1	2	0	0	1	2	0	1	0	1	0	0	0	1	1	1	0	1	1	1	1	1	0
chr2.s_185951512	0	0	0	0	0	0	0	0	0	0	0	0	0	0	0	0	0	0	0	0	0	0	1	1	0	0	0	0	0	0	0	0	0	0	0	0	0	0	0	0	0	0	0	0	0	0	0	0	0	0	0	0	0	0	0	0	1	0	0	0	0	0	0	0	0	0	0	0	0	0	0	0	0	0	0	0	0	0	0	0	0	0	0	0	0	0	0	0	0	0	0	0	0	0	0	0	0	0	0	0	0	0	0	0	0	0	0	0	0	1	1	0	0	0	0	0	0	0	0	0	0	0	0	0	0	0	0	0	0	0	0	0	0	0	0	0	0	0	0	0	0	0	0	0	0	0	0	0	0	0	0	0	0	0	0	0	0	0	0	0	0	0	0	0	0	0	0	0	0	0	0	0	0	0	0	0	0	0	0	0	0	0	0	0	0	0	0	0	0	0	0	0	0	0	0	0	0	0	0	0	0	0	0	0	0	0	0	0	0	0	0	0	0	0	0	0	0	0	0	0	0	0	0	0	0	0	0	0	0	0	0	0	0	0	0	1	0	0	0	0	0	0	0	0	0	1	0	0	0	0	0	0	0	1	0	0	0	0	0	0	0	0	0	0	0	0	0	0	0	0	0	0	0	0	0	0	0	0	0	0	0	0	0	0	0	0	0	0	0	0	0	0	0	0	0	0	0	0	0	0
chr5.s_119859027	0	0	0	0	1	0	0	0	0	0	0	0	0	0	0	0	0	0	0	0	0	0	1	1	0	0	0	0	0	0	0	0	0	1	1	0	0	0	0	0	0	0	0	0	0	0	0	0	0	0	0	0	0	0	0	0	0	0	0	0	0	0	0	0	0	0	0	1	1	1	0	0	0	0	0	0	0	0	0	0	0	0	0	0	0	0	0	0	0	0	0	1	0	1	0	0	0	0	0	0	0	0	0	0	0	0	0	0	0	0	0	0	0	0	0	0	0	1	0	0	0	0	1	1	0	0	0	0	0	1	0	0	0	0	1	1	0	0	0	0	0	0	0	0	1	1	0	0	1	0	0	0	1	0	0	0	0	0	1	1	1	0	0	0	0	0	0	0	0	0	0	0	0	0	1	0	0	0	0	0	0	0	0	1	0	0	0	0	0	0	0	0	0	0	0	0	0	0	0	0	0	0	0	1	0	0	0	0	0	1	1	0	0	0	0	0	0	0	0	0	0	0	0	0	0	0	1	1	0	2	0	1	0	0	1	1	0	1	0	0	0	0	0	0	0	0	0	0	0	0	0	0	0	1	0	0	0	0	0	0	0	0	0	0	0	0	0	0	0	1	0	0	0	0	0	0	0	0	0	0	0	0	0	0	0	0	0	0	0	0	0	0	0	0	0	0	0	0	0	0
chr9.s_5608336	0	0	0	0	0	0	0	0	0	0	0	0	0	0	0	0	0	0	0	0	0	0	0	0	0	0	0	0	0	0	0	0	1	0	0	0	0	0	0	0	0	0	0	0	0	0	0	0	0	0	0	0	0	0	1	1	0	0	0	0	0	0	0	0	1	0	0	0	0	0	0	0	0	0	1	0	0	1	1	0	0	0	0	0	0	0	0	0	0	0	0	0	0	0	1	1	0	0	0	0	0	0	0	0	0	0	0	0	0	0	0	0	0	0	0	0	0	0	0	0	0	0	0	0	0	0	0	0	1	0	0	0	0	0	0	0	0	0	0	0	0	0	0	0	0	0	0	0	0	0	0	0	0	1	0	0	0	0	0	0	0	0	0	0	0	0	0	0	0	0	0	0	0	0	0	0	0	0	0	0	0	0	0	0	0	1	0	0	0	1	0	0	0	0	0	0	0	0	0	0	0	0	0	0	0	1	1	0	0	0	0	0	0	0	0	0	0	0	0	0	0	0	0	0	0	0	0	0	0	0	0	0	0	0	0	0	0	0	0	0	0	0	0	0	0	1	0	0	0	1	0	0	0	0	0	0	0	0	0	1	0	0	0	0	0	0	0	0	0	0	0	0	0	0	0	0	0	0	0	0	0	0	0	0	0	0	0	0	0	0	0	0	1	0	0	0	0	0	0	0
chr4.s_135268752	0	2	1	1	1	1	1	1	1	2	1	1	1	1	1	0	1	1	1	1	0	0	0	0	0	0	0	0	0	0	2	2	0	2	1	0	0	0	1	1	1	0	1	0	2	2	2	1	1	1	0	0	0	1	2	1	0	0	0	0	0	0	1	0	1	1	0	1	1	2	1	2	1	0	2	2	2	2	1	1	1	0	0	0	0	0	0	0	1	1	0	1	0	1	0	0	1	1	0	1	1	0	0	1	2	1	1	1	1	2	1	0	1	1	0	1	1	0	0	0	1	1	0	0	1	1	1	1	0	2	1	1	0	1	1	2	1	1	0	2	0	0	0	0	0	0	1	1	1	2	0	1	2	1	1	1	1	1	0	0	2	2	1	1	1	0	0	0	1	1	2	0	2	0	0	1	0	0	0	0	1	2	1	1	0	0	0	1	0	1	0	1	0	0	1	2	0	1	1	2	0	1	2	0	1	1	2	0	0	2	1	0	1	1	1	0	0	1	0	0	1	0	1	0	1	0	1	1	1	2	0	1	0	1	1	1	0	1	1	2	0	1	0	0	1	0	1	1	1	2	1	1	1	0	0	1	0	1	1	0	0	1	0	1	0	2	0	1	0	1	1	1	0	0	2	1	0	1	1	1	0	1	1	1	2	0	0	2	1	0	0	1	0	1	0	2	0	0	1	1
chr8.s_128604616	0	0	0	1	0	0	0	1	0	0	0	0	1	1	0	1	2	1	1	0	1	0	0	0	0	0	0	0	0	2	0	0	0	0	0	0	0	0	0	0	0	0	0	1	0	0	0	0	0	0	0	0	0	1	1	0	0	1	0	0	0	1	0	0	0	0	0	0	0	0	1	1	0	1	0	0	0	0	0	0	0	2	1	1	1	0	0	0	1	0	0	0	0	0	0	0	0	0	0	1	0	0	0	0	0	0	1	0	0	0	0	0	0	0	1	2	1	0	0	1	0	0	1	0	0	0	1	1	0	0	0	0	0	0	1	1	0	0	1	1	0	0	0	1	0	1	0	1	0	1	0	0	0	0	1	1	0	0	0	0	0	0	1	1	0	2	1	0	0	0	0	0	1	1	1	1	0	0	0	0	1	0	0	0	0	0	1	0	0	0	0	0	0	0	0	0	1	1	0	0	0	0	0	0	0	1	0	0	0	0	0	1	2	1	0	1	1	0	0	1	0	1	0	0	1	0	1	0	0	0	1	0	1	0	0	0	0	0	0	0	1	1	0	1	0	1	0	0	0	0	0	1	0	0	1	1	0	0	0	0	0	0	0	2	0	1	0	1	0	0	1	0	0	1	1	1	0	1	0	1	0	0	0	0	0	0	1	0	1	0	0	0	0	0	0	1	0	0	1	0
chr1.s_225876718	0	1	1	0	1	0	0	0	0	1	1	0	0	0	0	0	0	0	0	0	1	0	0	0	0	0	0	1	1	0	1	1	2	0	0	0	0	0	0	0	0	0	1	1	0	2	2	0	1	1	0	0	0	0	0	0	0	1	0	0	0	0	1	1	1	0	0	1	1	1	0	0	0	0	0	0	1	0	0	0	0	0	0	1	1	0	0	0	1	2	1	0	1	0	1	1	0	0	0	0	0	0	0	0	0	0	0	0	0	0	0	0	0	0	0	0	0	0	0	1	0	0	2	1	0	0	0	0	0	1	0	0	0	0	0	0	0	0	0	1	0	0	0	0	0	1	1	0	0	1	0	0	0	1	0	0	0	0	0	0	0	0	0	0	0	0	0	0	1	0	1	0	0	0	0	1	0	0	0	0	0	1	0	0	1	1	1	1	1	0	0	0	0	0	0	0	0	0	0	1	0	0	2	0	0	1	0	0	0	0	2	0	1	0	0	1	0	1	0	1	0	0	1	0	0	1	0	0	0	0	0	0	0	0	0	0	0	0	1	0	0	0	0	0	1	1	0	0	0	1	0	1	1	0	0	1	0	0	0	0	0	0	0	1	1	1	0	0	0	0	0	0	0	0	0	1	0	0	0	0	0	0	0	0	2	0	0	0	0	0	0	1	1	1	0	0	0	0	0	0
chr6.s_121798212	0	1	1	0	1	0	0	1	1	1	0	0	0	0	0	0	0	1	0	0	0	0	0	0	1	1	1	1	1	0	1	1	1	0	0	1	1	1	0	0	0	0	0	0	1	0	0	0	0	0	0	0	0	1	0	0	1	0	0	0	0	0	1	0	0	0	0	1	1	1	1	1	0	0	0	0	0	0	0	1	1	0	0	1	0	0	0	0	1	0	0	1	1	0	0	0	0	0	0	0	0	1	0	1	0	0	0	0	1	0	0	0	0	0	0	0	0	0	0	0	1	1	1	1	0	0	0	1	0	1	0	0	0	0	0	0	0	0	0	1	0	0	0	0	0	0	0	0	0	1	0	0	0	0	1	1	0	0	1	1	0	0	0	0	0	1	1	0	0	0	1	0	0	0	0	0	1	1	0	0	0	1	1	0	0	0	1	1	1	0	0	0	0	0	0	0	0	0	0	1	0	0	0	0	1	0	0	0	0	0	1	0	1	0	0	0	0	0	0	0	0	1	0	0	0	1	0	0	1	0	1	0	1	0	0	0	1	0	1	0	1	1	0	0	0	0	1	1	0	0	0	1	0	0	1	1	0	0	0	0	1	0	0	1	0	1	1	1	0	0	0	0	1	1	1	1	1	0	0	1	0	0	1	0	1	1	0	0	1	0	0	0	0	1	0	1	1	0	0	0
chr3.s_101247119	0	1	1	1	2	1	2	0	1	2	1	1	0	0	1	1	1	1	0	0	0	0	1	1	1	1	1	1	1	1	1	0	2	1	1	1	1	1	0	0	1	2	2	2	1	1	1	1	2	2	1	0	0	0	0	1	1	1	1	1	1	2	1	1	1	1	1	1	2	1	2	2	1	2	1	0	1	1	1	0	1	1	0	1	1	1	0	0	0	0	0	1	2	0	1	2	1	1	1	1	1	0	2	2	1	0	2	1	1	1	1	1	1	1	1	1	1	2	1	1	1	1	1	1	0	0	1	1	1	1	1	1	1	1	2	2	1	2	2	1	1	2	1	0	1	1	0	1	1	1	0	1	1	1	0	0	1	2	1	2	2	1	2	2	1	2	1	0	1	0	2	1	1	1	0	0	0	0	1	1	2	0	0	1	2	2	2	0	0	0	1	2	0	1	2	1	1	2	1	2	0	1	1	1	2	2	1	0	0	1	1	1	0	1	1	0	1	2	1	0	0	0	2	1	1	1	1	1	1	1	0	0	1	0	1	1	1	1	1	0	1	1	0	1	1	2	0	0	2	1	1	2	0	1	2	1	0	1	0	0	1	0	0	0	0	1	0	1	1	0	1	1	1	2	0	1	0	1	1	1	1	0	0	1	2	0	2	1	1	0	1	0	1	2	2	1	1	1	0	0
chr1.s_79160755	1	2	1	0	1	1	1	1	1	1	1	0	0	1	0	1	1	1	1	1	1	1	1	1	2	2	2	1	1	1	0	2	1	1	1	1	2	1	1	0	0	0	0	0	1	1	1	0	0	0	0	0	1	1	2	1	1	1	1	1	1	1	0	0	1	1	0	1	1	1	0	0	0	0	0	0	0	1	2	0	0	1	2	1	1	1	1	1	0	0	1	0	0	0	1	1	1	2	1	1	0	0	0	0	0	1	1	2	2	0	0	0	0	0	1	1	1	0	0	1	0	1	1	1	1	1	1	1	2	0	1	1	0	1	0	0	0	0	0	2	1	0	1	2	0	1	1	1	1	0	1	2	1	2	0	0	2	1	0	0	0	0	0	1	2	0	1	1	1	0	1	0	1	1	1	1	0	1	1	1	1	0	1	0	0	1	0	1	0	1	1	0	0	0	0	0	1	1	2	1	1	1	0	0	0	2	1	1	1	1	0	1	1	1	1	1	1	1	1	2	1	1	1	1	1	0	0	0	1	0	0	0	1	0	0	0	0	1	1	0	0	0	0	0	0	2	1	1	0	0	0	1	0	1	1	0	2	1	2	1	0	2	0	2	1	0	1	1	0	0	0	1	2	1	2	1	1	1	2	0	1	1	1	1	1	0	0	1	1	1	0	0	2	0	0	1	2	1	2	0
chr1.s_16225252	1	0	0	0	1	0	0	0	0	0	0	1	1	1	1	1	1	0	1	0	1	0	0	0	0	0	0	0	0	0	0	1	1	0	0	0	0	0	0	0	0	0	0	0	0	0	1	0	0	1	1	1	1	0	0	0	0	2	1	0	0	0	0	0	0	0	0	1	1	1	0	0	0	0	1	0	0	0	0	1	0	2	1	1	1	0	0	0	0	1	2	0	0	0	0	0	0	0	0	0	1	0	0	0	0	0	0	0	0	0	0	0	0	0	0	0	0	0	1	2	0	0	2	1	0	0	0	0	1	1	0	1	1	1	0	0	1	1	0	0	0	1	0	1	0	1	1	1	1	0	2	1	0	1	0	0	0	0	0	0	1	0	0	0	0	0	0	0	0	0	0	1	0	2	1	1	1	1	1	1	1	1	2	1	1	1	0	1	1	1	0	1	0	0	0	0	0	0	0	1	1	1	0	0	0	0	0	0	0	1	1	1	1	0	0	2	1	1	1	1	0	0	0	0	1	0	0	0	0	0	0	0	0	0	1	0	0	1	2	0	0	0	0	0	0	1	0	0	1	1	0	0	1	1	1	1	0	1	1	1	0	1	0	1	1	1	0	0	1	0	0	1	0	0	0	2	1	1	0	0	0	1	1	1	0	1	1	0	0	0	1	0	0	0	0	1	1	1	0	0
chr1.s_81703760	2	2	2	0	2	1	2	0	0	1	1	1	1	1	1	1	2	2	0	0	0	1	1	1	1	1	1	2	2	2	1	2	2	1	0	1	0	0	1	1	2	1	2	2	2	2	1	1	1	1	0	1	1	1	2	1	0	0	1	1	1	1	1	0	1	1	1	1	2	1	2	2	0	1	1	1	1	2	1	1	0	0	1	0	0	1	1	1	1	2	2	1	1	0	1	1	1	2	2	0	1	0	1	1	1	0	2	1	1	2	1	0	1	1	0	1	1	0	0	0	0	1	1	2	2	2	2	2	2	1	1	2	2	2	1	1	0	1	1	2	0	0	1	1	0	0	2	1	1	2	2	2	1	2	2	1	1	2	0	1	1	1	2	2	1	1	0	1	2	2	2	0	2	1	0	0	0	1	1	1	1	1	1	1	1	2	1	2	2	1	0	1	0	1	1	0	2	1	0	1	1	1	2	1	0	2	2	2	1	1	2	2	0	1	0	0	0	1	0	1	1	0	2	2	1	0	0	1	1	0	1	0	1	0	0	1	0	0	2	0	0	1	0	1	2	2	1	1	1	1	1	2	2	1	1	2	1	1	1	1	0	2	0	1	1	1	0	2	1	0	2	1	0	1	2	0	1	1	1	1	0	1	1	2	2	1	1	1	1	2	0	1	2	1	1	2	1	1	2	1
chr2.s_72987625	0	0	1	1	0	1	1	1	0	0	0	0	0	0	1	1	1	1	1	1	1	1	0	0	1	1	1	1	1	1	0	1	1	0	0	1	0	0	0	0	0	0	0	0	1	0	0	2	2	1	0	1	1	1	0	0	0	0	0	1	1	1	1	1	1	1	2	0	0	0	1	1	0	0	1	2	2	0	0	1	1	1	0	0	1	1	1	1	0	0	0	1	0	2	1	1	1	0	1	1	1	1	1	0	0	0	0	0	0	1	0	1	1	1	0	0	0	0	0	0	1	1	0	0	0	0	0	1	0	1	0	1	2	0	0	0	0	0	1	1	1	1	1	1	0	0	0	1	0	1	1	0	1	1	1	0	0	0	1	1	1	0	0	0	0	0	0	1	1	2	1	1	0	1	0	1	0	0	1	1	1	0	0	2	1	1	0	1	2	1	1	0	1	1	1	1	1	0	0	1	1	0	1	1	1	0	0	0	1	0	0	1	1	0	0	1	0	1	0	0	0	0	2	1	0	1	0	2	0	2	1	2	0	0	2	0	1	0	0	0	0	1	0	1	2	0	1	1	1	2	2	0	1	0	1	2	0	1	0	1	0	0	1	1	0	1	0	1	1	1	1	0	0	1	1	1	0	1	0	0	0	1	1	2	0	1	1	1	0	2	1	1	0	1	1	0	0	0	0	1
chr9.s_18087119	1	1	1	1	0	0	0	1	1	1	0	0	1	1	0	0	0	1	0	0	0	0	1	1	1	1	1	1	1	0	1	0	1	1	1	1	1	1	0	0	0	0	0	0	0	0	0	0	0	0	0	0	0	1	0	0	0	0	0	0	0	1	1	0	1	1	1	0	0	0	1	1	1	1	1	1	1	0	0	0	1	1	1	0	1	1	1	1	1	2	1	0	0	1	1	1	1	0	0	1	0	1	1	1	0	0	0	0	1	1	1	1	1	1	1	1	1	1	0	0	1	1	0	0	0	0	0	1	0	0	1	0	0	0	1	1	1	1	1	1	0	1	0	0	1	1	0	1	1	1	0	0	0	0	0	0	0	0	0	0	0	1	1	0	0	1	1	0	0	0	0	0	0	0	0	1	0	0	1	1	1	1	0	0	0	0	0	0	0	1	1	0	0	0	1	1	0	1	1	0	0	0	0	1	1	0	0	1	0	1	1	0	1	0	1	0	0	0	0	0	0	0	0	1	0	1	1	1	1	1	0	1	0	0	0	1	0	1	0	0	0	0	0	0	0	0	0	0	0	1	1	1	1	1	0	0	0	0	0	1	0	0	1	1	1	0	1	1	1	0	0	0	1	1	0	0	1	1	0	1	0	0	1	1	1	0	0	1	1	0	0	0	0	0	1	1	1	1	0	0
chr9.s_143470593	1	1	1	1	1	1	1	1	1	0	0	1	0	0	2	0	0	0	1	1	1	1	1	0	1	0	1	0	1	1	0	1	0	1	0	1	0	1	1	2	2	1	1	1	1	0	0	1	0	0	0	0	0	0	0	0	1	1	1	1	2	0	1	0	0	1	1	1	1	1	1	1	1	1	2	1	0	2	1	1	0	1	1	1	2	1	1	1	0	0	1	1	0	1	0	0	1	2	2	0	1	1	1	1	1	1	1	1	2	1	0	0	1	1	0	0	0	0	1	1	1	1	1	1	0	1	0	0	1	1	1	1	1	2	1	1	1	1	1	1	0	0	1	2	1	1	2	1	0	0	1	1	1	0	1	1	0	1	1	1	1	1	1	1	1	1	1	2	1	2	1	1	1	1	1	1	2	2	1	0	0	0	1	1	0	0	0	2	2	1	0	2	2	2	1	1	1	1	1	0	1	1	0	1	0	0	1	0	2	1	0	0	1	1	0	1	1	1	1	2	1	1	0	0	0	0	1	1	0	1	1	1	1	1	1	1	2	1	1	1	1	0	1	1	1	0	0	0	2	1	1	0	1	1	0	1	2	0	2	1	1	1	1	2	1	1	0	0	0	1	2	1	1	0	0	2	1	1	1	1	1	0	1	1	0	2	0	1	0	1	1	1	1	0	0	0	1	1	1	1
chr5.s_78142583	0	0	1	0	0	0	0	0	0	0	0	1	0	1	1	1	0	0	1	0	0	0	0	0	1	1	1	0	0	0	0	0	0	0	0	1	0	0	0	0	0	0	0	0	0	0	0	0	1	1	0	0	1	0	0	0	0	0	0	0	0	0	0	0	1	0	1	0	0	0	0	0	0	0	0	1	2	1	1	1	0	1	2	0	0	0	0	0	0	0	0	0	0	0	0	0	0	0	1	0	0	0	0	0	0	0	0	0	0	0	0	0	1	1	1	0	0	0	0	0	0	0	0	0	0	0	0	0	0	0	0	0	1	0	0	0	0	0	0	0	1	0	0	1	0	0	0	0	0	0	0	0	0	0	1	0	0	0	0	0	0	0	0	0	0	0	0	1	1	1	1	0	1	2	1	0	0	0	1	1	1	0	0	1	1	1	0	0	1	1	0	0	0	0	1	1	1	0	0	0	0	0	1	1	0	0	0	0	0	0	0	0	0	0	0	0	1	0	0	0	0	0	1	0	1	0	0	1	0	0	1	0	0	0	0	1	0	0	0	0	0	0	0	0	2	0	1	0	0	1	0	0	1	0	0	1	0	1	0	1	0	0	0	0	0	0	0	0	0	0	0	0	0	0	0	0	0	0	0	1	0	0	0	0	0	1	0	1	0	2	0	1	0	1	0	0	0	0	0	0
chr8.s_115499282	1	0	0	0	0	1	0	0	0	1	2	1	1	0	0	1	1	0	2	1	1	1	1	1	1	1	1	0	0	2	0	1	1	1	1	0	0	0	0	0	0	0	0	1	1	1	2	0	1	1	1	1	0	0	0	1	0	0	0	0	0	1	1	1	0	0	0	0	0	1	0	0	1	1	1	0	1	0	0	0	2	1	1	1	0	0	0	0	0	0	0	2	2	1	0	0	0	0	0	0	0	1	0	1	0	0	1	0	0	0	1	1	0	0	1	1	0	2	0	0	1	1	1	1	0	0	1	1	0	1	0	0	0	0	1	1	1	0	2	2	0	1	1	1	1	1	0	0	1	1	1	0	1	0	0	0	0	0	0	0	1	2	2	1	0	1	0	0	1	0	2	1	0	2	2	1	1	1	1	1	2	0	0	2	2	1	1	1	1	1	1	0	0	0	1	2	2	1	0	1	0	0	1	1	2	0	0	0	0	1	1	1	0	0	1	0	1	2	0	0	0	0	1	1	0	1	1	1	0	2	0	2	0	0	1	1	1	1	0	1	0	2	1	1	1	1	1	2	0	2	0	1	1	1	1	0	0	0	0	1	1	0	0	1	0	1	0	0	1	2	1	1	0	1	1	0	0	0	0	0	0	1	1	0	1	1	1	1	1	1	0	0	0	2	2	0	0	0	0	1
chr7.s_176063681	0	0	0	1	1	0	0	1	1	1	0	0	1	0	1	0	0	0	0	0	0	0	1	1	1	1	1	0	0	2	0	0	0	1	1	1	1	2	1	2	2	1	0	1	0	0	0	0	0	0	1	1	0	0	0	0	1	0	0	0	0	1	0	0	0	0	0	1	1	0	1	0	1	2	0	1	1	0	0	0	0	0	0	0	0	0	0	0	0	0	0	0	0	0	0	0	0	0	0	0	1	1	1	0	0	0	2	1	1	0	1	1	0	0	0	0	1	1	1	1	0	0	0	0	0	0	1	1	0	0	0	0	0	1	2	1	0	0	2	0	0	0	0	0	1	1	0	0	1	0	0	0	0	0	0	1	0	1	1	1	1	0	1	1	0	1	0	1	1	1	0	2	0	0	0	0	0	0	0	0	1	0	0	0	0	0	0	0	0	0	0	1	1	1	1	0	1	2	1	0	0	1	0	1	0	0	0	0	0	1	0	0	1	1	2	0	0	0	0	0	0	0	0	0	0	0	2	1	1	1	0	0	0	1	0	1	0	1	0	0	1	1	1	2	1	1	0	1	1	0	0	1	0	1	2	0	0	0	0	0	1	0	1	0	0	0	1	0	1	0	1	0	1	1	0	0	1	0	0	0	0	1	0	0	0	0	0	0	0	0	0	0	0	0	0	0	1	1	0	0
chr7.s_88467197	0	1	2	0	2	0	0	0	0	0	0	0	1	1	1	1	0	0	0	0	0	0	0	0	0	0	0	0	0	1	0	0	0	0	0	1	0	0	1	1	2	1	1	2	0	0	0	0	0	0	1	1	1	0	0	0	0	0	0	0	0	1	0	0	0	0	1	1	2	1	1	0	0	1	0	0	0	0	1	1	0	0	0	0	0	0	0	0	0	0	0	0	0	0	0	0	0	0	1	0	0	0	1	1	0	0	1	0	0	0	1	1	0	0	1	0	0	0	1	1	0	0	1	1	0	0	1	1	0	1	0	0	1	1	1	0	1	1	1	0	1	0	0	0	0	0	0	0	0	0	0	0	0	0	1	0	0	1	0	1	0	0	1	1	0	1	0	0	0	0	0	2	0	0	0	0	1	1	0	0	1	0	0	0	0	0	0	0	1	0	0	1	0	1	1	0	1	1	0	0	0	1	0	1	0	0	0	0	0	0	1	0	0	0	1	0	0	0	0	0	0	0	0	0	1	0	0	1	0	0	1	0	0	0	1	0	0	0	1	0	0	1	0	1	0	1	1	1	1	0	0	2	1	0	2	1	0	1	0	0	0	0	0	0	0	0	0	0	1	0	0	0	0	1	0	0	0	0	0	0	0	1	0	0	1	2	0	0	1	1	0	0	0	0	0	0	0	0	0	0
chr8.s_96388992	0	0	0	0	0	0	0	0	0	0	0	0	0	0	0	0	0	0	0	0	0	0	0	1	0	1	0	1	0	0	1	0	0	0	1	0	1	0	1	0	0	0	0	0	0	0	0	0	1	1	0	0	0	0	0	0	0	0	0	1	0	0	1	0	0	0	0	0	0	0	0	0	0	0	0	0	1	0	0	0	0	0	0	0	0	1	0	0	1	1	0	1	0	1	0	0	0	0	0	1	0	1	0	0	0	0	0	0	0	0	0	0	0	0	0	0	0	0	0	0	1	1	0	0	1	0	0	0	0	1	0	0	0	0	0	0	0	0	0	0	0	0	0	0	0	0	0	0	1	1	0	0	1	0	0	0	1	0	0	0	0	0	0	0	0	0	0	0	0	0	1	0	0	0	0	0	1	1	0	1	0	1	0	1	0	0	0	1	1	0	1	1	1	1	0	0	1	0	0	0	0	0	1	0	1	0	0	1	1	0	1	1	0	0	0	0	0	0	0	0	0	0	1	1	0	0	0	0	1	1	0	1	0	0	1	0	0	0	0	0	0	0	0	0	1	0	0	0	0	1	0	0	0	0	0	0	0	0	0	0	0	1	0	0	0	0	1	1	0	1	0	0	0	0	0	0	0	0	0	0	0	0	0	0	0	1	0	0	0	1	0	0	0	1	0	0	0	0	0	0
chr4.s_202765833	1	0	1	1	1	0	0	1	1	0	0	0	0	1	0	2	1	0	2	2	1	0	0	1	0	1	0	1	0	0	1	0	0	0	1	1	1	0	1	0	0	1	0	0	0	1	1	1	0	0	0	0	1	0	0	1	2	1	0	2	1	0	1	2	0	0	1	1	1	1	0	0	0	0	0	1	0	1	2	0	2	1	1	1	1	1	1	1	1	2	2	2	2	1	0	0	0	0	1	2	1	1	0	0	1	2	0	1	1	1	0	0	0	0	1	0	0	1	1	1	1	0	2	1	2	1	1	0	1	2	0	1	2	1	0	0	0	0	0	1	1	1	1	1	1	1	1	0	1	1	1	2	2	0	1	0	2	1	0	0	0	0	0	1	2	0	1	2	1	2	1	0	0	1	2	1	1	0	0	1	0	1	1	1	1	0	1	0	1	0	1	1	1	1	0	0	0	0	1	0	2	0	1	1	1	0	0	1	1	0	2	2	1	0	0	1	1	0	1	2	2	1	0	2	2	1	0	1	1	1	1	1	0	1	1	0	1	1	2	1	0	0	0	0	1	1	1	0	0	0	1	1	2	1	0	1	2	2	2	0	0	2	1	2	2	0	1	1	1	1	0	1	1	0	0	1	1	0	2	0	1	0	2	1	1	1	2	0	0	1	2	1	1	0	2	0	1	1	1	1
chr8.s_126976559	0	1	1	1	1	0	0	1	1	1	0	0	0	0	1	0	1	2	1	0	0	0	0	0	0	0	0	1	1	0	1	0	1	0	0	0	0	0	0	0	0	0	0	0	0	0	0	2	1	1	1	0	0	1	1	0	0	1	1	0	0	0	0	1	1	0	0	1	1	1	1	1	1	1	0	1	0	0	0	1	0	2	2	0	0	0	1	1	1	1	1	0	0	0	1	1	0	1	1	1	0	0	0	0	0	0	0	0	1	1	0	0	0	0	1	2	1	0	1	1	0	0	0	0	0	0	0	0	0	1	0	1	1	0	0	0	1	1	0	0	1	0	0	1	0	0	0	1	0	0	0	0	0	1	1	1	0	0	1	1	0	1	1	0	0	1	1	0	0	1	0	1	0	1	1	0	0	0	0	0	0	0	0	0	0	1	0	0	0	0	0	0	1	1	0	0	0	0	0	0	1	1	0	0	0	1	0	0	1	0	0	0	1	0	0	1	2	0	1	0	0	1	0	0	0	0	0	0	1	0	1	0	1	0	0	0	0	0	1	0	1	0	0	0	0	1	0	0	1	0	1	1	0	0	1	1	0	0	0	0	0	0	1	0	1	1	0	1	0	0	0	0	0	1	1	1	0	1	0	1	1	0	0	2	1	0	0	0	1	0	0	0	1	0	0	2	0	1	1	0
chr9.s_32842816	1	1	1	1	0	0	1	1	1	0	1	0	1	1	0	0	0	0	1	0	0	0	0	0	0	0	0	0	0	0	0	1	0	0	0	0	0	0	0	0	0	0	1	0	1	0	1	0	0	0	0	0	0	0	0	1	0	0	0	0	0	0	0	0	0	0	0	0	0	0	1	2	0	0	1	0	0	0	0	0	2	2	2	0	0	0	0	0	0	1	1	1	1	0	0	0	0	0	0	1	0	0	0	1	1	1	0	1	2	1	1	0	0	0	0	0	0	1	0	0	0	0	0	0	0	0	0	0	1	0	0	0	0	0	0	1	0	1	0	1	0	1	1	1	0	0	1	0	0	1	0	0	0	0	1	1	0	0	1	1	1	0	0	0	1	0	1	1	0	0	1	0	0	1	1	1	0	0	1	1	1	0	0	0	0	0	0	0	0	0	1	0	0	0	1	1	0	1	2	0	0	0	0	0	1	0	1	0	0	0	0	0	0	0	1	0	1	0	0	0	0	0	0	0	0	0	0	0	0	0	0	0	0	0	0	0	0	1	0	0	0	1	1	0	0	0	0	0	1	0	0	1	1	0	0	0	1	0	0	0	0	0	0	1	2	0	0	1	1	1	1	0	0	0	0	0	0	1	1	0	0	0	1	0	1	0	1	1	0	0	0	0	0	0	1	0	0	0	0	0
chr2.s_199510563	1	1	1	0	0	1	1	1	1	2	2	1	2	1	0	1	1	1	2	1	0	0	1	1	1	1	1	1	1	1	1	1	1	1	1	1	1	1	1	1	1	1	0	0	1	2	2	1	1	1	2	2	1	1	1	1	1	1	1	1	1	0	1	1	1	0	0	0	0	0	0	0	1	1	0	1	1	0	0	0	0	2	2	1	1	1	1	1	1	1	1	1	1	1	1	0	0	1	1	0	1	1	0	1	0	0	1	1	0	1	2	1	0	0	1	1	1	1	1	1	1	1	1	1	0	0	0	1	1	0	1	1	1	0	1	1	1	1	0	1	1	0	0	1	1	1	1	1	0	1	1	0	0	1	1	1	0	0	0	0	1	0	0	0	0	1	1	1	2	1	1	1	1	2	1	1	0	0	1	1	1	1	1	1	1	1	1	1	1	1	1	1	0	0	1	1	0	1	1	1	1	1	1	1	1	1	1	1	0	0	1	1	1	1	2	0	2	2	1	0	0	1	1	1	1	1	1	0	1	0	1	1	1	0	1	1	1	0	0	0	1	2	1	1	1	0	1	2	0	0	0	1	0	1	1	1	0	1	0	1	1	0	1	0	1	1	1	0	2	1	1	1	1	1	1	1	1	1	0	1	1	2	0	1	2	0	1	1	1	0	0	1	0	1	1	1	1	1	0	1
chr3.s_20587317	1	1	2	0	1	1	1	1	0	1	1	1	1	1	0	1	1	1	1	0	0	0	1	1	0	0	0	0	0	1	0	1	1	0	0	1	0	0	0	0	1	1	0	0	0	1	1	1	0	0	1	1	1	1	1	1	0	0	0	1	1	2	1	2	0	1	2	1	2	1	2	1	1	1	1	1	0	0	1	0	2	1	1	0	1	1	0	0	1	0	0	0	1	0	0	1	1	0	1	0	1	1	2	1	0	0	1	1	0	1	1	2	1	1	1	1	1	1	0	0	1	1	1	1	0	0	1	2	1	1	1	1	2	1	2	1	0	0	1	1	1	2	1	1	0	0	0	1	0	0	0	0	0	0	2	1	0	1	0	1	1	0	0	0	0	0	0	1	2	2	1	1	1	1	1	1	0	0	0	0	1	0	0	0	1	0	1	0	1	0	0	1	0	1	1	0	0	1	1	1	1	0	0	1	2	1	0	0	0	0	1	0	1	1	2	0	2	1	0	1	0	1	1	0	1	1	1	1	0	0	2	0	1	0	0	1	1	0	1	0	1	1	0	0	1	1	1	1	0	1	2	2	1	1	1	2	1	2	0	0	0	0	0	0	0	1	1	1	1	0	0	0	0	1	1	0	1	0	0	0	1	1	1	1	2	1	2	0	2	1	0	0	1	0	1	1	0	1	2	0
chr1.s_33492609	0	1	1	0	0	0	0	0	0	1	1	1	0	1	1	1	1	2	1	1	1	1	1	1	0	0	0	1	1	0	1	1	0	1	1	0	0	0	0	0	0	0	1	1	1	1	1	0	0	0	0	1	2	2	2	1	0	0	0	1	1	0	1	0	0	0	0	0	0	0	0	0	0	0	0	1	1	1	2	1	0	0	1	0	0	0	0	0	1	1	0	2	1	1	0	1	1	0	0	1	1	1	0	0	0	0	0	0	0	0	0	0	0	0	2	2	1	1	1	1	1	1	0	0	1	1	1	1	1	1	0	1	1	1	1	1	1	1	1	2	1	0	1	1	1	1	0	1	1	2	0	1	2	1	0	0	1	1	1	1	1	0	0	1	1	0	0	1	2	1	1	1	0	0	0	0	0	0	1	1	1	2	1	1	0	0	1	1	1	1	0	1	0	0	1	1	0	1	1	2	0	1	0	1	1	0	1	0	0	1	1	0	0	0	1	1	1	1	0	0	1	0	0	1	1	1	1	0	0	1	0	2	0	0	2	1	0	1	0	0	0	1	0	0	1	1	2	1	1	0	0	1	0	1	1	1	0	2	1	1	0	1	0	1	0	1	0	0	0	1	0	0	0	0	2	0	0	0	1	0	1	1	0	0	2	0	1	1	1	0	0	0	0	0	1	1	0	0	1	0
chr1.s_183896514	1	1	2	0	1	0	0	2	2	1	1	1	1	1	0	0	0	1	2	2	2	1	0	0	0	0	0	0	0	0	2	1	1	0	1	2	2	1	2	1	1	1	1	1	1	1	1	1	1	1	1	0	0	1	0	0	2	2	1	1	1	0	2	0	1	1	2	1	1	1	0	0	1	1	1	0	0	0	0	0	0	1	2	1	2	1	0	0	2	2	1	0	0	0	1	2	1	1	2	1	0	1	1	0	0	1	1	2	2	1	1	1	1	1	1	1	1	0	1	1	2	1	2	1	0	0	0	1	0	1	0	0	1	0	0	0	0	0	0	0	1	1	0	1	1	1	1	0	0	1	0	0	0	1	1	0	1	0	1	1	0	0	0	0	1	1	2	2	1	1	1	0	1	2	2	2	1	0	1	1	1	1	0	1	1	2	1	1	2	1	1	1	0	0	1	1	0	1	2	0	0	0	1	1	1	2	0	1	0	0	2	0	2	1	1	1	2	1	2	1	1	2	0	0	1	1	0	1	1	0	2	1	1	0	0	0	2	1	1	0	1	0	1	1	1	1	1	1	0	1	1	1	2	0	0	2	1	0	1	1	0	0	0	1	2	1	2	0	1	1	0	1	2	1	1	2	1	0	1	1	2	0	0	0	1	1	0	1	0	1	1	0	1	1	0	1	1	1	0	1
chr7.s_44057772	2	1	0	1	0	0	0	0	0	1	2	0	1	1	0	1	2	2	1	1	1	0	0	0	0	0	1	1	2	0	0	1	2	2	1	0	0	1	0	1	0	1	0	0	0	2	1	1	1	1	0	1	1	2	1	0	1	2	1	0	1	0	0	1	1	2	1	1	0	0	1	1	0	0	0	1	1	1	1	0	0	2	2	2	1	0	0	1	0	0	1	2	2	1	1	2	2	1	0	0	1	2	1	0	1	1	1	1	0	1	0	0	0	0	1	2	2	1	1	1	2	1	1	0	1	2	1	1	1	1	1	1	0	1	1	1	0	0	0	2	1	1	1	2	2	2	1	0	0	1	1	2	2	2	0	1	1	1	1	0	1	1	1	1	1	0	0	1	2	2	2	0	1	2	1	2	1	0	1	1	1	1	2	2	2	2	2	2	1	2	1	1	1	0	1	1	1	1	1	1	1	1	2	1	1	2	0	0	1	1	0	1	1	2	1	1	2	1	1	2	2	1	1	1	1	2	2	1	0	2	0	1	2	2	1	0	1	0	1	1	2	1	2	1	2	1	0	0	0	1	1	0	0	1	0	0	1	0	2	2	2	1	1	2	0	0	0	1	1	2	0	1	1	1	1	1	1	2	1	0	2	1	1	2	1	0	1	2	1	1	1	0	2	2	1	1	1	1	2	2
chr1.s_224562729	0	0	0	0	0	0	0	0	0	0	0	0	0	0	0	0	0	0	0	0	0	0	0	0	0	0	0	0	0	0	0	0	0	0	0	0	0	0	0	0	0	0	0	0	0	0	0	0	0	1	1	1	1	0	1	1	0	1	1	0	0	0	0	1	1	0	0	0	0	0	1	1	0	0	0	1	1	0	0	0	0	0	0	0	0	0	0	0	0	0	0	0	1	0	0	0	0	0	0	0	0	0	0	0	0	0	0	0	0	0	0	0	0	0	0	0	0	0	0	0	0	0	0	0	0	0	0	1	1	0	0	0	0	0	0	0	0	0	0	0	0	0	0	0	0	0	0	0	0	0	0	0	0	0	0	0	0	0	0	0	0	0	0	0	0	0	0	0	0	0	1	0	0	0	0	1	0	0	0	0	0	0	0	0	1	0	1	0	0	0	0	0	0	0	0	0	0	1	1	0	0	0	0	0	0	0	1	0	0	0	0	0	0	0	1	0	1	0	1	0	0	0	0	0	0	1	0	0	0	0	0	0	0	0	0	0	0	0	0	0	0	0	0	0	0	0	0	0	0	0	0	0	0	0	0	0	0	0	0	0	0	0	0	0	0	0	0	1	0	0	0	0	0	0	0	1	0	0	0	0	1	0	0	0	0	0	0	0	0	0	0	0	0	0	0	0	0	0	0	0
chr5.s_132988059	0	2	1	1	2	1	0	1	1	1	2	0	2	1	0	0	0	0	0	1	2	2	2	1	1	0	1	0	1	1	0	1	0	2	1	0	0	1	0	1	1	1	0	1	0	1	1	0	0	1	2	1	0	0	0	0	1	2	2	0	1	1	1	0	1	1	0	2	2	2	1	0	2	2	0	1	1	0	0	1	0	0	1	1	1	0	1	1	0	0	0	1	0	1	0	0	1	1	0	0	1	1	1	1	0	1	1	1	1	1	2	2	1	0	1	1	0	1	2	2	2	2	2	2	0	1	0	0	0	1	1	2	1	2	2	1	1	0	2	1	0	0	0	0	2	2	1	2	1	0	1	1	2	0	0	1	1	2	2	2	1	2	2	2	2	1	1	2	2	1	1	1	1	0	0	1	2	2	1	0	1	0	0	2	1	1	1	2	1	2	1	2	2	2	2	2	2	1	1	1	0	2	0	1	1	1	0	0	2	2	1	0	1	2	1	2	0	1	2	1	1	1	0	1	1	0	2	1	0	2	0	2	1	1	1	1	2	2	0	1	1	1	2	1	1	1	0	1	0	0	0	1	0	1	1	1	1	0	2	2	1	1	1	1	1	2	0	0	2	2	1	2	1	0	0	2	0	1	2	0	1	1	0	1	2	1	0	2	1	1	2	0	0	0	1	0	0	1	0	1
chr1.s_15431860	0	0	0	0	0	1	1	0	0	0	0	0	0	0	0	0	0	0	0	0	0	0	0	0	0	0	0	0	0	0	1	0	0	0	0	0	0	0	0	0	0	0	0	0	0	0	0	0	0	0	0	0	0	0	0	0	0	0	0	0	0	0	1	0	0	0	0	0	0	0	0	0	0	0	1	0	0	0	0	0	0	0	0	0	0	0	0	0	1	1	0	0	0	0	0	0	0	0	0	0	0	0	0	1	0	0	0	0	0	0	0	0	0	0	0	0	0	0	0	0	0	0	0	0	0	0	0	0	0	0	0	0	0	0	0	0	0	0	0	0	0	0	0	0	0	0	0	0	0	1	0	0	0	0	0	0	0	0	0	0	0	0	0	0	0	0	0	0	0	0	0	0	0	0	0	0	0	0	0	0	0	1	0	0	0	0	0	0	0	0	0	0	0	0	0	0	0	0	0	0	0	0	0	0	0	0	0	0	0	0	1	0	0	0	0	0	0	0	0	0	0	0	1	0	0	0	0	0	0	0	0	0	0	0	0	0	0	0	0	0	0	0	0	0	0	0	0	0	0	1	0	0	0	0	0	0	0	0	0	0	0	0	0	0	0	0	0	0	0	0	0	0	0	0	0	0	0	0	0	0	0	0	0	0	0	0	0	0	1	0	0	0	0	0	0	0	0	0	0	0
chr3.s_42024150	0	0	0	0	0	0	0	0	0	0	0	0	0	0	0	0	1	1	0	0	0	0	0	0	0	0	0	0	0	1	0	1	0	0	0	0	0	0	0	0	0	0	0	0	0	1	1	0	0	0	0	1	1	1	1	0	0	0	0	0	0	0	0	0	0	0	0	0	0	0	0	0	0	0	0	0	0	0	0	0	0	0	0	0	0	0	0	0	0	0	0	0	0	0	0	0	0	0	0	0	0	0	0	0	0	0	0	0	0	0	0	0	0	0	0	1	1	0	0	0	0	0	0	0	1	1	1	0	0	0	0	0	0	0	0	0	0	0	0	0	0	0	1	1	0	0	0	0	0	0	0	0	0	1	0	0	0	0	0	0	0	0	0	0	0	0	0	0	0	0	0	0	0	0	0	0	1	1	0	0	0	0	0	0	0	0	0	1	1	1	0	0	0	0	0	0	0	0	0	0	0	0	1	0	0	0	0	0	0	0	0	0	0	0	0	0	0	0	0	0	1	0	0	0	0	0	0	0	0	0	0	0	0	0	0	0	0	0	0	0	0	0	0	0	0	0	0	0	0	0	0	0	0	0	0	0	0	0	0	1	0	0	0	0	0	0	0	0	0	0	1	0	0	0	1	0	0	0	0	0	0	1	0	0	0	1	0	0	1	0	0	0	0	0	0	1	0	0	1	0
chr3.s_203958332	1	0	1	1	1	0	0	1	1	1	2	1	2	2	1	1	1	1	1	0	0	1	1	0	2	1	2	0	1	1	0	1	0	0	1	1	1	1	1	1	1	1	0	1	1	2	2	1	1	1	2	1	1	1	2	1	0	1	2	1	2	1	1	1	0	0	1	1	1	0	1	0	0	1	1	0	0	0	1	1	0	2	1	1	0	0	1	1	1	1	2	0	1	1	1	0	0	0	1	1	1	1	1	1	1	2	2	2	1	0	1	1	0	0	1	1	2	0	1	1	0	1	0	1	0	1	1	2	1	0	0	0	1	2	1	0	1	1	1	1	2	0	0	1	0	0	2	2	1	0	2	1	0	0	2	2	1	1	1	1	0	1	2	1	1	2	2	1	1	0	1	2	1	1	1	0	1	2	1	0	1	1	2	0	1	0	1	1	2	0	1	2	2	2	1	0	2	1	1	2	1	1	1	1	0	1	1	1	2	1	0	0	0	2	1	1	1	1	1	1	0	1	0	0	2	1	1	1	0	0	2	0	1	2	1	0	1	2	1	1	1	1	2	1	0	0	2	2	1	1	0	1	1	1	2	2	2	1	1	1	2	1	1	0	2	1	2	0	1	1	0	2	0	2	2	0	2	1	1	1	0	1	1	1	1	2	0	0	2	2	1	1	1	0	0	1	1	1	2	1
chr5.s_218870432	0	1	1	0	0	0	0	0	0	0	0	0	0	0	0	0	0	0	0	0	0	0	0	0	0	0	0	0	0	0	0	0	0	0	0	0	0	0	0	0	0	0	0	0	0	0	0	0	0	0	0	0	0	0	0	0	0	0	0	0	0	0	0	0	0	0	0	0	0	0	0	0	0	0	0	0	0	0	0	0	0	0	0	0	0	0	0	0	0	0	0	0	0	0	0	0	0	0	0	0	0	0	0	0	0	0	0	0	0	0	0	0	0	0	0	0	0	0	0	0	0	0	0	0	0	0	0	0	0	0	0	0	0	0	0	0	0	0	0	0	0	0	0	0	0	0	0	0	0	0	0	0	0	0	0	0	0	0	0	0	0	0	0	0	0	0	0	0	0	0	0	0	0	0	0	0	0	0	0	0	0	0	0	0	0	0	0	0	0	0	0	0	0	0	0	0	0	0	0	0	0	0	0	0	0	0	0	0	0	0	0	0	0	0	0	0	0	0	0	0	0	0	0	0	0	0	0	0	0	0	0	0	0	0	0	0	0	0	0	0	0	0	0	0	0	0	0	0	0	0	0	0	0	0	1	0	0	0	0	0	0	0	0	0	0	0	0	0	0	0	0	0	0	0	0	0	0	0	0	0	0	0	0	0	0	0	0	0	0	0	0	0	0	0	0	0	0	0	0	0
chr8.s_130759646	0	2	1	0	1	0	0	0	1	1	1	0	0	1	1	1	0	1	0	1	1	0	0	0	0	0	1	1	2	0	1	1	0	1	0	0	0	0	0	0	0	0	0	0	0	0	1	2	1	1	1	0	1	0	0	0	1	2	1	0	1	0	0	1	0	1	0	1	1	1	0	0	1	1	0	1	0	0	1	1	0	0	1	1	1	0	1	2	0	1	1	0	0	1	1	0	1	1	0	0	0	1	0	0	0	0	0	0	0	1	0	0	0	0	1	0	0	0	2	2	2	1	1	0	0	1	0	0	0	1	2	2	1	0	0	0	1	1	0	0	2	0	0	0	1	1	0	0	0	0	0	0	0	0	0	0	0	0	1	1	0	0	0	0	0	0	0	0	0	1	0	1	0	0	0	1	2	1	0	0	0	0	0	0	0	0	1	2	1	1	0	0	0	0	0	0	0	0	0	0	1	2	0	0	1	0	0	0	1	1	0	0	1	0	0	2	1	1	2	1	1	1	0	0	1	0	0	0	1	0	0	0	1	0	1	0	1	0	1	0	0	0	1	0	0	0	1	0	1	0	1	1	0	0	1	0	0	1	1	1	0	0	1	1	1	0	0	0	0	1	0	1	1	1	0	2	0	1	0	0	2	0	0	2	1	1	1	1	0	0	2	0	0	0	0	1	0	1	0	1
chr2.s_1265249	0	0	0	1	0	0	0	0	0	0	0	0	0	1	0	1	0	0	1	1	0	0	0	0	1	1	1	0	0	0	1	1	1	1	1	0	0	1	0	1	0	0	1	1	1	0	0	1	1	0	0	0	1	0	0	1	1	0	0	0	0	0	1	1	1	0	0	1	0	0	0	0	0	0	0	0	0	0	1	0	1	0	0	1	0	0	1	1	1	1	0	0	0	1	2	1	0	0	0	0	1	1	0	0	0	0	0	0	1	0	0	0	0	0	1	0	0	1	0	0	0	0	0	0	0	0	0	0	0	0	1	0	0	0	1	1	0	0	0	0	1	1	1	0	1	1	0	0	1	1	1	0	0	1	0	1	0	0	1	0	1	0	0	0	0	0	0	0	0	0	0	0	0	0	0	0	1	1	0	0	0	1	0	0	0	1	0	0	0	0	0	0	2	1	0	0	1	0	0	0	1	0	0	0	1	1	0	0	1	1	1	0	0	1	0	0	0	0	0	0	0	0	0	0	1	0	2	0	0	0	0	0	0	1	0	0	0	1	0	0	1	0	1	0	0	1	2	1	0	0	0	0	0	0	0	0	0	1	0	0	2	0	2	0	0	0	1	0	0	0	0	0	0	1	1	0	1	0	0	0	0	0	0	0	0	1	1	0	0	1	0	0	1	0	1	0	0	0	0	1
chr3.s_217059216	0	1	0	1	0	1	1	0	0	1	1	0	0	1	0	1	0	0	0	0	2	2	2	2	1	1	1	1	1	0	0	2	0	1	0	0	0	0	0	0	0	0	1	0	1	1	1	0	0	0	0	0	1	0	1	2	0	1	1	1	1	0	0	0	1	1	0	0	0	1	0	1	2	1	1	0	0	0	1	0	2	1	1	1	1	1	1	1	1	0	0	0	0	0	0	0	1	1	0	0	1	1	0	1	2	1	0	0	1	0	0	0	0	0	1	0	0	2	1	1	2	2	1	1	1	1	0	1	0	0	1	2	1	0	0	1	1	1	1	1	1	1	1	0	1	1	1	1	1	1	0	0	0	1	0	0	0	0	0	0	1	1	0	0	0	0	0	1	2	1	0	0	0	0	0	1	1	1	1	1	0	0	0	0	0	0	0	1	0	1	0	0	0	0	0	1	0	0	0	1	0	1	0	1	2	0	2	1	1	1	0	1	1	0	0	1	0	1	0	1	0	1	0	2	1	0	0	1	1	1	1	0	2	1	0	1	1	0	0	2	1	1	0	0	1	1	1	0	1	0	0	0	0	1	0	0	0	2	0	1	0	1	0	1	0	1	0	1	0	0	1	1	0	0	0	2	0	2	0	0	0	1	1	0	1	0	1	1	0	0	1	0	0	0	2	0	0	1	0	1
chr6.s_91834614	0	0	0	0	0	0	0	0	0	0	0	0	0	0	0	0	0	0	0	0	0	0	0	0	0	0	0	0	0	0	0	0	0	0	0	0	0	0	0	0	0	0	0	0	0	0	0	0	0	0	0	0	0	0	0	0	0	0	0	0	0	0	0	0	0	0	0	0	0	0	0	0	0	0	0	0	0	0	0	0	0	0	0	1	0	0	0	0	0	0	0	0	0	0	0	0	0	0	0	0	0	0	0	0	0	0	0	0	1	0	0	0	0	0	0	0	0	0	0	0	0	0	0	0	0	0	0	0	0	0	0	0	0	0	0	0	0	0	0	0	0	0	0	0	0	0	0	0	1	0	0	0	0	0	0	0	0	0	0	0	0	0	0	0	0	0	0	0	0	0	0	0	0	0	0	0	0	0	0	0	0	0	0	0	0	0	0	0	0	0	0	0	0	0	1	1	0	0	0	0	0	0	0	0	0	0	0	0	0	1	0	0	0	0	0	0	0	0	0	0	0	0	0	0	0	0	0	0	0	0	0	0	0	0	0	0	0	1	0	0	0	0	0	0	0	0	0	0	0	0	0	0	0	0	0	0	0	0	0	0	1	0	0	0	0	0	0	0	0	0	0	0	0	0	0	0	0	0	0	0	0	0	0	0	0	0	0	1	0	0	0	0	0	0	0	0	0	0	0	0
chr8.s_171685264	0	2	1	1	1	0	0	1	0	0	0	0	0	0	0	0	1	2	1	1	1	1	1	2	0	1	0	2	1	0	0	1	0	2	1	0	0	0	0	0	0	0	1	1	0	0	0	1	1	1	1	1	1	1	1	0	1	1	1	1	0	0	0	1	1	1	0	1	1	1	0	0	0	0	1	0	0	0	0	0	1	0	1	0	0	1	1	1	0	0	0	1	0	2	1	0	1	1	0	1	0	1	0	0	0	0	0	0	0	0	0	0	0	0	0	1	1	1	0	0	1	1	1	1	1	0	0	0	1	2	2	1	0	0	1	1	0	0	1	0	1	0	0	0	1	1	0	0	2	0	0	0	1	1	0	0	0	0	0	0	1	1	1	0	0	1	1	1	1	1	1	0	0	1	0	1	0	0	1	2	1	0	0	2	1	1	0	2	1	1	1	1	1	1	1	1	0	0	0	0	1	1	0	1	1	0	0	2	1	2	1	1	1	0	0	0	0	1	1	1	0	0	0	1	0	0	1	1	1	2	0	1	0	0	1	1	0	1	1	0	0	0	0	0	1	0	0	0	0	1	0	1	0	1	0	1	1	0	0	0	0	1	1	0	0	1	0	1	0	1	0	1	0	0	1	1	0	1	0	1	0	1	1	0	1	0	1	2	1	0	0	0	1	0	0	1	0	0	2	0
chr3.s_63751678	1	1	0	0	0	1	1	0	1	2	1	1	1	0	2	0	0	1	0	1	1	1	1	1	1	1	1	1	1	0	2	1	1	1	0	1	1	1	0	0	0	1	2	1	1	1	1	1	2	2	2	1	0	0	0	1	2	1	1	0	0	0	2	0	1	1	0	0	0	1	0	1	1	0	1	0	1	2	1	2	1	1	0	1	0	0	0	0	1	1	1	2	1	1	1	1	1	1	0	1	0	0	0	1	2	1	1	1	0	0	1	1	1	1	1	1	1	2	2	1	2	1	0	0	0	0	0	1	1	1	2	1	0	0	1	2	2	2	0	1	1	1	1	0	2	1	0	0	1	2	1	2	2	1	1	1	1	1	0	0	1	2	1	1	1	1	1	0	1	0	1	2	1	1	1	1	1	0	1	1	1	1	1	2	1	2	1	1	0	2	1	0	0	0	1	2	0	0	0	1	1	2	1	1	2	1	1	0	0	2	1	0	0	0	1	1	0	2	2	1	1	1	1	0	0	0	1	0	1	1	0	1	0	1	2	2	2	1	1	2	0	2	0	0	1	1	0	1	2	1	0	0	0	2	1	0	1	0	1	1	1	0	0	0	0	1	0	0	1	1	1	1	2	1	0	1	1	2	1	2	1	1	1	0	1	0	1	2	0	0	2	1	2	2	1	1	2	1	1	1
chr5.s_212574613	0	0	1	0	0	0	0	2	1	0	0	0	0	1	0	1	0	0	0	0	0	0	0	0	0	0	1	0	1	0	1	0	1	0	0	1	0	0	0	0	0	0	0	0	0	0	0	0	0	0	0	0	1	0	0	0	0	0	0	0	1	1	0	0	1	0	1	0	0	0	0	0	0	0	0	0	0	0	1	0	0	0	0	0	0	0	0	1	1	0	0	0	0	0	1	1	0	0	1	0	0	0	0	0	0	1	0	1	1	0	0	0	0	1	1	0	0	0	0	0	0	0	0	0	0	1	0	0	0	0	0	0	1	0	0	0	0	0	0	0	1	0	0	0	0	0	1	0	0	0	0	0	0	1	1	0	0	0	0	0	0	0	0	0	1	0	1	1	0	0	1	0	0	0	1	0	0	0	0	0	0	0	0	0	0	1	0	0	1	0	0	0	0	0	0	0	1	0	1	0	0	0	0	1	0	1	0	0	1	0	0	0	1	0	0	0	0	0	0	0	0	1	0	0	1	0	0	1	0	0	2	0	1	0	0	0	0	1	0	0	0	0	0	0	0	1	1	0	0	0	1	0	1	0	0	1	1	1	0	1	0	0	0	0	1	0	0	0	0	0	0	1	0	0	0	0	0	0	1	0	0	0	0	0	0	1	0	0	0	2	0	0	1	0	0	1	0	0	0	0
chr4.s_153190259	0	0	0	0	0	0	0	0	0	0	0	0	0	0	0	0	0	1	0	0	0	0	0	0	0	0	0	0	0	0	0	0	0	0	0	0	0	0	0	0	0	0	0	0	0	0	0	0	0	0	0	0	0	0	0	1	0	0	0	0	0	0	0	0	0	0	0	0	0	0	0	0	0	0	0	0	0	0	0	0	1	0	0	0	0	0	0	0	0	0	0	0	0	0	0	0	0	0	0	0	0	0	0	0	0	0	0	0	0	0	0	0	0	0	0	0	0	1	0	0	0	0	0	0	0	0	0	0	0	0	0	0	0	0	0	0	0	0	0	0	0	1	1	0	0	0	0	0	0	0	0	0	0	0	0	0	0	0	0	0	0	0	0	0	0	0	0	0	0	0	0	0	0	0	0	0	0	0	0	0	0	0	0	0	0	0	0	0	0	0	0	0	0	0	0	0	0	0	0	0	0	0	0	0	1	0	0	0	0	0	0	0	0	0	0	0	0	0	0	0	0	0	0	0	0	0	0	1	0	1	0	0	0	0	0	0	0	0	0	0	0	0	0	0	0	0	0	0	0	0	0	0	0	0	0	0	0	0	0	0	0	0	0	0	0	0	0	0	0	0	0	0	0	0	0	0	0	0	0	0	0	0	0	1	0	0	1	0	0	0	0	0	0	0	1	0	0	0	0	0
chr9.s_153885885	0	0	0	0	0	1	1	0	0	0	0	0	0	0	0	0	0	1	0	0	0	0	0	0	0	0	0	0	0	0	0	0	1	0	0	0	0	0	0	0	0	0	0	0	0	0	0	0	0	0	0	0	0	0	0	0	0	0	0	0	0	0	0	0	2	0	0	0	0	0	0	0	0	0	1	1	1	0	0	0	0	0	1	0	0	0	0	0	0	0	0	0	0	0	1	2	1	0	0	0	1	1	1	0	0	0	0	0	0	0	0	0	0	0	1	1	0	0	0	0	0	0	0	0	0	0	0	1	0	0	0	0	0	0	0	0	0	0	0	0	0	1	0	0	0	0	0	0	0	0	0	0	0	1	0	0	0	0	1	1	0	0	0	0	0	0	0	0	0	0	0	0	0	0	0	0	0	0	0	0	0	0	0	0	0	1	0	0	0	0	0	0	0	0	0	0	0	0	0	0	0	0	0	0	0	1	1	0	0	0	0	0	0	0	0	0	0	1	0	0	0	0	1	0	1	0	0	0	0	0	0	0	1	0	0	0	0	0	0	0	1	0	0	0	0	1	0	0	0	1	0	0	0	0	0	0	0	1	0	0	0	0	0	0	0	0	0	0	0	0	0	0	0	0	0	0	0	0	0	0	0	0	0	1	0	0	0	0	0	0	0	0	1	0	0	0	0	0	0	0
chr4.s_44642271	0	0	0	1	0	0	0	0	0	0	0	0	0	0	0	0	0	0	0	0	0	0	0	0	0	0	0	0	0	0	0	0	0	0	0	0	0	1	0	1	0	0	0	0	0	0	0	0	0	0	0	0	0	0	0	0	0	0	0	0	0	0	0	0	0	0	0	1	0	0	0	0	0	0	0	0	0	0	0	0	0	0	0	0	0	0	0	0	0	0	0	0	0	0	0	0	0	0	0	0	1	1	0	0	0	0	0	0	0	0	0	0	0	0	0	0	1	0	0	0	0	0	0	0	0	0	0	0	0	0	0	0	0	0	0	0	1	1	0	0	0	0	1	1	0	0	0	0	0	0	0	0	0	0	0	1	0	0	1	0	0	0	0	0	0	0	0	0	0	0	0	0	0	0	0	0	0	0	0	0	0	0	0	0	0	0	0	1	1	0	0	0	1	0	0	0	0	0	0	0	0	0	0	0	0	0	0	0	0	0	0	0	0	1	0	0	0	1	0	0	0	0	0	0	0	0	1	1	0	1	0	0	1	1	0	0	0	0	0	0	2	0	1	0	0	0	0	0	0	0	0	0	0	0	0	0	0	0	0	0	1	0	1	0	0	0	0	0	0	0	0	0	0	0	0	0	0	0	0	0	0	0	0	1	0	0	0	0	0	0	0	0	0	0	0	0	0	0	0	0
chr2.s_190022364	2	0	1	2	1	1	1	1	2	1	0	2	1	1	1	2	1	0	2	1	0	0	1	2	0	1	0	1	0	2	1	1	2	1	2	1	1	1	1	1	1	1	0	1	0	0	0	1	1	1	1	2	2	1	0	0	0	0	0	2	1	1	0	0	2	0	1	1	1	0	1	0	1	2	1	1	1	1	1	1	1	2	2	0	0	1	0	0	1	0	1	2	1	1	1	1	0	0	1	2	2	2	1	0	0	1	2	2	2	1	1	1	1	1	1	0	0	1	0	0	1	1	0	0	1	0	1	1	1	1	0	1	2	1	2	1	0	0	2	0	1	0	0	1	1	1	0	0	2	0	2	1	1	2	2	2	1	1	1	1	1	0	1	1	1	1	1	1	0	1	2	1	1	2	2	1	1	1	1	2	2	0	1	2	1	2	0	0	1	1	2	2	1	1	2	1	2	2	2	0	1	0	1	2	1	1	0	1	0	1	0	2	0	1	2	0	1	0	0	0	0	1	2	2	1	1	2	1	2	1	2	1	1	1	2	2	0	2	1	0	2	1	1	2	1	1	1	1	0	2	1	1	1	2	1	1	1	2	0	1	1	1	1	0	1	0	1	1	1	1	1	1	0	1	0	1	1	1	1	1	0	2	2	1	0	2	1	1	0	2	1	2	1	1	1	0	1	2	0	1
chr4.s_242952119	0	0	0	0	0	1	1	1	1	1	2	0	1	0	1	0	0	0	1	0	1	0	0	0	1	1	1	0	0	0	0	0	1	0	1	1	2	1	2	1	1	0	0	0	0	1	1	0	0	1	2	2	1	0	0	0	0	2	1	0	0	0	1	0	1	0	0	0	0	0	0	0	0	0	0	0	0	1	1	1	0	1	2	2	1	0	0	0	0	0	0	1	0	1	1	1	0	0	0	1	0	0	0	0	0	1	0	1	1	1	2	1	0	0	1	1	0	0	1	1	1	0	1	0	1	1	1	0	0	1	0	0	0	1	0	0	0	0	0	1	1	0	0	1	1	1	0	0	1	0	0	0	1	1	0	0	2	1	0	0	0	0	0	0	1	0	1	1	1	0	1	2	1	1	2	2	1	0	1	1	1	0	0	1	0	1	0	0	0	1	1	0	0	0	0	0	1	1	2	1	0	0	0	0	0	2	0	0	0	1	0	0	1	1	2	1	1	1	1	1	1	0	1	0	0	0	0	0	0	1	0	1	0	0	1	0	2	2	0	0	0	1	1	0	0	1	0	1	1	0	0	0	0	0	0	0	1	0	1	1	1	1	0	1	1	0	2	0	2	2	0	0	1	1	0	1	1	0	2	0	0	1	0	1	1	0	0	0	0	1	1	0	1	1	0	0	1	0	0	1
chr4.s_244761353	0	0	0	0	0	1	1	0	1	1	1	1	2	1	1	1	1	0	0	0	1	1	1	1	0	0	0	0	0	1	1	1	0	1	1	0	0	0	0	0	0	0	2	1	1	1	1	1	2	2	2	1	0	1	0	1	0	1	1	0	0	0	0	1	1	0	0	0	0	1	0	1	1	0	1	0	1	1	0	1	1	0	0	0	1	1	1	1	0	1	1	0	0	1	1	0	0	0	0	0	0	1	0	1	1	0	0	0	0	1	2	1	1	1	0	0	0	2	0	0	1	1	0	0	0	0	0	0	0	0	1	1	1	0	0	1	1	1	1	0	1	1	1	0	1	1	1	1	0	0	0	0	0	0	0	0	0	0	0	0	2	1	0	0	0	0	0	1	1	1	1	1	2	0	0	0	0	0	0	0	0	0	0	0	0	0	1	0	0	0	0	0	0	0	0	1	0	0	0	1	1	0	2	1	2	1	1	0	0	0	0	1	0	1	1	0	1	0	1	1	0	0	1	1	1	1	0	1	1	1	0	0	0	0	0	2	0	0	0	1	0	1	1	0	2	1	0	1	1	1	0	0	1	1	0	1	1	0	0	0	0	0	1	0	1	2	0	0	2	1	2	0	0	0	0	0	0	0	0	1	1	1	0	1	0	0	2	0	0	0	0	2	1	2	2	1	0	0	1	0
chr1.s_252249604	1	1	1	1	1	1	2	1	1	2	2	1	1	1	1	1	1	0	0	0	0	0	0	0	1	1	1	0	0	1	0	1	1	0	0	0	0	0	1	1	2	1	1	0	1	1	1	0	1	1	0	1	1	0	0	0	1	0	0	1	1	1	0	1	1	1	1	0	1	0	1	1	0	0	2	0	1	2	1	1	1	1	1	0	1	1	0	0	0	0	0	2	2	1	1	2	1	0	0	1	1	1	2	1	1	0	0	0	1	1	1	1	2	2	1	1	1	0	0	0	1	1	1	1	1	1	1	0	1	1	0	1	1	2	2	2	1	2	0	1	0	1	0	0	0	0	0	1	1	0	0	1	2	1	1	1	1	2	0	1	1	1	1	1	1	0	0	1	2	1	1	0	2	0	1	0	0	0	1	1	1	0	0	1	1	1	1	0	0	0	1	1	0	1	2	1	1	0	0	1	0	0	1	0	1	2	1	0	0	1	1	1	1	1	0	0	0	1	0	1	1	0	2	1	1	1	1	0	1	1	0	2	0	0	1	1	0	1	0	0	0	0	1	0	2	2	0	0	1	2	1	1	1	0	1	0	1	1	1	0	0	1	0	0	0	0	1	0	1	2	2	0	0	0	0	0	1	1	1	1	0	0	1	0	2	0	1	1	0	1	0	1	2	2	1	0	0	0	1	0
chr7.s_170558530	0	0	0	0	0	0	0	0	0	0	0	1	0	0	1	0	0	0	1	1	0	0	0	0	0	0	0	0	0	0	2	0	1	0	0	0	0	0	0	0	0	1	0	0	1	0	0	1	1	1	1	0	0	0	0	0	1	1	1	0	0	0	1	2	1	0	0	0	0	0	0	0	0	0	0	0	0	1	0	1	0	0	0	0	0	0	1	1	2	1	0	0	1	1	2	1	0	1	1	0	0	0	0	1	0	0	0	0	0	1	1	0	1	1	1	1	0	0	0	0	0	0	0	0	1	1	1	0	0	0	1	0	0	0	0	0	1	1	0	0	0	0	0	0	0	0	0	0	0	1	0	0	0	1	0	0	0	0	0	0	0	0	0	0	0	1	1	0	0	0	0	0	1	0	0	1	0	0	0	0	0	1	0	0	1	1	1	0	0	0	0	0	0	0	0	0	0	1	1	0	1	0	0	0	0	1	0	0	0	0	1	0	0	0	1	1	1	0	1	0	1	1	0	1	0	1	0	0	0	0	1	0	1	0	0	1	0	0	0	0	1	0	0	0	0	1	1	1	0	0	0	0	0	0	0	0	0	0	0	0	0	0	1	0	0	0	0	0	0	0	0	0	0	0	1	0	0	0	0	2	1	0	0	1	0	0	0	0	1	0	0	1	1	1	1	1	0	0	0	1
chr1.s_68221050	1	2	1	1	1	2	1	0	1	2	2	0	2	2	1	1	1	1	0	0	1	2	1	1	1	1	1	1	1	1	1	1	2	1	0	0	0	1	1	2	1	1	0	0	0	2	2	1	0	1	2	2	2	2	1	0	0	1	2	2	2	1	1	0	1	1	0	2	1	2	1	1	2	1	1	2	1	0	1	1	1	0	1	0	0	1	1	1	0	0	1	0	0	0	1	1	1	2	1	0	2	2	0	1	0	0	0	0	1	2	2	1	0	0	2	2	1	0	1	1	1	2	1	2	1	1	1	2	1	1	1	1	0	0	0	0	2	1	0	1	1	0	0	0	0	0	1	2	1	0	2	1	0	1	0	1	0	0	2	1	0	2	1	0	0	0	0	1	2	2	1	2	1	0	0	0	1	2	1	1	1	1	2	0	0	1	0	2	1	2	0	1	2	1	0	1	0	0	0	2	1	2	1	0	1	2	0	1	2	1	1	1	0	2	1	1	0	2	1	0	0	0	1	2	2	1	1	0	2	0	0	0	2	1	1	0	1	0	2	1	2	1	2	1	1	1	1	1	1	1	1	2	1	1	2	1	0	2	0	2	1	1	1	0	0	2	0	2	1	1	0	1	0	1	1	1	1	1	0	0	0	1	2	1	2	1	0	1	2	0	1	1	1	1	1	1	1	2	1	0
chr6.s_126011913	0	0	0	0	0	1	2	0	0	0	0	1	0	0	0	1	1	0	2	1	0	0	0	0	0	0	0	0	0	0	0	0	0	0	0	0	0	0	0	0	0	0	1	1	1	1	1	0	0	0	0	0	0	0	0	1	0	0	0	0	0	1	0	0	0	0	0	0	0	0	0	1	0	1	1	0	0	0	0	0	1	1	1	0	0	0	0	0	0	0	0	0	0	0	0	1	1	1	1	0	0	0	1	1	1	0	2	1	0	0	0	1	1	1	0	0	0	1	0	0	0	0	0	0	1	1	1	0	0	0	0	1	1	0	0	1	0	1	1	0	0	1	1	1	0	0	1	0	1	0	0	0	0	0	0	0	0	0	0	0	1	0	1	1	0	1	0	1	1	1	0	0	0	1	1	1	0	0	0	0	0	0	0	0	0	0	0	0	0	0	0	1	0	0	0	0	1	1	0	0	0	0	1	0	1	0	1	0	0	1	0	1	0	0	0	0	2	0	0	0	1	0	1	1	0	0	0	0	0	0	0	0	0	0	0	0	0	1	0	0	0	0	0	1	1	1	0	0	1	0	1	0	1	0	0	0	0	0	0	0	0	0	0	0	0	0	0	0	0	0	1	0	0	0	0	1	0	0	0	0	1	0	0	0	0	0	2	0	0	0	1	0	0	0	2	0	0	0	0	0
chr6.s_9555112	1	1	0	0	0	0	0	0	0	0	0	0	0	0	0	1	2	1	0	1	1	1	1	1	1	1	1	1	1	0	0	1	0	2	1	0	0	0	0	0	0	0	0	0	0	0	0	0	0	0	0	1	1	1	2	1	1	1	1	1	1	1	1	0	0	1	0	0	0	0	0	0	0	0	0	0	0	0	0	0	0	0	0	1	1	1	1	1	0	1	2	0	0	0	0	0	1	1	0	0	1	0	0	0	0	0	0	0	0	0	0	1	1	1	0	1	1	1	1	1	1	1	1	1	1	1	0	0	2	0	1	2	1	0	1	1	0	0	1	0	0	0	0	0	2	2	2	1	1	0	1	1	0	0	1	1	0	0	0	0	0	0	0	0	0	0	0	0	0	0	0	0	0	0	0	1	1	1	1	1	0	0	1	0	0	0	0	1	0	1	0	0	0	0	0	0	0	0	0	0	1	1	0	1	0	0	1	1	1	1	0	2	1	0	0	1	0	0	1	1	1	1	0	2	0	0	1	1	1	1	0	0	1	0	0	0	2	0	1	0	0	0	0	0	0	0	0	0	0	0	1	0	0	1	0	0	0	1	1	1	0	1	0	1	1	0	0	1	0	0	0	1	1	0	1	1	1	1	0	0	1	0	1	0	0	0	1	1	1	0	1	0	0	0	1	1	1	1	1	1
chr1.s_244124339	0	0	0	1	0	0	0	0	0	0	0	0	1	0	0	0	0	0	1	1	0	0	0	0	0	0	0	0	0	1	0	0	0	0	0	0	0	1	0	1	0	0	0	1	1	0	0	0	0	0	1	1	0	0	0	1	0	0	0	0	0	1	1	0	0	0	0	1	0	0	0	0	1	2	0	0	0	0	0	0	1	0	0	0	0	0	0	0	0	0	0	1	0	1	0	0	0	0	0	0	1	1	0	0	0	0	1	0	0	0	1	1	0	0	0	0	0	1	0	0	0	0	0	0	0	0	1	1	0	1	0	0	0	0	0	0	0	0	1	0	0	1	1	0	0	0	0	0	0	0	0	0	1	0	0	1	0	0	2	1	0	0	1	1	0	1	0	0	0	0	0	1	0	1	0	0	1	1	0	0	1	1	1	2	1	1	0	0	0	0	0	1	2	1	0	0	1	1	0	0	0	0	0	0	1	0	0	0	1	0	0	0	0	1	1	0	0	0	0	0	0	0	0	0	0	0	1	0	0	1	0	1	0	1	2	0	1	0	0	0	1	1	1	2	0	0	1	2	0	0	0	1	0	0	1	0	0	0	0	0	1	0	1	0	0	0	0	0	1	1	0	0	0	1	1	0	0	0	0	0	0	1	0	0	0	1	1	0	0	0	1	0	0	0	1	0	0	1	0	0
chr2.s_23664921	1	0	0	1	2	1	1	0	0	0	0	0	1	1	1	1	1	0	1	2	0	1	1	0	2	1	1	0	0	1	0	0	0	1	1	0	0	1	0	1	1	2	1	2	0	1	1	1	0	1	1	0	0	1	1	1	1	0	1	1	1	1	1	1	0	0	0	1	1	0	1	0	0	1	1	1	0	1	1	1	0	0	1	1	0	0	1	0	1	1	2	1	2	0	0	1	1	1	1	0	1	2	2	1	0	0	2	1	0	2	1	0	0	0	0	0	0	0	1	1	0	1	0	1	0	0	1	1	2	0	0	1	1	2	1	0	1	1	2	0	0	1	1	1	0	0	2	1	1	1	2	2	1	1	0	1	1	2	2	2	0	0	1	1	0	2	1	1	1	2	1	1	1	0	0	1	1	2	1	0	1	0	1	0	1	0	1	1	1	0	0	1	1	1	1	0	1	1	0	1	1	1	1	0	0	1	0	0	0	1	0	1	0	2	0	1	0	0	2	1	1	2	1	1	1	2	1	1	0	1	1	0	1	1	0	0	1	1	1	0	2	1	1	1	1	0	0	0	1	1	1	1	1	1	2	0	1	0	2	0	2	1	1	0	1	0	1	0	1	0	0	0	1	1	0	0	2	0	1	1	1	1	1	1	0	1	1	0	1	0	1	0	1	0	1	0	1	1	1	0
chr5.s_159733522	0	1	1	1	1	1	1	1	1	1	2	0	1	1	0	0	1	1	1	0	0	0	1	1	0	0	0	0	0	1	0	0	1	1	1	0	0	1	0	1	1	1	1	1	1	1	1	0	1	2	1	0	0	1	1	0	0	1	1	0	0	1	0	1	1	0	0	2	2	2	1	1	2	2	1	0	1	1	1	1	0	1	2	0	0	0	0	0	0	0	0	1	1	1	1	1	0	0	0	0	1	1	1	1	1	1	1	1	1	1	1	1	1	0	0	1	1	1	1	1	1	1	1	1	1	1	1	0	0	1	0	0	0	1	2	2	1	1	2	1	0	0	0	1	1	1	0	1	1	0	1	1	2	1	0	1	1	2	1	1	2	1	1	2	2	1	1	1	1	0	2	0	1	1	1	0	1	1	0	0	0	0	0	1	1	1	1	0	0	0	0	1	2	2	1	1	1	1	1	1	0	1	1	1	1	2	1	0	1	1	1	0	0	2	0	1	1	1	1	0	1	0	1	0	1	1	2	1	0	2	0	1	0	1	1	1	0	2	0	1	1	0	2	1	1	2	0	0	1	1	0	1	0	1	1	0	1	0	0	0	1	0	1	0	1	1	0	0	1	2	2	1	0	0	1	0	0	0	2	0	0	0	0	0	2	1	0	0	1	0	1	1	1	1	0	1	0	1	1	0
chr5.s_164510997	2	0	1	1	0	1	1	2	1	0	0	2	1	1	1	1	0	1	1	1	1	1	0	1	1	2	1	2	1	0	0	1	0	0	1	2	2	1	2	1	1	0	1	0	2	1	0	1	1	0	1	1	1	1	1	2	1	0	0	2	1	1	0	1	1	1	2	0	0	1	0	1	1	0	2	1	1	1	1	1	2	0	0	1	0	1	1	1	1	1	2	2	1	2	1	1	1	0	1	2	0	1	1	2	1	1	1	2	1	1	2	2	2	2	1	0	1	1	1	1	0	0	0	0	1	0	0	1	2	1	1	0	1	1	0	1	1	1	0	0	2	2	2	1	0	0	1	1	1	1	1	1	1	0	2	1	1	0	0	0	1	2	1	0	1	1	2	2	1	1	0	1	1	0	0	1	0	0	1	2	1	0	1	1	0	0	1	1	2	1	2	1	0	0	1	2	1	1	2	0	2	1	1	1	1	0	2	1	0	0	0	1	1	0	2	1	0	0	0	1	0	1	0	1	1	1	0	1	1	1	2	1	0	0	1	1	0	1	1	1	0	2	0	1	1	0	2	2	1	1	1	0	2	1	1	1	2	1	1	1	1	2	1	0	2	1	2	1	1	1	1	0	1	1	1	1	2	0	1	2	0	1	2	1	0	1	1	1	1	2	1	1	1	0	1	0	2	1	1	1
chr10.s_94178452	2	1	0	0	1	0	0	0	0	0	0	0	1	0	1	1	2	1	0	1	1	1	2	2	2	2	2	1	1	1	1	1	0	2	1	1	1	1	1	1	2	2	0	0	0	0	1	1	0	1	2	1	0	1	1	0	2	2	2	1	1	2	1	1	0	2	1	0	1	0	2	1	1	1	1	1	0	0	0	1	0	0	0	1	1	1	1	1	1	2	2	0	1	0	0	1	2	1	0	0	1	0	1	1	0	0	0	0	0	1	1	2	1	1	1	2	2	1	2	2	1	1	1	1	1	1	1	2	1	0	1	2	1	1	2	1	0	0	0	0	0	0	0	0	2	2	1	1	1	1	1	1	0	0	0	0	0	1	0	1	1	0	0	0	0	0	0	0	0	1	1	2	0	0	0	1	1	1	1	1	1	1	1	0	1	0	1	1	0	1	1	1	0	1	1	0	0	0	0	1	1	2	0	1	0	0	0	1	1	1	1	2	1	0	1	2	0	0	2	1	1	1	0	1	0	1	1	0	1	0	0	0	2	0	0	1	1	0	1	0	1	1	0	0	0	1	0	1	1	1	2	1	1	2	2	0	0	1	1	1	0	1	0	1	1	0	1	2	2	0	0	1	2	2	1	2	2	1	0	0	1	1	1	2	0	0	1	1	2	0	1	0	0	0	0	1	2	2	1	2
chr2.s_188169710	0	2	1	1	1	0	0	1	1	2	2	0	1	0	1	0	0	1	1	2	1	1	2	1	2	1	2	1	2	0	1	1	1	2	1	1	1	1	1	1	1	1	0	0	0	2	2	1	1	1	2	1	0	1	1	1	2	2	2	1	2	1	1	1	0	1	0	1	1	1	0	0	0	0	0	1	1	0	0	1	1	0	1	2	2	1	2	2	1	1	1	1	1	1	1	0	1	2	1	1	0	1	0	0	0	0	1	1	1	0	1	1	0	1	0	0	1	1	1	1	2	2	2	2	0	1	0	1	1	1	2	1	0	0	1	1	0	0	1	2	1	0	1	1	2	2	2	2	1	0	1	0	0	0	1	1	0	0	1	1	1	1	1	0	0	1	1	1	2	1	1	2	1	1	1	2	1	1	2	1	1	1	1	1	1	1	1	1	0	2	1	0	1	1	1	1	1	1	1	2	1	1	1	1	1	1	1	1	2	2	1	0	2	1	2	2	0	1	2	1	1	2	0	0	0	1	1	1	1	1	1	1	1	0	0	1	2	1	1	0	0	1	1	1	1	0	0	1	1	0	1	1	1	1	0	0	0	0	1	2	1	0	1	2	1	0	1	0	2	1	0	1	2	1	0	1	1	1	0	1	1	1	1	0	2	0	0	2	0	1	1	0	0	1	0	1	1	0	0	2
chr1.s_294667849	2	1	0	0	0	1	0	0	0	1	2	0	0	0	1	0	0	0	0	1	1	1	1	0	2	1	2	0	1	0	0	1	0	1	0	1	1	1	0	0	0	0	0	0	0	1	1	1	2	2	1	0	0	1	0	1	2	2	2	0	1	1	1	2	0	2	1	0	0	1	0	0	1	0	1	0	1	0	0	1	2	0	0	2	2	1	2	2	1	0	1	0	1	1	1	1	2	1	0	0	0	1	1	0	0	0	1	1	0	0	0	1	1	1	0	0	0	1	2	2	2	2	1	1	1	2	1	0	1	0	2	1	0	0	0	0	2	1	0	1	1	2	1	0	1	1	1	1	0	0	1	1	0	0	1	1	0	0	0	0	0	1	0	0	0	1	1	0	1	0	2	1	0	0	0	1	1	1	1	0	0	0	1	0	1	0	1	2	1	1	0	0	0	0	0	1	0	0	0	1	2	2	1	0	2	0	0	1	1	1	0	0	1	0	0	2	0	1	2	2	2	2	1	0	0	2	0	0	0	0	1	0	2	0	0	0	2	0	1	1	1	0	1	0	1	0	0	0	1	2	1	0	0	1	1	0	1	0	1	1	1	0	1	1	0	1	1	0	0	1	0	1	2	1	0	2	2	1	0	1	1	0	2	0	1	0	1	1	0	0	1	0	1	1	1	1	2	1	1	1
chr5.s_94540454	0	1	1	1	1	1	0	1	1	1	1	0	0	1	0	1	1	1	2	1	0	0	1	2	0	1	0	1	0	0	0	0	1	1	2	0	1	0	2	1	1	0	0	0	0	1	1	0	0	0	0	0	1	2	1	0	0	0	0	1	0	0	0	2	0	0	0	1	1	2	0	0	1	0	0	0	0	0	1	0	0	2	1	1	0	1	0	0	0	0	0	0	1	0	0	0	0	0	0	2	0	1	0	0	0	1	0	1	2	0	0	0	0	0	1	1	2	1	0	0	0	0	1	1	1	0	0	0	0	1	1	0	0	0	1	1	1	0	1	1	2	0	0	1	1	1	0	0	2	0	0	0	0	0	0	0	1	0	1	1	1	1	0	0	1	1	2	1	1	0	0	0	0	1	2	1	0	0	1	2	0	0	0	0	1	0	1	0	0	0	2	0	0	0	0	1	0	1	2	1	1	0	0	1	0	0	0	1	0	1	1	1	0	0	1	0	1	2	0	1	0	0	0	1	1	2	1	1	1	1	0	0	1	0	0	1	0	2	1	1	1	0	0	1	0	0	1	0	0	0	0	1	0	1	0	0	2	1	0	0	1	1	0	0	1	1	1	1	0	0	0	0	0	1	1	0	0	1	1	1	0	0	0	1	2	0	0	0	1	0	0	0	1	0	0	2	0	0	2	0
chr4.s_201188385	1	1	2	0	1	1	1	1	2	1	1	0	1	1	0	1	1	0	0	1	2	1	1	2	0	1	0	1	0	1	1	1	1	1	2	2	2	1	2	1	1	1	0	0	1	0	0	0	0	1	1	0	0	0	1	1	1	2	1	2	1	0	1	0	1	0	1	1	1	1	1	1	0	0	0	0	0	1	1	1	1	1	1	2	1	1	0	0	1	0	0	0	0	0	0	0	0	1	2	1	0	0	0	0	0	1	0	1	1	0	0	0	0	0	1	1	0	1	2	2	1	0	2	1	2	1	1	0	1	1	0	1	2	1	1	1	0	0	1	1	1	0	1	1	2	2	0	1	2	1	1	1	1	1	2	1	2	1	1	1	1	1	1	1	2	0	1	2	1	1	1	0	0	1	0	2	1	0	1	2	1	0	0	0	0	0	1	0	1	1	1	0	0	0	1	1	0	1	2	0	0	1	0	2	0	0	1	1	0	1	1	2	1	0	1	2	0	1	2	2	2	2	1	2	1	0	1	2	2	1	2	1	1	0	0	1	2	2	1	0	1	1	1	0	1	1	1	1	0	0	0	1	1	1	1	1	2	0	2	1	1	2	0	2	1	0	2	2	0	1	1	1	2	1	1	1	1	1	2	0	1	1	1	1	1	1	1	1	0	1	1	1	1	0	1	1	1	0	1	2
chr4.s_38944039	1	1	1	1	1	1	1	1	1	1	1	0	1	1	0	0	0	1	2	1	0	0	1	1	0	0	0	1	1	1	1	1	0	1	1	1	1	1	1	1	1	1	1	0	2	1	1	1	2	2	1	0	0	0	1	1	0	1	1	1	1	0	0	1	0	0	0	1	1	2	1	2	2	1	1	0	1	1	1	0	1	2	2	0	1	1	0	0	1	0	0	0	1	0	0	0	0	0	0	1	1	1	0	1	2	1	0	0	1	0	0	0	0	0	0	0	0	1	1	1	1	1	1	1	1	1	1	1	0	1	1	0	0	1	1	2	2	2	1	1	0	0	1	2	1	1	1	1	1	1	1	1	1	1	1	1	1	1	1	1	2	2	1	1	1	1	1	1	1	1	1	0	1	1	1	0	0	0	0	0	0	0	0	0	1	0	1	0	0	1	0	1	0	0	0	1	0	0	0	1	0	1	2	1	1	1	2	0	0	1	1	0	1	1	0	0	2	0	1	0	1	1	1	0	1	1	1	1	1	1	1	0	1	1	1	1	0	1	1	2	1	1	1	0	2	0	1	1	1	1	0	1	1	1	1	1	0	1	1	1	0	1	0	1	0	2	1	1	0	1	2	1	1	0	1	0	1	1	1	1	1	1	1	1	1	0	0	0	0	0	1	1	0	1	0	1	1	1	0	1
chr1.s_57990219	1	1	1	2	0	1	1	1	1	0	1	1	1	2	1	1	0	1	1	1	2	1	1	1	0	0	0	1	1	2	1	0	2	1	2	0	1	1	1	1	0	0	1	1	1	0	1	0	0	0	0	1	2	1	1	1	1	1	0	1	1	1	1	0	1	0	0	1	0	0	0	0	0	0	0	1	1	1	2	1	1	2	2	1	2	1	0	0	1	1	0	1	1	0	1	1	0	0	0	2	2	2	0	0	0	1	1	2	2	1	1	0	0	0	1	0	1	1	1	2	1	1	1	0	1	1	2	2	1	0	0	0	0	1	1	1	1	1	0	1	1	0	1	2	1	2	0	1	0	2	1	1	1	2	0	1	1	0	2	1	0	1	1	1	2	0	1	2	1	1	0	1	1	1	2	1	1	1	0	0	1	2	1	1	1	2	1	1	1	0	1	1	2	1	0	0	1	0	1	1	0	1	0	1	1	2	1	1	1	0	1	0	1	2	0	2	1	1	1	2	2	1	1	1	2	1	2	1	0	1	0	0	0	1	1	1	0	1	0	0	1	1	2	1	1	2	2	1	1	0	0	2	0	1	2	1	2	2	2	0	1	1	1	2	1	1	1	0	0	1	1	1	1	1	1	1	0	1	1	0	1	1	1	1	1	1	0	0	0	1	1	1	2	0	1	1	0	0	1	1
chr8.s_14476671	0	0	1	1	0	0	0	1	2	1	0	1	0	1	0	2	1	0	1	1	0	0	0	0	0	0	0	0	0	0	1	1	1	0	0	1	0	1	0	1	0	0	0	0	0	1	1	1	1	1	0	1	2	0	1	1	1	0	0	0	0	1	1	1	0	0	1	1	0	0	0	0	0	0	1	1	1	0	1	0	0	0	0	1	0	0	0	0	0	1	1	0	1	0	0	1	1	0	1	0	2	2	1	0	0	1	1	2	1	1	0	0	0	1	2	1	1	0	0	0	1	1	0	0	1	1	1	0	1	0	0	1	2	0	0	0	0	0	0	1	1	1	0	0	0	0	1	0	0	0	1	0	0	1	2	2	0	0	1	0	0	0	0	0	1	1	2	1	0	1	1	0	0	0	0	0	0	0	0	0	0	1	1	0	1	0	1	1	2	0	1	0	2	1	0	0	1	0	1	0	0	0	2	1	1	0	1	0	1	0	0	1	0	1	0	0	0	0	0	0	1	0	1	1	1	1	1	1	1	0	1	0	1	1	0	0	1	1	0	0	2	0	1	0	1	0	1	0	0	2	2	0	2	0	0	2	1	2	0	0	2	0	1	1	2	1	0	0	0	0	0	0	0	0	0	0	0	0	1	1	0	1	0	2	0	1	1	0	0	2	1	0	0	1	1	1	0	0	0	0
chr2.s_199028369	0	0	1	0	0	1	0	0	0	0	0	0	1	1	0	1	1	0	0	0	1	1	0	0	0	0	0	0	0	1	0	1	0	0	0	1	0	0	0	0	0	0	0	0	0	0	0	1	1	1	1	0	0	0	0	0	0	1	1	0	0	0	0	2	0	0	1	0	0	1	0	0	1	0	0	0	0	0	0	0	0	0	0	0	1	1	1	1	1	0	0	1	2	1	1	0	0	0	1	0	0	0	0	0	0	0	0	0	0	1	1	0	0	0	0	0	0	0	0	0	0	0	0	0	0	0	0	0	0	0	1	1	2	0	0	0	1	0	0	0	1	0	0	0	0	0	0	0	0	0	0	0	0	0	1	0	0	0	0	0	0	1	0	0	0	1	1	0	0	0	0	0	1	0	0	0	0	0	0	0	0	0	0	0	1	0	2	0	1	0	0	0	0	0	0	1	0	0	0	0	1	0	0	1	0	1	0	0	0	0	0	1	0	1	0	0	0	0	1	0	0	1	0	0	1	1	0	1	0	0	2	0	0	0	0	0	0	0	0	1	0	0	0	0	0	0	0	0	0	0	0	0	2	0	0	1	0	0	0	0	0	0	1	0	0	1	0	0	1	0	1	0	0	1	0	0	0	0	0	1	0	0	0	0	0	1	1	0	0	1	0	0	0	0	0	1	0	0	0	0
chr3.s_214154545	1	0	1	0	0	0	0	1	1	0	0	0	1	0	0	1	2	2	1	1	0	0	0	0	0	0	0	0	0	0	0	0	1	0	1	1	1	0	1	0	0	1	0	0	0	1	0	1	0	0	1	1	0	1	1	0	1	0	0	1	1	0	0	0	0	1	2	1	1	1	1	1	0	0	1	1	0	1	1	0	0	1	1	0	1	1	0	0	0	0	1	1	0	1	0	0	0	0	1	1	0	0	0	0	1	2	0	1	1	1	1	1	0	0	0	1	1	1	0	0	0	0	0	0	1	1	1	0	1	1	0	1	2	1	0	0	0	0	1	1	0	0	0	1	0	0	1	1	0	0	2	2	2	0	2	1	2	1	0	0	0	0	0	1	2	0	1	1	0	1	1	1	0	1	1	0	0	0	0	0	0	0	1	1	0	0	0	1	2	0	1	0	1	1	0	0	0	0	1	0	1	0	1	2	0	0	0	0	1	0	0	1	0	0	1	0	1	0	1	1	2	1	0	1	0	0	0	1	0	1	1	1	0	1	1	0	0	1	1	1	0	1	0	0	0	0	1	1	0	1	1	0	2	1	0	2	2	0	2	0	0	1	0	1	1	1	1	1	1	1	0	0	1	0	1	0	1	0	2	0	1	1	1	1	0	1	1	0	1	1	1	1	1	0	1	1	1	1	2	0
chr7.s_16899081	0	0	0	0	0	0	0	0	0	0	0	0	0	0	0	0	0	0	0	0	0	0	0	0	0	0	0	0	0	0	0	0	0	0	0	0	0	0	0	0	0	0	0	0	0	0	0	0	0	1	1	0	0	0	0	0	0	0	0	0	0	0	0	0	0	0	0	0	0	0	0	0	0	0	0	0	0	0	0	0	0	0	0	0	0	0	0	0	0	0	0	0	0	0	0	0	0	0	0	0	0	0	0	0	0	0	0	0	0	0	0	0	0	0	0	0	1	0	0	0	0	0	0	0	0	0	0	0	0	0	0	1	1	0	0	0	0	0	0	1	0	0	0	0	0	0	0	0	0	0	0	0	0	0	0	0	0	0	0	0	0	0	0	0	0	0	0	0	0	0	0	0	1	0	0	0	0	0	0	0	0	0	0	0	0	0	0	0	0	0	0	0	0	0	0	0	0	0	0	0	0	0	0	0	0	1	0	0	0	0	0	0	0	1	0	0	0	0	1	0	0	0	0	1	1	0	0	0	0	0	0	0	0	0	1	0	0	0	0	0	0	0	0	0	0	0	0	0	0	0	0	0	0	0	0	0	0	0	0	0	0	0	0	1	0	0	0	0	0	0	0	0	0	0	0	0	0	0	0	0	0	0	0	0	0	0	0	0	0	0	0	1	0	0	1	0	0	0	0	0
chr4.s_51464009	0	1	1	0	1	0	0	0	0	0	0	0	0	0	0	0	0	0	0	0	0	0	0	0	0	0	0	0	0	0	0	0	0	0	0	0	0	0	0	0	0	0	0	0	0	0	0	0	0	0	0	0	0	0	0	0	0	0	0	0	0	0	0	0	0	0	0	1	1	1	0	0	0	0	0	0	0	1	1	0	0	0	0	0	0	0	0	0	0	0	0	0	0	0	0	0	0	0	0	0	1	0	0	0	0	0	0	0	0	0	0	0	0	0	0	0	0	0	0	0	0	0	1	1	1	1	1	0	0	1	0	0	0	0	0	0	0	0	0	0	0	0	0	0	0	0	0	0	0	0	0	1	1	1	0	0	1	1	0	0	0	0	0	1	1	0	0	0	0	0	0	0	0	0	0	0	0	0	0	0	0	0	0	0	0	0	0	0	0	0	0	1	0	0	0	0	0	0	0	0	0	0	0	0	0	0	1	0	0	0	1	0	0	0	0	0	0	0	0	0	1	0	0	0	0	0	0	0	0	0	0	0	0	0	0	0	0	0	1	0	0	0	0	0	0	0	0	0	0	0	0	1	0	0	0	0	0	1	0	0	0	0	0	0	0	0	0	0	0	0	0	0	0	0	0	0	0	0	1	0	0	1	0	0	1	0	0	0	0	0	0	0	0	0	0	0	0	0	0	0
chr1.s_19386921	2	1	1	1	2	0	0	1	1	0	0	1	1	1	1	0	0	0	0	0	1	1	1	0	1	0	1	0	1	1	0	2	1	1	0	1	0	1	0	1	1	1	0	1	0	0	0	2	2	1	0	0	0	0	0	1	0	1	1	0	1	1	0	2	1	1	1	2	2	1	1	0	0	1	1	1	1	2	1	1	1	0	0	1	1	0	2	2	0	0	1	1	1	2	2	1	1	1	1	1	1	1	1	0	0	1	1	1	1	1	0	0	1	1	0	0	0	1	2	2	2	2	1	1	0	1	1	1	1	1	2	1	1	1	1	0	0	0	1	0	0	1	1	0	1	1	1	1	0	0	1	1	1	1	1	1	0	1	1	1	1	0	1	2	2	2	2	1	0	1	1	0	1	1	1	1	1	1	2	1	2	0	1	2	2	2	1	2	2	2	0	1	1	1	2	1	1	1	1	0	2	2	1	1	2	1	0	0	1	1	0	0	1	1	0	1	1	0	0	1	0	0	1	0	0	1	1	1	0	1	1	1	2	1	1	1	1	1	1	0	2	0	1	2	1	2	0	0	0	2	1	1	1	1	1	1	1	0	0	2	1	0	2	1	1	0	0	0	0	1	0	2	0	1	0	2	1	1	1	2	1	0	1	1	0	1	1	2	0	1	1	1	1	1	1	0	1	1	0	1
chr5.s_135069809	0	1	1	1	2	1	0	0	0	0	0	0	1	0	0	0	0	0	1	0	1	1	1	1	0	0	0	0	0	0	0	0	0	1	1	0	0	1	1	2	2	1	0	1	0	0	0	0	0	0	1	1	0	0	0	0	0	0	0	0	0	1	1	0	0	0	0	2	2	2	1	0	1	1	0	0	0	0	0	1	0	1	1	0	0	0	0	0	0	0	0	1	0	1	0	0	0	0	0	0	1	1	1	1	0	0	1	0	0	0	1	2	1	0	0	0	0	1	1	1	0	0	1	1	0	0	0	0	0	1	0	0	0	1	2	1	1	0	2	0	0	0	0	1	1	1	0	0	1	0	1	0	1	0	0	1	0	1	1	1	1	1	1	1	0	1	0	0	0	0	0	1	0	1	1	0	1	1	1	1	0	0	0	1	0	0	0	1	1	0	1	2	1	1	1	1	1	1	0	0	0	1	0	1	0	0	0	0	0	1	1	0	0	1	1	1	1	0	0	0	0	0	0	0	0	0	2	1	0	2	0	1	0	1	1	1	1	1	0	1	1	1	1	1	0	0	0	1	0	0	0	1	0	1	1	0	0	0	0	0	1	0	1	0	0	1	0	0	1	1	0	0	0	0	0	1	0	0	0	0	0	1	0	0	1	1	0	0	1	0	1	0	0	0	0	0	0	0	0	0
chr1.s_262415651	1	2	1	0	1	0	0	1	1	1	1	0	0	1	0	1	1	1	0	1	2	2	1	1	1	1	1	1	1	0	0	2	0	1	1	0	1	0	1	0	0	1	1	1	0	2	2	0	0	0	0	1	2	1	2	1	1	2	2	1	1	0	0	0	0	1	0	1	1	1	1	1	1	1	0	0	0	0	1	1	0	0	0	1	1	1	1	1	0	1	2	0	0	0	0	0	1	2	1	1	1	0	0	1	1	2	0	1	1	0	0	0	0	0	1	1	2	0	2	2	1	1	2	2	1	1	0	1	2	0	1	1	0	0	0	0	0	0	0	1	1	0	0	0	1	1	2	1	1	0	1	1	0	1	0	0	1	0	1	1	0	1	1	0	1	0	1	2	2	1	1	0	0	1	0	2	2	2	1	1	0	0	1	0	0	0	0	1	0	2	1	1	1	1	0	0	0	1	2	1	1	2	1	0	0	0	1	2	2	1	1	1	1	0	1	2	1	1	1	1	1	1	0	1	1	0	0	0	1	0	0	0	2	1	1	0	1	1	1	1	1	0	0	0	1	0	1	0	0	0	0	1	1	1	0	0	1	2	1	2	0	1	0	1	2	0	1	2	1	0	0	2	1	0	1	2	1	1	1	0	2	1	1	0	2	1	0	1	2	0	1	0	0	0	0	1	1	2	1	1
chr6.s_127623165	0	0	0	1	1	0	0	0	0	0	0	1	1	1	0	0	0	0	1	1	0	0	0	0	0	0	0	0	0	2	1	0	0	0	0	0	0	1	0	1	1	1	0	0	0	1	1	0	0	0	0	0	0	0	0	0	0	0	0	0	0	2	1	0	0	0	0	1	1	0	1	0	0	0	0	0	0	0	0	0	0	0	0	0	0	0	0	0	1	2	1	0	0	0	0	1	1	0	0	0	1	1	2	0	0	0	1	1	0	1	1	1	1	1	0	0	0	0	0	0	0	0	0	0	0	0	1	1	0	0	0	0	0	1	1	0	0	0	0	0	0	0	0	0	0	0	1	0	0	1	0	0	0	0	0	1	0	1	1	1	0	1	1	0	0	0	0	0	0	0	0	0	1	0	0	1	0	0	0	0	1	1	0	0	0	0	0	0	0	0	0	1	2	2	1	0	0	0	0	0	0	0	1	0	0	1	0	0	1	0	1	0	0	2	0	0	0	0	0	0	0	0	0	0	1	0	1	0	0	0	0	0	0	1	0	0	0	0	0	0	1	0	1	1	0	0	0	0	0	0	1	1	1	0	1	0	0	0	0	0	1	0	1	0	1	0	0	0	0	0	1	0	0	1	0	0	0	0	0	0	0	0	0	0	0	0	0	0	0	0	0	0	0	0	0	0	0	0	0	0
chr2.s_226148861	1	1	1	0	1	0	1	0	1	2	2	0	1	1	0	1	1	0	0	0	1	1	0	0	0	0	0	0	0	0	1	1	1	0	0	1	1	1	0	0	0	0	2	1	1	2	2	0	1	2	1	0	0	1	1	1	1	1	1	1	1	0	1	0	1	1	1	0	0	0	0	1	0	0	2	1	2	1	1	0	0	1	1	1	0	0	0	0	0	1	1	0	0	0	0	1	1	0	0	0	0	0	0	2	1	0	1	1	1	1	1	1	1	1	1	1	1	0	0	0	1	1	0	0	0	0	0	0	0	0	0	1	1	0	0	1	0	1	0	2	0	1	1	1	0	0	1	0	1	1	0	1	1	0	1	1	1	1	1	1	1	1	1	1	1	0	0	1	2	1	1	0	1	1	1	1	0	0	1	1	1	1	1	1	1	1	0	0	0	1	1	0	0	0	1	1	0	1	1	2	0	0	2	0	1	1	2	1	0	1	0	1	0	1	1	0	1	2	1	0	0	0	1	1	1	1	0	0	1	0	0	0	1	0	0	0	1	1	0	0	1	1	1	1	2	0	0	0	1	2	1	1	1	0	0	1	0	0	0	1	1	0	0	1	1	1	1	0	1	1	1	1	1	1	0	1	1	1	1	0	1	0	0	0	2	0	1	1	1	0	1	0	0	1	1	0	1	0	0	0
chr6.s_149931236	0	1	0	2	2	1	1	1	1	2	2	0	1	1	0	0	0	0	0	0	1	1	1	1	1	1	1	0	0	1	2	2	1	2	1	1	1	2	1	2	2	2	0	0	0	2	1	0	0	0	0	0	0	1	0	0	1	1	1	1	1	1	2	1	0	1	0	2	2	1	1	0	1	1	0	1	1	1	1	0	1	0	1	1	1	1	1	1	2	1	0	2	1	1	0	0	1	2	1	1	2	2	1	1	1	1	0	0	1	1	1	0	0	0	0	0	1	1	0	0	1	1	1	1	1	1	2	2	1	2	1	1	0	2	1	0	0	0	1	2	0	0	1	1	1	1	1	1	0	2	0	1	2	0	1	2	1	2	1	1	1	1	1	1	1	1	1	1	2	1	1	0	1	0	1	0	1	1	1	1	1	2	1	1	0	0	0	2	1	1	0	1	2	2	1	0	1	1	1	2	1	1	1	1	1	1	0	0	1	1	2	0	1	2	1	0	0	2	0	1	1	1	1	1	1	1	1	1	1	2	1	1	1	2	2	1	1	0	1	1	2	1	2	0	1	1	0	0	0	0	0	1	0	1	1	1	1	1	1	0	2	1	2	1	0	1	1	0	1	2	0	0	1	1	0	1	1	1	1	1	0	0	1	0	1	1	0	1	1	1	1	0	1	1	1	1	1	1	1	1
chr1.s_296183403	0	0	0	0	1	0	0	0	0	0	0	0	0	0	0	0	0	0	0	0	0	0	0	0	0	0	0	0	0	0	0	0	0	0	0	0	0	0	0	0	0	0	0	0	0	0	0	0	0	0	0	0	0	0	0	0	0	0	0	0	0	0	0	0	0	0	0	1	1	1	0	0	0	0	0	0	0	0	0	0	0	0	0	0	0	0	0	0	0	0	0	0	0	0	0	0	0	0	0	0	0	0	0	0	0	0	0	0	0	0	0	0	0	0	0	0	1	0	0	0	0	0	0	0	0	0	0	0	0	1	0	0	0	0	0	0	0	0	0	0	0	0	0	0	0	0	0	1	0	0	0	0	0	0	0	0	0	0	0	0	0	0	0	0	0	0	0	0	0	0	0	0	0	0	0	0	0	0	0	0	0	0	0	0	0	0	0	0	0	0	0	0	0	0	0	0	0	0	0	0	0	0	0	0	0	0	0	0	0	0	0	0	0	0	0	0	0	0	0	0	0	0	0	0	0	0	0	0	0	0	0	0	0	0	0	0	0	0	1	0	0	0	0	0	0	0	0	0	0	0	0	0	0	0	0	0	0	0	0	0	0	0	0	0	0	0	0	0	0	0	0	0	0	0	0	0	0	0	0	0	0	0	0	0	0	0	0	0	0	0	0	0	0	0	0	0	0	0	0	0
chr3.s_100923686	0	0	1	1	1	0	1	0	1	2	1	2	1	1	2	1	0	1	0	0	0	0	1	1	1	1	1	1	1	0	1	0	2	1	1	2	1	1	1	1	1	1	2	2	1	1	1	2	2	2	2	1	1	1	0	1	1	1	1	0	0	0	1	0	2	0	1	1	1	1	0	1	0	1	1	2	2	2	2	2	1	1	1	1	0	0	0	0	0	0	0	2	1	1	1	1	0	1	2	1	0	1	0	2	1	0	2	1	1	2	2	1	1	1	2	1	1	2	1	1	1	1	0	0	0	0	0	0	0	1	1	0	1	0	1	2	1	2	1	1	2	1	2	1	1	1	0	0	1	1	0	1	2	1	1	0	1	1	1	1	1	1	2	2	1	2	1	0	1	1	1	2	2	1	0	1	0	0	1	1	1	0	0	2	1	2	1	0	1	1	1	1	0	0	1	1	1	1	0	2	0	1	1	2	2	2	1	0	0	1	0	0	0	1	1	1	0	2	1	0	0	0	1	0	2	1	1	1	1	1	1	2	0	0	2	2	1	1	0	0	0	2	0	1	1	1	1	1	2	1	1	0	1	1	1	2	0	1	0	1	1	0	0	0	0	1	0	0	2	1	1	1	1	1	0	1	0	1	1	2	0	1	0	1	1	1	1	1	1	1	1	1	1	2	1	1	1	0	0	0
chr8.s_74205442	0	0	1	1	0	1	0	2	2	2	1	0	1	1	0	2	2	2	2	1	2	1	1	2	0	1	1	2	2	0	2	0	1	1	2	2	2	2	1	1	0	0	0	0	0	2	1	2	1	0	1	2	2	1	1	1	1	1	0	2	2	0	2	1	0	0	1	1	0	1	0	0	2	1	0	1	0	0	1	0	2	1	1	1	1	1	1	2	1	2	1	1	0	2	1	0	0	0	1	1	2	2	0	0	0	1	0	1	1	1	1	1	0	0	2	2	2	2	1	2	1	1	2	1	1	1	0	1	0	1	1	1	2	0	0	0	2	1	1	2	1	1	1	1	1	2	1	0	2	2	1	0	1	1	1	1	1	0	2	1	0	1	0	0	1	0	1	1	1	1	0	2	0	1	1	1	1	1	0	1	0	2	1	2	1	1	0	1	2	0	1	1	2	1	0	1	1	0	1	1	1	1	1	2	2	0	0	2	2	1	2	2	2	1	1	2	1	2	0	2	0	0	0	1	1	0	1	2	2	2	1	1	1	1	2	1	1	2	0	1	1	2	1	1	0	0	1	1	0	0	1	0	2	1	0	1	2	2	0	1	1	1	2	2	2	1	2	1	1	1	0	1	1	1	1	1	1	0	1	0	0	2	1	1	1	2	2	0	1	2	1	0	1	0	1	2	1	1	2	0
chr9.s_157488596	0	1	1	0	1	1	1	2	2	2	2	1	1	2	1	2	1	0	0	1	2	2	1	0	1	0	1	0	1	0	1	0	1	0	1	0	1	0	1	0	0	1	1	1	0	1	2	1	1	0	0	0	1	1	0	0	2	1	1	1	2	0	1	0	1	1	1	1	1	1	1	1	1	1	1	0	0	0	1	1	0	1	0	2	1	0	2	2	1	1	1	1	1	1	2	2	1	1	1	1	0	0	0	0	0	1	1	2	1	1	1	1	1	1	2	1	1	1	1	1	1	1	1	1	1	2	1	1	0	0	0	1	1	1	0	0	1	1	0	2	2	0	1	1	1	1	1	1	1	0	0	0	0	1	1	1	1	0	1	1	0	1	1	0	1	0	1	1	1	0	1	1	1	1	0	1	2	2	2	1	0	0	0	1	1	2	0	1	1	0	1	0	1	1	0	0	1	0	1	2	0	0	0	1	0	2	0	0	2	1	0	1	2	1	0	1	1	2	1	2	2	2	1	1	2	1	0	1	1	1	1	1	1	0	0	0	2	2	0	0	0	0	1	0	0	1	1	0	1	1	1	1	0	0	0	1	2	1	2	1	1	1	1	2	2	1	1	1	1	1	0	2	1	0	0	2	0	1	1	0	2	0	0	0	2	1	1	0	0	1	2	1	2	0	1	1	0	1	1	1
chr4.s_23477714	1	0	1	0	0	0	0	1	1	1	1	0	0	0	0	0	0	0	0	1	2	2	1	1	1	1	1	1	1	0	0	0	0	0	1	1	1	0	2	1	1	0	0	0	0	1	1	0	0	0	0	0	0	0	0	1	1	1	1	1	1	1	0	0	0	1	2	0	0	0	0	0	0	0	0	0	0	0	0	0	1	0	0	1	1	1	1	1	0	0	1	0	0	0	0	1	1	0	1	1	0	0	1	0	0	1	0	1	1	1	1	1	1	1	0	0	0	1	1	1	1	1	1	1	1	1	0	0	1	0	0	0	1	0	0	0	0	0	0	1	0	2	1	0	1	1	1	1	1	0	1	1	0	0	1	0	1	0	0	0	0	0	0	0	1	0	1	1	1	0	0	0	1	0	0	1	1	1	2	2	1	0	1	0	0	0	0	0	1	0	2	0	0	0	1	1	1	0	1	1	1	0	0	1	1	1	0	1	1	0	0	1	1	1	0	1	0	1	1	1	1	1	0	1	1	0	0	1	1	0	1	1	1	0	0	0	1	1	1	0	0	0	0	0	0	0	0	0	0	0	1	0	1	1	0	1	1	0	1	1	0	1	0	1	1	0	1	1	1	0	0	1	1	0	0	1	1	0	1	0	1	0	1	0	1	1	1	1	0	2	1	0	0	0	1	0	1	1	0	1
chr4.s_203853694	2	2	1	0	0	1	1	0	1	1	1	0	0	0	0	0	0	0	1	0	1	2	2	1	2	1	2	0	1	1	1	2	1	2	1	1	1	1	1	1	1	0	0	0	1	0	0	0	1	2	1	0	0	0	1	1	0	1	2	0	1	0	1	0	1	1	0	0	0	0	1	1	0	0	0	0	1	0	0	1	0	2	2	1	0	0	1	1	1	0	1	0	0	1	1	0	1	2	1	0	0	0	0	0	0	0	0	0	0	0	0	0	0	0	1	1	0	1	1	1	0	1	0	1	0	1	0	0	2	0	1	1	0	0	1	1	0	0	1	0	1	0	1	2	1	1	1	2	1	1	2	1	0	1	0	0	0	0	1	1	1	1	1	0	0	1	1	0	0	0	1	0	0	1	1	1	0	1	2	1	1	0	1	0	0	0	0	1	0	2	0	0	0	0	1	1	0	1	1	0	1	2	1	1	0	0	1	0	1	2	0	0	0	0	1	1	1	1	1	0	0	1	2	0	0	0	1	1	1	1	1	1	2	0	0	1	1	1	1	0	1	1	1	0	1	0	1	1	0	1	0	1	0	2	1	0	0	0	0	2	1	0	0	0	0	0	1	1	0	1	1	2	1	1	1	0	2	2	0	1	0	1	1	1	1	0	0	2	0	0	0	0	0	1	0	1	2	1	0	1
chr5.s_88642800	0	1	2	0	1	2	1	2	2	1	1	2	1	1	1	0	0	1	0	0	1	1	1	1	1	1	1	1	1	1	2	1	0	1	1	2	1	1	0	0	0	0	0	0	1	1	0	2	2	2	1	0	0	0	1	1	1	1	1	0	0	0	2	0	0	1	2	1	1	2	1	1	2	1	0	1	1	2	1	1	1	0	1	0	0	0	1	1	2	2	1	1	1	1	1	1	1	0	1	0	0	0	1	1	1	2	1	2	1	2	1	0	1	2	0	0	0	1	0	0	1	1	1	1	1	1	1	1	1	0	1	1	2	1	1	1	1	0	1	1	0	1	1	1	1	1	1	1	1	2	0	1	1	0	2	1	1	1	0	0	1	2	1	1	2	0	1	1	0	1	2	0	2	0	0	0	0	0	0	0	0	1	0	0	0	0	0	0	1	0	1	0	1	1	0	1	0	0	1	0	0	0	2	2	1	1	1	0	1	1	2	0	1	1	0	0	0	0	1	1	1	1	2	1	1	0	1	2	1	1	2	0	0	1	1	2	1	2	0	2	0	1	1	0	1	1	1	1	0	1	2	1	1	1	0	2	2	0	1	0	0	1	1	1	2	2	1	1	1	1	1	1	1	0	1	1	1	0	2	1	0	0	1	2	1	1	1	0	1	1	0	2	1	1	1	0	1	1	1	1
chr1.s_65968298	1	0	0	0	0	1	1	0	0	1	1	0	0	1	0	1	1	1	0	0	1	2	1	1	1	1	0	1	0	0	1	0	1	0	0	0	0	0	0	0	0	0	1	0	1	1	1	1	1	2	1	0	1	1	1	1	0	1	2	1	0	0	1	0	1	0	0	0	0	1	0	1	1	0	1	1	1	0	1	0	2	0	0	0	0	1	1	0	1	1	1	0	0	0	1	1	0	0	0	0	0	0	0	1	1	0	0	0	0	1	0	0	0	0	1	1	1	1	0	0	0	1	0	1	1	0	0	1	1	0	0	0	0	0	0	1	2	2	0	1	1	1	1	0	0	0	1	2	1	1	1	1	0	1	0	0	0	0	0	0	1	1	0	0	0	0	0	0	1	1	1	0	0	0	0	0	0	1	1	1	0	1	1	0	0	1	0	0	0	0	0	0	1	1	0	1	0	0	0	1	1	0	1	0	1	1	1	1	1	0	1	1	0	0	0	0	0	2	1	0	0	0	1	1	1	0	0	0	1	0	0	0	0	0	0	0	0	0	1	1	0	0	0	0	1	1	1	0	1	1	1	0	0	1	0	0	0	1	0	0	0	1	0	0	0	1	0	1	0	0	1	0	0	0	1	0	1	0	0	0	0	0	2	1	1	0	1	0	1	0	1	1	1	1	1	1	1	1	1	0
chr3.s_139776590	0	0	0	0	0	1	1	0	0	0	0	0	0	1	0	1	0	0	0	0	0	0	0	0	0	0	0	0	0	1	1	0	0	0	0	0	0	0	0	0	0	1	0	0	1	1	1	0	0	0	0	1	2	1	1	1	0	0	0	0	0	0	1	1	1	1	1	0	0	0	0	0	0	0	1	1	1	0	1	0	0	0	0	1	0	0	1	1	2	2	1	0	0	1	1	1	1	0	0	0	0	0	1	0	0	0	0	0	0	0	0	0	0	0	1	0	0	0	0	0	0	0	0	0	1	1	1	0	0	0	0	1	1	1	0	0	0	0	0	1	1	1	0	0	0	0	1	0	0	1	1	0	0	0	1	1	0	0	0	0	0	0	0	0	0	0	0	1	1	1	0	0	0	0	1	1	0	0	0	0	0	1	0	0	0	0	0	0	0	0	0	1	0	0	0	0	1	0	0	0	1	0	1	0	0	0	1	1	0	0	1	0	0	0	0	0	0	0	0	0	1	1	1	0	1	1	0	0	0	0	1	1	0	0	0	0	0	0	0	0	0	0	0	0	1	0	2	1	0	1	0	0	0	0	0	0	0	1	1	0	1	1	1	1	1	0	1	0	0	0	1	0	0	1	1	1	1	0	0	0	0	0	0	0	0	0	1	0	0	1	0	0	0	0	0	0	0	0	0	1
chr9.s_18680147	0	0	0	1	0	0	0	0	0	0	0	0	0	0	0	0	0	0	1	1	0	0	0	0	0	0	0	0	0	1	0	0	1	0	0	0	0	1	0	1	0	0	0	1	0	0	0	0	0	0	0	0	0	0	0	0	0	0	0	0	0	1	0	0	1	0	0	1	0	0	0	0	0	1	0	0	0	0	0	0	0	0	0	0	0	0	0	0	0	0	0	0	0	0	1	1	0	0	0	0	1	1	0	0	0	0	1	0	0	1	1	0	0	0	0	0	0	0	0	0	0	0	0	0	0	0	1	1	0	0	0	0	0	0	0	0	0	0	1	0	0	0	0	0	0	0	0	0	0	0	0	0	0	1	0	1	0	0	1	0	0	0	1	1	0	1	0	0	0	0	0	0	0	0	0	0	0	0	0	0	1	0	0	0	0	1	0	0	0	0	0	0	1	0	0	0	1	1	0	0	0	0	0	0	0	1	0	0	0	0	0	0	0	1	0	0	0	0	0	0	0	0	0	0	0	0	1	0	0	0	0	0	0	1	0	0	0	0	0	0	1	0	1	1	0	1	0	0	0	0	0	1	0	0	1	0	0	0	0	0	1	0	1	0	0	0	0	0	0	0	0	0	0	1	0	0	0	0	0	0	0	0	0	0	0	0	0	0	0	0	1	0	1	0	0	0	0	0	0	0
chr7.s_164835382	0	0	0	0	1	1	0	0	0	0	0	0	0	0	0	0	0	0	1	0	0	0	1	1	1	1	1	0	0	0	0	0	0	1	1	1	1	1	1	1	2	1	0	1	0	0	0	0	0	0	0	0	0	0	0	0	0	0	0	0	0	0	0	0	0	0	0	0	1	1	1	0	1	1	0	0	0	0	0	0	0	1	1	0	0	0	0	0	0	0	0	0	0	0	0	0	0	0	0	0	0	0	1	0	0	0	1	0	1	0	0	0	0	0	0	0	0	1	0	0	0	0	0	0	0	0	0	0	0	0	0	0	0	1	2	1	1	0	2	1	0	0	1	2	1	1	0	0	1	0	0	0	0	0	0	0	0	1	0	1	1	1	1	1	0	1	0	0	0	0	0	0	0	1	1	0	0	0	0	0	0	0	0	0	0	0	0	0	0	0	0	1	1	2	1	1	1	1	0	0	0	0	0	1	0	0	0	0	1	1	0	0	0	0	0	0	1	0	0	0	0	0	0	0	0	0	1	1	0	1	0	0	0	0	0	1	0	1	0	1	0	0	0	1	0	1	1	0	0	0	0	1	0	1	0	0	0	0	0	0	0	0	0	1	0	1	0	0	0	0	0	0	1	1	0	0	0	0	0	0	0	0	0	0	1	0	0	0	0	0	0	0	0	1	0	0	1	0	0	0
chr4.s_244904359	0	1	0	1	0	1	1	0	0	1	2	0	2	1	0	1	2	1	0	0	0	1	1	1	1	1	1	2	2	2	0	1	1	2	1	0	0	0	1	1	1	1	1	2	0	1	1	2	2	2	2	1	0	2	1	0	0	0	1	2	2	2	1	2	1	1	0	0	0	0	0	0	0	1	0	2	2	0	0	1	1	1	0	0	0	1	2	2	1	0	0	1	2	1	2	1	1	1	0	1	1	1	0	1	0	0	1	0	0	2	2	1	0	1	1	2	2	1	0	0	1	2	0	1	2	2	2	2	0	0	1	2	1	1	0	0	0	0	2	2	1	0	0	0	1	1	1	2	2	1	0	0	0	2	1	1	1	1	0	0	1	0	1	2	1	1	0	0	1	1	2	2	0	0	1	0	1	2	2	2	1	1	1	0	1	1	1	2	1	1	1	1	0	0	0	0	2	2	1	2	1	1	1	1	1	1	1	1	1	2	0	2	0	0	2	0	0	1	1	0	1	1	2	2	1	2	0	1	1	1	1	1	2	0	0	0	1	1	0	0	1	2	1	1	1	1	1	1	0	1	2	1	0	0	1	1	0	1	1	1	0	2	1	1	0	1	0	1	2	1	1	2	0	1	1	0	0	2	1	0	0	2	1	2	1	1	0	1	2	1	1	0	1	1	1	1	0	0	1	1
chr1.s_279981368	0	0	0	0	0	0	0	0	0	0	0	1	0	0	1	0	0	0	0	0	0	0	0	0	0	0	0	0	0	0	0	0	0	0	0	0	0	0	0	0	0	0	0	0	0	0	0	0	0	0	0	0	0	0	0	0	0	0	0	0	0	0	0	0	0	0	0	0	0	0	1	1	0	0	0	0	0	1	0	1	0	0	0	0	0	0	0	0	0	0	0	0	0	0	0	0	0	0	0	0	0	0	0	0	0	0	0	0	0	1	1	0	1	1	0	0	0	0	0	0	0	0	0	0	0	0	0	0	0	0	0	0	0	0	0	0	0	0	0	0	0	0	0	0	0	0	0	0	0	0	0	0	0	0	0	0	0	0	0	0	0	0	0	0	0	0	0	0	0	0	0	0	1	0	0	0	0	0	0	0	0	0	0	0	0	0	0	0	0	0	0	0	0	0	0	0	0	0	0	0	0	0	0	0	0	0	0	0	0	0	0	0	0	0	0	0	0	0	0	0	0	0	0	0	0	0	0	1	0	1	0	0	0	0	0	1	0	0	0	0	0	0	0	0	0	0	0	0	0	0	0	0	0	0	0	0	0	0	0	0	0	0	0	0	0	0	0	1	0	0	0	0	0	0	0	0	0	0	0	1	0	0	0	0	0	0	0	0	0	0	0	1	0	0	0	0	0	0	0	0
chr10.s_20865524	0	0	0	0	0	1	1	0	0	0	0	1	0	0	1	0	0	1	0	0	0	0	0	0	0	0	0	1	1	0	1	0	0	0	0	0	0	0	0	0	0	0	1	0	1	1	1	1	0	0	0	0	0	0	0	1	0	0	0	0	0	0	2	1	0	0	0	0	0	1	0	1	2	1	2	1	0	1	0	1	1	0	0	0	0	0	0	0	1	2	1	1	2	0	0	0	0	0	0	0	1	0	0	1	1	0	0	0	0	1	0	0	1	1	1	1	0	1	0	0	0	0	0	0	0	0	0	1	0	0	0	0	0	0	1	2	1	1	0	0	0	1	1	0	0	0	0	0	0	1	0	0	0	0	0	0	0	0	0	0	2	2	1	0	0	0	0	0	0	1	1	0	1	0	0	0	0	0	0	0	0	1	0	0	1	0	1	0	0	0	0	0	0	0	0	1	0	1	1	0	0	0	1	0	1	0	1	1	0	0	1	0	0	0	1	0	0	0	0	0	0	0	0	0	0	1	1	0	0	0	0	0	0	0	0	1	1	0	0	1	0	0	0	0	0	1	0	0	1	1	1	0	1	0	0	0	0	1	0	0	0	0	0	0	1	1	0	0	0	0	1	0	0	0	0	1	0	0	0	1	0	0	0	2	0	0	1	0	0	0	1	1	0	0	1	0	0	1	0	0
chr6.s_118906662	0	0	0	0	0	0	0	0	0	0	0	0	1	0	0	0	0	0	0	0	0	0	0	0	0	0	0	0	0	1	0	0	0	0	0	0	0	0	0	0	0	0	0	0	0	0	0	0	0	0	1	1	0	0	0	0	0	0	0	0	0	0	0	0	0	0	0	0	0	0	0	0	0	0	0	0	0	0	0	0	0	0	0	0	0	0	0	0	0	0	0	0	0	0	0	0	0	0	0	0	0	0	0	0	0	0	0	0	0	0	1	1	0	0	0	0	0	0	0	0	0	0	0	0	0	0	0	0	0	0	0	0	0	0	0	0	0	0	0	0	0	0	0	0	1	1	0	0	0	0	0	0	0	0	0	0	0	0	0	0	0	0	0	0	0	0	0	0	0	0	0	1	0	0	0	0	0	0	0	0	0	0	0	0	0	0	0	0	0	0	0	0	0	0	0	0	0	0	0	0	0	0	0	0	0	0	0	1	0	0	0	0	0	0	1	0	0	0	0	0	0	0	0	0	1	0	0	0	0	0	0	0	1	0	0	0	0	0	0	0	1	1	0	0	0	0	0	1	0	0	0	0	0	0	0	0	0	0	0	0	0	0	0	0	0	0	0	0	1	0	1	0	0	0	0	0	0	0	0	0	0	1	0	0	0	0	0	0	0	0	0	1	0	0	0	0	0	0	0	0
chr5.s_196432076	0	0	0	0	0	0	0	0	0	0	0	0	0	0	0	0	0	0	1	0	0	0	0	0	0	0	0	0	0	0	0	0	0	0	0	0	0	0	0	0	0	0	0	0	0	0	0	0	0	0	0	0	0	0	0	0	0	0	0	0	0	0	0	0	0	0	0	0	0	0	0	0	0	0	0	0	0	0	0	0	0	1	1	0	1	1	0	0	0	0	0	0	0	0	0	0	0	0	0	0	0	0	0	0	0	0	0	0	0	0	0	0	0	0	0	0	0	0	0	0	0	0	0	0	0	0	0	0	1	0	0	0	0	0	0	0	0	0	0	0	0	0	0	1	0	0	0	0	0	0	0	0	0	0	0	0	0	0	0	0	0	0	0	0	0	0	0	0	0	0	0	0	0	1	1	0	0	0	0	0	0	0	0	0	0	0	0	0	0	0	0	0	1	1	0	0	0	0	0	0	0	0	0	0	0	0	0	0	1	0	0	0	0	0	0	0	1	0	0	1	0	0	0	1	0	0	0	0	0	0	0	0	0	0	0	0	0	0	0	0	0	0	0	0	0	0	0	0	0	0	0	0	0	0	0	0	1	0	0	0	0	0	0	0	0	0	0	0	0	0	0	0	0	0	0	0	0	0	0	0	0	0	0	0	0	0	0	0	0	0	0	0	1	0	1	0	0	0	1	0
chr10.s_107311480	1	1	2	1	1	1	2	1	1	1	1	1	1	2	1	2	2	1	1	0	0	0	0	0	1	1	1	0	0	1	1	1	0	0	1	2	2	1	2	1	1	1	2	1	1	0	0	1	2	2	1	0	1	2	1	1	1	1	1	0	0	0	0	1	1	0	1	1	1	1	1	2	0	0	1	1	2	1	2	1	2	2	2	1	0	0	1	1	1	0	0	1	1	1	1	0	0	0	1	2	0	0	0	2	2	1	1	1	0	1	1	0	0	0	1	1	1	1	1	1	0	0	0	0	1	1	1	1	0	1	1	1	2	1	0	1	0	1	0	0	2	1	2	2	0	0	1	1	0	0	0	1	1	0	1	0	2	1	1	1	1	0	0	1	1	1	1	1	1	1	1	1	1	2	2	1	0	0	1	1	1	0	0	1	1	1	0	0	1	1	2	0	1	1	1	1	1	0	0	1	1	1	1	1	1	1	1	0	1	0	0	1	1	1	0	1	2	1	1	1	1	1	2	1	2	1	0	1	1	0	2	0	1	1	1	0	0	0	1	1	1	0	1	0	2	0	1	0	2	1	0	1	1	0	1	1	1	1	1	1	1	1	1	0	0	0	2	1	1	1	2	1	1	1	1	1	1	1	1	1	1	0	1	0	1	1	2	1	2	2	0	0	1	2	2	2	1	0	2	1
chr10.s_83936502	0	1	1	0	0	0	0	0	0	0	0	0	0	0	0	1	1	0	0	0	1	1	0	0	1	1	1	0	0	0	1	0	0	0	0	1	1	1	1	1	1	1	0	0	0	0	0	0	0	0	0	0	0	0	0	0	1	1	1	0	0	0	1	0	0	0	0	0	0	0	0	0	0	0	0	0	0	0	0	0	0	0	0	0	0	0	0	0	1	1	0	0	0	0	0	0	0	0	0	0	0	0	0	1	0	0	0	0	0	0	0	0	0	0	0	0	1	0	0	0	0	0	1	1	0	0	0	0	0	0	0	1	1	0	0	0	0	0	0	0	0	0	0	0	0	0	0	0	0	1	0	0	0	0	0	0	0	0	0	0	0	0	0	0	0	0	0	0	0	0	0	0	0	0	0	0	0	0	0	0	0	2	1	0	0	0	0	0	0	0	0	0	0	0	0	0	0	0	0	1	0	0	0	0	0	0	0	0	0	0	2	1	0	0	0	0	0	0	0	0	0	0	0	0	0	0	0	0	0	0	0	0	0	0	0	0	0	0	0	0	0	0	0	0	0	0	0	0	0	0	0	0	0	0	0	1	0	0	0	0	0	0	0	0	0	1	1	0	1	0	0	0	1	1	0	0	1	0	0	0	0	0	0	0	0	0	1	0	1	0	0	0	0	1	0	0	1	0	0	0
chr2.s_236960995	1	0	0	1	2	0	0	1	0	1	1	1	1	0	0	1	1	1	0	0	0	0	0	0	1	1	1	1	1	1	2	0	0	0	0	1	1	1	0	0	1	1	1	2	1	2	2	0	0	0	1	1	0	0	0	0	1	0	0	1	1	1	1	0	1	0	0	1	2	1	1	0	0	1	1	0	0	0	0	0	1	0	0	1	0	0	0	0	1	2	1	1	1	0	0	0	0	1	1	1	0	0	1	0	1	1	1	0	1	0	1	1	0	0	0	0	0	0	0	0	0	0	0	0	1	1	1	0	0	0	0	1	1	2	1	0	0	0	1	1	0	0	0	0	0	0	1	0	0	1	0	1	1	0	0	0	0	1	1	2	0	1	2	1	0	1	0	0	1	0	1	1	0	0	0	0	0	0	0	0	0	2	1	0	0	0	0	0	0	0	0	2	0	1	1	0	1	1	0	2	0	0	1	0	0	0	0	0	0	0	1	1	1	0	1	0	1	1	0	0	1	0	0	1	0	0	0	0	0	0	0	0	1	1	1	0	0	0	0	1	1	1	0	1	0	0	0	2	0	1	0	1	1	0	0	0	0	0	1	0	1	1	0	0	1	0	1	0	1	0	1	0	1	1	1	0	1	0	0	0	1	1	1	0	2	0	1	0	0	0	0	0	0	1	1	1	1	0	0	1
chr8.s_84949482	1	0	0	1	0	1	1	0	0	1	2	2	2	1	1	0	0	0	2	1	0	0	0	0	1	1	1	0	0	0	1	1	2	0	0	0	0	0	1	1	1	1	1	1	1	1	2	0	1	2	2	1	0	1	1	1	0	1	1	1	1	1	2	1	1	1	1	0	0	0	1	1	0	0	1	1	2	2	1	1	1	2	2	1	1	1	0	0	2	1	0	2	2	1	1	2	1	1	1	1	0	1	1	1	1	1	0	0	1	1	2	2	2	2	1	1	1	0	0	0	1	1	1	1	1	1	1	1	1	1	0	0	0	1	0	0	0	0	0	2	1	1	1	2	0	0	0	1	1	2	0	1	2	1	1	1	1	1	0	0	0	0	0	1	1	1	1	1	2	1	1	1	2	2	2	1	1	1	1	1	1	2	1	2	2	2	2	1	1	1	1	1	1	1	1	1	1	0	0	2	0	0	1	0	1	2	1	1	1	1	2	0	0	1	1	0	2	1	1	0	1	1	2	0	1	2	0	0	0	1	1	1	1	1	1	1	1	1	0	1	1	2	1	0	2	1	1	2	0	2	1	0	0	0	0	1	0	0	1	1	1	1	0	1	0	1	0	1	2	2	0	0	0	0	1	0	0	1	1	2	1	1	1	0	1	1	0	1	1	1	0	2	1	2	0	0	0	0	0	1
chr2.s_15315935	0	0	0	0	1	1	1	0	0	1	1	0	0	0	0	0	0	0	0	0	0	0	0	1	0	1	1	1	1	0	0	0	0	1	1	0	0	0	0	0	0	0	1	0	1	1	1	0	0	0	0	0	0	0	0	0	0	0	0	1	1	0	0	0	0	0	0	0	0	1	0	1	1	0	1	0	0	0	0	0	0	0	0	0	0	1	0	1	1	0	0	0	0	0	0	0	0	0	0	0	0	0	0	1	1	0	0	0	0	0	0	0	0	0	0	0	0	0	0	0	0	0	0	0	1	1	0	0	0	0	0	0	0	0	0	1	1	1	1	1	0	0	0	0	0	0	0	0	1	0	0	0	0	0	0	0	1	1	0	0	1	1	0	0	0	0	0	0	1	0	0	0	0	0	0	0	0	0	1	2	0	0	0	0	0	0	0	0	0	0	0	0	0	0	0	1	0	0	0	1	0	0	0	0	0	0	1	1	1	0	0	1	0	0	0	0	0	1	0	1	0	1	0	1	0	0	0	0	1	0	1	0	1	0	0	0	0	0	0	1	0	0	0	0	0	1	0	0	1	0	0	0	0	0	0	0	1	0	0	1	0	1	0	0	0	1	1	1	0	0	1	1	0	0	0	0	1	0	1	0	0	0	0	0	1	0	0	0	0	0	0	0	1	0	0	0	0	0	1	0
chr2.s_223466834	0	1	1	1	1	0	1	0	0	0	1	0	0	0	0	1	1	0	0	0	0	0	1	1	0	0	0	0	0	0	0	0	1	1	1	1	1	1	0	0	0	0	2	1	1	1	1	1	0	0	0	0	0	0	0	0	1	0	0	0	0	1	0	0	1	0	0	1	1	1	0	1	0	0	1	2	1	0	0	0	0	0	0	1	0	0	0	0	0	1	1	1	0	1	0	1	1	0	0	1	0	0	0	1	1	0	0	0	0	1	0	1	1	1	1	1	0	0	0	0	0	0	0	0	0	0	0	0	0	1	0	1	1	0	1	2	0	1	1	1	0	0	1	1	1	1	1	0	1	1	0	0	1	0	1	1	0	0	1	1	2	1	1	0	0	0	0	0	0	1	0	0	0	0	0	0	0	0	0	0	0	0	0	1	0	0	0	0	0	0	0	0	0	0	0	0	0	0	0	1	0	0	1	0	0	0	1	0	0	1	0	1	0	0	0	0	1	1	0	0	0	0	0	1	0	0	1	1	0	2	0	1	0	0	1	1	0	1	0	0	0	1	1	0	0	0	0	0	1	0	2	1	1	1	0	1	0	0	0	0	1	0	0	1	1	1	1	0	0	2	1	0	1	1	0	0	1	0	0	0	1	0	0	1	1	0	1	0	0	0	1	0	0	0	1	0	1	0	0	0
chr6.s_3930974	1	0	1	1	0	1	0	0	0	0	1	0	0	0	0	0	1	2	0	0	0	0	0	0	0	0	0	1	1	0	0	0	0	0	0	1	0	1	0	1	0	0	1	1	0	0	0	0	0	0	0	0	0	1	1	0	0	0	0	1	1	0	0	0	0	0	1	1	0	1	0	0	1	0	0	0	0	1	1	0	0	0	0	0	1	1	1	1	0	0	1	1	1	0	0	0	0	1	2	0	1	1	0	0	0	0	0	0	0	0	0	0	0	0	0	1	1	0	1	1	0	0	0	0	0	0	0	0	1	0	0	0	1	1	0	0	1	0	0	0	0	0	0	0	0	0	0	0	0	0	1	2	1	0	2	2	1	1	1	0	0	1	0	0	0	0	0	0	0	0	0	0	0	0	0	0	0	0	0	0	0	0	1	0	0	0	0	0	1	0	0	0	1	0	0	1	0	0	0	0	1	1	0	1	0	0	0	0	0	0	0	0	0	1	0	1	1	0	0	1	0	0	0	0	0	0	1	1	0	0	1	0	1	1	0	0	0	0	1	1	2	0	2	0	0	1	0	0	0	0	0	0	1	1	1	1	1	0	1	0	1	1	2	0	0	1	0	0	0	1	0	0	0	0	1	0	1	0	1	0	1	0	1	0	0	1	0	0	1	1	0	1	1	0	0	1	1	1	2	1
chr3.s_47346369	0	1	2	1	2	1	2	0	0	1	1	0	0	0	1	1	1	0	0	0	0	0	1	1	0	0	0	0	0	1	1	0	0	0	0	2	1	2	0	1	1	2	2	2	1	1	1	2	2	2	1	0	0	0	0	1	0	0	0	1	1	2	1	1	1	1	2	2	2	1	2	2	0	1	2	1	1	0	0	0	1	0	0	0	1	1	0	0	1	1	0	1	1	2	1	1	1	0	1	0	2	2	2	1	1	0	1	0	0	1	0	1	1	1	0	0	0	2	1	0	1	0	1	1	1	1	2	2	1	2	0	1	2	2	1	1	0	1	2	1	1	2	1	0	1	0	0	1	0	2	1	0	1	0	2	2	0	1	2	2	2	1	2	1	0	1	0	0	1	1	2	0	0	0	0	1	1	0	0	0	1	1	0	1	1	0	1	0	1	0	0	1	1	1	1	0	1	2	1	1	0	0	1	2	1	0	1	0	0	0	2	1	0	1	1	0	1	2	1	0	1	0	2	1	0	1	1	2	0	2	1	2	1	1	1	1	1	0	1	0	2	1	1	2	1	1	0	0	2	2	2	2	1	1	1	1	0	1	1	0	1	1	1	0	0	0	0	1	0	1	1	1	1	1	0	1	0	0	0	0	1	0	0	2	2	1	2	0	0	1	2	1	0	2	2	0	1	0	0	1
chr4.s_172997985	1	1	0	0	0	0	0	0	0	1	2	0	0	0	1	0	1	1	0	1	2	1	1	1	0	0	0	0	0	0	0	2	1	1	0	0	0	0	1	1	1	0	0	0	0	1	1	0	0	0	0	1	1	1	1	0	1	1	0	0	0	0	0	1	1	1	0	0	0	0	0	0	0	0	1	0	0	0	0	0	0	1	0	1	1	0	0	0	0	0	1	1	1	1	1	1	1	1	0	0	0	0	0	0	0	0	0	0	0	0	0	0	0	0	0	1	2	0	2	2	1	0	1	0	0	0	0	0	2	1	1	2	1	0	0	0	1	1	1	1	0	0	0	0	1	1	0	0	0	0	1	1	1	1	0	0	0	0	0	0	1	0	0	0	0	0	0	0	1	0	0	1	0	0	0	1	1	0	0	0	0	1	2	1	1	1	1	1	0	1	0	1	0	0	0	0	0	0	0	2	1	2	0	0	0	1	0	0	0	1	0	0	1	0	0	1	0	1	1	1	1	1	0	0	0	1	0	0	0	1	0	1	0	0	1	1	1	0	1	0	0	0	1	0	0	1	0	0	1	1	0	0	0	2	1	1	0	0	1	0	0	0	0	1	0	1	0	0	0	2	0	0	1	0	1	2	1	2	0	0	1	0	1	0	1	0	1	1	1	0	1	0	1	0	0	1	1	1	1	1
chr1.s_16357974	1	0	1	2	2	1	0	1	2	2	1	1	1	0	1	0	1	1	0	1	0	0	0	1	0	1	0	1	0	1	1	0	1	0	1	1	1	1	1	1	1	1	0	1	1	1	1	1	1	2	2	1	0	2	1	0	1	1	1	1	0	1	1	0	0	0	1	2	2	2	1	0	1	1	0	1	1	1	0	1	1	0	0	0	0	1	0	0	1	1	0	2	1	1	0	0	0	0	1	2	1	1	1	0	1	2	1	1	2	1	1	1	1	1	0	1	1	0	0	0	0	0	1	1	1	0	1	1	0	2	0	0	1	2	1	0	1	0	1	1	0	0	0	0	0	0	0	1	1	1	0	0	1	0	1	1	1	1	1	1	0	2	2	2	2	1	1	1	1	1	1	1	1	0	1	0	0	0	0	1	1	2	1	1	0	0	0	0	1	0	1	1	1	1	1	1	1	1	1	2	0	0	1	1	0	0	0	1	0	0	2	1	0	1	1	0	0	1	2	0	1	1	1	1	0	1	1	1	2	1	1	1	0	2	1	1	0	1	1	2	1	1	1	2	1	1	1	2	0	1	1	1	1	0	1	2	1	0	2	0	1	2	1	0	1	2	1	1	1	1	0	1	1	1	2	1	0	0	1	1	1	1	1	1	1	1	0	0	1	1	0	1	0	1	0	1	0	0	1	1
chr1.s_260370919	0	2	2	0	2	1	1	0	1	2	1	1	0	0	1	0	1	1	0	0	0	1	1	1	2	2	1	1	0	1	1	2	1	1	0	1	0	0	1	1	2	2	2	2	1	2	2	1	0	1	1	0	0	1	1	1	0	1	2	1	0	2	1	1	1	2	2	1	2	2	2	2	1	1	1	1	0	1	0	1	1	1	0	1	0	1	1	0	2	2	1	1	1	1	1	2	2	1	1	0	0	0	2	2	2	1	1	0	0	1	0	1	2	2	0	1	2	1	0	0	0	1	1	2	1	0	1	2	0	1	1	1	1	1	1	1	1	1	1	1	0	2	1	0	0	0	2	1	1	1	1	0	1	1	2	1	0	1	1	2	1	2	2	1	0	1	0	0	1	1	0	0	1	0	1	1	0	1	1	1	1	1	0	1	1	1	1	1	1	1	0	2	1	2	1	1	2	2	1	1	0	1	1	1	1	1	1	1	1	1	2	1	0	0	1	0	1	1	1	0	0	1	0	2	0	1	0	1	2	1	2	1	0	1	2	1	0	0	0	2	0	0	0	2	0	1	0	0	1	0	2	2	2	0	1	1	0	0	0	0	1	1	0	0	1	1	1	2	0	1	1	0	0	1	1	1	1	2	0	1	1	0	0	1	2	1	1	1	2	2	1	1	1	1	2	1	0	0	1	0
chr3.s_214037397	0	0	1	0	0	0	0	1	1	0	0	0	0	0	0	0	1	2	0	0	0	0	0	0	0	0	0	0	0	0	0	0	1	0	1	1	1	0	1	0	0	1	0	0	0	1	0	1	0	0	0	0	0	1	1	0	0	0	0	0	0	0	0	0	0	0	1	0	0	0	0	0	0	0	0	1	0	1	1	0	0	0	0	0	1	1	0	0	0	0	0	1	0	1	0	0	0	0	1	1	0	0	0	0	1	2	0	1	1	1	0	0	0	0	0	1	1	0	0	0	0	0	0	0	1	1	1	0	0	1	0	0	1	1	0	0	0	0	0	1	0	0	0	0	0	0	1	0	0	0	0	1	2	0	1	0	2	1	0	0	0	0	0	1	2	0	1	1	0	1	0	0	0	0	0	0	0	0	0	0	0	0	0	1	0	0	0	0	1	0	1	0	1	1	0	0	1	0	1	0	0	0	1	1	0	0	0	0	1	0	0	0	0	0	0	0	0	0	0	1	1	0	0	0	0	0	0	1	0	1	1	1	0	1	1	0	0	1	0	1	0	0	0	0	0	0	0	0	0	0	1	0	2	0	0	1	2	0	1	0	0	1	0	1	1	0	1	0	0	1	0	0	0	0	1	0	0	0	2	0	0	0	0	1	0	1	0	0	1	2	0	0	1	0	0	1	0	0	2	0
chr4.s_91162660	1	1	0	0	1	0	0	0	0	0	0	1	0	0	0	0	0	0	0	0	1	1	0	0	1	1	1	0	0	1	0	1	1	1	0	0	0	0	0	0	1	1	0	1	0	0	0	0	0	0	0	0	0	1	0	0	1	0	0	0	0	2	0	0	1	2	1	0	1	0	1	0	0	1	0	0	0	0	0	0	0	0	0	1	0	0	0	0	0	0	0	1	1	0	1	2	2	1	0	0	0	1	2	0	0	0	1	0	0	1	1	1	1	0	0	0	0	0	0	0	0	0	0	0	0	0	1	1	0	0	2	1	0	1	1	0	0	0	1	0	0	1	0	0	0	0	0	0	0	0	0	0	0	1	0	0	0	1	0	1	0	0	1	1	0	1	0	0	0	0	0	0	0	0	0	0	1	1	0	0	1	0	0	0	0	1	0	2	1	1	1	1	0	1	1	0	1	1	0	0	0	1	0	0	0	1	0	0	0	1	0	0	0	0	0	0	0	1	0	0	0	0	0	0	0	1	0	0	0	0	0	0	0	0	0	0	0	0	0	0	0	0	0	1	0	1	0	0	0	0	0	1	0	0	1	0	0	0	0	0	1	0	0	0	0	0	1	0	1	0	0	0	0	2	0	0	1	1	0	0	0	0	0	0	0	1	0	1	0	0	0	0	1	1	0	0	0	0	0	0
chr10.s_115204710	1	0	1	0	0	1	1	1	1	0	0	0	0	1	1	1	1	1	0	0	0	0	0	0	0	0	0	0	0	1	0	1	0	0	1	1	1	0	1	0	0	0	1	1	0	0	0	0	1	1	0	0	1	1	1	1	0	0	0	0	0	0	0	0	0	0	1	0	0	0	1	1	0	0	0	0	1	1	2	1	1	0	1	0	0	0	0	0	0	0	0	0	0	0	0	0	0	0	1	1	0	0	0	0	0	1	0	1	1	0	0	0	0	0	1	1	1	1	1	1	0	0	0	0	1	1	1	0	0	0	0	0	1	1	0	0	0	0	0	0	1	1	1	0	0	0	0	0	0	0	0	1	1	0	1	0	2	1	0	0	0	0	0	1	2	0	1	2	1	1	1	1	0	0	1	0	0	0	0	0	0	0	0	0	0	0	1	0	1	0	2	0	1	1	0	0	0	0	1	0	0	1	1	1	1	0	0	0	1	0	0	0	0	0	0	1	0	0	0	1	1	0	2	0	1	0	0	1	0	0	1	0	1	0	0	0	0	1	0	0	1	0	0	0	2	0	1	0	1	1	0	0	1	0	1	1	2	1	1	0	0	1	0	0	1	0	1	1	0	0	1	0	0	0	1	0	0	0	2	0	0	0	0	0	0	1	1	0	1	1	0	0	1	1	1	1	0	0	2	1
chr9.s_125433527	0	0	0	0	0	0	0	0	0	0	0	0	0	0	0	1	1	0	1	0	0	0	0	0	0	0	0	0	0	0	0	0	0	0	0	0	0	0	0	0	0	0	0	0	0	0	1	0	0	0	0	0	0	0	0	0	1	0	0	0	0	0	0	0	1	0	0	0	0	0	0	0	0	0	0	0	0	0	0	0	0	1	1	0	0	0	0	0	0	1	1	0	0	0	0	0	0	0	0	0	0	0	0	0	0	0	0	0	0	0	0	0	0	0	0	0	0	0	1	1	0	0	0	0	0	0	0	0	0	0	0	0	0	0	0	0	0	0	0	0	0	0	0	1	0	0	0	0	0	0	0	0	0	0	0	0	0	0	0	0	0	0	0	0	0	0	0	0	0	0	0	0	0	1	1	0	0	0	0	0	0	0	0	0	0	0	0	0	0	0	0	0	0	0	0	0	0	0	0	0	0	1	0	0	0	0	0	0	0	0	0	1	0	0	0	0	1	0	0	0	0	0	0	0	0	0	0	0	0	0	0	0	0	0	0	0	0	0	0	0	0	0	0	0	0	0	0	0	0	0	0	0	0	0	0	0	0	0	0	0	0	0	0	0	1	0	0	0	0	0	0	0	0	0	0	0	0	0	0	0	0	0	0	0	0	0	0	0	0	0	0	0	0	0	0	0	0	0	0	1
chr4.s_220841564	1	1	0	1	2	0	0	1	1	0	0	1	2	2	1	2	2	1	0	1	1	1	1	1	1	1	1	1	1	0	0	1	1	1	1	0	1	0	1	0	1	1	0	1	0	1	1	1	0	0	1	1	1	1	1	0	1	1	1	2	2	1	0	0	1	2	1	1	2	1	1	0	0	1	1	2	1	2	2	1	0	0	0	1	2	2	1	1	0	1	2	0	0	0	1	2	2	1	0	2	0	0	2	1	1	2	1	1	1	1	1	2	2	2	1	1	1	0	1	1	1	1	2	2	2	2	1	1	1	1	1	2	1	2	1	0	0	0	1	1	1	1	0	0	1	1	2	1	1	0	1	2	1	1	0	0	2	2	0	1	0	0	1	2	2	1	1	1	0	1	1	1	1	0	1	1	2	2	1	1	0	0	1	0	0	1	1	1	0	1	2	2	0	1	1	0	1	1	1	0	1	1	1	0	0	1	0	1	1	1	1	2	1	0	1	1	0	0	1	2	2	1	0	2	2	0	0	0	1	0	0	0	1	1	0	1	1	1	2	1	0	1	0	1	0	2	1	1	0	1	2	0	1	1	0	0	2	1	2	1	0	2	0	2	2	0	1	1	1	0	0	1	1	0	1	1	1	1	2	1	1	1	1	1	0	1	1	1	2	0	1	1	2	0	1	1	1	1	2	1
chr3.s_185491944	1	1	0	0	0	1	1	1	1	0	0	2	0	0	1	0	0	0	0	1	0	1	1	1	1	1	1	1	1	1	0	2	1	1	1	0	1	0	1	0	0	1	1	1	1	0	1	1	0	0	0	0	0	0	0	0	2	0	1	2	2	0	0	0	0	1	0	0	0	0	0	0	1	1	0	1	0	2	1	1	0	1	1	1	0	1	1	1	0	1	2	0	0	0	0	0	1	2	1	1	0	0	0	0	0	1	1	2	1	1	0	0	1	1	0	0	0	0	1	0	1	1	0	1	1	1	0	0	1	0	1	1	0	0	0	0	1	1	0	1	0	0	1	1	1	0	2	1	1	1	1	2	1	0	1	1	2	1	1	1	0	0	0	1	2	0	1	2	1	2	1	0	1	1	1	0	1	1	1	1	0	1	2	1	1	1	0	2	1	1	1	1	0	0	0	0	0	1	2	1	1	1	0	0	0	0	0	2	1	1	0	1	0	0	1	0	0	1	1	0	1	1	1	1	0	0	0	0	1	0	0	0	1	0	0	1	1	1	1	0	0	1	0	0	1	0	1	1	0	0	1	0	0	1	0	1	1	0	1	1	1	1	0	1	2	1	1	1	0	0	1	2	1	0	1	1	1	2	2	1	1	0	1	2	0	0	0	1	0	0	2	1	0	1	0	0	1	2	0	2
chr2.s_12421116	0	0	0	1	0	0	0	2	1	0	0	0	0	0	0	0	0	0	0	1	1	0	0	1	0	1	0	1	0	1	0	0	0	0	0	0	0	1	0	1	0	0	0	0	0	0	1	0	0	0	0	0	0	0	0	0	1	1	0	1	0	1	0	0	0	1	1	1	0	0	0	0	0	0	0	0	0	0	0	0	0	0	0	1	1	1	0	0	0	0	0	1	0	1	0	0	0	0	0	0	1	1	0	0	0	1	1	2	2	0	0	1	1	0	0	0	0	0	0	1	0	0	1	0	1	0	1	2	0	1	0	1	1	0	0	0	0	0	0	0	0	1	0	0	0	1	0	1	1	0	0	0	1	0	0	1	0	0	1	0	0	1	1	0	1	0	1	1	0	0	0	0	0	0	0	2	0	0	0	1	1	0	0	2	1	1	0	1	1	0	0	1	1	0	0	0	0	0	1	0	0	0	0	0	0	0	0	1	0	0	0	1	2	1	0	1	0	0	1	1	1	1	0	1	1	0	1	0	1	1	0	2	0	1	1	0	0	1	0	0	1	0	1	1	0	0	0	0	0	0	0	1	0	0	1	1	1	0	1	0	1	1	1	1	1	1	0	1	0	1	0	0	1	1	0	1	0	0	1	0	1	0	0	1	0	0	0	0	0	0	0	0	0	0	0	0	0	0	0	0
chr5.s_15314993	0	0	0	2	1	1	1	0	1	2	1	0	2	1	0	0	0	0	1	1	0	0	0	0	0	0	0	0	0	2	1	1	1	0	0	0	0	1	0	1	1	2	1	1	1	2	1	0	0	0	1	1	0	0	0	0	0	0	0	0	0	1	2	0	1	0	0	1	1	1	1	1	1	1	1	1	1	0	0	0	1	1	1	0	1	1	0	0	1	1	0	1	0	1	0	0	0	0	0	1	1	1	1	1	1	0	1	0	0	1	2	1	0	0	0	0	1	0	0	0	0	0	0	0	0	0	1	1	0	1	0	0	0	1	1	1	1	1	1	1	0	0	0	0	0	0	1	1	0	1	1	0	1	0	0	1	0	1	1	1	1	1	1	1	0	2	1	0	1	0	1	1	1	1	1	1	0	0	0	0	2	2	1	2	1	1	0	0	0	0	0	2	1	1	2	2	2	1	0	1	0	0	1	0	0	1	1	0	0	0	1	0	0	2	1	0	0	2	0	1	0	0	0	0	1	0	1	0	1	1	0	1	0	1	2	0	1	0	0	1	1	1	1	2	0	1	0	1	1	0	0	1	0	0	1	0	1	0	0	0	1	0	1	0	0	1	0	0	2	1	2	1	0	1	0	1	0	1	0	1	0	1	1	1	1	0	0	1	0	1	0	0	1	0	0	1	0	0	1	1
chr5.s_1893187	1	1	0	1	0	1	1	1	0	0	0	0	0	0	0	0	0	0	1	1	1	1	1	1	2	2	2	1	1	1	1	1	0	1	0	1	1	1	0	0	0	1	1	1	1	0	0	0	0	1	1	0	0	0	1	2	2	2	2	1	1	1	0	0	0	1	0	0	0	1	1	2	1	1	1	0	0	0	0	0	2	1	1	2	2	2	1	1	0	0	1	0	0	0	0	0	1	2	1	1	1	0	0	1	1	0	1	0	0	0	0	0	0	0	1	1	0	1	1	1	1	1	1	1	1	1	1	1	2	1	1	1	0	0	0	1	1	1	2	0	0	1	1	1	1	1	1	2	1	0	1	1	0	0	0	0	0	0	0	0	1	2	2	1	0	1	0	0	0	0	0	0	0	2	1	1	1	1	2	2	2	0	1	1	1	1	1	1	0	2	0	0	0	0	1	2	1	1	0	0	1	1	0	0	1	0	2	1	1	1	0	1	2	0	0	1	1	0	2	1	1	1	0	1	0	0	0	0	1	0	0	1	1	0	0	0	1	0	2	1	0	0	0	1	0	0	0	0	1	0	0	1	0	1	1	0	0	1	1	2	1	1	0	1	0	1	1	2	0	0	1	1	2	1	0	1	2	1	0	0	1	0	2	0	0	0	1	2	0	0	2	1	0	0	1	0	2	1	0	1
chr6.s_125872544	0	1	1	0	1	0	0	0	1	1	0	0	1	1	0	0	0	1	1	0	0	0	0	0	0	0	0	0	0	1	1	1	0	0	0	1	1	1	0	0	0	0	0	0	0	1	0	0	1	1	0	0	0	1	0	0	1	0	0	0	0	0	1	0	0	0	0	1	1	1	1	1	0	0	0	0	1	0	0	1	1	1	1	1	0	0	0	0	1	0	0	0	0	0	0	0	0	0	0	0	0	0	0	1	0	0	0	0	0	0	0	1	1	0	1	1	0	0	0	0	1	1	0	0	0	0	0	1	0	1	0	0	0	0	0	0	0	0	0	1	0	0	0	1	0	0	1	0	0	1	0	0	0	0	1	1	0	0	1	1	0	1	1	0	0	1	1	0	0	0	1	0	1	1	1	0	0	0	0	0	0	1	1	0	0	0	0	0	0	0	0	0	0	0	0	0	1	0	0	1	0	0	2	0	1	1	0	1	0	0	0	0	0	1	0	1	1	1	0	0	0	1	1	0	0	1	0	0	1	0	1	0	1	0	0	0	1	0	1	0	1	1	0	0	1	0	0	0	0	1	0	1	0	0	1	1	0	0	0	0	1	0	0	1	0	1	1	1	0	0	1	0	1	1	0	0	1	0	0	1	0	0	1	0	1	0	1	0	1	1	0	0	0	1	0	0	1	0	0	0
chr3.s_40092351	1	2	2	0	1	2	1	1	2	2	1	1	0	1	1	2	1	1	0	1	2	2	2	2	1	1	1	1	1	1	1	2	0	1	1	1	1	0	1	0	1	1	0	0	0	1	1	0	0	0	0	0	1	0	0	0	1	1	1	2	2	2	1	1	0	2	2	0	1	1	2	1	1	0	1	0	0	1	1	1	0	0	0	1	2	2	1	1	1	1	1	0	1	0	0	1	2	1	1	1	1	0	2	0	1	2	0	1	1	0	0	1	2	2	1	0	0	1	1	1	1	1	2	2	1	1	1	2	2	1	1	2	2	1	1	0	1	0	1	1	1	1	0	0	1	1	2	2	1	1	1	1	0	0	2	1	1	1	0	1	1	1	0	0	1	0	1	1	1	0	1	1	1	0	0	2	1	1	1	1	1	1	1	0	1	0	1	1	1	1	1	1	0	1	1	1	0	1	2	1	1	1	0	2	0	0	0	1	1	1	2	2	1	0	1	1	1	1	1	1	1	1	1	2	1	1	0	2	2	1	1	0	2	1	0	2	1	1	2	2	1	0	0	0	0	1	1	0	0	1	1	2	1	2	1	1	1	2	1	1	0	1	0	1	1	1	1	2	0	0	0	1	1	2	0	1	1	1	1	1	2	0	1	1	2	1	1	1	0	1	1	2	0	0	1	0	1	1	0	1
chr5.s_223228112	1	0	0	1	0	0	0	1	1	2	2	1	1	1	1	1	2	2	0	1	2	1	0	1	1	2	1	2	1	0	2	0	1	0	1	1	2	2	1	1	0	1	0	0	0	2	2	1	1	1	1	0	0	1	1	0	2	2	1	2	1	1	1	2	2	1	1	1	0	0	0	0	0	0	1	0	0	0	0	1	0	1	1	2	2	2	1	1	2	2	1	1	2	1	2	2	1	0	0	1	1	2	1	1	0	0	0	0	1	1	1	1	1	1	1	2	2	0	2	2	2	1	1	0	1	0	0	0	0	0	1	1	1	0	0	0	1	1	0	1	1	1	0	0	1	1	1	0	1	2	1	0	0	1	1	2	1	0	1	0	0	1	1	0	0	1	1	1	2	1	1	1	1	1	1	2	1	0	1	2	0	2	1	0	1	1	1	0	0	0	1	1	1	0	0	0	0	1	1	1	1	1	1	0	1	2	0	1	0	0	1	2	2	2	1	2	1	1	2	1	1	2	0	2	1	1	1	0	2	0	1	0	0	1	1	0	1	0	0	0	1	1	2	1	1	1	1	0	1	1	1	0	1	0	1	0	0	0	1	0	2	1	2	1	1	0	2	1	1	1	0	1	2	1	1	2	1	1	0	1	2	0	0	0	1	0	1	0	2	0	2	1	1	1	1	2	1	0	1	1
chr8.s_142340269	1	1	1	0	0	1	1	0	0	0	0	1	0	0	0	0	0	0	0	0	1	1	1	1	1	1	1	0	0	0	0	1	1	0	0	1	1	1	0	0	0	1	0	0	0	0	0	0	0	0	0	0	0	0	1	1	0	0	0	0	0	0	0	0	0	0	0	0	0	0	0	0	0	0	0	1	1	1	1	0	0	0	0	1	1	1	0	0	0	0	0	1	1	0	0	0	0	1	1	0	0	0	0	0	1	1	0	0	0	1	1	0	0	0	0	0	0	1	0	0	0	0	1	1	0	0	0	0	1	0	0	0	0	1	0	0	0	0	1	0	0	0	0	0	1	1	0	0	1	0	0	1	1	1	0	0	1	1	0	0	1	0	0	1	1	0	0	0	0	0	0	0	0	1	0	0	0	0	1	1	0	0	0	0	0	0	0	0	0	1	1	0	0	0	0	0	1	1	1	0	0	0	0	1	0	0	1	0	0	1	1	0	0	0	1	0	0	0	0	0	0	0	1	0	1	0	0	1	0	1	0	1	0	1	0	1	0	1	0	1	0	0	0	0	0	0	1	0	0	0	0	1	0	1	0	0	0	0	1	1	1	1	0	0	0	0	0	0	1	0	0	0	1	0	0	0	0	0	1	0	0	1	0	0	1	0	0	0	0	1	0	0	0	1	0	0	1	0	0	1
chr7.s_36842589	1	1	0	1	0	1	1	0	0	0	0	0	1	1	0	0	1	2	0	1	1	0	0	0	1	1	2	1	2	1	0	1	1	1	0	1	1	2	0	1	0	0	0	0	0	0	0	1	1	0	0	0	0	1	2	1	2	1	0	0	1	0	0	2	2	1	0	1	0	0	0	0	1	1	0	1	1	1	1	1	0	0	0	1	1	0	1	2	0	0	1	1	2	1	2	1	1	1	0	0	2	1	0	0	0	0	0	0	0	1	1	0	0	0	0	1	1	0	1	1	1	0	1	0	1	2	1	0	2	0	2	1	0	0	0	0	0	0	0	1	0	0	0	0	1	1	0	0	0	0	1	2	1	1	1	2	1	1	2	1	0	1	1	1	1	0	0	0	0	0	1	0	1	1	0	1	2	1	0	0	0	1	2	1	2	2	2	2	1	1	0	0	2	1	0	0	0	1	1	1	2	1	0	0	0	2	1	1	2	1	0	0	1	2	1	2	0	1	1	2	2	1	1	0	1	1	1	0	0	0	0	1	1	1	0	0	1	0	1	0	1	0	1	0	0	1	0	0	0	0	0	0	0	1	0	1	1	1	1	1	1	0	2	2	0	1	1	0	1	0	1	1	2	0	1	1	2	1	1	0	1	0	1	0	0	1	0	1	1	0	1	1	2	0	0	1	2	2	2	1
chr4.s_198364762	0	0	1	0	0	1	1	1	1	0	0	1	0	0	1	1	1	0	2	2	1	0	0	1	0	1	0	1	0	0	1	0	0	0	1	1	1	0	1	0	0	0	1	0	1	1	1	1	1	1	0	0	0	0	0	0	1	1	0	2	1	0	1	0	0	0	1	0	0	1	0	1	2	1	1	1	1	2	1	1	1	1	1	1	1	1	0	0	1	2	1	1	0	1	0	0	0	0	1	1	0	0	0	1	2	2	0	1	2	1	0	0	1	1	0	0	1	0	1	1	1	0	1	0	2	1	1	0	0	1	0	1	2	1	0	1	1	1	0	1	0	0	0	1	1	1	0	1	1	1	1	1	2	0	1	0	2	1	0	0	1	1	0	1	2	0	1	2	1	2	2	0	1	1	2	1	1	0	0	1	0	1	0	1	0	0	0	0	1	0	1	1	0	0	0	1	0	0	1	1	0	0	2	1	0	0	1	1	0	0	1	2	1	0	0	1	1	0	1	2	2	1	1	2	1	0	0	1	1	1	1	1	0	1	1	1	1	1	0	2	0	0	0	0	2	1	0	0	1	1	1	0	2	0	0	2	2	0	2	0	0	2	0	2	2	2	1	1	0	1	1	0	1	0	0	1	0	0	2	1	1	0	1	1	0	1	1	0	0	1	2	2	1	1	1	0	0	1	1	1
chr5.s_76327104	0	0	0	0	0	0	0	0	0	0	0	0	0	0	0	0	0	0	0	0	0	0	1	1	1	1	1	0	0	0	0	0	0	0	0	0	0	0	0	0	0	0	1	1	1	0	0	0	0	0	0	0	0	0	0	0	0	0	0	0	0	0	0	0	0	0	0	0	0	0	0	0	0	0	0	0	0	0	0	0	0	0	0	0	0	0	0	0	0	0	0	0	0	0	0	0	0	0	0	0	0	1	0	0	0	0	0	0	0	0	0	0	0	1	0	0	0	0	0	0	0	0	0	0	0	0	0	0	0	0	0	0	0	0	0	0	0	0	0	0	0	0	0	0	0	0	0	0	0	1	0	0	0	0	0	0	0	0	0	0	1	0	0	0	0	0	0	1	1	1	0	1	0	0	0	0	0	0	0	0	0	0	0	0	0	0	0	0	0	0	0	0	0	0	0	0	0	0	0	0	0	0	0	0	0	0	0	0	0	0	0	0	0	0	0	0	0	0	0	0	0	0	0	0	0	0	0	1	0	1	0	0	0	0	0	1	0	0	0	0	0	1	0	0	1	0	0	1	0	0	1	1	0	1	0	0	0	0	0	0	0	0	0	0	0	0	0	0	0	0	0	0	0	0	1	1	0	0	0	0	0	0	0	0	1	0	0	0	0	0	0	0	0	0	0	0	0	0	0	0
chr9.s_16432780	0	0	0	0	0	1	1	0	0	0	1	1	1	1	1	1	1	0	0	0	1	1	1	1	0	0	0	1	1	1	1	1	0	1	1	0	0	0	1	1	1	1	0	0	0	1	1	1	1	1	1	1	1	1	1	1	1	1	1	0	0	0	1	2	0	0	0	0	0	0	0	0	1	1	0	1	1	1	1	1	0	0	0	1	0	0	0	0	1	2	1	0	1	0	0	0	0	0	0	0	1	1	0	0	0	0	0	0	0	0	0	0	0	0	0	0	1	1	1	1	1	1	0	0	1	1	1	0	1	1	0	1	1	0	0	0	0	0	1	0	1	0	0	0	1	1	1	0	0	1	0	1	1	1	1	1	1	1	1	1	0	0	0	1	1	0	0	1	1	1	1	1	1	0	0	0	0	0	0	0	0	2	1	0	1	0	1	0	0	0	0	1	0	0	0	0	0	0	0	1	1	1	1	1	1	1	1	1	0	0	1	1	0	1	0	1	1	0	1	0	1	0	1	1	1	2	0	1	0	1	0	1	1	0	0	1	0	0	1	0	1	0	1	0	1	0	0	0	1	0	0	0	0	1	1	1	0	1	0	0	1	0	0	0	1	1	0	0	0	1	1	1	0	0	0	1	0	0	1	0	1	1	0	1	0	0	1	0	0	0	0	0	0	1	1	0	0	1	0	0
chr9.s_36887101	0	0	0	0	0	0	0	0	0	0	0	0	1	1	0	0	0	0	1	0	0	0	1	1	0	0	0	0	0	0	0	0	0	1	1	0	0	0	1	1	1	0	1	1	0	0	0	0	0	0	0	1	1	0	1	1	0	0	0	0	0	0	0	0	1	0	0	0	0	0	0	0	1	1	0	1	1	0	0	0	0	1	1	0	0	0	0	0	0	0	0	0	0	0	0	0	0	1	1	0	1	0	0	1	0	0	0	0	0	0	0	0	0	0	0	0	1	1	1	1	0	0	0	0	0	0	0	1	0	0	0	0	0	0	1	1	0	0	1	0	0	0	0	1	1	1	0	1	0	0	0	0	0	1	0	0	0	0	0	0	1	1	1	0	0	0	0	0	0	0	0	1	1	2	1	0	0	0	0	0	0	0	0	1	1	1	1	0	0	0	0	0	1	1	0	0	0	0	0	0	0	1	0	1	0	1	1	1	1	0	0	0	0	1	0	0	1	0	0	0	0	0	0	0	1	0	1	1	0	1	0	0	1	0	0	1	0	0	0	0	1	0	0	0	0	1	0	0	0	0	0	0	0	1	1	0	0	1	0	0	0	0	0	0	0	0	0	0	0	0	0	0	0	0	0	0	0	0	0	0	0	1	0	1	0	0	0	0	1	0	0	1	0	0	0	0	0	1	0	0
chr3.s_210389317	0	0	0	0	0	0	0	0	1	1	0	0	0	0	0	1	1	0	0	0	0	0	0	0	0	0	0	1	1	0	0	0	0	0	0	1	1	1	1	1	1	0	0	0	0	0	0	1	2	2	1	1	1	1	0	0	1	1	1	0	0	0	1	1	0	0	0	0	0	0	1	1	0	0	1	0	1	0	0	0	0	0	0	0	0	0	1	1	0	0	0	0	0	1	1	0	0	1	1	0	1	1	0	0	0	0	0	0	0	0	0	0	0	0	1	1	1	0	0	0	1	1	0	0	0	0	0	1	1	0	1	1	1	0	0	0	0	0	0	0	0	0	1	1	0	0	0	0	1	1	0	0	0	1	0	0	0	0	0	0	0	0	0	0	0	0	0	0	0	0	2	0	0	1	0	0	0	0	1	1	1	0	0	1	1	1	1	0	0	1	1	0	1	1	1	1	0	0	0	0	1	0	1	0	1	0	0	0	1	1	0	1	0	0	0	0	0	0	1	0	0	0	1	1	0	1	0	0	1	0	0	1	0	0	0	0	1	1	0	0	0	1	0	0	1	0	0	0	0	2	0	0	0	0	0	1	0	1	0	1	0	0	1	0	0	1	0	1	0	0	0	0	1	0	0	1	0	0	0	0	0	1	0	0	0	0	1	1	0	0	0	0	0	1	1	0	1	0	0	0
chr5.s_1100670	0	0	0	1	1	0	0	0	0	0	0	1	0	0	1	0	0	0	1	1	0	0	0	0	0	0	0	0	0	1	0	0	0	0	0	0	0	1	0	1	1	1	0	0	0	0	0	1	1	0	0	0	0	1	0	0	0	0	0	0	0	0	1	0	0	0	0	1	1	0	1	0	0	0	0	0	0	1	0	1	0	0	1	1	0	0	1	1	0	0	0	0	0	1	1	0	0	0	0	0	1	1	1	1	0	0	1	1	0	0	0	0	1	1	0	0	0	0	0	0	1	1	0	0	0	0	0	0	0	0	1	0	0	1	1	0	0	0	0	0	1	0	0	0	0	0	0	0	1	0	0	0	0	0	0	1	0	1	1	1	1	0	0	0	0	0	0	0	0	0	0	0	1	0	0	0	0	0	0	0	0	0	0	0	0	0	0	0	0	0	0	1	1	1	1	0	0	0	0	0	0	0	0	0	1	0	0	0	0	1	0	0	0	1	0	0	0	0	0	1	0	0	0	1	0	1	1	0	0	0	0	0	1	1	0	1	1	1	0	0	2	0	1	1	0	1	0	0	0	0	0	0	0	0	1	0	1	0	0	0	2	0	2	0	0	0	0	0	0	0	1	0	0	0	0	0	0	0	0	1	0	0	0	0	0	0	0	0	1	0	0	1	1	0	1	0	0	0	1	0
chr1.s_54629561	1	1	2	1	0	1	2	0	0	0	1	2	1	1	2	0	0	1	0	0	1	1	1	1	0	0	0	1	1	0	1	0	0	1	1	1	0	0	1	1	1	0	1	1	2	1	1	0	0	0	0	0	0	1	0	1	0	0	0	1	1	0	2	1	0	0	1	0	0	0	0	1	1	2	1	0	0	1	0	2	1	0	1	0	1	1	0	0	1	1	0	2	2	1	0	0	0	0	1	1	0	1	0	1	1	0	2	1	1	0	0	0	1	1	0	0	1	2	1	1	1	1	0	0	1	1	1	1	0	1	0	0	1	0	1	2	1	2	2	1	0	1	2	1	1	1	0	1	0	2	0	0	1	0	1	0	0	0	1	1	1	0	1	1	0	2	1	0	0	0	0	1	2	0	1	0	0	0	0	0	0	2	1	1	1	0	2	1	2	0	0	0	0	0	0	0	1	1	0	1	0	1	1	2	2	1	1	1	0	0	1	0	0	1	0	1	0	1	0	0	1	0	1	1	1	2	1	2	0	2	1	1	1	0	1	2	1	0	0	0	1	1	1	1	0	0	1	1	2	0	0	1	1	1	1	2	0	0	0	0	0	0	0	1	0	1	0	0	0	2	1	1	0	0	1	0	0	0	0	2	0	0	0	0	1	1	1	0	0	1	0	2	0	0	2	0	0	1	0	1
chr10.s_65218331	0	0	1	2	1	0	0	1	1	1	2	1	2	2	0	1	0	1	1	1	0	0	0	0	0	0	0	1	1	2	1	1	2	0	1	1	1	1	1	1	1	1	1	2	1	1	1	0	1	1	1	1	1	0	0	0	0	0	0	1	1	1	1	1	2	0	1	1	1	0	1	0	0	1	0	1	2	0	1	0	0	0	1	0	0	0	0	0	1	1	0	2	2	1	1	1	0	0	1	2	1	1	1	1	0	1	1	1	2	1	2	1	0	0	1	0	0	0	0	0	0	0	0	0	0	0	1	1	0	1	0	0	1	1	1	0	0	0	2	2	1	0	1	1	0	0	0	0	1	2	1	0	1	1	1	1	1	1	2	2	1	1	2	1	1	1	1	2	2	1	1	1	1	1	0	0	0	0	0	0	1	1	0	1	1	1	1	0	1	0	1	2	2	2	1	0	1	2	2	1	0	0	1	1	0	2	0	0	1	1	1	0	0	2	2	0	0	2	0	1	0	0	1	0	2	1	1	2	0	2	1	2	0	1	1	0	0	2	0	0	1	2	2	2	2	1	2	2	0	1	0	1	1	0	1	1	2	1	0	0	1	0	1	1	1	0	1	0	1	2	1	0	0	1	1	0	0	0	1	0	0	1	0	0	1	1	0	0	1	1	0	1	2	1	0	0	0	0	1	0
chr7.s_85550158	0	0	0	0	0	0	0	0	0	0	0	0	0	0	0	0	0	0	0	0	0	0	0	0	0	0	0	0	0	0	0	0	0	0	0	0	0	0	0	0	0	0	0	0	0	0	0	0	0	0	0	0	0	0	0	0	0	0	0	0	0	0	0	0	0	1	1	0	0	0	0	0	0	0	0	0	0	0	0	0	0	0	0	0	0	0	0	0	0	0	0	0	0	0	0	0	0	0	0	0	0	0	0	0	0	0	0	0	0	0	0	0	0	0	0	0	0	0	0	0	0	0	0	0	1	1	1	0	0	0	0	0	0	0	0	0	0	0	0	0	0	0	0	0	0	0	0	0	0	0	0	0	0	0	0	0	0	0	0	0	0	0	0	0	0	0	0	0	0	0	0	0	0	0	0	0	0	0	0	0	0	0	0	0	0	0	0	0	0	0	0	0	0	0	0	0	1	0	0	0	0	0	0	0	0	0	0	0	0	0	0	0	0	0	0	0	0	0	0	0	1	0	0	0	0	0	0	0	0	0	0	0	0	0	0	0	0	0	0	0	0	0	0	0	0	0	0	0	0	0	0	0	0	0	0	0	0	0	0	0	0	0	0	0	0	0	0	0	0	0	0	0	0	0	0	0	0	0	0	0	0	0	0	0	0	0	0	0	0	1	0	0	0	0	0	0	0	0	0	0
chr3.s_8850751	0	0	0	0	0	0	0	0	0	0	0	0	1	1	0	0	0	0	0	0	0	0	0	0	0	0	0	0	0	0	0	0	1	0	0	0	0	0	0	0	0	0	0	0	0	0	0	0	0	0	0	0	0	0	0	0	0	0	0	0	0	0	0	0	0	0	0	0	0	0	0	0	0	0	0	0	0	0	0	0	0	0	0	0	0	0	0	0	0	0	0	0	0	0	0	0	0	0	0	0	0	0	0	0	0	0	0	0	0	0	0	0	0	0	0	0	0	0	0	0	0	0	0	0	0	0	0	0	0	0	0	0	0	0	0	0	0	0	0	0	0	0	0	0	0	0	0	0	0	0	0	0	0	0	0	0	0	0	1	1	0	0	0	0	0	0	0	0	0	0	0	0	0	0	0	0	0	0	0	0	0	0	0	0	0	0	0	0	0	0	0	0	0	0	0	0	0	0	0	0	0	0	0	0	0	0	1	0	0	0	0	0	0	0	0	0	0	0	0	0	0	0	0	0	1	0	0	0	0	0	0	0	0	0	0	0	0	0	0	0	0	0	0	0	0	0	0	0	0	0	0	0	0	0	0	0	0	0	0	0	0	0	0	0	0	0	0	0	0	0	0	0	0	0	0	1	0	0	0	0	0	0	0	0	0	0	0	0	0	0	0	0	0	0	0	0	0	0	0	0
chr9.s_19438353	1	1	1	1	1	0	0	1	1	1	0	0	1	1	0	0	0	0	0	0	1	1	1	1	1	1	1	0	0	0	1	0	2	1	1	0	0	0	0	0	0	0	0	0	1	0	0	0	0	0	0	0	0	0	0	0	0	0	0	0	0	1	0	0	2	1	1	0	0	0	1	1	0	0	1	0	0	0	0	0	1	1	1	0	1	1	1	1	1	0	0	1	1	0	1	1	0	1	1	1	0	0	1	0	0	0	0	0	1	1	1	1	1	1	0	0	0	1	0	0	0	0	1	1	0	0	0	0	0	1	0	0	0	1	0	0	0	0	0	1	0	1	1	1	1	1	1	0	0	1	1	0	0	1	0	0	0	0	0	0	1	0	0	0	0	1	1	0	0	0	1	1	0	1	0	1	1	1	1	1	1	0	0	0	0	1	1	1	1	1	1	0	0	0	1	1	0	0	0	0	0	0	0	1	0	1	0	0	0	0	1	0	1	0	0	0	0	1	0	1	0	1	0	0	0	0	0	0	1	0	1	0	0	0	1	1	0	0	1	0	0	1	0	0	0	2	1	1	0	1	1	1	1	1	0	0	1	0	1	1	0	1	1	1	0	0	1	1	1	0	0	0	0	0	1	0	1	1	0	1	0	0	1	0	1	1	0	1	0	0	0	0	2	0	0	0	0	0	1	1
chr4.s_1058625	0	0	0	0	0	1	1	0	0	0	0	0	0	0	1	0	0	0	0	0	0	0	0	0	0	0	0	0	0	0	0	0	0	0	0	0	0	0	0	0	0	0	0	0	0	0	0	0	0	0	0	0	0	0	0	0	0	0	0	0	0	0	0	0	0	0	0	0	0	0	0	0	0	0	0	1	1	0	0	0	0	0	0	0	0	0	0	0	0	0	0	0	0	0	0	0	0	0	0	0	0	0	0	0	0	0	0	0	0	0	0	0	0	0	0	0	0	0	0	0	0	0	0	0	0	0	0	0	0	0	0	0	0	0	0	0	0	0	0	0	0	1	0	0	0	0	0	0	0	0	0	0	0	0	0	0	0	0	0	0	0	0	0	0	0	0	0	0	0	0	0	0	0	0	0	0	0	0	0	0	0	0	0	0	0	0	0	0	0	0	0	0	0	0	0	0	0	0	0	0	0	0	0	0	0	0	0	0	0	0	0	0	0	0	0	1	0	0	0	0	0	0	1	0	0	0	0	0	0	0	0	0	0	0	0	0	0	0	0	0	0	0	0	0	0	0	0	0	1	0	0	0	0	0	0	0	0	0	0	0	0	0	0	0	0	0	0	0	0	0	0	0	0	0	0	0	0	0	0	0	0	0	0	0	0	0	0	0	0	0	0	0	0	0	0	0	0	0	0	0
chr2.s_159766077	1	0	0	1	1	1	1	1	1	0	1	1	1	1	1	1	1	0	0	0	0	0	0	1	0	1	1	1	1	1	0	1	1	0	1	1	2	2	2	2	2	1	2	2	1	1	1	0	0	0	0	0	0	0	0	1	1	1	1	1	1	1	0	0	2	0	0	1	1	1	1	1	1	1	1	0	0	2	1	1	1	0	1	1	0	1	0	1	1	1	2	0	0	0	1	1	0	0	0	1	1	1	1	1	1	1	2	2	1	1	1	0	1	1	1	1	0	1	1	1	0	0	0	0	1	1	1	1	1	0	0	1	1	2	1	1	2	2	1	0	0	1	1	0	0	0	1	0	2	0	1	2	1	1	1	2	2	2	1	1	2	1	1	2	2	2	2	2	1	1	1	0	2	0	1	0	1	1	0	1	1	0	1	0	0	1	0	0	0	0	1	2	1	1	1	1	1	1	1	0	1	1	1	0	1	2	1	1	1	1	0	2	0	2	0	0	1	1	0	1	0	1	0	2	1	0	1	1	1	1	1	0	1	1	0	1	0	2	1	1	1	0	2	1	1	2	0	0	1	0	0	1	0	1	1	0	2	0	1	1	2	2	1	0	2	1	2	1	0	1	1	1	1	1	0	0	2	0	2	2	1	0	1	0	0	1	2	0	0	0	0	2	2	0	2	0	2	1	1	0
chr3.s_201246811	0	0	0	0	0	0	0	0	1	1	1	1	1	1	1	0	0	1	1	0	0	0	0	0	1	1	1	1	1	1	1	1	0	0	0	1	1	1	1	1	1	0	0	0	0	0	1	0	1	1	0	0	0	1	1	1	1	0	0	0	0	0	2	1	0	0	0	0	0	0	0	0	0	0	0	0	1	0	0	1	0	2	1	1	0	0	1	1	2	2	1	1	1	1	1	0	0	0	0	1	0	0	0	0	0	0	1	1	0	0	0	0	0	0	0	0	0	0	1	1	1	1	0	0	0	0	0	0	0	0	1	0	0	1	0	0	1	1	0	0	1	0	0	1	0	0	1	0	0	1	0	0	0	0	0	0	0	0	1	1	0	0	0	0	0	1	1	0	0	0	1	1	1	1	2	0	0	0	1	1	1	1	0	1	1	1	1	0	0	1	1	0	0	0	1	1	0	0	0	0	1	1	1	0	1	1	1	0	0	0	1	0	0	1	0	0	2	1	0	0	0	1	1	0	1	1	0	0	1	0	1	0	0	0	1	0	1	0	0	0	0	0	1	0	1	0	0	0	1	1	0	0	0	0	1	0	0	0	1	1	1	1	1	0	1	0	1	0	0	1	1	0	1	1	0	0	1	1	0	1	1	0	0	0	0	0	0	1	0	0	0	0	0	1	0	0	1	0	0	0
chr8.s_77713058	1	0	1	1	0	1	0	2	2	1	0	2	0	1	2	1	1	2	1	1	1	1	1	1	0	0	0	1	1	0	1	1	1	1	1	2	1	2	0	1	0	0	0	0	0	1	1	1	1	0	0	1	2	2	2	2	2	0	0	1	1	0	0	1	1	0	1	1	0	1	0	0	2	1	1	1	1	1	1	1	1	1	2	0	0	0	1	1	0	1	1	1	0	2	2	1	0	0	1	0	2	1	0	1	0	1	0	1	1	1	1	0	1	1	1	1	1	2	1	1	0	0	0	0	1	1	1	0	1	1	1	1	2	0	0	0	2	1	1	0	1	1	2	2	1	1	1	0	0	0	0	0	1	2	1	1	0	0	1	0	0	2	1	0	1	0	1	1	0	0	0	0	1	1	1	0	0	0	0	0	0	0	0	1	0	1	0	0	1	0	0	0	1	0	0	1	0	0	1	0	1	1	1	2	1	1	1	0	0	0	0	0	1	1	0	1	1	1	1	0	2	1	0	0	1	1	1	2	1	2	1	1	0	1	2	2	0	1	0	1	1	0	1	0	0	1	1	0	1	1	0	0	2	1	0	1	1	2	1	0	1	0	2	0	2	1	1	0	1	1	0	0	2	1	1	1	1	0	1	1	1	1	0	0	0	1	2	0	2	1	0	1	1	0	1	2	1	1	1	0
chr6.s_47816790	0	0	0	0	0	0	0	0	0	0	0	0	0	0	0	0	0	0	0	0	0	0	0	0	0	0	0	0	0	0	0	0	0	0	0	0	0	0	0	0	0	0	0	0	1	0	0	0	0	0	0	0	0	0	0	0	0	0	0	0	0	0	0	0	0	0	0	0	0	0	1	1	0	0	0	0	0	0	0	0	0	0	0	0	0	0	0	0	0	0	0	0	0	0	0	0	0	0	0	0	0	0	0	0	0	0	0	0	0	0	0	0	0	0	0	0	0	0	0	0	0	0	0	0	0	0	0	0	0	1	0	0	0	0	0	0	1	1	0	0	0	0	0	0	0	0	0	0	0	0	0	0	0	0	0	0	0	0	0	0	0	0	0	0	0	0	0	0	0	0	0	0	0	0	0	0	1	1	0	0	0	0	0	0	0	0	0	0	0	0	0	0	0	0	0	0	0	0	0	0	0	0	0	0	0	0	0	0	0	0	0	0	0	0	0	0	0	0	0	0	0	0	0	0	0	0	0	0	0	0	0	0	0	0	0	0	0	0	1	0	0	0	0	0	0	0	0	1	0	0	0	0	0	0	0	0	0	0	0	0	0	0	0	0	0	0	0	1	0	0	0	0	0	0	1	0	0	0	0	0	0	0	0	0	0	1	0	0	0	0	0	1	0	0	0	0	0	0	0	0
chr3.s_178337128	0	0	0	0	0	0	0	0	0	0	0	0	0	0	0	0	0	0	0	0	0	0	0	0	0	0	0	0	0	0	0	0	0	0	0	0	0	0	0	0	0	0	0	0	0	0	0	1	0	0	0	0	0	0	0	0	1	0	0	0	0	0	0	0	0	0	0	0	0	0	0	0	0	0	0	1	0	0	0	0	0	0	0	0	0	0	0	0	0	1	1	0	0	0	0	0	0	0	0	0	0	1	0	0	0	0	0	0	0	1	0	0	0	0	0	0	0	0	0	0	0	0	0	0	0	0	0	0	0	0	0	0	0	0	0	0	0	0	0	0	0	0	0	0	0	0	0	0	0	0	0	0	0	0	0	0	0	0	0	0	0	0	0	0	0	0	0	1	1	2	0	0	0	0	0	0	0	0	0	0	0	0	0	0	0	0	0	0	0	0	1	0	0	0	0	0	0	0	0	0	0	0	0	0	0	0	0	0	0	0	0	0	0	0	0	0	0	0	0	0	0	0	0	0	0	0	0	0	0	0	0	0	0	0	0	0	0	0	0	0	0	0	0	0	1	0	0	0	0	0	1	1	0	0	0	0	0	0	0	0	0	0	0	0	1	0	0	0	0	0	0	0	0	0	0	0	0	0	0	0	0	0	0	1	1	0	0	0	0	0	0	0	0	0	0	0	0	0	0	0
chr7.s_180893765	1	0	0	0	0	1	2	0	0	0	0	1	0	0	0	1	1	0	0	0	0	0	0	0	0	0	1	0	1	0	0	0	0	0	0	0	0	0	0	0	0	0	1	0	1	0	0	0	0	0	0	0	0	0	0	1	0	0	0	0	1	0	0	0	0	1	1	0	0	0	1	2	0	0	2	0	0	0	0	0	1	0	0	0	0	0	1	2	1	0	0	0	0	0	0	0	0	0	0	0	0	0	0	1	1	0	0	0	0	0	0	1	1	0	0	0	0	1	0	0	0	0	0	0	0	1	0	0	0	0	1	0	0	0	0	1	0	1	0	0	0	1	1	0	0	0	0	0	0	0	0	0	0	0	0	0	0	0	0	0	1	0	0	0	0	0	0	0	0	0	0	0	0	0	1	0	0	0	0	0	0	0	0	0	0	0	0	0	0	0	0	0	0	0	0	0	0	0	0	0	0	0	0	0	1	0	1	0	1	0	0	1	0	0	0	0	0	0	0	0	0	1	1	0	0	0	0	0	0	0	1	0	1	0	0	0	0	0	0	0	0	0	0	0	0	0	0	0	1	1	0	0	0	0	0	0	0	0	0	1	0	0	1	0	0	0	0	1	0	0	1	1	0	1	0	0	0	0	0	0	0	0	0	0	0	0	1	0	0	0	1	0	0	1	1	0	0	0	0	0
chr1.s_294248361	1	2	2	1	0	0	1	1	1	0	0	1	0	0	1	0	1	2	1	1	2	2	1	1	1	1	1	2	2	1	1	1	0	1	1	1	1	0	1	0	0	0	1	0	1	0	0	0	1	1	0	1	1	1	2	1	1	1	1	1	1	0	1	1	0	1	1	0	0	0	0	1	0	0	1	0	1	2	1	1	0	2	1	1	1	1	1	1	1	1	1	0	1	0	0	0	1	1	1	1	1	0	0	1	2	2	0	1	2	0	0	0	1	1	0	1	1	0	2	2	1	1	1	1	2	2	1	1	2	0	1	1	1	1	1	2	0	1	0	0	0	0	0	1	1	1	1	1	2	1	1	2	1	1	1	0	2	1	0	0	2	0	0	1	2	0	1	1	0	0	1	0	1	1	1	2	1	1	2	2	1	2	2	0	1	0	2	1	1	2	2	0	1	1	1	1	0	1	2	0	1	2	1	1	0	0	2	1	2	2	1	1	1	0	1	1	2	1	1	1	2	1	1	1	0	1	1	1	1	0	1	0	1	1	1	1	1	2	1	1	0	0	0	1	1	0	0	0	1	1	0	1	1	1	0	1	1	1	2	2	0	2	0	1	1	0	1	1	0	0	2	1	1	0	1	1	1	2	2	1	2	1	1	0	1	1	0	2	1	1	2	1	0	1	0	1	1	1	1	1
chr2.s_52479792	1	1	0	0	0	0	0	0	1	2	1	0	0	0	1	0	1	2	0	1	1	1	2	2	1	1	1	2	2	1	2	1	0	2	1	0	0	0	1	1	1	1	0	0	0	1	2	1	0	1	1	0	0	2	2	1	1	1	1	2	2	0	1	1	1	2	1	0	0	0	1	1	0	0	0	2	1	0	0	1	0	0	0	1	2	2	1	1	1	2	2	0	1	0	0	1	2	2	1	0	0	0	1	0	0	0	1	1	0	1	0	1	1	1	0	1	2	1	2	2	2	2	1	1	1	1	0	1	2	1	1	1	0	0	1	1	0	0	1	1	0	1	0	0	2	2	2	1	1	1	1	1	0	0	1	1	0	0	1	1	1	1	1	0	0	0	0	0	1	1	1	1	0	0	1	2	1	1	2	2	0	2	2	0	1	0	2	2	1	1	0	1	0	0	0	0	0	1	1	2	1	2	0	1	1	0	1	1	1	1	1	1	1	0	1	2	0	1	2	1	1	1	0	1	0	2	1	1	2	1	0	0	1	0	0	1	1	0	2	0	0	0	0	1	0	0	0	0	1	0	2	0	0	2	1	1	0	0	1	1	0	1	0	1	1	1	0	2	1	0	1	1	1	0	1	1	1	1	0	0	1	0	1	2	1	0	0	1	1	0	1	0	0	0	0	2	1	1	1	1
chr5.s_63359277	1	1	0	1	1	0	1	1	1	0	1	0	0	0	0	1	1	0	0	1	1	1	0	0	0	0	0	0	0	0	0	1	0	1	0	0	0	1	0	1	0	1	1	0	1	0	1	0	0	1	1	1	1	0	0	0	1	1	1	1	1	0	0	0	0	1	0	2	1	1	0	1	0	0	1	0	0	0	0	0	0	0	1	0	1	1	0	0	0	0	0	1	0	1	0	0	1	2	1	0	2	1	0	1	1	1	0	1	1	0	0	0	0	0	1	1	0	0	0	0	0	0	1	1	0	0	0	0	0	2	1	2	1	0	0	1	0	1	0	0	0	0	0	0	0	0	0	0	0	0	1	0	1	0	0	1	0	0	1	0	1	0	0	0	1	0	1	1	0	0	0	0	0	0	0	0	1	1	0	0	0	1	1	1	0	0	0	1	0	1	0	0	1	0	0	0	0	0	1	1	0	1	0	0	0	0	1	1	0	1	1	1	0	1	0	0	1	0	2	0	1	1	0	0	0	0	1	0	0	1	0	2	0	1	1	0	0	1	1	0	1	0	2	0	0	0	0	0	1	0	0	0	1	0	0	1	1	1	1	0	1	0	1	0	1	1	0	0	0	2	1	0	1	0	0	0	0	1	1	0	2	0	0	0	0	1	0	1	0	0	0	0	0	1	0	0	0	0	0	0
chr7.s_180358978	1	2	2	1	1	1	1	2	2	2	1	2	0	0	1	1	2	1	1	1	1	0	0	1	1	2	2	1	1	1	0	2	1	1	1	2	2	2	1	1	0	0	0	0	0	1	1	2	1	1	1	1	1	2	2	2	1	2	1	1	1	1	0	2	1	2	2	2	1	1	1	1	0	0	1	1	0	1	0	1	1	0	0	2	1	1	1	2	1	0	0	0	1	1	2	1	1	1	1	1	2	2	0	0	1	2	1	2	1	1	0	1	2	2	0	1	1	1	1	1	2	1	2	1	2	2	2	1	0	1	2	1	1	0	0	0	0	0	0	1	1	1	1	0	1	1	0	0	2	0	0	0	0	1	2	2	1	0	2	1	0	0	0	0	1	1	2	1	1	1	1	0	1	0	1	1	1	0	0	1	1	1	1	0	1	1	1	1	1	1	1	1	1	0	1	1	0	1	2	1	1	1	0	1	2	1	1	2	1	2	1	2	2	1	1	1	0	1	1	1	1	1	1	1	0	2	1	1	2	0	2	1	1	2	0	1	1	2	1	1	1	0	1	0	0	1	0	0	0	1	2	2	2	0	1	1	1	1	0	1	2	1	2	1	1	0	2	2	0	0	0	2	1	2	1	1	1	1	1	2	0	0	0	1	2	1	1	2	1	1	1	1	1	1	1	2	1	0	1	1
chr3.s_138370248	0	1	1	0	2	0	0	0	0	0	0	1	1	0	0	1	1	0	1	0	0	0	0	0	0	0	0	0	0	0	0	0	1	0	0	0	0	0	0	0	1	1	0	0	0	0	0	0	0	0	1	1	0	0	0	0	0	0	0	1	1	1	0	1	1	0	0	1	2	1	2	1	1	1	0	0	0	0	0	0	1	1	1	0	1	1	0	0	0	0	0	0	1	0	1	1	0	0	0	0	1	0	1	0	0	0	0	0	0	0	1	1	0	1	0	0	0	0	0	0	0	0	1	1	0	0	0	1	1	1	0	0	0	1	1	0	0	0	1	0	0	0	0	1	0	0	0	0	0	0	0	0	0	1	0	0	0	1	0	1	0	0	0	0	0	0	0	0	0	0	1	1	0	1	2	0	0	0	0	0	0	0	0	0	1	1	1	0	0	0	0	1	0	1	1	0	0	1	1	0	0	0	0	0	0	1	0	0	0	0	1	1	0	0	2	0	2	0	0	0	0	0	0	1	0	1	0	1	0	1	0	0	1	0	0	0	0	0	1	0	1	1	0	0	0	2	0	1	0	0	1	1	0	0	0	0	0	1	0	0	0	0	0	0	0	0	0	1	1	0	0	0	0	0	0	0	0	0	0	0	1	1	1	1	1	0	0	0	0	0	0	0	1	0	1	0	0	1	0	0
chr4.s_26077580	1	0	1	0	2	1	1	1	1	0	0	1	0	0	1	1	1	0	0	1	1	1	1	1	1	1	1	1	1	1	1	0	0	0	1	2	2	1	1	0	1	1	0	1	0	0	0	0	0	0	0	1	1	0	1	1	1	1	1	1	1	1	2	0	0	0	1	1	2	1	1	0	0	1	0	0	0	1	1	1	0	0	0	1	1	1	1	1	1	2	2	0	0	0	0	0	0	1	2	1	1	0	1	0	0	1	1	1	2	0	0	0	0	0	1	1	0	0	1	1	1	1	2	2	2	2	2	1	2	1	0	1	2	1	1	0	0	0	1	0	0	0	0	0	1	1	1	1	1	1	1	2	1	1	1	0	2	2	1	2	0	0	1	2	2	1	1	1	0	0	0	1	0	0	0	1	2	2	1	1	1	1	1	0	0	0	0	0	1	0	1	1	0	1	1	0	1	1	1	0	1	0	0	1	0	0	1	2	1	0	2	2	1	0	0	2	0	0	1	2	2	1	1	1	0	0	0	1	1	0	1	0	1	0	0	0	2	1	2	0	0	0	0	1	0	1	0	0	1	0	0	2	2	1	1	1	2	1	1	1	0	1	0	1	2	0	1	1	0	0	0	1	2	1	0	1	1	0	2	0	1	1	1	0	1	2	1	0	0	1	2	0	1	0	0	0	2	1	1	1
chr6.s_170825574	0	0	0	1	0	1	1	0	0	1	1	2	1	1	1	0	0	0	1	1	0	0	0	0	0	0	0	1	1	1	1	0	1	0	0	0	0	1	0	1	0	0	2	2	1	2	1	0	0	0	0	1	1	0	1	2	0	0	0	0	0	1	1	0	0	0	0	1	0	1	0	1	1	1	1	0	0	2	1	1	1	0	0	0	0	0	0	0	1	1	0	1	1	0	0	1	1	0	0	0	2	1	0	1	1	0	1	0	0	0	0	0	1	1	0	0	0	1	0	0	0	0	0	0	0	0	1	2	1	0	0	0	0	1	0	1	1	1	1	1	0	1	2	1	0	0	1	0	0	1	1	1	1	1	0	1	1	1	1	0	1	1	1	1	0	1	0	1	2	1	0	0	1	0	0	0	1	1	0	0	1	1	0	0	0	0	0	0	0	0	0	0	1	0	0	1	1	1	0	1	0	0	1	0	1	0	2	1	0	0	1	0	0	1	0	0	0	2	0	0	0	0	0	0	1	0	1	0	0	0	0	0	0	1	0	1	0	0	0	1	1	0	1	1	1	0	0	0	1	0	0	1	1	0	1	0	0	1	1	0	1	1	1	0	0	1	0	0	1	0	1	0	0	1	0	0	0	0	1	1	0	1	0	0	1	1	1	0	0	0	0	1	0	0	1	0	0	0	0	0
chr4.s_48665037	1	0	0	0	0	0	0	0	0	0	0	0	0	0	0	0	0	0	1	0	1	1	0	0	1	1	1	0	0	0	1	0	0	0	0	1	1	1	0	0	0	0	0	0	0	0	0	0	0	0	0	0	0	1	0	0	1	0	0	0	0	1	1	1	0	1	1	0	0	0	0	0	0	0	0	0	0	0	0	0	0	1	1	1	0	0	0	0	1	1	0	1	1	0	0	1	1	0	0	0	0	0	1	1	0	0	0	0	0	1	1	1	1	1	0	0	0	0	0	0	0	0	0	0	0	0	0	0	0	0	0	0	0	0	0	0	0	0	0	0	1	1	0	1	0	0	0	0	0	1	0	0	0	0	0	0	0	0	0	0	0	0	0	0	0	0	0	0	0	0	0	0	0	1	1	0	0	0	1	1	0	1	0	0	0	0	0	0	0	0	1	0	0	0	0	0	0	0	0	0	1	0	0	0	0	0	0	0	0	0	1	0	0	0	0	0	1	0	0	0	0	0	0	0	0	1	0	0	0	0	0	0	0	0	0	0	0	0	0	0	0	0	0	0	0	0	0	0	0	0	1	0	0	0	0	0	0	0	0	0	1	0	0	0	0	0	1	0	1	0	0	0	1	1	0	0	1	0	0	0	0	0	0	0	0	0	0	0	1	0	1	0	0	1	0	0	1	0	0	0
chr6.s_155174386	1	0	0	0	0	0	0	0	0	0	0	1	1	1	1	0	0	0	0	0	0	0	1	1	0	0	0	0	0	1	0	0	0	1	1	0	0	0	0	0	0	0	1	1	1	0	0	1	1	1	1	0	0	0	0	0	0	1	1	0	0	1	0	1	1	0	0	0	0	0	1	1	0	0	1	1	1	0	0	1	0	0	0	0	0	0	0	0	0	0	0	1	1	1	1	0	0	0	0	0	1	0	0	0	0	0	0	0	0	0	0	0	0	0	0	0	0	0	1	1	0	0	0	0	1	1	2	1	1	0	1	0	0	0	1	1	1	1	1	1	1	0	1	1	0	0	0	1	0	1	0	1	1	1	1	1	1	1	1	1	1	0	0	0	0	0	0	0	0	0	0	1	1	1	0	0	0	0	1	1	2	0	0	1	1	1	0	0	0	0	1	0	0	0	0	0	1	1	1	0	1	1	0	0	0	1	1	0	0	0	0	0	0	1	1	0	1	1	1	1	1	0	0	0	1	0	1	0	0	0	0	1	1	0	0	1	0	0	0	0	1	1	0	0	0	1	1	1	1	1	0	1	0	1	1	0	1	1	0	0	0	0	0	1	0	0	0	1	0	0	0	0	0	2	1	0	0	0	1	0	1	1	0	1	0	0	0	0	0	1	0	1	1	0	0	0	0	0	1	1
chr3.s_82451246	0	1	1	0	1	1	1	0	0	0	0	0	0	0	0	1	1	0	0	0	0	0	0	0	0	0	0	0	0	0	0	0	1	0	0	0	0	0	0	0	1	1	0	1	0	0	0	0	1	1	0	0	0	0	0	0	0	0	0	1	1	1	0	0	1	1	1	0	1	0	2	1	1	2	0	0	1	0	0	0	0	0	0	0	1	1	0	0	0	0	0	0	0	0	1	2	1	0	0	0	1	0	2	0	0	0	1	0	0	0	0	1	1	1	0	0	0	0	0	0	0	0	1	1	0	0	0	0	1	1	0	1	1	1	1	0	0	0	2	0	0	1	0	0	0	0	0	1	0	0	0	0	0	1	0	0	0	1	0	1	1	0	1	1	0	1	0	0	0	0	2	0	0	0	0	0	0	0	0	0	0	0	0	0	0	1	0	0	0	0	0	1	0	1	1	0	1	2	1	0	0	0	1	0	0	1	0	0	0	0	1	1	0	0	1	0	1	0	0	0	0	0	2	1	0	0	0	1	0	1	0	0	1	0	0	0	0	0	1	0	1	0	0	1	1	2	0	0	0	1	1	1	0	0	0	0	0	1	0	0	0	0	0	0	0	0	0	1	0	0	0	0	0	0	0	0	0	0	0	0	1	0	0	1	1	0	1	0	0	0	0	0	1	1	1	0	0	1	0	0
chr1.s_19727756	0	0	0	1	0	1	1	1	1	1	0	0	1	1	1	0	0	0	2	1	1	1	1	1	1	1	1	0	0	1	2	0	1	1	1	1	1	1	1	1	1	0	1	1	0	1	0	1	2	2	1	0	0	0	1	1	1	1	1	0	0	1	2	1	0	1	1	0	0	0	0	0	0	0	1	1	2	1	1	1	0	2	1	1	0	0	1	1	2	1	0	0	0	1	1	1	1	1	1	0	0	1	1	1	0	0	1	1	1	0	0	1	1	1	1	1	0	1	1	1	1	1	0	0	1	1	1	1	1	0	1	0	0	1	1	1	1	1	1	1	1	1	1	2	1	1	1	0	0	2	1	1	1	0	1	1	1	1	0	0	1	0	0	0	0	1	1	1	1	1	2	1	1	1	1	1	0	0	1	1	1	1	0	0	0	0	0	0	0	1	0	1	0	0	1	1	1	1	1	0	1	1	2	1	1	1	1	1	0	0	1	0	1	1	1	0	2	0	1	0	1	1	2	1	1	0	1	1	1	1	1	1	1	0	0	1	1	0	0	0	1	1	0	0	2	1	0	0	1	2	1	0	1	1	1	0	0	0	1	1	1	1	1	1	0	0	1	0	1	0	1	0	1	1	0	0	1	1	1	1	1	0	0	1	0	0	0	1	1	1	0	0	0	2	1	1	1	0	0	0
chr1.s_1812967	1	0	0	1	1	0	0	0	0	0	0	0	0	0	0	0	0	0	0	0	0	0	1	1	0	0	0	0	0	0	0	1	1	1	1	1	1	1	0	0	0	0	1	1	0	0	1	0	1	1	0	0	0	0	0	0	1	0	0	0	0	0	0	0	1	0	0	1	1	1	0	0	0	0	0	1	2	0	0	1	0	0	0	0	0	0	0	0	0	0	0	1	0	1	0	0	0	0	0	1	0	0	0	1	0	0	0	0	0	0	0	0	0	0	1	1	1	0	0	0	0	0	0	0	0	0	0	0	0	2	0	0	0	0	1	1	1	1	1	0	0	0	0	0	1	1	0	0	1	0	0	0	1	0	0	0	0	0	1	1	1	0	0	0	0	0	0	0	0	0	1	0	0	0	0	0	0	0	0	0	0	1	1	1	0	0	0	0	0	0	0	0	0	0	0	0	0	1	1	1	0	0	1	0	0	0	0	0	0	1	0	0	0	0	1	1	1	0	0	0	0	0	1	0	0	0	1	1	0	2	0	1	0	0	1	1	0	1	1	0	0	0	0	0	1	0	0	0	0	1	0	0	1	1	0	1	0	0	0	0	0	0	0	0	0	1	1	0	0	1	0	0	1	0	0	1	1	0	0	0	1	0	0	0	0	0	0	0	1	0	0	0	0	1	0	0	1	0	0	0
chr2.s_81415829	2	2	1	0	0	0	0	1	1	0	0	0	0	0	0	0	0	1	0	1	2	1	0	0	1	1	1	1	1	1	0	1	0	1	1	0	1	0	1	0	0	0	0	0	0	1	0	1	0	0	0	0	0	0	0	0	1	1	0	0	0	1	0	1	0	2	1	1	1	1	1	1	1	1	0	1	0	0	0	0	0	0	0	1	1	0	1	1	0	0	1	2	1	1	0	1	2	1	0	1	0	0	1	0	0	1	0	1	1	1	0	1	1	1	0	0	0	0	1	1	1	0	1	0	0	0	0	1	1	1	1	1	0	0	0	0	0	0	0	1	0	1	1	1	1	1	0	1	0	0	1	1	1	0	1	1	1	0	1	1	1	0	0	0	1	0	1	1	0	1	0	0	0	0	0	1	1	0	0	0	0	0	1	1	0	0	0	1	0	1	1	1	0	0	0	0	0	0	1	1	2	1	1	0	0	0	0	0	0	1	0	0	1	0	0	1	0	1	1	1	1	1	0	0	0	0	0	1	0	2	0	1	1	0	2	0	1	1	1	0	1	0	0	0	0	0	0	0	0	0	2	0	1	1	0	1	1	0	1	0	0	0	1	2	1	1	1	1	1	1	1	1	1	1	0	1	1	1	1	0	1	0	1	2	0	0	0	1	0	0	1	1	0	0	0	0	1	2	0	1
chr7.s_35073341	0	2	2	0	1	0	0	1	1	1	2	0	0	0	0	1	1	0	0	0	1	1	2	2	1	1	0	1	0	1	0	1	1	2	2	1	1	0	1	0	0	1	0	1	0	2	2	0	0	0	0	0	0	1	0	0	0	1	1	2	1	1	0	1	0	1	1	1	1	1	1	1	0	1	0	0	0	0	0	0	1	0	1	1	1	1	1	0	0	0	0	0	1	0	0	0	1	2	2	2	0	0	0	0	0	1	2	2	1	0	0	0	0	0	0	0	0	0	0	1	0	1	2	2	2	1	2	2	0	1	1	2	2	0	0	0	0	0	1	1	0	0	0	0	1	2	2	1	1	1	0	0	0	0	1	0	1	0	0	0	0	0	1	1	1	1	1	2	2	1	0	0	0	0	1	2	0	1	2	2	2	0	0	0	1	0	1	1	1	1	2	1	0	0	1	1	1	1	1	1	0	1	1	1	0	0	0	1	0	1	1	2	1	0	0	1	1	1	0	1	1	0	0	2	0	2	0	2	1	1	1	1	1	0	1	1	0	1	1	0	1	1	1	2	1	0	0	0	0	0	0	2	1	1	1	1	1	0	0	0	0	1	0	1	1	0	1	2	0	1	0	1	0	1	0	1	0	1	1	0	1	0	1	0	2	1	1	2	0	1	0	0	0	0	1	0	0	0	0	0
chr6.s_169681550	0	0	0	1	1	0	0	0	0	1	1	0	0	0	0	0	0	0	0	0	1	1	0	0	0	0	0	0	0	0	0	0	1	0	0	0	0	1	0	1	1	1	0	0	0	1	1	0	0	0	0	0	0	0	0	0	0	0	0	0	0	0	0	1	1	0	0	1	1	0	2	1	0	0	0	1	1	0	0	0	0	1	0	0	0	0	0	0	0	0	0	0	1	0	1	2	1	0	0	0	1	1	1	0	0	0	0	0	0	0	0	0	0	0	0	0	0	0	0	0	0	0	0	0	0	0	0	0	0	1	0	0	0	1	1	0	0	0	0	1	0	1	0	0	0	0	0	1	0	0	0	0	0	1	0	1	0	1	1	1	0	0	0	0	0	0	0	0	1	0	0	0	0	0	1	0	1	1	0	0	1	0	0	0	1	1	2	0	0	0	1	1	2	2	2	1	0	0	0	1	0	0	0	0	0	1	0	0	1	0	0	0	0	1	0	0	0	1	0	0	0	0	0	0	0	1	1	0	0	0	0	0	0	1	0	0	0	0	1	0	1	0	1	0	0	1	0	0	0	0	0	0	0	0	0	0	0	0	0	0	1	0	1	0	0	0	0	1	0	0	0	0	0	0	0	0	0	1	0	0	0	0	0	0	1	1	0	1	0	0	0	0	1	0	0	0	0	0	0	0
chr1.s_196771926	0	1	1	2	1	1	1	0	0	1	1	0	2	1	1	1	2	1	1	1	0	0	1	1	0	0	0	1	1	2	1	0	0	1	1	0	0	1	1	2	2	1	0	1	0	1	1	1	0	0	1	1	0	2	2	1	0	0	0	1	1	2	1	1	0	1	1	1	1	0	1	0	0	1	0	1	0	1	1	1	1	0	0	0	0	0	0	0	1	1	0	2	2	1	0	1	1	0	0	1	2	1	1	1	1	1	2	1	1	2	2	2	1	0	0	1	1	1	1	1	0	0	0	0	1	1	2	1	1	1	0	1	1	2	2	1	1	1	2	1	0	0	0	0	1	1	0	1	0	1	1	1	2	1	1	2	1	2	2	2	1	0	1	2	1	1	0	0	1	1	0	2	1	1	0	0	1	1	0	0	1	2	1	2	2	1	1	0	0	0	0	2	1	1	1	0	1	1	0	2	0	1	0	1	0	1	1	0	0	0	1	1	0	2	1	1	0	1	0	0	1	0	1	1	1	2	2	1	0	2	0	2	1	2	1	1	0	0	0	1	2	1	1	2	0	1	0	1	1	0	1	1	0	1	2	0	0	1	1	0	1	1	1	0	0	0	0	0	2	1	1	0	0	1	1	0	0	0	1	0	0	2	1	2	1	1	1	0	2	0	0	0	0	0	1	1	0	0	1	1
chr8.s_11901515	0	0	1	1	0	0	1	1	1	1	0	0	1	2	0	1	0	0	2	2	1	0	0	0	1	1	1	0	0	1	1	1	1	0	1	1	1	0	1	0	0	1	2	1	1	1	1	0	0	0	0	0	1	0	1	2	1	1	0	0	0	2	1	0	1	0	1	0	0	0	0	1	0	0	1	1	1	0	1	0	2	2	1	2	2	1	0	0	1	1	1	1	0	1	0	1	1	0	1	2	0	0	1	2	1	0	0	0	1	1	1	0	0	1	2	1	0	1	1	1	1	0	2	1	0	0	1	1	1	1	0	1	2	0	0	1	0	1	0	1	1	1	2	2	1	1	1	1	0	1	1	0	1	0	2	1	1	0	0	0	1	0	0	0	0	1	1	0	0	0	0	0	1	2	2	2	1	0	1	1	2	0	0	2	1	1	1	0	1	1	2	0	0	0	1	1	0	1	1	0	0	0	1	1	1	1	2	0	0	0	1	0	2	1	1	1	1	1	1	1	1	2	0	0	2	0	0	1	1	1	2	1	0	0	1	0	2	0	0	0	0	1	0	1	0	0	1	0	1	0	1	1	2	0	1	1	0	1	1	1	1	0	0	2	1	0	1	0	1	1	1	0	1	1	0	1	0	1	0	1	1	0	1	1	0	1	2	1	1	1	1	1	0	1	1	1	0	0	0	1
chr8.s_22590872	1	1	1	1	2	1	1	0	1	2	2	1	0	0	0	0	1	2	2	1	0	0	1	1	1	1	1	1	1	2	1	1	1	1	1	1	1	2	0	1	1	1	1	1	1	2	2	0	1	2	1	1	1	1	2	1	1	1	1	0	0	1	0	1	2	0	0	2	2	2	1	1	2	2	2	0	1	0	0	0	0	2	1	0	0	0	1	1	1	1	1	1	1	1	2	1	0	0	0	0	2	2	1	2	1	0	1	0	0	0	0	0	0	0	1	2	1	1	1	1	0	0	1	1	1	1	2	1	0	1	0	0	0	1	2	2	2	2	2	2	1	0	1	2	1	1	1	0	0	1	1	0	0	2	0	1	0	1	2	2	2	1	1	1	0	2	1	0	1	0	1	0	1	1	1	0	1	1	0	0	1	0	0	1	1	2	1	1	1	0	0	1	1	1	1	1	2	1	0	1	1	1	2	1	0	2	2	0	0	0	1	0	0	2	0	0	1	2	1	1	1	1	1	1	1	0	2	1	1	1	1	1	0	1	1	1	0	0	1	1	1	1	2	1	1	2	0	0	1	2	0	2	1	1	1	0	1	1	0	0	1	0	2	1	1	1	1	0	1	1	2	0	1	2	1	0	1	1	0	1	0	1	0	0	2	1	0	0	2	1	0	0	2	1	1	2	1	1	2	0
chr1.s_245142288	1	1	1	1	1	2	2	0	1	2	1	1	1	0	0	0	0	1	1	0	1	1	0	0	1	1	1	1	1	1	1	0	1	0	0	1	1	1	1	1	2	2	1	0	1	2	1	0	0	1	2	2	1	0	1	1	0	1	1	1	1	1	1	1	2	1	1	0	1	1	2	2	2	1	1	1	1	1	1	0	1	2	1	1	1	1	1	1	2	2	1	1	1	1	2	2	1	0	0	1	0	0	2	1	1	0	0	0	1	0	1	2	1	1	1	1	1	0	0	0	0	0	1	1	1	1	1	1	1	1	0	0	0	1	1	1	2	2	1	1	1	1	0	1	0	0	0	1	1	1	0	1	1	1	0	0	1	2	0	1	1	2	1	1	1	1	1	0	1	0	1	1	0	1	2	1	0	0	1	1	1	2	1	0	0	1	0	1	1	0	1	1	0	1	1	1	0	1	1	2	1	0	1	0	0	1	2	1	0	1	2	0	0	0	2	0	2	2	1	0	1	1	1	1	0	0	0	0	1	0	1	1	0	0	0	0	0	1	1	1	0	1	0	0	0	1	0	1	1	0	1	1	1	0	1	1	0	0	0	0	1	0	1	0	1	2	1	1	1	0	2	0	1	1	0	1	1	1	1	1	1	1	1	1	2	0	0	0	0	0	1	0	1	1	1	1	1	1	0	1
chr5.s_160675091	0	1	0	0	0	1	0	0	0	0	0	0	0	0	1	0	0	0	1	1	2	2	1	0	1	0	1	0	1	0	0	1	0	1	0	0	0	0	1	1	1	0	1	1	0	0	0	0	0	0	0	0	0	0	0	0	1	1	1	0	1	0	0	1	0	1	0	0	0	1	1	1	1	0	0	0	0	0	0	0	0	1	1	1	2	1	1	1	0	0	0	1	1	1	0	0	1	1	0	0	0	0	0	0	0	0	0	0	0	0	0	0	0	0	0	0	0	0	1	1	1	1	1	1	0	1	0	0	0	1	1	1	0	0	0	0	2	1	0	0	0	0	0	1	1	1	1	1	0	0	0	0	1	0	0	0	0	0	1	1	0	1	0	0	0	0	0	0	0	0	0	1	0	2	1	1	1	1	1	0	0	1	1	2	2	1	1	2	1	1	0	0	0	0	0	1	0	0	0	0	0	1	0	0	0	0	0	0	1	1	0	0	1	0	0	1	1	0	1	1	1	1	0	0	0	1	0	0	0	1	0	1	1	0	1	0	1	0	0	1	0	0	0	0	0	0	0	0	1	0	0	0	0	0	0	0	0	0	1	1	0	0	0	1	0	1	0	1	0	1	0	1	1	0	0	2	0	1	0	0	1	0	0	0	0	0	0	1	0	0	1	0	0	0	0	0	0	0	0	1
chr10.s_144155453	1	0	0	0	1	1	1	0	0	0	0	2	0	0	1	1	1	0	0	0	0	0	0	0	0	0	0	0	0	0	0	1	0	0	0	0	0	0	0	0	1	1	2	1	1	1	1	1	2	1	0	0	0	0	0	1	0	0	0	0	0	1	0	0	1	1	1	0	1	1	2	2	1	0	1	1	2	1	0	1	1	0	0	0	0	0	0	0	0	1	1	0	0	0	0	1	1	0	0	0	1	0	2	1	1	0	0	0	1	1	1	1	2	2	1	1	1	1	0	0	0	0	0	0	0	0	0	1	0	0	0	1	1	1	1	1	1	1	0	1	0	2	1	0	0	0	1	0	0	0	0	0	0	0	0	0	0	1	0	1	1	1	0	0	0	0	0	0	0	0	1	0	1	0	0	0	1	1	0	0	0	0	0	0	0	0	0	0	0	0	0	2	0	1	1	1	1	0	0	0	0	0	2	0	1	0	1	0	0	0	0	1	0	0	0	0	0	0	0	0	0	0	1	1	0	0	0	0	0	0	0	1	0	0	0	1	0	0	0	1	0	0	0	0	1	0	0	0	1	1	1	0	0	0	0	1	0	1	0	0	0	0	0	1	1	2	0	1	1	0	1	0	0	0	0	0	0	0	0	1	0	0	0	1	0	1	2	0	0	1	0	2	0	1	2	0	0	0	0	1
chr2.s_1296255	0	0	0	0	0	1	1	1	1	0	0	0	0	1	0	1	0	0	1	0	0	0	0	0	0	0	1	0	1	0	0	0	1	0	0	0	0	0	1	1	1	0	1	1	1	0	0	0	1	1	0	0	1	1	0	0	0	0	0	0	1	0	0	0	0	0	0	0	0	1	0	1	1	1	1	0	1	0	1	0	0	1	1	0	0	0	0	1	0	0	0	0	0	0	0	0	0	0	0	0	0	0	0	1	1	1	1	1	1	0	0	0	0	0	1	0	0	0	0	0	0	0	0	0	0	1	0	0	0	0	0	0	0	0	0	1	1	1	1	0	1	0	0	1	0	0	0	0	0	0	0	0	0	0	0	0	0	0	0	0	1	1	1	1	1	1	1	1	0	0	1	0	0	1	1	0	0	0	0	0	0	1	1	0	0	0	0	0	0	0	0	0	0	0	0	1	1	1	1	0	0	0	1	0	0	0	1	0	1	0	0	0	0	0	0	0	1	0	0	1	0	0	1	0	1	1	0	0	0	0	0	0	1	0	0	0	0	1	0	1	0	0	0	1	1	0	1	0	1	1	0	0	0	0	0	0	2	1	0	1	0	0	0	0	1	1	0	0	0	0	1	1	0	0	0	0	0	0	1	0	0	0	0	0	0	0	0	0	0	0	0	0	1	1	0	0	0	0	1	0
chr9.s_138408482	1	2	1	0	0	0	1	0	0	1	2	0	1	0	0	0	0	0	0	0	0	1	1	0	2	1	2	0	1	0	0	1	1	1	0	1	1	1	0	0	0	0	1	0	1	1	1	0	0	0	1	1	0	0	0	1	0	0	1	0	1	0	0	1	1	1	0	1	1	1	0	1	0	0	1	0	0	0	0	0	1	0	0	1	0	0	1	1	1	0	1	0	0	1	2	1	1	1	0	0	0	0	0	2	1	0	0	0	0	1	2	1	0	0	0	0	0	1	0	0	0	1	0	1	0	1	0	0	1	0	2	1	0	0	0	1	0	1	0	1	1	1	1	0	0	0	1	1	0	0	1	1	0	1	0	0	0	0	0	0	1	0	0	0	0	0	0	0	1	0	1	1	0	0	0	1	0	1	1	0	0	0	1	0	0	1	0	1	0	2	0	0	0	0	0	0	0	0	0	1	2	1	0	0	1	1	1	0	1	1	0	0	0	0	1	0	0	1	0	0	0	1	0	0	0	0	0	0	0	0	1	0	1	0	0	0	0	0	1	0	0	1	1	0	0	1	0	1	1	0	0	1	0	1	0	0	0	0	0	2	1	0	0	0	0	0	0	0	2	1	1	1	1	1	0	0	1	1	0	0	0	1	1	0	2	0	1	1	1	0	0	0	1	0	1	0	2	1	0	0
chr1.s_177822329	0	1	2	1	1	0	0	2	2	1	1	0	1	1	0	1	1	0	1	1	2	1	1	1	0	0	0	1	1	1	1	0	0	1	2	2	2	2	2	2	2	2	0	1	0	0	0	1	2	2	1	0	0	1	1	1	2	2	1	0	0	2	1	0	0	0	1	1	1	0	2	1	1	2	1	0	1	1	1	0	0	2	1	1	1	0	0	0	0	0	0	1	1	1	1	0	0	1	2	1	1	1	1	1	0	1	2	2	1	1	1	0	0	0	1	1	0	0	1	1	1	0	1	0	1	1	2	2	1	1	1	1	2	2	2	1	0	0	2	1	1	0	1	2	2	2	0	1	0	1	1	1	1	1	2	2	2	2	2	2	0	0	1	2	2	2	2	2	1	1	1	0	1	1	1	1	2	1	0	0	1	0	0	0	0	0	0	0	1	1	1	1	1	1	1	0	1	1	1	0	0	0	1	1	0	1	1	0	0	0	0	1	2	2	0	1	2	0	2	2	2	1	1	1	1	1	2	2	1	1	1	1	1	1	0	1	2	1	1	0	2	1	2	2	2	1	0	0	0	2	0	2	1	1	1	1	2	0	2	1	1	1	1	2	1	0	2	1	1	1	0	1	2	2	0	2	1	1	2	1	2	1	0	1	1	2	1	0	1	1	1	0	1	2	1	1	1	1	1	2
chr6.s_161163087	0	1	1	0	1	0	1	0	0	0	0	0	0	1	0	1	0	0	0	0	0	0	1	1	0	0	0	0	0	0	0	0	0	1	1	0	0	0	0	0	0	0	1	1	2	0	0	0	0	0	0	1	2	0	1	2	0	0	0	0	0	0	1	0	1	0	0	1	1	1	1	2	0	1	1	1	1	0	1	0	1	0	0	0	0	0	0	0	0	0	0	1	0	1	0	0	0	1	1	0	1	0	0	1	1	0	1	0	0	0	0	0	0	0	2	1	0	2	0	0	0	0	1	1	0	0	0	1	1	1	0	0	0	1	1	2	0	1	2	0	1	1	1	0	1	1	0	0	0	1	1	0	1	1	0	0	0	0	0	0	2	0	1	2	1	1	0	0	0	0	0	0	0	1	1	1	0	0	1	1	1	0	0	2	1	1	0	0	0	0	1	0	0	0	1	1	1	1	0	0	0	0	0	1	1	0	2	0	0	0	1	0	0	0	0	0	0	1	0	0	0	0	0	0	1	0	1	1	0	2	0	1	1	0	1	1	1	0	0	0	1	1	0	1	0	0	2	1	1	0	0	0	0	1	0	0	0	2	1	0	0	1	0	0	0	0	0	1	0	1	1	0	0	0	1	0	0	0	0	0	0	1	0	0	0	0	1	1	0	0	0	1	0	0	1	0	0	0	0	1
chr4.s_238376925	1	1	1	0	1	1	1	0	0	0	1	0	1	0	0	0	0	0	0	0	0	0	0	0	0	0	0	1	1	0	0	0	0	0	0	0	0	0	1	1	1	1	0	0	0	0	0	0	0	1	2	1	0	0	1	1	0	1	1	0	0	0	0	0	1	0	0	1	1	1	1	1	0	0	0	0	0	0	0	0	0	0	1	1	0	0	0	0	0	0	0	0	0	0	0	1	1	0	0	0	0	0	0	0	0	0	1	1	0	0	1	1	0	0	1	1	0	0	1	0	1	0	0	0	0	0	0	0	1	1	0	0	0	0	1	1	0	0	0	1	1	0	1	1	1	0	0	0	0	1	1	0	0	1	1	1	0	0	0	0	1	0	0	0	0	0	0	0	0	0	1	1	0	0	0	1	1	0	1	1	1	0	0	1	1	1	0	0	0	1	0	1	1	1	0	0	0	1	1	1	0	0	0	0	0	0	1	0	1	0	0	0	0	0	2	0	0	1	1	0	0	0	1	0	0	0	1	0	0	0	0	1	1	0	0	0	1	0	1	0	1	2	1	0	0	0	0	1	0	0	0	1	0	0	0	0	0	0	0	1	1	0	0	1	0	0	0	1	2	1	0	1	0	1	0	1	0	0	0	0	0	2	0	1	1	0	0	0	0	0	1	1	0	0	0	0	0	0	0	2
chr9.s_84473601	0	0	0	1	0	0	0	1	1	1	0	1	1	0	1	0	0	0	0	0	0	0	1	1	0	0	0	0	0	0	1	0	1	1	1	0	0	0	0	0	0	0	1	1	0	0	0	0	1	1	1	1	0	0	0	0	0	0	0	0	0	0	0	0	1	0	0	0	0	0	0	0	0	0	0	0	1	0	0	0	0	1	0	0	0	0	0	0	1	0	0	1	1	0	1	1	0	0	0	1	0	0	0	0	1	1	0	0	1	0	1	1	0	0	0	0	0	1	1	1	0	0	0	0	0	0	0	0	0	0	0	0	0	0	0	0	1	1	1	0	0	0	0	0	0	0	0	0	0	0	0	0	0	1	0	0	0	0	0	0	1	0	0	0	0	1	1	0	0	0	1	2	0	1	0	0	0	0	0	0	0	0	0	1	1	2	0	0	0	0	0	0	1	1	0	0	0	0	0	0	0	1	1	1	0	1	0	0	1	0	0	0	1	0	1	0	0	0	0	1	0	1	1	0	0	0	0	0	1	0	1	0	0	1	0	1	0	0	0	1	0	1	0	0	1	2	0	1	1	1	0	0	0	1	1	0	1	0	0	0	0	0	0	0	0	0	0	0	1	0	0	0	0	0	0	1	0	1	0	1	0	1	0	0	0	0	0	0	0	0	0	1	2	1	0	1	0	0	1	0
chr2.s_9302908	2	1	0	2	0	1	1	1	0	1	2	1	2	2	0	2	2	1	1	0	1	1	0	0	0	0	1	0	1	1	1	1	1	1	0	0	0	1	0	1	0	1	1	2	1	2	2	0	1	1	1	2	2	1	1	0	0	0	0	1	2	1	1	0	2	2	1	1	0	0	0	0	1	2	0	1	2	0	1	0	1	2	1	0	1	1	0	1	1	2	2	1	0	1	1	2	2	1	0	1	2	1	1	0	0	0	1	0	1	0	1	2	1	0	1	1	1	0	1	1	0	0	0	0	0	1	1	1	1	1	1	2	1	0	0	0	1	1	1	1	1	1	0	1	0	0	1	0	1	1	1	1	1	2	1	2	0	0	1	0	0	0	1	1	0	1	0	0	1	0	1	2	1	1	2	1	0	0	0	0	1	1	1	1	0	1	1	1	0	1	1	0	1	0	1	1	1	2	1	2	1	2	2	0	0	2	0	0	1	2	1	1	1	2	2	0	1	2	0	0	0	0	2	1	2	0	1	0	0	1	0	2	1	1	2	0	0	1	1	0	1	1	2	2	1	1	2	2	0	1	0	1	1	1	2	1	0	2	0	1	1	0	1	0	1	1	0	0	2	2	0	1	0	1	2	1	1	2	0	0	0	2	2	1	1	0	1	2	1	0	1	0	1	1	1	2	1	2	1	0
chr6.s_160664480	2	2	1	0	1	1	0	0	0	0	0	1	1	0	0	0	1	2	0	0	0	0	1	2	0	1	0	2	1	0	1	1	1	2	1	1	1	1	0	0	0	0	1	2	1	1	1	1	0	1	2	2	1	1	2	1	1	1	1	1	0	0	1	2	1	2	1	1	1	2	1	1	2	2	0	2	1	1	1	1	0	0	1	1	0	1	1	1	1	2	2	1	2	1	1	0	1	1	0	0	1	0	0	1	0	0	1	0	0	1	1	1	0	0	1	2	1	1	1	1	0	0	1	1	2	1	1	0	2	0	2	1	0	1	1	1	2	1	2	1	0	0	1	1	1	1	1	0	2	2	2	2	1	1	1	1	1	1	1	1	1	2	2	2	1	1	0	1	1	2	1	1	0	1	1	0	1	1	1	2	1	1	1	1	2	1	2	1	0	2	1	1	1	1	1	2	2	2	1	0	2	2	1	1	0	0	1	1	1	2	2	1	0	0	2	0	1	0	1	1	1	0	0	1	0	1	1	1	1	1	0	0	0	0	0	1	0	1	1	1	0	2	0	1	1	1	1	2	0	0	1	0	1	2	0	0	1	1	1	1	1	2	1	1	1	1	1	2	1	0	0	0	1	1	2	0	2	1	1	0	1	2	1	2	0	1	0	2	2	1	0	1	1	0	0	1	2	2	2	1
chr3.s_2914133	0	0	0	0	0	1	1	0	0	0	0	0	0	0	1	0	0	0	0	0	1	1	0	0	0	0	0	0	0	0	0	0	0	0	0	0	0	0	0	0	0	0	0	0	0	0	0	0	0	0	0	0	0	0	1	1	0	0	0	0	0	0	0	0	0	0	0	0	0	0	0	0	0	0	0	0	0	0	0	0	0	0	0	0	0	0	0	0	0	1	1	0	0	0	0	0	0	0	0	0	1	0	0	0	0	0	0	0	0	0	0	0	0	0	0	0	0	0	0	0	0	0	0	0	0	0	0	1	1	0	0	0	0	0	0	0	0	0	0	0	0	0	1	1	0	0	1	0	0	0	0	0	0	0	1	1	0	0	0	0	0	0	0	0	0	1	1	0	0	0	0	1	0	0	0	0	0	0	0	0	0	0	0	0	0	0	0	0	0	1	0	0	0	0	0	0	0	0	0	0	0	0	0	0	0	0	0	0	0	0	0	0	0	0	0	0	0	0	0	0	0	0	1	0	0	0	0	0	0	0	0	0	1	0	0	0	0	0	0	0	1	0	0	0	0	1	0	0	1	0	0	0	0	0	0	0	0	1	0	1	0	0	0	0	1	0	0	0	0	0	0	0	0	0	0	0	0	0	0	1	0	0	0	0	0	0	0	0	0	0	0	0	0	0	0	0	0	0	0	1
chr3.s_206105046	1	0	0	0	0	0	0	0	0	0	1	1	1	1	1	0	0	0	0	0	0	0	0	0	1	1	1	0	0	0	2	0	0	0	0	0	0	0	0	0	0	1	0	0	0	0	1	0	0	0	0	0	0	0	1	1	0	0	0	0	0	0	2	0	0	0	0	0	0	0	0	0	0	0	0	1	1	0	0	0	0	0	0	1	0	0	0	0	2	2	1	0	0	0	0	0	0	0	0	1	0	0	0	0	0	0	1	1	0	0	0	0	0	0	0	0	0	0	1	1	0	0	0	0	0	0	0	0	0	0	0	0	0	0	0	0	1	1	0	1	1	0	1	1	0	0	1	0	0	1	0	0	0	0	0	0	0	0	0	0	0	0	0	0	0	1	1	0	0	0	0	1	1	0	0	0	0	0	0	0	0	1	0	0	0	0	0	0	0	0	0	0	0	0	0	0	1	0	0	0	0	1	0	0	0	1	1	0	0	0	1	0	0	1	0	1	0	0	0	0	0	1	0	0	1	0	0	0	0	0	1	0	0	0	1	0	1	0	0	0	0	0	1	0	0	0	0	0	1	0	0	0	0	0	1	0	0	0	0	0	1	0	0	1	1	0	1	0	0	1	0	1	0	1	0	0	1	0	0	1	0	0	0	0	0	0	0	0	0	1	0	0	0	0	0	1	0	0	0	0
chr1.s_42279697	0	0	0	0	0	0	0	1	1	1	1	1	0	1	1	1	1	2	1	2	1	1	1	1	1	1	1	1	1	1	1	1	1	0	0	0	0	0	0	0	0	0	1	2	1	1	1	1	0	0	0	0	1	1	1	0	1	1	1	1	1	1	1	0	0	0	0	0	0	0	0	0	0	1	0	2	1	2	2	1	0	0	0	1	2	2	1	1	1	1	0	2	1	2	1	0	0	0	0	0	0	0	0	0	0	1	1	1	1	2	1	0	1	1	2	2	2	0	0	1	0	1	1	1	1	1	1	2	0	1	0	0	0	1	0	0	0	0	1	2	1	0	1	1	0	1	1	2	1	1	0	0	1	0	0	0	1	1	1	1	0	1	2	2	2	1	1	1	1	1	0	0	1	0	1	1	1	2	1	1	1	1	0	1	0	0	0	0	0	0	0	1	1	1	0	0	2	1	1	2	0	0	0	0	0	0	0	2	2	0	1	1	1	0	0	1	1	2	1	1	1	1	0	1	1	0	0	0	1	1	0	2	1	0	1	1	0	1	0	0	0	0	0	1	0	0	2	1	0	0	1	1	0	0	1	1	1	1	2	1	0	2	0	2	1	1	0	1	0	1	0	2	1	1	2	1	0	0	2	1	2	0	0	2	1	1	0	0	1	1	0	2	0	0	0	1	0	0	1	0
chr7.s_154424054	2	0	1	0	0	1	0	2	2	1	0	1	1	0	1	0	1	2	0	1	1	1	1	1	1	1	0	2	1	0	0	0	0	0	1	1	1	0	1	0	0	0	0	0	0	0	0	1	1	1	2	1	0	1	1	1	1	2	2	1	0	0	0	2	1	0	1	0	0	1	1	1	2	1	0	1	1	1	0	1	1	0	0	2	1	1	2	1	1	0	1	1	2	1	1	0	0	0	1	1	0	0	1	1	0	1	0	1	1	0	1	2	2	1	0	1	1	1	1	1	1	1	1	1	2	1	1	0	1	0	1	0	1	0	0	0	1	0	0	0	1	1	1	0	1	1	1	1	1	0	1	1	0	0	1	0	1	0	0	0	0	1	0	0	1	1	2	1	0	0	0	1	1	1	1	1	1	1	2	2	1	0	1	1	2	1	1	0	1	0	1	0	0	0	1	2	0	0	1	0	2	0	0	1	1	0	0	1	0	0	0	1	2	0	1	1	0	0	2	1	2	2	0	1	0	1	0	1	2	0	2	0	0	0	0	1	1	1	1	1	0	1	0	0	0	0	0	1	0	0	0	0	2	1	0	1	1	0	1	0	1	1	1	1	1	1	2	2	1	0	0	0	1	0	1	1	2	0	1	2	1	1	1	1	0	1	1	1	2	1	2	1	0	0	1	2	1	2	1	1
chr1.s_291661138	1	1	0	0	1	1	1	0	0	0	0	1	2	1	1	1	1	0	0	1	1	0	0	0	0	0	0	0	0	1	0	1	0	1	0	0	0	0	0	0	1	1	1	1	1	0	0	0	1	1	1	1	0	1	0	1	1	1	0	0	0	1	0	1	0	1	0	0	1	1	1	1	1	1	1	0	1	1	0	1	1	0	1	1	1	0	0	0	0	0	1	0	1	0	0	0	1	1	0	0	0	1	1	1	1	0	1	0	0	0	1	1	1	1	0	0	0	1	1	1	2	1	1	0	0	0	1	1	1	0	1	2	1	1	1	1	1	1	1	0	0	1	1	0	1	1	0	0	0	0	1	1	0	0	0	0	0	1	0	1	1	2	2	1	0	1	0	0	0	0	1	1	2	0	1	1	1	0	0	0	1	0	1	0	1	0	1	1	0	1	0	1	0	1	1	1	1	1	0	0	1	1	1	0	2	1	1	0	0	1	0	1	1	1	1	1	0	0	1	1	1	1	1	0	1	2	0	0	0	0	0	0	0	0	0	1	1	0	1	1	0	1	0	1	1	1	0	1	1	1	0	1	0	1	1	0	0	0	1	0	0	0	0	1	0	1	0	0	2	0	1	1	1	1	0	1	1	1	0	1	1	1	1	0	0	0	2	1	0	0	2	1	0	1	1	0	1	1	0	1
chr4.s_246289397	1	0	0	0	0	2	2	1	2	1	1	0	2	1	1	0	0	0	0	0	1	1	1	1	1	1	1	0	0	1	1	0	0	1	1	1	1	1	0	0	0	1	2	1	1	1	0	1	2	2	2	2	1	0	0	1	1	1	1	1	1	0	1	2	1	0	0	0	0	1	0	1	1	0	2	0	1	1	1	1	1	0	0	1	1	1	1	1	0	0	0	1	1	2	1	0	0	0	0	0	0	0	0	1	2	2	0	1	1	1	2	1	0	0	0	0	0	2	0	0	0	0	0	0	1	1	1	0	0	1	1	0	0	1	1	2	1	1	1	1	1	1	1	0	1	1	1	1	1	0	0	1	2	1	0	0	1	1	0	0	2	1	0	1	2	0	1	1	0	0	2	2	1	0	0	0	0	0	1	1	1	1	1	1	1	0	2	0	0	1	0	1	1	1	1	2	1	0	1	1	1	0	2	1	1	1	1	0	1	1	0	0	0	1	1	0	0	0	1	0	1	0	2	0	1	1	1	1	1	2	0	2	1	1	1	1	1	2	0	2	1	1	1	0	1	0	0	1	2	2	0	0	0	1	0	1	1	0	1	1	1	1	1	1	1	2	1	0	2	2	2	0	1	1	0	1	1	0	2	0	0	2	0	1	0	0	1	1	0	1	0	0	0	2	1	1	1	0	0	0
chr10.s_140997116	0	0	0	1	0	2	1	1	1	1	1	1	0	0	1	0	0	1	2	1	0	0	0	0	1	1	1	1	1	0	1	0	1	0	1	1	2	1	1	0	0	0	1	1	1	0	0	0	0	0	0	0	0	0	0	1	1	0	0	1	1	0	0	1	0	0	0	0	0	1	0	0	1	0	0	0	0	1	1	1	1	2	1	1	0	0	1	1	0	0	0	1	1	1	1	0	0	1	1	2	0	1	0	1	1	1	1	1	0	0	0	0	0	0	0	0	0	1	1	1	1	1	0	0	1	1	1	0	0	0	1	0	0	1	0	0	2	1	0	0	1	1	2	2	0	0	0	1	1	1	1	1	1	0	0	0	2	1	1	1	0	2	1	1	1	0	0	1	1	1	0	1	0	2	2	1	0	0	1	1	1	0	0	1	1	1	0	0	0	1	2	0	0	0	1	2	1	1	1	0	1	1	0	0	2	0	0	0	0	1	0	0	1	0	1	1	2	1	0	0	1	0	1	0	0	0	0	0	1	0	0	0	1	1	0	0	0	1	0	2	1	1	1	1	1	0	1	1	1	0	0	0	0	0	1	0	0	0	1	1	1	1	1	0	0	1	2	0	1	1	0	0	1	1	1	0	1	1	1	0	1	0	0	0	0	0	1	1	1	1	0	0	0	0	1	1	1	0	0	0
chr9.s_127489331	0	0	0	0	0	0	0	0	0	0	0	0	0	0	0	0	0	0	0	0	0	0	0	0	0	0	0	0	0	0	0	0	1	0	0	0	0	0	0	0	0	0	0	0	0	0	0	0	0	0	0	1	1	0	1	1	0	0	0	0	0	0	0	0	1	0	0	0	0	0	0	0	0	0	0	0	0	0	0	0	0	0	0	0	0	0	0	0	0	0	0	1	0	1	1	1	0	1	1	0	1	0	0	0	0	0	0	0	0	0	0	0	0	0	0	0	0	0	0	0	0	0	0	0	0	0	0	0	1	1	0	0	0	0	0	0	0	0	0	0	0	0	0	0	0	0	0	0	0	0	0	0	1	2	0	0	0	0	0	0	0	1	1	0	0	0	0	0	0	0	0	0	0	0	0	0	0	0	0	0	0	0	0	1	0	1	0	0	0	1	0	0	0	0	0	0	0	0	0	0	0	0	0	0	0	1	1	0	0	0	0	0	0	0	0	0	0	0	0	0	0	0	0	0	0	0	0	0	0	1	0	1	0	0	1	0	0	0	0	0	0	0	0	0	0	1	0	0	0	0	0	0	0	0	0	0	0	1	0	1	0	0	0	0	0	0	0	0	0	1	0	0	0	0	0	0	0	0	0	0	0	1	0	0	0	0	0	0	0	0	0	0	1	0	0	0	0	0	0	0
chr1.s_25311906	0	0	0	0	0	0	0	0	0	0	0	0	0	0	0	0	0	0	0	0	0	0	0	0	0	0	0	0	0	0	0	0	0	0	0	0	0	0	0	0	0	0	0	0	0	0	0	0	0	0	0	0	0	0	0	0	0	0	0	0	0	0	0	0	0	0	0	0	0	0	0	0	0	0	0	0	0	0	0	0	0	0	0	0	0	0	0	0	0	0	0	0	0	0	0	0	0	0	0	0	0	0	0	0	0	0	0	0	0	0	0	0	0	0	0	0	0	0	0	0	0	0	0	0	0	0	0	0	0	0	0	0	0	0	0	0	0	0	0	0	0	0	0	0	0	0	0	0	0	0	0	0	0	0	0	0	0	0	0	0	0	0	0	0	0	0	0	0	0	0	0	0	0	0	1	0	0	0	0	0	0	0	0	0	0	0	0	0	0	0	0	0	0	0	0	0	0	0	0	0	0	0	0	0	0	0	0	1	0	0	0	0	0	0	0	0	0	0	0	0	0	0	0	0	0	0	0	0	0	0	0	0	0	0	0	0	0	0	0	0	0	0	0	0	0	0	0	0	0	0	0	0	0	0	0	0	0	0	0	0	0	0	0	0	0	0	0	0	0	0	0	0	0	0	0	0	0	0	0	0	0	0	0	0	0	0	0	0	0	0	0	0	0	0	0	0	0	0	0	0
chr1.s_271942734	1	1	1	0	1	0	0	0	0	0	0	1	0	0	0	0	1	1	0	0	1	0	0	0	1	1	1	0	0	0	0	0	1	0	1	1	2	1	2	1	1	0	0	0	0	0	0	1	1	1	1	1	1	1	2	2	1	2	1	0	0	1	0	1	1	1	1	1	1	1	0	0	1	1	0	0	0	0	0	0	1	1	0	2	1	0	1	1	0	0	1	0	0	1	2	2	1	1	1	1	0	0	1	0	0	0	0	0	0	0	0	1	1	1	0	1	1	1	0	1	0	0	2	1	0	0	0	0	1	0	1	0	0	0	0	0	0	0	0	0	1	2	1	0	0	1	0	0	0	0	1	1	0	1	1	1	1	0	0	0	0	1	1	0	0	1	1	1	1	1	1	0	0	0	0	1	0	0	0	0	0	1	2	0	0	1	0	0	0	0	1	1	0	0	0	0	0	0	0	1	2	0	0	0	1	1	1	1	0	0	1	0	1	0	0	1	1	0	1	1	0	0	0	1	0	0	0	0	0	0	0	0	0	0	0	0	0	0	1	0	0	0	0	0	1	1	0	0	0	0	1	1	0	1	0	1	0	0	0	0	1	0	1	1	0	1	2	0	0	0	0	0	1	1	1	1	2	1	0	1	1	0	1	0	1	0	1	0	1	0	0	0	1	0	2	1	2	2	1	0
chr8.s_116537546	0	0	1	1	1	0	1	1	1	0	0	1	1	2	1	1	0	0	0	0	0	0	0	0	0	0	0	0	0	0	0	0	1	0	0	1	0	1	0	1	1	1	1	1	1	0	0	0	0	0	0	0	1	1	1	1	0	0	0	0	0	0	0	0	2	0	1	1	1	0	1	1	0	1	1	1	1	1	1	1	0	0	0	0	0	0	0	0	0	0	0	0	0	0	1	1	0	0	1	0	1	1	1	1	1	1	2	2	1	1	1	0	1	1	1	0	0	0	0	0	0	0	0	0	1	1	1	0	1	0	0	0	1	1	1	1	0	1	1	0	1	0	1	1	0	0	0	0	0	0	0	0	0	1	1	1	0	1	1	1	1	0	1	1	1	1	1	1	0	0	0	0	2	0	0	0	0	0	0	0	0	0	0	0	0	1	0	0	1	0	0	2	1	1	1	0	1	2	2	0	0	0	0	1	0	2	2	0	0	0	0	0	0	2	1	0	0	0	0	0	1	0	0	0	2	1	1	1	0	0	1	0	0	1	0	1	0	1	0	0	1	0	1	2	0	1	1	0	1	0	0	0	1	0	0	1	1	1	0	0	1	0	1	0	1	0	0	0	1	0	1	0	0	0	0	0	0	0	1	1	0	0	0	0	0	1	0	0	0	1	1	1	1	0	0	0	0	0	0	0
chr5.s_84618539	0	0	0	0	0	0	0	1	1	0	0	0	0	0	0	0	0	0	0	0	0	0	0	0	0	0	0	0	0	0	0	0	1	0	0	1	1	1	0	0	0	0	0	0	0	0	0	0	0	0	0	0	0	1	0	1	0	0	0	0	0	0	0	0	0	0	0	0	0	0	0	0	0	0	0	0	0	0	0	0	1	0	0	0	0	0	0	0	0	0	0	0	0	0	0	0	0	0	0	0	0	1	0	0	0	1	0	1	2	0	0	0	0	0	0	0	0	1	0	0	0	0	0	0	0	0	0	0	0	0	0	0	0	0	0	0	0	0	0	0	0	1	1	0	0	0	0	0	0	0	0	0	0	0	0	0	0	0	0	0	0	0	0	0	1	0	1	1	0	0	0	0	0	0	0	0	0	0	0	0	0	0	0	0	0	0	0	0	0	0	0	0	0	0	0	0	0	0	1	0	0	0	0	0	1	0	0	0	0	0	0	0	0	0	0	0	0	0	0	0	0	0	0	0	0	1	0	0	0	0	0	0	0	0	0	0	0	1	0	0	0	0	0	0	0	0	0	0	0	0	0	0	0	0	0	0	1	0	0	0	0	0	0	0	1	0	0	0	0	0	0	0	1	0	0	0	0	0	1	0	0	0	0	0	0	0	1	0	0	0	0	0	0	0	1	0	1	0	0	0
chr5.s_6654112	2	2	2	1	0	0	1	1	2	1	1	1	0	1	1	1	0	1	1	2	1	1	1	1	1	1	1	2	2	1	1	2	2	1	1	2	2	2	1	1	0	0	2	1	1	0	0	1	2	1	0	1	2	0	1	1	1	1	1	1	1	2	1	0	1	2	2	1	0	0	0	1	0	0	2	0	1	1	1	1	1	1	0	2	2	2	2	2	1	1	1	0	0	0	1	2	2	1	1	2	2	1	1	2	2	2	1	2	2	0	0	1	2	2	2	1	0	0	1	1	1	1	1	1	1	1	1	1	2	0	1	2	2	0	0	1	0	1	1	0	1	1	0	0	1	1	1	2	2	1	2	2	1	2	1	1	2	1	2	1	1	0	0	0	1	0	1	1	0	0	2	0	1	0	1	1	2	2	1	1	2	1	1	1	1	2	0	1	1	1	1	1	1	0	0	0	1	1	2	0	1	1	1	1	0	1	2	2	1	2	1	1	1	1	1	1	0	0	1	2	1	1	1	1	1	0	1	1	2	0	1	0	1	2	0	1	1	2	1	1	1	0	2	1	1	1	1	0	1	2	1	1	2	1	1	1	2	2	1	1	2	1	2	1	1	0	1	1	0	1	1	1	2	1	0	1	1	2	2	1	1	1	2	0	0	2	0	1	1	2	2	1	2	2	0	1	2	1	1	2
chr2.s_47499891	0	0	0	0	1	0	0	0	0	0	0	1	0	0	1	0	0	0	0	0	0	0	0	0	0	0	0	0	0	1	0	0	0	0	0	1	1	1	0	0	1	1	0	0	0	0	0	0	0	0	0	0	0	0	0	1	0	0	0	0	0	2	0	0	0	0	0	0	1	0	1	0	0	0	0	0	0	1	0	1	1	1	0	0	0	0	0	0	0	0	0	0	0	1	1	0	0	0	0	0	0	0	1	0	0	0	0	0	0	0	0	0	1	1	0	0	0	1	0	0	0	0	0	0	0	0	1	1	0	0	0	0	0	1	1	0	0	0	0	0	0	1	1	0	0	0	0	0	0	0	0	0	0	0	0	0	0	1	0	1	0	0	0	0	0	0	0	0	0	0	0	0	1	0	0	0	1	1	0	0	1	0	0	0	0	0	0	0	0	0	0	1	0	1	1	0	0	0	0	0	0	0	0	0	1	0	0	0	0	0	0	0	0	0	0	0	0	0	0	0	0	0	0	0	0	0	0	0	0	0	0	0	0	0	0	1	0	0	0	0	0	0	0	0	0	0	0	0	0	0	0	1	0	0	1	0	0	0	0	0	0	0	0	0	0	0	0	0	0	0	0	0	1	1	0	0	0	1	0	1	0	0	0	0	0	1	1	0	0	0	0	1	0	0	1	0	1	0	0	0
chr9.s_28060010	0	0	0	0	1	1	1	1	1	2	1	0	0	1	0	2	2	2	0	0	1	1	0	0	1	1	1	1	1	1	2	0	2	0	0	1	1	1	0	0	0	1	0	0	1	2	1	1	1	1	1	1	2	1	2	1	1	1	1	1	1	0	2	1	1	1	1	1	1	1	0	0	0	0	1	0	0	1	2	1	0	0	0	1	1	1	1	1	2	1	0	0	0	1	2	1	0	1	1	0	1	0	1	0	1	1	0	0	0	0	0	0	0	1	2	2	1	0	0	0	0	0	1	1	1	1	1	0	1	1	1	1	1	1	0	0	0	0	0	1	2	1	0	0	0	0	0	0	1	1	1	1	1	2	0	0	1	1	0	0	0	1	1	1	1	1	1	1	2	1	0	0	0	0	1	0	0	0	0	0	0	2	1	0	0	1	1	1	1	1	0	1	0	0	0	0	1	0	0	2	1	0	1	0	0	1	1	0	0	1	2	1	1	0	0	1	1	2	1	0	1	1	1	1	1	0	0	0	1	0	1	1	0	1	1	0	1	1	1	1	0	0	0	0	1	1	2	1	0	1	1	0	0	0	0	1	0	2	1	1	1	1	1	0	0	1	1	0	0	0	1	1	1	1	2	1	1	0	1	1	1	1	0	0	1	0	1	0	1	1	0	0	1	1	1	2	1	0	1	1
chr3.s_221923374	1	2	1	2	1	0	0	0	0	0	1	1	1	1	0	2	1	1	0	1	2	1	1	1	0	0	1	1	2	1	0	2	0	1	0	0	0	1	0	1	0	1	0	0	0	1	0	0	0	0	1	1	1	0	0	0	1	1	0	1	2	1	1	1	0	1	0	2	1	1	0	0	0	0	0	1	1	0	1	0	0	0	1	1	1	0	1	2	0	1	1	0	0	1	1	0	1	2	1	1	1	2	0	1	0	0	0	0	0	0	1	1	0	0	2	1	0	1	1	1	2	1	2	1	0	1	0	1	0	1	2	2	1	1	1	1	0	0	0	0	2	0	1	1	1	1	1	0	1	0	0	0	0	0	1	2	0	0	2	1	1	1	1	0	0	0	0	0	0	0	1	1	0	1	1	2	2	1	0	0	0	1	1	1	1	1	0	2	1	1	0	1	1	0	0	0	0	1	1	1	1	1	1	1	1	0	0	1	1	2	1	1	1	1	2	1	0	1	1	1	1	1	0	1	1	0	2	1	0	1	0	0	1	1	0	1	2	1	1	0	1	1	2	1	0	0	1	1	0	0	0	1	1	1	0	1	0	1	2	1	1	1	2	1	1	1	0	0	1	1	1	2	1	1	0	1	0	1	0	0	1	1	0	1	1	1	0	1	1	0	1	1	0	1	1	0	0	0	0	1
chr1.s_166145767	1	2	1	1	1	1	1	0	0	1	1	0	1	2	1	2	2	2	1	1	1	1	1	1	1	1	1	1	1	1	0	1	1	1	1	0	1	0	1	0	0	1	1	1	0	2	2	0	0	1	1	0	1	2	2	1	1	2	2	2	2	0	0	0	1	1	0	1	1	1	0	0	0	0	1	0	0	0	1	1	1	2	2	1	1	1	1	1	0	1	2	1	0	1	1	1	1	2	1	2	0	1	0	0	1	1	0	0	1	1	1	0	0	0	2	2	1	1	2	2	2	2	2	2	1	1	0	0	1	1	1	2	1	0	0	0	0	0	0	1	1	0	0	1	1	1	2	2	1	0	1	2	2	2	1	1	2	1	0	0	1	0	0	0	0	0	0	1	2	1	0	1	1	1	1	1	1	1	1	1	0	1	2	1	0	1	0	1	0	2	1	1	1	1	0	0	1	0	0	2	1	2	1	1	1	2	1	1	2	1	1	2	1	1	0	2	1	1	2	2	1	1	1	2	2	1	0	0	1	1	0	2	1	1	1	0	1	0	1	1	0	0	0	0	1	2	1	0	1	1	0	1	1	1	1	1	1	1	1	2	0	1	0	1	1	1	1	1	1	1	1	1	1	0	1	2	1	2	1	0	1	1	2	1	2	0	1	1	1	1	1	1	2	1	1	1	1	1	2	1
chr4.s_201299101	1	1	0	2	1	0	0	1	0	1	1	2	1	0	2	0	0	1	1	1	0	1	1	0	2	1	2	1	2	1	0	1	1	1	0	0	0	1	0	1	1	1	1	2	0	2	2	2	2	1	1	2	1	1	0	0	1	0	1	0	1	2	0	1	1	2	1	1	1	0	1	0	1	2	1	2	2	1	0	1	0	0	0	0	1	1	2	2	0	1	2	2	1	2	2	2	2	1	0	1	2	2	2	1	0	0	2	1	1	2	2	2	2	2	0	0	1	0	0	0	1	2	0	1	0	1	1	2	1	1	2	1	0	1	1	0	1	1	1	1	0	1	0	0	0	0	2	1	0	0	1	1	1	1	0	1	0	1	1	1	0	0	1	1	0	1	0	0	1	1	1	2	2	0	1	0	1	2	1	0	1	1	2	2	1	2	0	2	1	1	1	2	1	1	1	0	2	1	0	2	2	1	2	0	1	2	0	1	1	1	0	0	1	2	1	0	1	1	0	0	0	0	1	0	0	1	1	0	0	1	0	1	1	1	2	1	0	0	1	0	1	1	1	1	1	1	0	1	1	2	2	1	1	1	1	1	0	1	0	1	1	0	2	0	1	1	0	0	2	1	0	1	0	1	0	1	1	1	0	1	1	1	1	1	1	1	0	1	1	1	1	1	1	2	0	0	1	2	0	0
chr10.s_119427284	0	1	1	1	2	0	1	0	0	1	1	0	1	0	0	0	0	1	2	1	0	0	1	1	0	0	0	1	1	1	0	1	1	1	1	0	0	1	0	1	1	1	1	1	2	2	2	1	1	0	1	1	0	0	0	0	0	0	0	1	1	2	0	0	0	1	1	1	1	0	1	1	1	2	1	0	0	0	0	0	0	1	1	1	1	1	1	1	1	1	1	2	1	2	1	0	0	1	1	0	2	2	2	1	1	0	1	0	1	0	1	2	1	0	0	0	1	0	0	0	1	1	1	1	0	0	1	2	0	1	1	0	0	1	2	2	1	2	2	2	1	1	1	2	1	1	0	0	1	0	1	0	1	0	0	1	0	1	2	2	2	1	2	1	0	1	0	0	1	0	1	2	0	1	1	0	0	0	0	0	1	1	1	1	0	0	0	0	0	0	1	2	1	1	1	0	1	2	1	1	0	0	1	0	1	0	1	1	0	1	1	0	0	1	2	1	2	2	0	0	0	1	0	1	0	0	2	1	0	2	1	1	1	1	1	1	0	1	0	0	2	1	1	1	0	1	1	2	1	0	0	2	1	1	2	1	0	1	0	0	2	0	2	1	1	1	0	0	1	1	1	0	0	1	1	0	0	0	0	0	1	1	0	1	2	0	0	0	0	0	0	1	0	0	1	0	0	1	0	0
chr5.s_75275703	0	1	2	1	1	1	1	1	1	1	0	2	1	1	2	1	0	1	1	1	0	0	1	1	1	1	1	1	1	0	2	1	1	1	1	2	1	1	0	0	0	0	1	1	1	1	0	2	1	0	1	1	1	1	1	1	1	0	0	0	0	1	2	1	0	1	2	1	1	1	1	1	0	0	0	1	0	1	1	1	1	1	0	1	0	0	1	1	2	2	1	1	1	1	1	1	1	0	1	1	0	1	1	0	0	0	1	1	1	1	1	1	1	2	1	0	1	1	0	0	0	0	1	1	0	0	0	1	1	0	1	0	1	0	1	1	1	1	1	0	2	1	1	1	1	1	1	0	1	2	0	0	0	1	2	1	0	0	0	0	1	0	0	0	0	1	1	0	0	1	0	2	1	0	0	1	0	0	0	0	0	1	0	0	0	0	0	0	1	0	1	0	1	1	1	1	0	1	1	0	1	0	1	2	0	0	1	0	1	1	2	0	1	0	2	0	0	1	0	0	0	1	1	0	1	1	1	2	1	1	2	0	0	0	1	2	1	1	0	0	0	2	0	1	0	0	2	2	1	0	2	1	1	1	0	1	0	1	0	0	1	0	1	0	1	0	1	1	1	0	0	1	1	1	1	1	1	1	0	2	0	2	1	2	1	1	0	1	0	1	1	2	0	0	0	1	1	0	0	1
chr5.s_39454893	1	2	2	1	0	1	0	1	1	0	0	0	1	2	1	2	1	0	1	1	1	1	2	2	2	2	2	1	1	2	1	1	0	2	2	1	1	1	1	1	0	0	1	1	0	0	0	0	1	2	1	0	1	1	0	0	1	2	2	2	2	1	1	1	0	2	2	1	0	1	0	0	2	1	1	0	1	1	2	1	0	1	1	1	1	1	1	1	1	1	1	0	1	0	0	0	1	1	1	1	1	2	0	0	0	1	1	2	1	1	1	0	0	0	1	0	0	1	2	2	2	2	1	1	1	1	1	2	1	1	1	1	1	1	1	1	2	1	1	0	1	0	0	1	2	2	1	2	2	1	2	1	0	0	1	1	1	0	1	0	1	1	0	0	1	0	1	1	0	0	2	1	1	1	1	1	2	2	1	1	1	2	2	0	1	0	1	2	2	1	2	1	2	1	0	1	0	0	1	0	1	2	1	2	1	1	0	1	2	2	1	2	1	2	0	2	1	0	2	2	1	1	1	2	2	2	2	2	1	1	1	0	2	1	0	1	1	2	2	1	2	0	1	0	1	1	1	0	1	2	0	2	1	2	2	1	2	1	2	1	1	2	1	1	1	1	1	1	1	0	1	1	1	1	0	1	1	1	1	0	1	0	1	1	1	2	1	1	0	1	1	0	1	1	1	0	1	2	1	1
chr1.s_291596460	0	1	0	1	1	2	2	0	0	0	0	2	0	0	1	0	0	0	2	2	1	0	0	0	0	0	0	0	0	1	0	1	1	1	0	0	0	1	1	2	1	0	1	1	2	1	1	0	1	1	0	0	0	0	0	1	1	1	0	0	0	1	0	0	0	1	0	2	1	2	0	1	1	1	1	1	2	1	0	1	1	2	1	1	1	0	0	0	0	1	1	1	1	0	0	0	1	1	0	0	1	1	0	1	1	0	1	0	0	0	0	0	1	1	0	0	1	1	1	1	1	0	2	1	0	0	1	1	0	0	1	1	0	0	0	1	1	1	1	1	0	1	2	2	1	1	1	0	0	1	1	0	0	0	0	1	0	0	2	1	1	1	1	1	0	1	0	0	0	0	1	0	1	2	1	1	2	1	0	0	1	0	0	1	1	1	0	1	0	1	0	0	1	0	0	1	1	1	0	0	0	1	2	0	1	0	1	0	0	1	1	0	1	1	0	1	2	0	1	1	1	1	2	1	0	0	1	0	0	0	0	0	0	1	0	1	1	0	0	1	1	1	1	2	1	0	1	1	1	1	0	1	1	0	1	1	0	0	1	0	1	0	1	2	1	2	0	0	0	0	1	0	1	1	1	1	0	2	0	1	2	0	0	1	0	1	1	1	0	0	1	2	0	2	2	0	0	0	0	2
chr2.s_19211043	1	0	0	0	0	0	0	0	0	0	1	0	0	0	0	0	0	0	0	0	0	0	0	0	0	0	0	0	0	0	0	0	0	0	0	1	1	1	1	1	1	0	0	0	0	0	0	0	0	0	0	0	0	0	0	0	0	1	1	0	0	0	0	0	0	0	0	0	0	0	0	0	0	0	0	0	0	0	0	0	0	0	0	0	0	0	1	1	0	0	0	0	0	1	1	0	0	0	0	0	0	0	0	0	0	0	0	0	0	0	0	0	0	0	1	1	0	0	0	0	0	0	0	0	0	0	0	0	0	0	1	0	0	0	0	0	0	0	0	0	0	0	0	0	0	0	0	0	0	0	0	0	0	0	0	0	0	0	0	0	0	0	0	0	0	0	0	0	0	0	0	0	0	0	0	0	0	0	0	0	0	0	0	0	0	0	0	0	0	0	1	0	0	0	0	0	0	0	0	0	0	0	0	0	0	0	0	0	0	0	0	0	0	0	0	0	0	0	0	0	0	0	0	0	0	0	0	0	0	0	0	1	0	0	0	0	0	0	0	0	0	0	1	0	0	0	0	0	0	0	0	0	0	0	0	0	0	0	0	0	0	0	1	0	0	0	0	0	0	1	0	0	1	1	0	1	0	0	0	0	0	0	0	0	0	0	0	0	0	0	0	0	0	0	0	0	1	0	0	0
chr2.s_76033774	0	0	0	2	1	2	2	1	1	2	1	1	0	0	2	1	1	0	1	1	0	0	0	0	0	0	0	0	0	1	1	0	2	0	0	0	0	1	0	1	1	2	1	1	1	1	1	1	1	1	0	1	1	1	1	2	0	0	0	1	1	1	0	0	2	0	0	1	1	1	1	1	1	1	2	2	2	1	0	2	2	1	0	0	0	0	0	0	0	0	0	0	0	0	1	1	0	1	1	1	2	2	1	1	1	0	1	0	0	1	0	0	1	1	0	0	1	1	0	0	1	1	0	0	0	0	1	1	1	1	0	1	1	1	1	1	1	1	1	1	0	1	1	0	0	0	0	0	0	1	1	0	0	2	0	1	0	1	1	1	1	1	1	1	0	1	0	1	2	2	1	1	1	1	1	1	0	0	0	0	2	1	1	1	1	2	1	1	1	1	0	1	1	1	2	2	2	2	1	1	0	0	1	0	2	1	2	1	0	0	0	1	1	1	1	1	0	1	0	0	0	0	2	1	0	1	1	0	1	0	0	0	0	1	0	1	0	0	1	1	1	1	1	2	2	1	1	0	2	2	1	1	0	0	2	0	0	1	0	1	1	0	1	0	0	1	0	0	0	0	1	0	0	1	0	1	0	1	0	1	0	1	1	1	1	0	2	1	0	1	1	1	1	2	2	1	0	0	0	1
chr10.s_14829899	1	1	0	0	1	0	0	1	1	1	1	0	0	0	1	0	1	1	1	1	1	1	1	1	1	1	1	1	1	1	0	1	0	1	0	0	0	0	0	0	0	0	0	0	0	0	0	0	0	0	0	0	0	2	1	0	1	1	1	1	1	0	0	0	0	1	0	1	1	1	1	1	0	0	0	0	0	1	1	1	1	2	1	1	1	1	1	1	1	0	1	1	0	1	0	0	1	1	0	0	0	0	0	0	0	0	0	0	0	0	0	0	0	0	0	1	1	0	2	2	1	1	1	1	2	2	1	0	1	2	1	1	0	1	0	0	0	0	0	0	0	0	0	1	1	1	1	1	1	0	1	1	1	0	0	0	0	0	0	0	0	0	0	0	0	0	0	0	0	0	0	1	0	2	1	2	1	1	2	2	1	0	1	2	1	1	1	1	0	1	0	0	1	1	1	1	0	0	0	0	1	2	0	0	0	0	0	1	2	1	0	1	2	0	0	1	2	0	1	2	2	2	0	2	0	1	0	0	2	1	1	1	2	0	1	0	1	0	2	0	1	0	1	0	0	1	0	0	1	0	0	1	0	1	1	0	1	0	2	1	0	2	0	1	0	0	0	2	0	2	1	1	1	0	1	1	1	2	0	0	2	0	2	1	1	0	0	2	1	0	1	0	1	0	1	2	1	1	2	2
chr5.s_103459663	0	1	1	1	1	0	0	0	0	1	1	0	0	0	0	0	0	0	1	1	0	0	1	1	0	0	0	0	0	0	1	0	1	1	1	0	0	0	0	0	0	1	0	0	0	1	1	1	2	1	0	0	0	1	0	0	0	0	0	0	0	0	1	1	0	0	0	1	1	1	0	0	0	0	0	0	1	0	0	0	0	1	0	1	0	0	0	0	1	1	0	1	0	1	0	0	0	0	0	1	0	1	0	0	0	0	0	0	1	0	0	0	0	0	0	0	1	1	0	0	0	0	1	1	0	0	0	0	0	2	1	0	0	0	1	1	0	0	1	1	1	0	0	0	1	1	0	0	1	1	0	0	1	0	0	0	0	0	0	0	1	0	0	0	0	1	1	0	1	0	1	0	0	0	0	1	0	0	0	0	0	1	0	1	0	0	0	0	0	0	1	1	0	0	0	0	0	1	1	1	1	0	1	1	0	0	0	0	0	1	2	0	0	0	1	0	0	2	0	0	0	0	1	0	0	1	1	1	0	2	0	1	1	0	1	1	0	1	1	0	1	0	0	1	1	0	0	0	0	1	0	1	0	1	0	0	0	0	0	0	1	0	0	0	0	0	0	0	0	1	0	0	0	1	0	0	0	1	0	1	0	0	0	0	2	0	0	0	0	0	0	0	0	1	0	1	0	0	0	0
chr2.s_236215053	0	0	0	0	0	0	0	0	0	0	0	1	0	0	1	0	0	0	0	0	0	0	0	0	0	0	0	0	0	0	1	0	0	0	0	0	0	0	0	0	0	0	0	0	1	0	0	0	0	0	0	0	0	0	0	0	0	0	0	0	0	0	2	0	0	0	0	0	0	0	0	0	0	0	0	0	0	1	0	1	0	0	0	0	0	0	0	0	1	1	0	0	0	0	0	0	0	0	0	0	0	0	0	0	0	0	0	0	0	0	0	0	1	1	0	0	0	0	0	0	0	0	0	0	0	0	0	0	0	0	0	0	0	0	0	0	1	1	0	0	0	0	0	0	0	0	0	0	0	1	0	0	0	0	0	0	0	0	0	0	0	0	0	0	0	0	0	0	0	0	0	1	1	0	0	0	0	0	0	0	0	1	0	0	0	0	0	1	1	0	0	0	0	0	0	0	0	0	0	0	0	0	0	0	0	0	0	0	0	0	1	0	0	0	0	0	0	0	0	0	0	0	0	0	0	0	0	0	0	0	0	1	0	0	0	1	1	0	0	0	0	0	0	0	0	0	0	1	0	0	0	0	0	0	0	1	0	0	0	0	0	0	0	0	0	1	0	0	0	0	0	0	0	0	1	1	0	0	0	1	0	0	0	0	0	0	0	0	0	0	0	1	0	0	0	0	0	0	0	0
chr5.s_146285578	0	1	1	0	1	0	0	0	0	0	0	0	0	0	1	0	0	0	0	0	0	0	1	1	0	0	0	0	0	0	0	0	0	1	1	0	0	0	0	0	0	0	1	1	0	0	1	0	0	0	0	0	0	0	0	0	0	0	0	0	0	1	0	0	0	0	0	1	1	1	0	0	0	0	0	0	0	0	0	1	0	0	0	0	1	1	0	0	0	0	0	0	0	0	0	0	0	1	1	0	0	0	0	0	0	0	0	0	1	0	0	1	1	0	1	1	0	1	1	1	0	0	1	1	0	0	0	0	0	1	0	0	0	0	0	0	1	1	1	0	0	0	0	0	1	1	0	0	1	0	0	0	0	0	0	0	0	0	0	0	1	0	0	0	0	0	0	0	0	0	0	1	0	0	0	0	1	1	0	0	0	1	1	0	0	0	0	0	0	0	0	0	0	0	0	0	0	0	0	1	0	1	0	1	0	0	0	1	0	1	1	0	0	0	0	1	1	0	0	1	0	0	0	0	0	0	0	1	0	1	0	1	1	0	0	1	0	1	1	0	1	0	0	0	0	0	0	0	1	0	0	1	0	1	1	1	1	0	0	0	0	0	0	0	0	1	0	0	0	0	0	0	0	0	0	0	0	0	0	0	1	0	0	0	1	1	1	0	0	0	0	0	1	1	0	0	0	0	1	0
chr4.s_197665321	1	1	1	0	0	1	1	1	1	0	0	1	0	1	1	2	1	0	1	2	1	1	1	1	1	1	1	1	1	0	1	1	0	1	1	1	1	0	1	0	0	0	1	0	1	1	1	1	1	1	0	0	1	0	0	0	1	1	1	2	2	0	1	0	0	1	1	0	0	1	0	1	2	1	1	1	1	2	2	1	1	0	0	1	1	1	1	1	1	2	2	0	0	0	0	0	1	1	1	1	0	0	0	1	2	2	0	1	2	1	0	0	1	1	1	0	1	0	1	1	1	1	1	1	2	2	1	0	1	0	1	2	2	1	0	1	1	1	0	1	1	0	0	0	1	1	2	2	1	1	2	2	1	0	1	0	2	1	0	0	1	1	0	1	2	0	1	2	1	2	2	0	1	1	1	1	1	1	1	1	0	1	1	0	0	0	0	1	1	1	1	1	1	1	0	1	1	0	1	1	1	1	2	1	0	0	1	1	2	1	1	2	1	0	0	1	0	0	1	2	2	1	1	2	2	0	0	1	1	0	1	0	1	1	1	1	1	1	1	2	0	0	0	0	2	1	1	0	1	1	1	0	2	1	0	2	2	1	2	1	0	2	0	2	2	2	1	1	0	0	1	1	1	0	0	1	1	1	2	1	1	0	2	1	0	1	1	1	0	2	1	2	1	1	1	0	1	2	1	1
chr2.s_41418905	0	0	0	0	0	0	0	0	0	1	1	1	0	0	1	0	1	1	0	0	0	0	0	0	0	0	0	0	0	0	0	0	0	0	0	0	0	0	1	1	1	1	0	0	0	1	1	1	1	0	0	0	0	1	2	1	0	0	0	0	0	0	0	0	0	0	0	0	0	0	0	0	0	0	1	0	0	1	0	1	0	0	0	0	1	1	0	0	0	0	0	1	1	0	0	0	0	1	1	0	0	0	0	0	0	0	0	0	0	0	0	0	1	1	0	1	1	0	0	0	0	0	1	1	0	0	0	0	1	0	0	0	0	0	0	0	0	0	0	1	1	0	0	0	0	0	0	0	0	0	0	0	0	0	0	0	0	0	0	0	0	0	0	0	0	0	0	0	1	0	0	0	1	0	0	0	0	0	1	1	0	1	1	0	0	0	0	0	0	0	0	0	0	0	0	0	0	1	1	1	0	0	0	0	0	0	1	0	0	0	1	0	0	0	1	0	0	2	0	0	0	0	0	0	0	0	0	0	0	0	0	0	0	0	1	1	0	0	0	0	0	0	0	0	0	0	0	0	0	1	0	0	0	0	0	0	0	0	0	0	0	0	0	0	0	0	0	0	0	0	0	0	0	0	1	0	0	0	0	1	0	0	0	0	1	0	0	0	1	0	0	1	0	0	0	1	0	0	1	0
chr6.s_145703761	0	0	0	0	0	0	0	0	0	1	2	0	0	0	1	0	0	0	0	0	0	0	0	0	0	0	0	0	0	0	0	0	0	0	0	0	0	0	0	0	0	0	0	0	0	1	1	0	0	0	0	0	0	0	0	0	0	0	0	1	1	0	0	0	0	1	1	0	0	0	0	0	1	1	0	1	1	0	0	0	0	0	0	0	0	0	0	0	0	0	0	0	0	0	0	0	0	0	0	0	0	0	1	0	0	0	0	0	0	0	0	1	1	0	0	0	0	0	0	0	0	0	0	0	0	0	0	0	0	0	0	0	0	0	0	0	0	0	0	1	0	0	0	0	0	0	0	0	0	0	0	0	0	0	0	0	0	0	0	0	0	0	0	0	0	0	0	0	1	0	0	0	0	0	0	0	0	0	0	0	0	0	0	0	0	0	0	0	0	0	0	0	0	0	0	0	0	0	0	1	0	0	0	0	0	0	0	0	0	0	0	0	0	0	0	0	0	1	0	0	0	0	0	0	0	0	0	0	0	0	0	0	0	0	0	0	0	0	0	0	0	0	1	0	0	0	0	0	1	0	0	0	0	0	1	0	0	0	0	0	0	0	0	0	0	0	0	0	0	1	0	0	0	0	0	0	0	0	0	0	0	0	0	0	1	0	0	0	0	0	0	0	0	0	0	0	0	1	0	1
chr6.s_114747615	0	0	0	0	0	0	0	0	0	0	0	0	0	0	0	0	0	0	0	0	0	0	0	0	0	0	0	0	0	0	1	0	0	0	0	0	0	0	0	0	0	0	0	0	0	0	0	0	1	1	0	0	0	0	0	0	0	0	0	0	0	1	1	1	0	0	0	0	0	0	0	0	0	0	0	0	1	0	0	0	0	0	0	0	1	1	0	0	1	1	0	1	1	1	0	0	0	0	0	0	0	0	0	0	0	0	0	0	0	0	0	0	0	1	1	1	0	0	0	0	0	0	0	0	0	0	0	0	1	1	0	0	0	0	0	0	1	1	0	0	0	0	0	0	0	0	0	0	0	1	0	0	1	0	0	0	0	0	0	0	0	0	0	0	0	0	0	0	0	0	1	1	0	1	0	0	0	0	1	1	1	1	0	2	2	1	1	0	0	0	1	0	0	0	0	0	0	0	0	0	0	0	1	0	0	0	1	0	0	0	1	0	0	0	0	0	0	0	0	0	0	0	1	0	0	1	0	0	0	1	0	1	0	0	1	0	0	0	0	0	0	0	0	0	1	0	0	0	0	1	1	0	0	0	0	0	0	0	0	0	0	0	0	0	0	0	0	0	0	1	0	0	0	0	0	0	0	0	0	0	0	0	0	0	0	0	0	0	0	0	0	0	0	1	0	0	0	0	0	0
chr9.s_28130538	1	0	0	0	1	1	1	0	0	1	1	0	0	1	0	2	2	2	0	0	2	1	0	0	0	0	1	1	2	0	0	0	0	0	0	0	0	0	0	0	0	0	0	0	0	2	1	0	0	0	0	0	1	1	1	0	1	2	1	1	2	0	1	0	0	0	0	1	1	1	0	0	0	0	0	0	0	1	2	0	0	0	0	1	2	1	0	1	0	0	1	0	0	0	0	0	0	0	0	0	0	0	0	0	0	0	0	0	0	0	0	0	0	0	2	2	1	0	1	1	1	0	1	0	1	2	1	0	1	1	0	1	1	1	0	0	0	0	0	1	2	0	0	0	1	1	0	0	1	0	1	2	1	0	0	0	1	1	0	0	0	0	0	1	1	0	0	1	2	1	0	0	0	0	0	1	1	0	0	0	0	1	2	0	0	0	0	1	1	0	0	1	0	0	0	0	1	0	0	2	1	0	1	0	0	0	0	0	1	1	0	1	1	0	0	1	1	1	0	1	1	0	1	0	1	0	0	0	0	0	0	1	1	0	0	0	2	1	2	0	0	0	0	0	1	0	1	0	0	0	0	0	0	1	0	1	0	1	1	1	0	1	0	1	0	1	0	0	0	0	0	2	0	1	1	1	1	0	1	0	1	0	1	0	1	0	1	0	1	1	1	0	0	1	0	1	1	1	1	1
chr4.s_191190801	1	1	1	0	1	0	0	1	1	0	0	1	1	1	2	2	2	1	1	1	1	1	1	1	1	1	1	1	1	1	0	2	1	1	1	1	1	0	1	0	1	1	0	1	0	0	0	0	1	1	1	1	1	1	2	2	1	1	1	2	2	1	1	0	2	1	1	0	1	0	2	1	0	1	0	0	1	2	2	2	1	2	1	1	1	1	1	1	0	0	1	0	0	0	1	1	1	1	1	1	0	0	1	1	1	2	1	1	1	0	1	1	1	1	1	1	1	1	1	1	1	1	1	1	2	2	2	1	1	0	1	2	2	2	1	0	0	0	1	1	1	1	1	1	1	1	2	2	1	0	1	2	1	1	1	0	2	2	0	1	0	0	1	2	2	1	1	2	1	1	1	1	1	1	2	1	2	2	1	1	2	0	1	0	0	1	0	2	2	1	1	1	0	1	1	0	1	1	1	0	1	1	1	1	1	1	0	1	1	1	0	2	1	0	1	1	1	0	1	2	2	1	1	1	1	0	0	1	1	0	1	1	1	1	0	1	2	1	1	1	0	1	0	1	2	2	1	1	1	1	0	2	1	1	1	1	2	1	2	1	0	2	0	2	1	0	1	2	1	0	0	1	1	1	1	2	1	2	2	1	1	1	1	1	1	2	1	1	2	1	2	2	2	1	1	1	1	1	2	1
chr1.s_168398884	0	1	1	1	1	0	0	0	0	0	0	0	0	1	0	1	0	0	0	0	0	0	0	0	0	0	0	0	0	0	0	0	0	0	0	0	0	0	0	0	0	0	0	0	0	0	0	1	0	1	1	0	1	0	0	0	0	1	1	0	0	0	0	0	0	0	0	1	1	1	0	0	0	0	0	1	0	0	1	0	1	0	1	0	0	0	0	0	0	0	0	0	0	0	0	0	0	0	0	1	0	0	0	0	0	0	0	0	1	1	0	0	0	0	1	0	0	0	0	0	0	0	1	1	0	0	0	0	0	0	0	0	0	0	0	0	1	1	0	0	1	0	0	0	0	0	0	1	0	0	0	0	0	0	0	0	0	0	0	0	0	0	0	0	0	0	0	0	0	1	0	0	0	0	0	0	0	0	0	0	0	0	0	0	0	0	0	0	0	0	0	1	0	0	0	0	1	0	0	0	0	0	0	0	0	0	0	0	0	0	1	0	0	0	0	0	0	0	1	0	0	0	0	0	1	0	0	0	0	0	0	0	0	0	0	0	0	0	0	0	0	0	0	0	0	0	1	0	0	0	1	1	0	0	0	0	0	1	0	0	0	0	0	0	0	0	0	0	0	0	0	0	0	0	0	0	0	0	0	0	0	0	1	1	1	0	0	0	0	1	0	1	0	0	0	0	0	0	0	0
chr5.s_223232109	1	0	0	0	0	0	0	1	1	2	2	1	1	1	1	1	1	1	0	1	2	1	0	1	1	2	1	2	1	0	2	0	1	0	1	0	1	0	1	0	0	1	0	0	0	2	1	1	1	1	1	0	0	0	0	0	1	2	1	2	1	1	1	1	2	1	1	0	0	0	0	0	0	0	1	0	0	0	0	1	0	1	1	2	2	2	0	0	2	2	1	1	2	1	2	2	1	0	0	1	0	1	1	1	0	0	0	0	0	1	1	0	0	1	1	1	1	0	2	2	2	1	1	0	1	0	0	0	0	0	0	1	1	0	0	0	0	0	0	1	0	1	0	0	1	1	1	0	1	1	0	0	0	1	1	1	1	0	0	0	0	1	1	0	0	0	0	1	2	1	1	1	1	0	1	2	1	0	1	2	0	1	0	0	1	1	1	0	0	0	1	1	0	0	0	0	0	1	1	1	0	1	1	0	1	2	0	1	0	0	1	2	2	1	1	2	1	1	2	1	1	2	0	2	1	1	0	0	2	0	1	0	0	0	1	0	1	0	0	0	0	0	1	1	1	1	0	0	1	1	1	0	0	0	1	0	0	0	1	0	1	1	0	1	1	0	2	1	1	1	0	1	1	1	0	2	1	1	0	0	2	0	0	0	1	0	0	0	1	0	2	0	1	1	1	1	0	0	0	1
chr7.s_144563917	1	1	0	0	0	1	0	0	0	1	2	1	0	0	1	0	1	1	0	0	1	1	1	1	1	1	1	1	1	0	0	1	2	1	0	0	0	0	0	0	0	0	0	0	0	1	1	1	0	0	0	0	0	1	1	0	1	1	1	1	1	0	0	0	1	1	0	0	0	1	0	0	1	0	0	1	0	1	0	2	0	0	0	1	1	1	1	1	1	0	1	0	0	0	1	1	1	1	0	0	0	0	0	0	1	1	0	0	0	1	0	0	1	1	1	2	1	0	0	1	0	1	1	1	1	1	0	0	1	0	1	1	0	0	0	0	2	1	0	1	0	0	0	0	0	1	1	1	2	1	1	1	0	1	1	1	0	0	0	0	0	1	0	0	0	0	0	0	1	1	0	1	1	0	0	1	0	1	1	1	0	0	1	0	0	1	0	1	0	2	0	0	0	0	0	1	0	0	0	2	1	1	0	0	0	1	1	1	1	2	0	1	1	0	0	1	0	1	0	1	0	1	0	1	0	0	0	0	1	0	1	0	2	1	0	1	0	1	1	2	1	1	1	0	0	1	0	0	0	0	1	0	0	1	1	1	0	0	0	2	0	1	0	1	0	2	0	1	0	1	0	1	0	0	1	1	1	1	0	1	0	0	1	1	1	0	0	1	1	0	0	1	1	0	0	1	1	1	1	0
chr6.s_114234078	2	1	1	0	0	1	1	0	0	0	0	2	0	0	2	1	1	0	1	0	0	0	0	0	0	0	0	0	0	0	1	2	1	1	0	1	0	0	1	1	1	0	1	1	0	0	0	2	2	1	0	1	1	1	1	1	0	0	0	0	0	1	2	2	2	1	1	0	0	0	1	1	1	1	1	1	1	2	1	2	0	2	1	1	1	1	1	1	2	1	1	0	1	1	2	1	1	2	2	0	1	0	0	0	0	0	0	0	0	1	0	0	1	2	1	1	0	0	1	1	1	1	0	0	1	1	1	0	2	0	2	2	2	1	0	0	1	1	1	0	1	0	0	1	0	0	0	0	1	1	1	1	0	2	2	1	0	0	0	0	0	0	0	1	1	0	0	1	1	2	1	1	1	2	1	0	0	0	1	1	1	1	1	1	2	2	2	1	1	2	1	1	1	1	1	1	1	0	0	0	2	2	1	1	1	1	1	1	1	2	1	1	0	0	0	1	2	0	0	1	1	1	2	1	0	2	0	1	0	0	2	1	1	0	0	1	1	1	1	0	1	0	0	0	2	2	0	0	1	2	2	0	1	1	1	1	1	1	1	1	1	1	1	0	0	0	0	1	0	0	0	1	0	0	0	0	1	2	0	1	1	1	1	2	0	1	1	2	0	2	0	2	2	2	1	0	1	2	1	0
chr7.s_72864058	0	0	0	1	0	1	1	1	1	1	0	2	0	0	1	0	0	0	1	1	1	1	1	1	1	1	1	0	0	1	1	1	0	1	1	1	1	1	0	0	0	0	1	0	2	0	0	1	2	1	0	0	0	0	1	2	1	0	0	0	0	1	1	1	1	0	0	0	0	1	0	1	1	0	2	1	2	1	0	2	2	0	0	0	1	1	1	1	1	1	1	0	0	1	1	0	0	0	0	1	1	0	0	1	1	0	0	0	1	0	0	0	1	2	0	0	0	1	0	0	0	0	0	0	0	0	0	0	1	0	1	0	0	0	0	1	1	1	0	0	0	1	1	0	1	1	0	1	1	0	1	0	0	0	1	1	0	0	1	1	1	1	0	0	0	1	1	0	0	0	1	0	1	0	0	0	0	0	1	1	1	0	0	0	0	0	0	0	0	1	1	0	0	0	1	2	0	0	0	1	1	0	1	0	1	0	2	1	0	1	0	0	1	0	0	1	0	0	0	0	0	1	1	0	0	0	0	1	1	1	1	1	0	0	0	2	1	1	0	1	0	0	0	0	1	0	1	1	1	2	1	0	1	1	0	1	0	1	0	1	0	0	1	0	1	2	1	0	0	0	2	1	1	0	1	1	1	0	0	2	0	0	1	0	0	0	1	1	0	0	0	2	0	2	1	1	1	0	0	0
chr5.s_219963413	0	0	0	0	0	0	0	1	1	2	1	1	0	0	1	1	1	0	0	0	0	1	1	0	1	0	1	0	1	1	2	0	1	0	0	0	0	0	0	0	0	0	0	0	1	1	2	0	1	1	0	0	0	0	0	0	0	0	1	0	1	1	1	0	0	0	0	0	0	0	0	0	0	0	0	0	1	1	0	1	0	0	0	0	0	0	1	1	1	1	0	0	0	0	0	0	0	0	0	0	0	0	1	0	0	0	0	0	0	0	0	0	1	1	0	0	0	0	1	0	1	1	0	1	0	1	1	1	0	0	0	1	1	0	0	0	0	0	0	1	0	1	1	1	1	0	1	1	0	1	0	0	0	0	1	1	0	0	0	0	0	0	0	0	0	0	0	0	1	0	1	0	1	0	1	0	1	1	1	0	1	1	0	0	0	0	0	0	0	1	0	0	0	0	0	0	0	0	0	1	0	0	1	0	0	0	0	0	1	0	1	1	1	0	0	0	1	1	0	0	0	0	1	1	0	0	0	0	1	0	0	0	1	0	0	1	1	0	0	0	0	0	0	1	1	0	0	1	0	1	0	1	0	0	1	0	0	0	0	2	0	0	0	0	0	0	0	0	0	0	0	1	0	1	1	0	0	0	0	1	1	0	0	0	1	0	1	0	0	0	2	1	0	1	1	0	0	0	0	1
chr1.s_60879640	0	0	1	2	0	1	1	0	0	0	1	0	2	2	0	1	0	1	1	0	0	0	1	1	0	0	0	1	1	2	1	0	1	1	1	1	0	1	1	2	1	0	1	1	1	1	1	0	1	1	1	2	2	0	1	1	1	0	0	1	1	1	1	2	1	0	1	1	0	0	0	0	0	0	0	1	2	1	2	0	1	2	1	1	0	0	1	1	2	1	0	1	2	1	1	0	0	0	1	1	2	1	1	0	1	1	1	1	0	1	2	2	1	0	1	0	0	1	0	0	0	0	0	0	1	1	2	2	1	0	1	0	1	1	1	1	0	0	1	1	1	1	1	2	1	1	0	0	0	2	1	1	1	1	1	1	1	1	1	0	0	1	1	1	1	1	1	1	1	1	1	1	1	1	1	0	1	1	0	0	1	1	0	0	1	0	1	1	2	0	1	1	1	0	0	0	1	0	0	1	1	0	2	2	0	1	1	0	0	0	1	0	0	2	1	0	1	0	0	0	1	1	2	1	2	1	2	2	0	1	2	0	0	2	1	1	0	0	0	1	1	2	2	1	2	1	2	2	0	1	0	1	2	1	1	2	0	2	1	0	2	1	2	1	0	1	1	0	2	1	1	1	0	1	1	0	1	1	1	1	0	2	1	1	0	2	0	0	0	2	0	0	0	1	1	1	0	0	0	0
chr9.s_35047905	0	0	0	1	1	1	1	1	1	1	0	2	1	0	1	0	0	0	1	1	0	0	0	0	0	0	0	0	0	1	1	0	1	0	0	0	0	1	0	1	1	1	1	1	2	0	0	1	0	0	1	1	0	0	0	1	0	0	0	0	0	1	0	0	1	0	0	1	1	1	1	1	1	1	1	1	0	1	0	1	1	0	0	0	0	0	0	0	1	0	0	0	0	0	1	1	0	0	0	0	1	1	1	1	1	0	2	1	0	1	1	1	1	1	0	0	0	1	0	0	0	0	0	0	0	0	1	1	0	0	0	0	0	1	1	1	1	1	1	0	0	1	1	0	0	0	0	0	0	0	1	0	0	1	0	1	0	1	1	1	1	1	1	1	0	2	1	0	0	1	0	1	1	0	0	0	1	1	0	0	1	0	0	0	0	1	0	0	0	1	0	1	1	1	1	1	1	1	0	0	0	0	0	0	1	1	1	0	0	0	0	0	1	1	1	0	0	1	0	0	0	1	0	0	0	0	1	0	1	0	1	0	0	1	0	1	0	0	0	1	1	1	1	2	0	1	1	2	1	0	1	1	0	0	1	0	0	0	0	1	1	0	1	0	0	1	0	0	1	0	1	0	0	1	1	1	0	0	0	2	0	1	0	1	0	1	1	0	0	0	1	1	1	0	1	1	0	0	0	0
chr10.s_143001795	0	0	0	0	0	0	0	0	0	0	0	1	0	0	1	0	0	0	0	0	0	0	0	0	0	0	0	0	0	1	0	0	0	0	0	0	0	0	0	0	0	0	0	0	0	0	0	0	0	0	0	0	0	0	0	0	0	0	0	0	0	0	0	0	0	0	0	1	1	1	0	0	0	0	0	0	0	1	0	1	0	0	0	0	0	0	0	0	0	0	0	0	0	0	0	0	0	0	0	1	0	1	0	0	0	0	0	0	0	0	0	0	1	1	0	0	0	0	0	0	0	0	1	1	0	0	0	0	0	1	0	0	0	0	0	0	0	0	0	0	0	0	0	0	0	0	0	0	0	0	0	0	0	0	0	0	0	0	0	0	0	0	0	1	1	1	1	0	0	0	0	0	2	0	0	1	0	0	1	1	1	0	0	0	0	0	0	0	0	0	0	0	0	0	0	0	0	0	0	0	0	0	0	0	0	1	0	1	0	0	1	0	0	1	0	0	0	0	0	0	0	0	0	0	1	0	0	0	0	0	0	0	0	0	0	1	0	0	1	0	0	0	0	0	0	0	0	0	0	0	0	0	0	0	0	0	0	0	0	0	0	0	0	0	0	0	0	0	0	0	1	0	0	0	0	0	0	0	0	2	0	0	0	0	0	0	0	0	0	0	0	2	0	0	0	0	0	0	0	0
chr5.s_51981202	0	1	1	0	0	0	0	0	0	0	0	0	0	0	0	0	0	0	0	0	0	0	1	1	0	0	0	0	0	0	0	0	0	0	0	0	0	0	0	0	0	0	0	0	0	0	0	0	0	0	0	0	0	0	0	0	0	0	0	0	0	0	0	1	0	0	0	0	0	0	0	0	0	0	1	0	0	0	0	1	0	0	0	0	0	0	0	0	0	0	0	0	1	0	0	0	0	0	0	0	0	0	0	0	0	0	0	0	0	0	0	0	0	0	0	0	0	1	1	1	0	0	0	0	0	0	0	0	0	0	0	0	0	0	0	0	0	0	1	0	0	0	0	0	1	1	0	0	1	0	0	0	0	0	0	0	0	0	0	0	1	0	0	0	0	0	0	0	0	0	0	0	0	0	0	0	0	0	0	0	0	0	0	0	1	0	1	0	0	0	1	1	0	0	0	0	0	0	0	0	0	1	0	1	0	0	0	0	0	1	0	0	0	0	0	1	0	0	0	0	0	0	0	0	0	1	0	0	0	0	0	0	0	0	0	1	0	1	0	0	0	0	0	0	0	0	0	0	0	1	0	1	0	1	1	0	0	0	0	0	0	0	0	0	0	0	0	0	0	0	0	0	0	0	0	0	0	0	0	0	0	0	0	0	1	0	0	0	0	0	0	0	0	0	0	0	0	0	0	0
